HHID,enterprise_roster__id,s07Bq29_roster__id,s07Bq29a,s07Bq29b,s07Bq29c
00f9013358154a6a8ce1390ed00fe54d,1,Men,2,28,8
00f9013358154a6a8ce1390ed00fe54d,1,Women,None,,
00f9013358154a6a8ce1390ed00fe54d,1,Children (under 18),None,,
0109c398b6fc481ab90768e7efa526cf,1,Men,None,,
0109c398b6fc481ab90768e7efa526cf,1,Women,None,,
0109c398b6fc481ab90768e7efa526cf,1,Children (under 18),None,,
01b2104185b54257b0d0b8f756433be5,1,Men,None,,
01b2104185b54257b0d0b8f756433be5,1,Women,None,,
01b2104185b54257b0d0b8f756433be5,1,Children (under 18),None,,
01b2104185b54257b0d0b8f756433be5,2,Men,None,,
01b2104185b54257b0d0b8f756433be5,2,Women,None,,
01b2104185b54257b0d0b8f756433be5,2,Children (under 18),None,,
01faa82436bf42cdb200eab624566a14,1,Men,None,,
01faa82436bf42cdb200eab624566a14,1,Women,None,,
01faa82436bf42cdb200eab624566a14,1,Children (under 18),None,,
0269b3003f0742b1a12f9878728442bf,1,Men,None,,
0269b3003f0742b1a12f9878728442bf,1,Women,None,,
0269b3003f0742b1a12f9878728442bf,1,Children (under 18),None,,
02a2c53daab74586bc8d06a54c1680f1,1,Men,5,10,3
02a2c53daab74586bc8d06a54c1680f1,1,Women,2,10,4
02a2c53daab74586bc8d06a54c1680f1,1,Children (under 18),5,7,3
02d43ed756e144dc90d561c9fd356c7e,1,Men,None,,
02d43ed756e144dc90d561c9fd356c7e,1,Women,None,,
02d43ed756e144dc90d561c9fd356c7e,1,Children (under 18),None,,
039da365cf1945ceb695a8ac40985637,1,Men,None,,
039da365cf1945ceb695a8ac40985637,1,Women,None,,
039da365cf1945ceb695a8ac40985637,1,Children (under 18),None,,
05159f83d1af4989871d6d776e113fc6,1,Men,None,,
05159f83d1af4989871d6d776e113fc6,1,Women,None,,
05159f83d1af4989871d6d776e113fc6,1,Children (under 18),None,,
05159f83d1af4989871d6d776e113fc6,2,Men,None,,
05159f83d1af4989871d6d776e113fc6,2,Women,None,,
05159f83d1af4989871d6d776e113fc6,2,Children (under 18),None,,
06a094e3a0454503acef84df27ec5ca5,1,Men,None,,
06a094e3a0454503acef84df27ec5ca5,1,Women,None,,
06a094e3a0454503acef84df27ec5ca5,1,Children (under 18),None,,
075e1835cbd94a3086b0d371d877e5fe,1,Men,3,30,11
075e1835cbd94a3086b0d371d877e5fe,1,Women,None,,
075e1835cbd94a3086b0d371d877e5fe,1,Children (under 18),None,,
0779acafac4d4165a3004be41915f959,1,Men,None,,
0779acafac4d4165a3004be41915f959,1,Women,1,12,8
0779acafac4d4165a3004be41915f959,1,Children (under 18),None,,
082e22bb24274f188832114df7ba50ca,1,Men,None,,
082e22bb24274f188832114df7ba50ca,1,Women,None,,
082e22bb24274f188832114df7ba50ca,1,Children (under 18),None,,
082e22bb24274f188832114df7ba50ca,2,Men,None,,
082e22bb24274f188832114df7ba50ca,2,Women,None,,
082e22bb24274f188832114df7ba50ca,2,Children (under 18),None,,
08796f686b43440cb2cba4e917fcc79f,1,Men,None,,
08796f686b43440cb2cba4e917fcc79f,1,Women,None,,
08796f686b43440cb2cba4e917fcc79f,1,Children (under 18),None,,
089dc40ae5c14ddfba4a08f274ebc66a,1,Men,None,,
089dc40ae5c14ddfba4a08f274ebc66a,1,Women,None,,
089dc40ae5c14ddfba4a08f274ebc66a,1,Children (under 18),None,,
09e24292f9b44d5e85f18e9f92ae2d45,1,Men,None,,
09e24292f9b44d5e85f18e9f92ae2d45,1,Women,None,,
09e24292f9b44d5e85f18e9f92ae2d45,1,Children (under 18),None,,
0ab06004c5b046cead1ca6bf139ba74a,1,Men,None,,
0ab06004c5b046cead1ca6bf139ba74a,1,Women,None,,
0ab06004c5b046cead1ca6bf139ba74a,1,Children (under 18),None,,
0acfe596b79542198e8afcb0599e0537,1,Men,None,,
0acfe596b79542198e8afcb0599e0537,1,Women,None,,
0acfe596b79542198e8afcb0599e0537,1,Children (under 18),None,,
0b7e0c4ab65540a794f1c50ea776e803,1,Men,None,,
0b7e0c4ab65540a794f1c50ea776e803,1,Women,None,,
0b7e0c4ab65540a794f1c50ea776e803,1,Children (under 18),None,,
0bc68ee88c704b649c3d0bcad2cbb5ed,1,Men,None,,
0bc68ee88c704b649c3d0bcad2cbb5ed,1,Women,None,,
0bc68ee88c704b649c3d0bcad2cbb5ed,1,Children (under 18),None,,
0bcbbac599034301955f0d63e26b12c3,1,Men,None,,
0bcbbac599034301955f0d63e26b12c3,1,Women,None,,
0bcbbac599034301955f0d63e26b12c3,1,Children (under 18),None,,
0bd56c2f7f65451d89334d3d57b616e5,1,Men,None,,
0bd56c2f7f65451d89334d3d57b616e5,1,Women,None,,
0bd56c2f7f65451d89334d3d57b616e5,1,Children (under 18),None,,
0c1a6258f0874c0c8a15b2c6434f7b39,1,Men,None,,
0c1a6258f0874c0c8a15b2c6434f7b39,1,Women,None,,
0c1a6258f0874c0c8a15b2c6434f7b39,1,Children (under 18),None,,
0c536d92e54b4b45831a0d457c7b98f5,3,Men,None,,
0c536d92e54b4b45831a0d457c7b98f5,3,Women,None,,
0c536d92e54b4b45831a0d457c7b98f5,3,Children (under 18),None,,
0ced6db0f3cb4f3d89fb3939821c1461,1,Men,None,,
0ced6db0f3cb4f3d89fb3939821c1461,1,Women,None,,
0ced6db0f3cb4f3d89fb3939821c1461,1,Children (under 18),None,,
0d04df946ab94c13a77b34cb816a9846,1,Men,None,,
0d04df946ab94c13a77b34cb816a9846,1,Women,None,,
0d04df946ab94c13a77b34cb816a9846,1,Children (under 18),None,,
0db72710743e41819279b80398ec4800,1,Men,None,,
0db72710743e41819279b80398ec4800,1,Women,None,,
0db72710743e41819279b80398ec4800,1,Children (under 18),None,,
0db72710743e41819279b80398ec4800,2,Men,None,,
0db72710743e41819279b80398ec4800,2,Women,None,,
0db72710743e41819279b80398ec4800,2,Children (under 18),None,,
0fb37f9cd72b43838cd4b2ae669dc218,1,Men,1,30,8
0fb37f9cd72b43838cd4b2ae669dc218,1,Women,None,,
0fb37f9cd72b43838cd4b2ae669dc218,1,Children (under 18),None,,
100f30c500e644aab2547f29c280e766,1,Men,None,,
100f30c500e644aab2547f29c280e766,1,Women,None,,
100f30c500e644aab2547f29c280e766,1,Children (under 18),None,,
107850da373640dabee05c6e7dcc440a,1,Men,None,,
107850da373640dabee05c6e7dcc440a,1,Women,None,,
107850da373640dabee05c6e7dcc440a,1,Children (under 18),None,,
10da2d44386c4aaa9532d4a536793e65,1,Men,None,,
10da2d44386c4aaa9532d4a536793e65,1,Women,None,,
10da2d44386c4aaa9532d4a536793e65,1,Children (under 18),None,,
120bbf1f55b4477c9bc0db53ae67f68a,1,Men,None,,
120bbf1f55b4477c9bc0db53ae67f68a,1,Women,None,,
120bbf1f55b4477c9bc0db53ae67f68a,1,Children (under 18),None,,
13e35e5b295140ef8e443584e63966c0,1,Men,None,,
13e35e5b295140ef8e443584e63966c0,1,Women,None,,
13e35e5b295140ef8e443584e63966c0,1,Children (under 18),None,,
13f7caee5d224c89a12235d724429fe3,1,Men,1,30,10
13f7caee5d224c89a12235d724429fe3,1,Women,1,10,10
13f7caee5d224c89a12235d724429fe3,1,Children (under 18),None,,
141801f64eb040a18d7332cfcb3b17d3,1,Men,None,,
141801f64eb040a18d7332cfcb3b17d3,1,Women,None,,
141801f64eb040a18d7332cfcb3b17d3,1,Children (under 18),None,,
143e1d84b51942e3bc5fac789196f9f4,1,Men,None,,
143e1d84b51942e3bc5fac789196f9f4,1,Women,None,,
143e1d84b51942e3bc5fac789196f9f4,1,Children (under 18),None,,
1590431e5dcb425eb81e673d49971345,1,Men,None,,
1590431e5dcb425eb81e673d49971345,1,Women,None,,
1590431e5dcb425eb81e673d49971345,1,Children (under 18),None,,
160d2ca9509d4d6b80abf0755334337a,1,Men,None,,
160d2ca9509d4d6b80abf0755334337a,1,Women,None,,
160d2ca9509d4d6b80abf0755334337a,1,Children (under 18),None,,
1614e93cbe5842439fcfd0ce78cdb2a3,1,Men,None,,
1614e93cbe5842439fcfd0ce78cdb2a3,1,Women,None,,
1614e93cbe5842439fcfd0ce78cdb2a3,1,Children (under 18),None,,
17a06e469d1e4a9b9f2d7a98814b68ef,1,Men,None,,
17a06e469d1e4a9b9f2d7a98814b68ef,1,Women,None,,
17a06e469d1e4a9b9f2d7a98814b68ef,1,Children (under 18),None,,
17ec3bde168d403f947a7879a2e477e3,1,Men,None,,
17ec3bde168d403f947a7879a2e477e3,1,Women,None,,
17ec3bde168d403f947a7879a2e477e3,1,Children (under 18),None,,
1846acf4dbce4f9083692bdadb671569,1,Men,None,,
1846acf4dbce4f9083692bdadb671569,1,Women,None,,
1846acf4dbce4f9083692bdadb671569,1,Children (under 18),None,,
18b683ff50864adf8aa30cb133e1dba7,1,Men,1,30,8
18b683ff50864adf8aa30cb133e1dba7,1,Women,None,,
18b683ff50864adf8aa30cb133e1dba7,1,Children (under 18),None,,
18fd3026ac634476a6f943c9c2a49224,1,Men,None,,
18fd3026ac634476a6f943c9c2a49224,1,Women,None,,
18fd3026ac634476a6f943c9c2a49224,1,Children (under 18),None,,
18fd3026ac634476a6f943c9c2a49224,2,Men,None,,
18fd3026ac634476a6f943c9c2a49224,2,Women,None,,
18fd3026ac634476a6f943c9c2a49224,2,Children (under 18),None,,
19bceb4a2e854651b4ca73c97be6788e,1,Men,None,,
19bceb4a2e854651b4ca73c97be6788e,1,Women,None,,
19bceb4a2e854651b4ca73c97be6788e,1,Children (under 18),None,,
19bd1ccb3432403eaa29b935f08e8744,1,Men,None,,
19bd1ccb3432403eaa29b935f08e8744,1,Women,None,,
19bd1ccb3432403eaa29b935f08e8744,1,Children (under 18),None,,
19e82f9648a54d139f3564b5c1e9a398,1,Men,1,30,8
19e82f9648a54d139f3564b5c1e9a398,1,Women,None,,
19e82f9648a54d139f3564b5c1e9a398,1,Children (under 18),None,,
1a42e77ae1d346e6b1949d21253b287f,1,Men,None,,
1a42e77ae1d346e6b1949d21253b287f,1,Women,None,,
1a42e77ae1d346e6b1949d21253b287f,1,Children (under 18),None,,
1a913f1764be4782aaf7c23ac073e943,1,Men,2,26,8
1a913f1764be4782aaf7c23ac073e943,1,Women,1,26,8
1a913f1764be4782aaf7c23ac073e943,1,Children (under 18),None,,
1a9c62614e274038a9dd50d7d3bd1de4,1,Men,2,30,8
1a9c62614e274038a9dd50d7d3bd1de4,1,Women,None,,
1a9c62614e274038a9dd50d7d3bd1de4,1,Children (under 18),None,,
1b2b898613744c43802fbdb4a8f36a36,1,Men,None,,
1b2b898613744c43802fbdb4a8f36a36,1,Women,None,,
1b2b898613744c43802fbdb4a8f36a36,1,Children (under 18),None,,
1c2089b9632b42e5af784768444ce80e,1,Men,None,,
1c2089b9632b42e5af784768444ce80e,1,Women,None,,
1c2089b9632b42e5af784768444ce80e,1,Children (under 18),None,,
1c5831b83b0e4622a9df7873a845997f,1,Men,1,26,8
1c5831b83b0e4622a9df7873a845997f,1,Women,None,,
1c5831b83b0e4622a9df7873a845997f,1,Children (under 18),None,,
1c5831b83b0e4622a9df7873a845997f,2,Men,None,,
1c5831b83b0e4622a9df7873a845997f,2,Women,None,,
1c5831b83b0e4622a9df7873a845997f,2,Children (under 18),None,,
1cd3628bc5014873a7cc10a3da7609da,1,Men,1,25,4
1cd3628bc5014873a7cc10a3da7609da,1,Women,1,25,4
1cd3628bc5014873a7cc10a3da7609da,1,Children (under 18),None,,
1e76f9d124504630b0c2e4c0069ea385,1,Men,None,,
1e76f9d124504630b0c2e4c0069ea385,1,Women,None,,
1e76f9d124504630b0c2e4c0069ea385,1,Children (under 18),None,,
1ea4b89c45c647fb9914741d34ade154,1,Men,None,,
1ea4b89c45c647fb9914741d34ade154,1,Women,1,30,7
1ea4b89c45c647fb9914741d34ade154,1,Children (under 18),None,,
1eb4ec061679443b874661a75c819b64,1,Men,None,,
1eb4ec061679443b874661a75c819b64,1,Women,None,,
1eb4ec061679443b874661a75c819b64,1,Children (under 18),None,,
201a50d6894146e8b0fc01373aa51072,1,Men,None,,
201a50d6894146e8b0fc01373aa51072,1,Women,None,,
201a50d6894146e8b0fc01373aa51072,1,Children (under 18),None,,
20c0ed907ae7429b96f465e0ffecc8e6,1,Men,None,,
20c0ed907ae7429b96f465e0ffecc8e6,1,Women,None,,
20c0ed907ae7429b96f465e0ffecc8e6,1,Children (under 18),None,,
20c0ed907ae7429b96f465e0ffecc8e6,2,Men,None,,
20c0ed907ae7429b96f465e0ffecc8e6,2,Women,None,,
20c0ed907ae7429b96f465e0ffecc8e6,2,Children (under 18),None,,
211666b050ff49ccaf2e056b69ffbf3a,1,Men,None,,
211666b050ff49ccaf2e056b69ffbf3a,1,Women,None,,
211666b050ff49ccaf2e056b69ffbf3a,1,Children (under 18),None,,
21abe08937ae44a1811173ae7c837c36,1,Men,None,,
21abe08937ae44a1811173ae7c837c36,1,Women,None,,
21abe08937ae44a1811173ae7c837c36,1,Children (under 18),None,,
22cea18c0d8446358a881570e67892c1,1,Men,None,,
22cea18c0d8446358a881570e67892c1,1,Women,None,,
22cea18c0d8446358a881570e67892c1,1,Children (under 18),None,,
236af7846e0749349199ce9c7a3f78d5,1,Men,None,,
236af7846e0749349199ce9c7a3f78d5,1,Women,None,,
236af7846e0749349199ce9c7a3f78d5,1,Children (under 18),None,,
236af7846e0749349199ce9c7a3f78d5,2,Men,None,,
236af7846e0749349199ce9c7a3f78d5,2,Women,None,,
236af7846e0749349199ce9c7a3f78d5,2,Children (under 18),None,,
23cdb644f84d4740899061b91ff3ecee,1,Men,None,,
23cdb644f84d4740899061b91ff3ecee,1,Women,None,,
23cdb644f84d4740899061b91ff3ecee,1,Children (under 18),None,,
24e13cba79824954874e041d88ebbba3,1,Men,None,,
24e13cba79824954874e041d88ebbba3,1,Women,25,30,8
24e13cba79824954874e041d88ebbba3,1,Children (under 18),None,,
258662c697e54ad58380645c7cd3f4cc,1,Men,None,,
258662c697e54ad58380645c7cd3f4cc,1,Women,None,,
258662c697e54ad58380645c7cd3f4cc,1,Children (under 18),None,,
258662c697e54ad58380645c7cd3f4cc,2,Men,None,,
258662c697e54ad58380645c7cd3f4cc,2,Women,None,,
258662c697e54ad58380645c7cd3f4cc,2,Children (under 18),None,,
25f91743b7c846929bccf3a80a99e497,1,Men,None,,
25f91743b7c846929bccf3a80a99e497,1,Women,None,,
25f91743b7c846929bccf3a80a99e497,1,Children (under 18),None,,
2673ebe59e5b4b9e951204202e62c8f4,1,Men,None,,
2673ebe59e5b4b9e951204202e62c8f4,1,Women,1,15,3
2673ebe59e5b4b9e951204202e62c8f4,1,Children (under 18),2,15,3
26c8f2816f8b437aaf0a717afe9d97b1,1,Men,None,,
26c8f2816f8b437aaf0a717afe9d97b1,1,Women,None,,
26c8f2816f8b437aaf0a717afe9d97b1,1,Children (under 18),None,,
26f391e823494a63bc8b906bfd0b5471,1,Men,None,,
26f391e823494a63bc8b906bfd0b5471,1,Women,None,,
26f391e823494a63bc8b906bfd0b5471,1,Children (under 18),None,,
275cea6a38b941d48118a4fd357fa9e2,1,Men,None,,
275cea6a38b941d48118a4fd357fa9e2,1,Women,None,,
275cea6a38b941d48118a4fd357fa9e2,1,Children (under 18),None,,
29594d560a094a92ae45052700954b13,1,Men,None,,
29594d560a094a92ae45052700954b13,1,Women,None,,
29594d560a094a92ae45052700954b13,1,Children (under 18),None,,
2ba1705aa3a44fd1a4a6864d3d70a0a7,1,Men,None,,
2ba1705aa3a44fd1a4a6864d3d70a0a7,1,Women,None,,
2ba1705aa3a44fd1a4a6864d3d70a0a7,1,Children (under 18),None,,
2c4df249a94c419084c8f7a4bfc4f259,1,Men,None,,
2c4df249a94c419084c8f7a4bfc4f259,1,Women,None,,
2c4df249a94c419084c8f7a4bfc4f259,1,Children (under 18),None,,
2c5d013bda5e499987f6ed20febdb287,1,Men,None,,
2c5d013bda5e499987f6ed20febdb287,1,Women,None,,
2c5d013bda5e499987f6ed20febdb287,1,Children (under 18),None,,
2c84b4045b7a455895870c58b41b8124,1,Men,None,,
2c84b4045b7a455895870c58b41b8124,1,Women,None,,
2c84b4045b7a455895870c58b41b8124,1,Children (under 18),None,,
2db6fa2fbfd74e93b1d780a9b408be95,1,Men,None,,
2db6fa2fbfd74e93b1d780a9b408be95,1,Women,None,,
2db6fa2fbfd74e93b1d780a9b408be95,1,Children (under 18),None,,
2e10b7e5cd8b4c7b89181a8ef04656de,1,Men,None,,
2e10b7e5cd8b4c7b89181a8ef04656de,1,Women,None,,
2e10b7e5cd8b4c7b89181a8ef04656de,1,Children (under 18),None,,
2f1c34aa6d15480f8349fafddb3ee20b,1,Men,None,,
2f1c34aa6d15480f8349fafddb3ee20b,1,Women,None,,
2f1c34aa6d15480f8349fafddb3ee20b,1,Children (under 18),None,,
2f9768aa50414d4eb96e49cd5c00a11f,1,Men,None,,
2f9768aa50414d4eb96e49cd5c00a11f,1,Women,8,16,15
2f9768aa50414d4eb96e49cd5c00a11f,1,Children (under 18),None,,
2f9c8b99938440c297e425c1c6341eab,1,Men,None,,
2f9c8b99938440c297e425c1c6341eab,1,Women,None,,
2f9c8b99938440c297e425c1c6341eab,1,Children (under 18),None,,
30185fb1fd89420882c535feb913923c,1,Men,None,,
30185fb1fd89420882c535feb913923c,1,Women,None,,
30185fb1fd89420882c535feb913923c,1,Children (under 18),None,,
30e00b165f9b41b4b6b21cfbbcd79fb9,1,Men,None,,
30e00b165f9b41b4b6b21cfbbcd79fb9,1,Women,None,,
30e00b165f9b41b4b6b21cfbbcd79fb9,1,Children (under 18),None,,
3181cda778424a84876862d99fe38aed,1,Men,None,,
3181cda778424a84876862d99fe38aed,1,Women,None,,
3181cda778424a84876862d99fe38aed,1,Children (under 18),None,,
32187c0827a743c688ece03ddec1b122,1,Men,None,,
32187c0827a743c688ece03ddec1b122,1,Women,None,,
32187c0827a743c688ece03ddec1b122,1,Children (under 18),None,,
32a1b87706f6411b8a9e7d8917c1ba2f,1,Men,None,,
32a1b87706f6411b8a9e7d8917c1ba2f,1,Women,None,,
32a1b87706f6411b8a9e7d8917c1ba2f,1,Children (under 18),None,,
32f0bb50eb5d4a02a04ccc77c62a77b8,1,Men,None,,
32f0bb50eb5d4a02a04ccc77c62a77b8,1,Women,None,,
32f0bb50eb5d4a02a04ccc77c62a77b8,1,Children (under 18),None,,
3330b3f16859429f95c6265af7811f7a,1,Men,None,,
3330b3f16859429f95c6265af7811f7a,1,Women,None,,
3330b3f16859429f95c6265af7811f7a,1,Children (under 18),None,,
33ad4b04b5b7437d83413997b973c9fe,1,Men,None,,
33ad4b04b5b7437d83413997b973c9fe,1,Women,None,,
33ad4b04b5b7437d83413997b973c9fe,1,Children (under 18),None,,
34805aa2982b4ccdb7667f30141cf850,1,Men,None,,
34805aa2982b4ccdb7667f30141cf850,1,Women,None,,
34805aa2982b4ccdb7667f30141cf850,1,Children (under 18),None,,
34cf2d9ac26f454ea618f17eabcb6cd0,1,Men,None,,
34cf2d9ac26f454ea618f17eabcb6cd0,1,Women,None,,
34cf2d9ac26f454ea618f17eabcb6cd0,1,Children (under 18),None,,
35135e56b46d4d42ae81d536bb8117ed,1,Men,None,,
35135e56b46d4d42ae81d536bb8117ed,1,Women,None,,
35135e56b46d4d42ae81d536bb8117ed,1,Children (under 18),None,,
35135e56b46d4d42ae81d536bb8117ed,2,Men,None,,
35135e56b46d4d42ae81d536bb8117ed,2,Women,None,,
35135e56b46d4d42ae81d536bb8117ed,2,Children (under 18),None,,
35c9834d5c6f4f4eb7634ba3e5e8b09e,1,Men,None,,
35c9834d5c6f4f4eb7634ba3e5e8b09e,1,Women,None,,
35c9834d5c6f4f4eb7634ba3e5e8b09e,1,Children (under 18),None,,
35d196f6deaa4933950b478bcc772b11,1,Men,None,,
35d196f6deaa4933950b478bcc772b11,1,Women,None,,
35d196f6deaa4933950b478bcc772b11,1,Children (under 18),None,,
35d196f6deaa4933950b478bcc772b11,2,Men,None,,
35d196f6deaa4933950b478bcc772b11,2,Women,None,,
35d196f6deaa4933950b478bcc772b11,2,Children (under 18),None,,
362274c646964ac59cadd160a18e970f,1,Men,None,,
362274c646964ac59cadd160a18e970f,1,Women,None,,
362274c646964ac59cadd160a18e970f,1,Children (under 18),None,,
36671c91f7474190baa48af8d4d3186b,1,Men,3,3,3
36671c91f7474190baa48af8d4d3186b,1,Women,None,,
36671c91f7474190baa48af8d4d3186b,1,Children (under 18),None,,
3670e42ddb0448a1b09fb7a84c4d389d,1,Men,None,,
3670e42ddb0448a1b09fb7a84c4d389d,1,Women,None,,
3670e42ddb0448a1b09fb7a84c4d389d,1,Children (under 18),None,,
367656b871774318ac606001a2cd871c,1,Men,None,,
367656b871774318ac606001a2cd871c,1,Women,None,,
367656b871774318ac606001a2cd871c,1,Children (under 18),None,,
379061a6bc0547769b50cab03a8e0487,1,Men,None,,
379061a6bc0547769b50cab03a8e0487,1,Women,None,,
379061a6bc0547769b50cab03a8e0487,1,Children (under 18),None,,
379061a6bc0547769b50cab03a8e0487,2,Men,None,,
379061a6bc0547769b50cab03a8e0487,2,Women,None,,
379061a6bc0547769b50cab03a8e0487,2,Children (under 18),None,,
37bca4c995644de4bb0d9211134488cf,1,Men,None,,
37bca4c995644de4bb0d9211134488cf,1,Women,None,,
37bca4c995644de4bb0d9211134488cf,1,Children (under 18),None,,
381506a62c4c492081371360d436d36f,1,Men,None,,
381506a62c4c492081371360d436d36f,1,Women,None,,
381506a62c4c492081371360d436d36f,1,Children (under 18),None,,
382c141613a04e2f8d97aa199aac9010,1,Men,None,,
382c141613a04e2f8d97aa199aac9010,1,Women,None,,
382c141613a04e2f8d97aa199aac9010,1,Children (under 18),None,,
3830c3ae7c694e189a9982eae27cdec8,1,Men,4,27,9
3830c3ae7c694e189a9982eae27cdec8,1,Women,None,,
3830c3ae7c694e189a9982eae27cdec8,1,Children (under 18),None,,
38f994a5f1be4259ab44f36f19dbbac2,1,Men,None,,
38f994a5f1be4259ab44f36f19dbbac2,1,Women,None,,
38f994a5f1be4259ab44f36f19dbbac2,1,Children (under 18),None,,
39371027da0a48938715a399c2a8c253,1,Men,None,,
39371027da0a48938715a399c2a8c253,1,Women,None,,
39371027da0a48938715a399c2a8c253,1,Children (under 18),None,,
39426947bdf248248fc1232a318780c6,1,Men,None,,
39426947bdf248248fc1232a318780c6,1,Women,None,,
39426947bdf248248fc1232a318780c6,1,Children (under 18),None,,
39426947bdf248248fc1232a318780c6,2,Men,None,,
39426947bdf248248fc1232a318780c6,2,Women,None,,
39426947bdf248248fc1232a318780c6,2,Children (under 18),None,,
39c6b8996cb94870bbbc455dff2cf4f0,1,Men,None,,
39c6b8996cb94870bbbc455dff2cf4f0,1,Women,None,,
39c6b8996cb94870bbbc455dff2cf4f0,1,Children (under 18),None,,
39e77ac3dd7f4a36bede6c6c519eb77c,1,Men,None,,
39e77ac3dd7f4a36bede6c6c519eb77c,1,Women,None,,
39e77ac3dd7f4a36bede6c6c519eb77c,1,Children (under 18),None,,
39f1decffde5416094250c2c0ddb206e,1,Men,None,,
39f1decffde5416094250c2c0ddb206e,1,Women,None,,
39f1decffde5416094250c2c0ddb206e,1,Children (under 18),None,,
39f2cce9c1004fab9e2a26004a2a2590,1,Men,None,,
39f2cce9c1004fab9e2a26004a2a2590,1,Women,None,,
39f2cce9c1004fab9e2a26004a2a2590,1,Children (under 18),None,,
3a10cf6da6084bf2b586feb77af472bf,1,Men,None,,
3a10cf6da6084bf2b586feb77af472bf,1,Women,None,,
3a10cf6da6084bf2b586feb77af472bf,1,Children (under 18),None,,
3a10cf6da6084bf2b586feb77af472bf,2,Men,None,,
3a10cf6da6084bf2b586feb77af472bf,2,Women,None,,
3a10cf6da6084bf2b586feb77af472bf,2,Children (under 18),None,,
3a141bb29b7242eda9eb43bc625e1d4f,1,Men,None,,
3a141bb29b7242eda9eb43bc625e1d4f,1,Women,None,,
3a141bb29b7242eda9eb43bc625e1d4f,1,Children (under 18),None,,
3a9d1fc9ac2244b39d5779e830c59249,1,Men,None,,
3a9d1fc9ac2244b39d5779e830c59249,1,Women,None,,
3a9d1fc9ac2244b39d5779e830c59249,1,Children (under 18),None,,
3b53e7fbc8c9468e9aef8fc65a50e47c,1,Men,None,,
3b53e7fbc8c9468e9aef8fc65a50e47c,1,Women,None,,
3b53e7fbc8c9468e9aef8fc65a50e47c,1,Children (under 18),None,,
3c0d7b17ebe941079d40ed8315fb3b0c,1,Men,None,,
3c0d7b17ebe941079d40ed8315fb3b0c,1,Women,None,,
3c0d7b17ebe941079d40ed8315fb3b0c,1,Children (under 18),None,,
3c12f6c218a048418e1f4c9b20bad123,1,Men,None,,
3c12f6c218a048418e1f4c9b20bad123,1,Women,2,25,10
3c12f6c218a048418e1f4c9b20bad123,1,Children (under 18),None,,
3d0c898bcf364aa88947650f7f2b553e,1,Men,None,,
3d0c898bcf364aa88947650f7f2b553e,1,Women,None,,
3d0c898bcf364aa88947650f7f2b553e,1,Children (under 18),None,,
3d3b20a53e88436fae18b2374cf9e691,1,Men,None,,
3d3b20a53e88436fae18b2374cf9e691,1,Women,None,,
3d3b20a53e88436fae18b2374cf9e691,1,Children (under 18),None,,
3d3b20a53e88436fae18b2374cf9e691,2,Men,None,,
3d3b20a53e88436fae18b2374cf9e691,2,Women,None,,
3d3b20a53e88436fae18b2374cf9e691,2,Children (under 18),None,,
3d504006badb4130a35ae31b9ee925cc,1,Men,None,,
3d504006badb4130a35ae31b9ee925cc,1,Women,None,,
3d504006badb4130a35ae31b9ee925cc,1,Children (under 18),None,,
3dc26f00023c4f27879e4f8f7b1f67e9,1,Men,None,,
3dc26f00023c4f27879e4f8f7b1f67e9,1,Women,None,,
3dc26f00023c4f27879e4f8f7b1f67e9,1,Children (under 18),None,,
3e6e504fffbe475785bbedbe6dbc7472,1,Men,None,,
3e6e504fffbe475785bbedbe6dbc7472,1,Women,None,,
3e6e504fffbe475785bbedbe6dbc7472,1,Children (under 18),None,,
3fa7048d07cb443a86de0a4255aa61bf,1,Men,None,,
3fa7048d07cb443a86de0a4255aa61bf,1,Women,None,,
3fa7048d07cb443a86de0a4255aa61bf,1,Children (under 18),None,,
3fb164eb72ac49348b3f3f41edc93c98,1,Men,None,,
3fb164eb72ac49348b3f3f41edc93c98,1,Women,None,,
3fb164eb72ac49348b3f3f41edc93c98,1,Children (under 18),None,,
3fd7ddd1c1c34b1baf21165deb49c769,1,Men,1,22,8
3fd7ddd1c1c34b1baf21165deb49c769,1,Women,None,,
3fd7ddd1c1c34b1baf21165deb49c769,1,Children (under 18),None,,
409d4b8d479d4e1fadbfac4458a84ff3,1,Men,None,,
409d4b8d479d4e1fadbfac4458a84ff3,1,Women,None,,
409d4b8d479d4e1fadbfac4458a84ff3,1,Children (under 18),None,,
41ccb01630ea4fba8a9fce35875a007a,1,Men,None,,
41ccb01630ea4fba8a9fce35875a007a,1,Women,None,,
41ccb01630ea4fba8a9fce35875a007a,1,Children (under 18),None,,
42f3685d9215455ead27d4410caed2c4,1,Men,None,,
42f3685d9215455ead27d4410caed2c4,1,Women,None,,
42f3685d9215455ead27d4410caed2c4,1,Children (under 18),None,,
4338f2b4c05c4e268b867de02f404d10,1,Men,None,,
4338f2b4c05c4e268b867de02f404d10,1,Women,None,,
4338f2b4c05c4e268b867de02f404d10,1,Children (under 18),None,,
4372892f8d154183bfc0882b109ae513,1,Men,None,,
4372892f8d154183bfc0882b109ae513,1,Women,None,,
4372892f8d154183bfc0882b109ae513,1,Children (under 18),None,,
44aee6edea054e2fbd10545fa7e184be,1,Men,3,30,8
44aee6edea054e2fbd10545fa7e184be,1,Women,None,,
44aee6edea054e2fbd10545fa7e184be,1,Children (under 18),None,,
44c67df61d0f4f9fa66f174f15c35e05,1,Men,None,,
44c67df61d0f4f9fa66f174f15c35e05,1,Women,None,,
44c67df61d0f4f9fa66f174f15c35e05,1,Children (under 18),None,,
451d3871614c469198d536c02e9a2701,1,Men,None,,
451d3871614c469198d536c02e9a2701,1,Women,None,,
451d3871614c469198d536c02e9a2701,1,Children (under 18),None,,
4527d4d9740847b089976b6b2c3a6eab,1,Men,None,,
4527d4d9740847b089976b6b2c3a6eab,1,Women,None,,
4527d4d9740847b089976b6b2c3a6eab,1,Children (under 18),None,,
45e0a099c22e4b0a9b4135815ee58554,1,Men,None,,
45e0a099c22e4b0a9b4135815ee58554,1,Women,None,,
45e0a099c22e4b0a9b4135815ee58554,1,Children (under 18),None,,
4779c9f66b8543d8852fec4ba2008b1e,1,Men,None,,
4779c9f66b8543d8852fec4ba2008b1e,1,Women,None,,
4779c9f66b8543d8852fec4ba2008b1e,1,Children (under 18),None,,
477bd716c8f4425d91327387a0182435,1,Men,None,,
477bd716c8f4425d91327387a0182435,1,Women,None,,
477bd716c8f4425d91327387a0182435,1,Children (under 18),None,,
479b8801c2a74b70858bfc8b14db04e0,1,Men,None,,
479b8801c2a74b70858bfc8b14db04e0,1,Women,None,,
479b8801c2a74b70858bfc8b14db04e0,1,Children (under 18),None,,
47ee0ebcd24c4900948dafafbf62c067,1,Men,None,,
47ee0ebcd24c4900948dafafbf62c067,1,Women,None,,
47ee0ebcd24c4900948dafafbf62c067,1,Children (under 18),None,,
4828d98c3ac14c45940a66c6bf1db618,1,Men,10,30,8
4828d98c3ac14c45940a66c6bf1db618,1,Women,None,,
4828d98c3ac14c45940a66c6bf1db618,1,Children (under 18),None,,
48f526b891b6460a8d4182d584359afa,1,Men,None,,
48f526b891b6460a8d4182d584359afa,1,Women,None,,
48f526b891b6460a8d4182d584359afa,1,Children (under 18),None,,
4914a986f2114e7b8f6f33ad37e8d1d5,1,Men,None,,
4914a986f2114e7b8f6f33ad37e8d1d5,1,Women,None,,
4914a986f2114e7b8f6f33ad37e8d1d5,1,Children (under 18),None,,
4914a986f2114e7b8f6f33ad37e8d1d5,2,Men,None,,
4914a986f2114e7b8f6f33ad37e8d1d5,2,Women,None,,
4914a986f2114e7b8f6f33ad37e8d1d5,2,Children (under 18),None,,
4a27a7f9080a44979052f87c793ce97a,1,Men,1,30,8
4a27a7f9080a44979052f87c793ce97a,1,Women,None,,
4a27a7f9080a44979052f87c793ce97a,1,Children (under 18),None,,
4a27a7f9080a44979052f87c793ce97a,2,Men,None,,
4a27a7f9080a44979052f87c793ce97a,2,Women,None,,
4a27a7f9080a44979052f87c793ce97a,2,Children (under 18),None,,
4b09dd374ed3406597410e2f5f5ab109,1,Men,None,,
4b09dd374ed3406597410e2f5f5ab109,1,Women,None,,
4b09dd374ed3406597410e2f5f5ab109,1,Children (under 18),None,,
4b62b7dbc33549ea9977bbeb85cf3f88,1,Men,None,,
4b62b7dbc33549ea9977bbeb85cf3f88,1,Women,None,,
4b62b7dbc33549ea9977bbeb85cf3f88,1,Children (under 18),None,,
4b62b7dbc33549ea9977bbeb85cf3f88,2,Men,None,,
4b62b7dbc33549ea9977bbeb85cf3f88,2,Women,None,,
4b62b7dbc33549ea9977bbeb85cf3f88,2,Children (under 18),None,,
4b9ab4105e724ad0adfdf0abab15068d,1,Men,None,,
4b9ab4105e724ad0adfdf0abab15068d,1,Women,None,,
4b9ab4105e724ad0adfdf0abab15068d,1,Children (under 18),None,,
4c29b9c3ac2c421c9db7f09fd13f7378,1,Men,None,,
4c29b9c3ac2c421c9db7f09fd13f7378,1,Women,None,,
4c29b9c3ac2c421c9db7f09fd13f7378,1,Children (under 18),None,,
4c9086bd72cd423a99e746af7a571b00,1,Men,None,,
4c9086bd72cd423a99e746af7a571b00,1,Women,None,,
4c9086bd72cd423a99e746af7a571b00,1,Children (under 18),None,,
4cf9dec11581457194dd0aea4cdb8184,1,Men,None,,
4cf9dec11581457194dd0aea4cdb8184,1,Women,None,,
4cf9dec11581457194dd0aea4cdb8184,1,Children (under 18),None,,
4d1fb71941264eb2ae3c4e6977d286a3,1,Men,None,,
4d1fb71941264eb2ae3c4e6977d286a3,1,Women,None,,
4d1fb71941264eb2ae3c4e6977d286a3,1,Children (under 18),None,,
4d450d8425644f349c982bad16a9a0ba,1,Men,None,,
4d450d8425644f349c982bad16a9a0ba,1,Women,None,,
4d450d8425644f349c982bad16a9a0ba,1,Children (under 18),None,,
4ddd16e62a294446b111455e1939f4c0,1,Men,None,,
4ddd16e62a294446b111455e1939f4c0,1,Women,None,,
4ddd16e62a294446b111455e1939f4c0,1,Children (under 18),None,,
4ecbba829e1e422fbbba2b0c36a6584d,1,Men,None,,
4ecbba829e1e422fbbba2b0c36a6584d,1,Women,None,,
4ecbba829e1e422fbbba2b0c36a6584d,1,Children (under 18),None,,
4fb50972b9a44cd99e3d3f836f60bb2d,1,Men,None,,
4fb50972b9a44cd99e3d3f836f60bb2d,1,Women,None,,
4fb50972b9a44cd99e3d3f836f60bb2d,1,Children (under 18),None,,
4fbb0756189442a98f07356204145b3b,1,Men,None,,
4fbb0756189442a98f07356204145b3b,1,Women,None,,
4fbb0756189442a98f07356204145b3b,1,Children (under 18),None,,
5030020d54a94200bfdc4c6e74e780de,1,Men,1,30,10
5030020d54a94200bfdc4c6e74e780de,1,Women,None,,
5030020d54a94200bfdc4c6e74e780de,1,Children (under 18),None,,
5206e488b6ab41478a087239379c586e,1,Men,None,,
5206e488b6ab41478a087239379c586e,1,Women,None,,
5206e488b6ab41478a087239379c586e,1,Children (under 18),None,,
5206e488b6ab41478a087239379c586e,2,Men,None,,
5206e488b6ab41478a087239379c586e,2,Women,None,,
5206e488b6ab41478a087239379c586e,2,Children (under 18),None,,
5231eb5761044850b298746f2b2d68e4,1,Men,None,,
5231eb5761044850b298746f2b2d68e4,1,Women,None,,
5231eb5761044850b298746f2b2d68e4,1,Children (under 18),None,,
5269d69398804087808e62c6da94b777,1,Men,None,,
5269d69398804087808e62c6da94b777,1,Women,None,,
5269d69398804087808e62c6da94b777,1,Children (under 18),None,,
5269d69398804087808e62c6da94b777,2,Men,1,30,10
5269d69398804087808e62c6da94b777,2,Women,None,,
5269d69398804087808e62c6da94b777,2,Children (under 18),None,,
52775d66d1cc484591093ef57abfda6d,1,Men,None,,
52775d66d1cc484591093ef57abfda6d,1,Women,None,,
52775d66d1cc484591093ef57abfda6d,1,Children (under 18),None,,
52775d66d1cc484591093ef57abfda6d,2,Men,None,,
52775d66d1cc484591093ef57abfda6d,2,Women,None,,
52775d66d1cc484591093ef57abfda6d,2,Children (under 18),None,,
52c7885ae5004e07808e331e9722b9fd,1,Men,None,,
52c7885ae5004e07808e331e9722b9fd,1,Women,None,,
52c7885ae5004e07808e331e9722b9fd,1,Children (under 18),None,,
52c7885ae5004e07808e331e9722b9fd,2,Men,None,,
52c7885ae5004e07808e331e9722b9fd,2,Women,None,,
52c7885ae5004e07808e331e9722b9fd,2,Children (under 18),None,,
52fa8ed5a7974024b1ddb88ce2130cb4,1,Men,None,,
52fa8ed5a7974024b1ddb88ce2130cb4,1,Women,None,,
52fa8ed5a7974024b1ddb88ce2130cb4,1,Children (under 18),None,,
52fab0c2a1c34d68a9e8805b1f93253b,1,Men,3,20,8
52fab0c2a1c34d68a9e8805b1f93253b,1,Women,None,,
52fab0c2a1c34d68a9e8805b1f93253b,1,Children (under 18),None,,
53902d24170942dc90cde93cee38bc55,1,Men,None,,
53902d24170942dc90cde93cee38bc55,1,Women,None,,
53902d24170942dc90cde93cee38bc55,1,Children (under 18),None,,
53af98f51b6a452cb9b519f4f461461d,1,Men,None,,
53af98f51b6a452cb9b519f4f461461d,1,Women,None,,
53af98f51b6a452cb9b519f4f461461d,1,Children (under 18),None,,
53d8f343fe5f4194876f3ebb7d711c20,1,Men,None,,
53d8f343fe5f4194876f3ebb7d711c20,1,Women,None,,
53d8f343fe5f4194876f3ebb7d711c20,1,Children (under 18),None,,
542ec3bb51af4207b10bfd03855852f5,1,Men,None,,
542ec3bb51af4207b10bfd03855852f5,1,Women,None,,
542ec3bb51af4207b10bfd03855852f5,1,Children (under 18),None,,
553311774e4e43a585a0b3013c67a2c2,1,Men,None,,
553311774e4e43a585a0b3013c67a2c2,1,Women,None,,
553311774e4e43a585a0b3013c67a2c2,1,Children (under 18),None,,
553311774e4e43a585a0b3013c67a2c2,2,Men,None,,
553311774e4e43a585a0b3013c67a2c2,2,Women,None,,
553311774e4e43a585a0b3013c67a2c2,2,Children (under 18),None,,
55aec96ecdf448e0a8e79f667c817e63,1,Men,None,,
55aec96ecdf448e0a8e79f667c817e63,1,Women,None,,
55aec96ecdf448e0a8e79f667c817e63,1,Children (under 18),None,,
56f645fb8dd94fe99eafdcbd518e5cd5,1,Men,None,,
56f645fb8dd94fe99eafdcbd518e5cd5,1,Women,None,,
56f645fb8dd94fe99eafdcbd518e5cd5,1,Children (under 18),None,,
56f645fb8dd94fe99eafdcbd518e5cd5,2,Men,None,,
56f645fb8dd94fe99eafdcbd518e5cd5,2,Women,None,,
56f645fb8dd94fe99eafdcbd518e5cd5,2,Children (under 18),None,,
5861ad14897248ec94752b0860741a10,1,Men,None,,
5861ad14897248ec94752b0860741a10,1,Women,None,,
5861ad14897248ec94752b0860741a10,1,Children (under 18),None,,
589afa1b372748b4b7d4dd25da0654f4,1,Men,None,,
589afa1b372748b4b7d4dd25da0654f4,1,Women,None,,
589afa1b372748b4b7d4dd25da0654f4,1,Children (under 18),None,,
590e0952e71f443a8460289861896afb,1,Men,None,,
590e0952e71f443a8460289861896afb,1,Women,None,,
590e0952e71f443a8460289861896afb,1,Children (under 18),None,,
596e1c110aa94717b9e9e033c8fd7510,1,Men,None,,
596e1c110aa94717b9e9e033c8fd7510,1,Women,None,,
596e1c110aa94717b9e9e033c8fd7510,1,Children (under 18),None,,
59af8d427f8a4c2daf37365db1103010,1,Men,None,,
59af8d427f8a4c2daf37365db1103010,1,Women,None,,
59af8d427f8a4c2daf37365db1103010,1,Children (under 18),None,,
59ba3062e36c4bbabe77017c4bb16d5f,1,Men,None,,
59ba3062e36c4bbabe77017c4bb16d5f,1,Women,None,,
59ba3062e36c4bbabe77017c4bb16d5f,1,Children (under 18),None,,
59ba3062e36c4bbabe77017c4bb16d5f,2,Men,None,,
59ba3062e36c4bbabe77017c4bb16d5f,2,Women,None,,
59ba3062e36c4bbabe77017c4bb16d5f,2,Children (under 18),None,,
5afbdae5f5094c13bc13df99b709aff9,1,Men,None,,
5afbdae5f5094c13bc13df99b709aff9,1,Women,None,,
5afbdae5f5094c13bc13df99b709aff9,1,Children (under 18),None,,
5afbdae5f5094c13bc13df99b709aff9,2,Men,None,,
5afbdae5f5094c13bc13df99b709aff9,2,Women,None,,
5afbdae5f5094c13bc13df99b709aff9,2,Children (under 18),None,,
5b0d244e56ea47b9852820fa59b838f6,1,Men,None,,
5b0d244e56ea47b9852820fa59b838f6,1,Women,None,,
5b0d244e56ea47b9852820fa59b838f6,1,Children (under 18),None,,
5be729baa9384dc4b4f0c9683102a76d,1,Men,None,,
5be729baa9384dc4b4f0c9683102a76d,1,Women,None,,
5be729baa9384dc4b4f0c9683102a76d,1,Children (under 18),None,,
5c1b95d1982449f3b08838383feacf6c,1,Men,None,,
5c1b95d1982449f3b08838383feacf6c,1,Women,None,,
5c1b95d1982449f3b08838383feacf6c,1,Children (under 18),None,,
5c2e70ce05ff4a9b987fbef48216f2f6,1,Men,None,,
5c2e70ce05ff4a9b987fbef48216f2f6,1,Women,None,,
5c2e70ce05ff4a9b987fbef48216f2f6,1,Children (under 18),None,,
5cf6cf715fcd4591be05b7d2e7db11fa,1,Men,None,,
5cf6cf715fcd4591be05b7d2e7db11fa,1,Women,None,,
5cf6cf715fcd4591be05b7d2e7db11fa,1,Children (under 18),None,,
5dc355a820424c229a9618e5a3e89eb2,1,Men,None,,
5dc355a820424c229a9618e5a3e89eb2,1,Women,None,,
5dc355a820424c229a9618e5a3e89eb2,1,Children (under 18),None,,
5e4d793fc7b34c709f8c399567ab721d,1,Men,None,,
5e4d793fc7b34c709f8c399567ab721d,1,Women,None,,
5e4d793fc7b34c709f8c399567ab721d,1,Children (under 18),None,,
5eda11b2be9f4324ae77187613ef012b,1,Men,None,,
5eda11b2be9f4324ae77187613ef012b,1,Women,None,,
5eda11b2be9f4324ae77187613ef012b,1,Children (under 18),None,,
5f0c1fafea3541e6834480c25adb33e9,1,Men,None,,
5f0c1fafea3541e6834480c25adb33e9,1,Women,None,,
5f0c1fafea3541e6834480c25adb33e9,1,Children (under 18),None,,
5f4a0d5e500a4c948854e4d9d269a54e,1,Men,None,,
5f4a0d5e500a4c948854e4d9d269a54e,1,Women,None,,
5f4a0d5e500a4c948854e4d9d269a54e,1,Children (under 18),None,,
5f6100d19b8b432a9c464c77a648a469,1,Men,1,25,9
5f6100d19b8b432a9c464c77a648a469,1,Women,None,,
5f6100d19b8b432a9c464c77a648a469,1,Children (under 18),None,,
5f6100d19b8b432a9c464c77a648a469,2,Men,None,,
5f6100d19b8b432a9c464c77a648a469,2,Women,None,,
5f6100d19b8b432a9c464c77a648a469,2,Children (under 18),None,,
5fac7e5ecdc541d1a3d6e33ccc234095,1,Men,None,,
5fac7e5ecdc541d1a3d6e33ccc234095,1,Women,None,,
5fac7e5ecdc541d1a3d6e33ccc234095,1,Children (under 18),None,,
603a3a25a0e44e1498b8f205c81a7b5d,1,Men,None,,
603a3a25a0e44e1498b8f205c81a7b5d,1,Women,None,,
603a3a25a0e44e1498b8f205c81a7b5d,1,Children (under 18),None,,
609527a896374e669f4e8229244644b3,1,Men,None,,
609527a896374e669f4e8229244644b3,1,Women,None,,
609527a896374e669f4e8229244644b3,1,Children (under 18),None,,
60d69d75c4484fda9a657f1817c79583,1,Men,None,,
60d69d75c4484fda9a657f1817c79583,1,Women,None,,
60d69d75c4484fda9a657f1817c79583,1,Children (under 18),None,,
6122ecdeb2d44322a5f5ac9eb65507b7,1,Men,None,,
6122ecdeb2d44322a5f5ac9eb65507b7,1,Women,None,,
6122ecdeb2d44322a5f5ac9eb65507b7,1,Children (under 18),None,,
61b78eae77dd4cd49c38a16a27b10158,1,Men,1,30,12
61b78eae77dd4cd49c38a16a27b10158,1,Women,None,,
61b78eae77dd4cd49c38a16a27b10158,1,Children (under 18),None,,
6267f47dc68643a7b095ffe225084a81,1,Men,None,,
6267f47dc68643a7b095ffe225084a81,1,Women,None,,
6267f47dc68643a7b095ffe225084a81,1,Children (under 18),None,,
6267f47dc68643a7b095ffe225084a81,2,Men,None,,
6267f47dc68643a7b095ffe225084a81,2,Women,None,,
6267f47dc68643a7b095ffe225084a81,2,Children (under 18),None,,
62ae038a03fe4250a40885fb7f0338a6,1,Men,None,,
62ae038a03fe4250a40885fb7f0338a6,1,Women,None,,
62ae038a03fe4250a40885fb7f0338a6,1,Children (under 18),None,,
63ba0c8226404d82bdf780cb1d1ef43e,1,Men,None,,
63ba0c8226404d82bdf780cb1d1ef43e,1,Women,None,,
63ba0c8226404d82bdf780cb1d1ef43e,1,Children (under 18),None,,
63d4d447a4514e0eb98c7e79d5316167,1,Men,None,,
63d4d447a4514e0eb98c7e79d5316167,1,Women,None,,
63d4d447a4514e0eb98c7e79d5316167,1,Children (under 18),None,,
63df83e9c8b8459eaee661b6399084c9,2,Men,None,,
63df83e9c8b8459eaee661b6399084c9,2,Women,None,,
63df83e9c8b8459eaee661b6399084c9,2,Children (under 18),None,,
64938efda40a47b9a5aa6c91939138c1,1,Men,None,,
64938efda40a47b9a5aa6c91939138c1,1,Women,None,,
64938efda40a47b9a5aa6c91939138c1,1,Children (under 18),None,,
6573a9ede6c24197abd6901f7802b38e,1,Men,None,,
6573a9ede6c24197abd6901f7802b38e,1,Women,1,10,10
6573a9ede6c24197abd6901f7802b38e,1,Children (under 18),None,,
6577b3368d0b4c06b1cccecfca506c74,1,Men,None,,
6577b3368d0b4c06b1cccecfca506c74,1,Women,None,,
6577b3368d0b4c06b1cccecfca506c74,1,Children (under 18),None,,
660cd9a36be044ccb8a55e517627deee,1,Men,None,,
660cd9a36be044ccb8a55e517627deee,1,Women,None,,
660cd9a36be044ccb8a55e517627deee,1,Children (under 18),None,,
6662dec4c71544ce983f1d928244999d,1,Men,None,,
6662dec4c71544ce983f1d928244999d,1,Women,None,,
6662dec4c71544ce983f1d928244999d,1,Children (under 18),None,,
68087030464c475fbce4b9346b7b0b8d,1,Men,None,,
68087030464c475fbce4b9346b7b0b8d,1,Women,None,,
68087030464c475fbce4b9346b7b0b8d,1,Children (under 18),None,,
68087030464c475fbce4b9346b7b0b8d,2,Men,None,,
68087030464c475fbce4b9346b7b0b8d,2,Women,None,,
68087030464c475fbce4b9346b7b0b8d,2,Children (under 18),None,,
6815a79c642047c6a6b9e74b042b8990,1,Men,None,,
6815a79c642047c6a6b9e74b042b8990,1,Women,None,,
6815a79c642047c6a6b9e74b042b8990,1,Children (under 18),None,,
69375d971fb84d5ca13b9e9b525a385c,1,Men,None,,
69375d971fb84d5ca13b9e9b525a385c,1,Women,None,,
69375d971fb84d5ca13b9e9b525a385c,1,Children (under 18),None,,
69883de3beca4ad0af652e556358e003,1,Men,None,,
69883de3beca4ad0af652e556358e003,1,Women,None,,
69883de3beca4ad0af652e556358e003,1,Children (under 18),None,,
69ee2af4b719438da5f682bc989c5a23,1,Men,None,,
69ee2af4b719438da5f682bc989c5a23,1,Women,None,,
69ee2af4b719438da5f682bc989c5a23,1,Children (under 18),None,,
69f14dcf6ede469a9244582200496a22,1,Men,None,,
69f14dcf6ede469a9244582200496a22,1,Women,None,,
69f14dcf6ede469a9244582200496a22,1,Children (under 18),None,,
6a4c7ae8a6274dfc9f66b6e80b2d361b,1,Men,1,30,8
6a4c7ae8a6274dfc9f66b6e80b2d361b,1,Women,1,30,8
6a4c7ae8a6274dfc9f66b6e80b2d361b,1,Children (under 18),None,,
6ab1f3d3f406493dbfdf6aecc2d85a14,1,Men,None,,
6ab1f3d3f406493dbfdf6aecc2d85a14,1,Women,None,,
6ab1f3d3f406493dbfdf6aecc2d85a14,1,Children (under 18),None,,
6ba972d2951e4f348445b5736cac3c7a,1,Men,None,,
6ba972d2951e4f348445b5736cac3c7a,1,Women,None,,
6ba972d2951e4f348445b5736cac3c7a,1,Children (under 18),None,,
6ba972d2951e4f348445b5736cac3c7a,2,Men,1,2,8
6ba972d2951e4f348445b5736cac3c7a,2,Women,8,30,8
6ba972d2951e4f348445b5736cac3c7a,2,Children (under 18),None,,
6ba972d2951e4f348445b5736cac3c7a,3,Men,None,,
6ba972d2951e4f348445b5736cac3c7a,3,Women,None,,
6ba972d2951e4f348445b5736cac3c7a,3,Children (under 18),None,,
6c4ac80f79854c0cbc270144c91e823a,1,Men,None,,
6c4ac80f79854c0cbc270144c91e823a,1,Women,None,,
6c4ac80f79854c0cbc270144c91e823a,1,Children (under 18),None,,
6d524f21a7c641abbcf4a46598315e0c,1,Men,None,,
6d524f21a7c641abbcf4a46598315e0c,1,Women,None,,
6d524f21a7c641abbcf4a46598315e0c,1,Children (under 18),None,,
6db06273e21748b79200254d7e1ff7f2,1,Men,None,,
6db06273e21748b79200254d7e1ff7f2,1,Women,None,,
6db06273e21748b79200254d7e1ff7f2,1,Children (under 18),None,,
6db06273e21748b79200254d7e1ff7f2,2,Men,None,,
6db06273e21748b79200254d7e1ff7f2,2,Women,None,,
6db06273e21748b79200254d7e1ff7f2,2,Children (under 18),None,,
6e28c7974d7047a8a48bd39dd502aa39,1,Men,None,,
6e28c7974d7047a8a48bd39dd502aa39,1,Women,None,,
6e28c7974d7047a8a48bd39dd502aa39,1,Children (under 18),None,,
6e2df81d829a44e094269ec214364618,1,Men,None,,
6e2df81d829a44e094269ec214364618,1,Women,None,,
6e2df81d829a44e094269ec214364618,1,Children (under 18),None,,
6e322c84c8314d91b35902e567310447,1,Men,None,,
6e322c84c8314d91b35902e567310447,1,Women,None,,
6e322c84c8314d91b35902e567310447,1,Children (under 18),None,,
6e6f30c88d9b4633b0e3d47ee2ae9edb,1,Men,None,,
6e6f30c88d9b4633b0e3d47ee2ae9edb,1,Women,None,,
6e6f30c88d9b4633b0e3d47ee2ae9edb,1,Children (under 18),None,,
6ff70913f211471383c85208b886a239,1,Men,None,,
6ff70913f211471383c85208b886a239,1,Women,None,,
6ff70913f211471383c85208b886a239,1,Children (under 18),None,,
6ff70913f211471383c85208b886a239,2,Men,None,,
6ff70913f211471383c85208b886a239,2,Women,None,,
6ff70913f211471383c85208b886a239,2,Children (under 18),None,,
70544ac41cb54af4a365a7a2ed6c60f8,1,Men,1,20,5
70544ac41cb54af4a365a7a2ed6c60f8,1,Women,None,,
70544ac41cb54af4a365a7a2ed6c60f8,1,Children (under 18),None,,
7054bac40b7f4e7496b0de9987cd71c5,1,Men,None,,
7054bac40b7f4e7496b0de9987cd71c5,1,Women,None,,
7054bac40b7f4e7496b0de9987cd71c5,1,Children (under 18),None,,
70aeb87092e842d9ae0bd44cf3571897,1,Men,None,,
70aeb87092e842d9ae0bd44cf3571897,1,Women,None,,
70aeb87092e842d9ae0bd44cf3571897,1,Children (under 18),None,,
715ab2647245497b9597858cd63f68e0,1,Men,None,,
715ab2647245497b9597858cd63f68e0,1,Women,None,,
715ab2647245497b9597858cd63f68e0,1,Children (under 18),None,,
720ece104a6a4624ac2ad4116e5f9709,1,Men,None,,
720ece104a6a4624ac2ad4116e5f9709,1,Women,None,,
720ece104a6a4624ac2ad4116e5f9709,1,Children (under 18),None,,
72755c4175e343808c7d6f5f1e3060e7,1,Men,None,,
72755c4175e343808c7d6f5f1e3060e7,1,Women,None,,
72755c4175e343808c7d6f5f1e3060e7,1,Children (under 18),None,,
72755c4175e343808c7d6f5f1e3060e7,2,Men,None,,
72755c4175e343808c7d6f5f1e3060e7,2,Women,None,,
72755c4175e343808c7d6f5f1e3060e7,2,Children (under 18),None,,
729f069775764fb7827ccbe205c6db2d,1,Men,None,,
729f069775764fb7827ccbe205c6db2d,1,Women,None,,
729f069775764fb7827ccbe205c6db2d,1,Children (under 18),None,,
72c605587a324252b18b79326fb507e2,1,Men,None,,
72c605587a324252b18b79326fb507e2,1,Women,None,,
72c605587a324252b18b79326fb507e2,1,Children (under 18),None,,
7361ff4f9b824880a25ba1d5c17399d7,1,Men,None,,
7361ff4f9b824880a25ba1d5c17399d7,1,Women,None,,
7361ff4f9b824880a25ba1d5c17399d7,1,Children (under 18),None,,
7361ff4f9b824880a25ba1d5c17399d7,2,Men,None,,
7361ff4f9b824880a25ba1d5c17399d7,2,Women,None,,
7361ff4f9b824880a25ba1d5c17399d7,2,Children (under 18),None,,
738919c383f3495b953ed30910f1e457,1,Men,None,,
738919c383f3495b953ed30910f1e457,1,Women,None,,
738919c383f3495b953ed30910f1e457,1,Children (under 18),None,,
73f1b9d2c29248f082f98d08c606830c,1,Men,None,,
73f1b9d2c29248f082f98d08c606830c,1,Women,None,,
73f1b9d2c29248f082f98d08c606830c,1,Children (under 18),None,,
740223b0782f46a88b8a6f846b1f7fa3,1,Men,None,,
740223b0782f46a88b8a6f846b1f7fa3,1,Women,None,,
740223b0782f46a88b8a6f846b1f7fa3,1,Children (under 18),None,,
7427afe2cd8f42df9d7cca91ea8bfce8,1,Men,None,,
7427afe2cd8f42df9d7cca91ea8bfce8,1,Women,None,,
7427afe2cd8f42df9d7cca91ea8bfce8,1,Children (under 18),None,,
74359f69703547f49faa49b9c5976cce,1,Men,None,,
74359f69703547f49faa49b9c5976cce,1,Women,None,,
74359f69703547f49faa49b9c5976cce,1,Children (under 18),None,,
74c394ef6ca84afa8614577d2bfa06ea,1,Men,None,,
74c394ef6ca84afa8614577d2bfa06ea,1,Women,1,4,10
74c394ef6ca84afa8614577d2bfa06ea,1,Children (under 18),None,,
74d775d48d1e44edb554172eae88677e,1,Men,None,,
74d775d48d1e44edb554172eae88677e,1,Women,None,,
74d775d48d1e44edb554172eae88677e,1,Children (under 18),None,,
755d5fcac61f4809b02756813399c868,1,Men,None,,
755d5fcac61f4809b02756813399c868,1,Women,None,,
755d5fcac61f4809b02756813399c868,1,Children (under 18),None,,
75984841b0154217a1d018160a9cb820,1,Men,None,,
75984841b0154217a1d018160a9cb820,1,Women,None,,
75984841b0154217a1d018160a9cb820,1,Children (under 18),None,,
76226442c9aa42628b282a55f74bd16d,1,Men,None,,
76226442c9aa42628b282a55f74bd16d,1,Women,None,,
76226442c9aa42628b282a55f74bd16d,1,Children (under 18),None,,
76b97028eb764983b628874c73172166,1,Men,None,,
76b97028eb764983b628874c73172166,1,Women,None,,
76b97028eb764983b628874c73172166,1,Children (under 18),None,,
77bb1606bc4a4fe9a96fde15624da260,1,Men,None,,
77bb1606bc4a4fe9a96fde15624da260,1,Women,None,,
77bb1606bc4a4fe9a96fde15624da260,1,Children (under 18),None,,
7861bf5d97c0487c86693dc06c1e380d,1,Men,None,,
7861bf5d97c0487c86693dc06c1e380d,1,Women,None,,
7861bf5d97c0487c86693dc06c1e380d,1,Children (under 18),None,,
79d877598bd5413880192254c1916363,1,Men,None,,
79d877598bd5413880192254c1916363,1,Women,None,,
79d877598bd5413880192254c1916363,1,Children (under 18),None,,
79dd3e94df404a2bac47eea70bcd3da8,1,Men,None,,
79dd3e94df404a2bac47eea70bcd3da8,1,Women,None,,
79dd3e94df404a2bac47eea70bcd3da8,1,Children (under 18),None,,
7a20e7616bf5490882a492ad20cbaef7,1,Men,None,,
7a20e7616bf5490882a492ad20cbaef7,1,Women,None,,
7a20e7616bf5490882a492ad20cbaef7,1,Children (under 18),None,,
7a4b60e842e0407f8257a94608c5d174,1,Men,None,,
7a4b60e842e0407f8257a94608c5d174,1,Women,None,,
7a4b60e842e0407f8257a94608c5d174,1,Children (under 18),None,,
7acd7104db4f4379abf65750722654c0,1,Men,None,,
7acd7104db4f4379abf65750722654c0,1,Women,None,,
7acd7104db4f4379abf65750722654c0,1,Children (under 18),None,,
7b57847b81c8405ca76c190fe8f95f8d,1,Men,None,,
7b57847b81c8405ca76c190fe8f95f8d,1,Women,None,,
7b57847b81c8405ca76c190fe8f95f8d,1,Children (under 18),None,,
7cf15a4c7d7f4246b85402e4100fd60c,1,Men,None,,
7cf15a4c7d7f4246b85402e4100fd60c,1,Women,None,,
7cf15a4c7d7f4246b85402e4100fd60c,1,Children (under 18),None,,
7d4110afebbf477db592323751ba3f95,1,Men,None,,
7d4110afebbf477db592323751ba3f95,1,Women,None,,
7d4110afebbf477db592323751ba3f95,1,Children (under 18),None,,
7d4110afebbf477db592323751ba3f95,2,Men,None,,
7d4110afebbf477db592323751ba3f95,2,Women,None,,
7d4110afebbf477db592323751ba3f95,2,Children (under 18),None,,
7d5ae9fc79ee4ded96285757dd9a0365,1,Men,None,,
7d5ae9fc79ee4ded96285757dd9a0365,1,Women,None,,
7d5ae9fc79ee4ded96285757dd9a0365,1,Children (under 18),None,,
7d8e4a1c90d64b43ad41ce75e53f7afa,1,Men,None,,
7d8e4a1c90d64b43ad41ce75e53f7afa,1,Women,None,,
7d8e4a1c90d64b43ad41ce75e53f7afa,1,Children (under 18),None,,
7e0a887d6cd442a99df2c41be2720813,1,Men,2,30,8
7e0a887d6cd442a99df2c41be2720813,1,Women,None,,
7e0a887d6cd442a99df2c41be2720813,1,Children (under 18),None,,
7e4281d965604c77b5167a8602ddcdca,1,Men,None,,
7e4281d965604c77b5167a8602ddcdca,1,Women,None,,
7e4281d965604c77b5167a8602ddcdca,1,Children (under 18),None,,
7e4281d965604c77b5167a8602ddcdca,2,Men,None,,
7e4281d965604c77b5167a8602ddcdca,2,Women,None,,
7e4281d965604c77b5167a8602ddcdca,2,Children (under 18),None,,
7e649c2df8124302a1ea66d858cc0e7a,1,Men,None,,
7e649c2df8124302a1ea66d858cc0e7a,1,Women,None,,
7e649c2df8124302a1ea66d858cc0e7a,1,Children (under 18),None,,
7e6f18f6dc334b208b1f62ce08865eb7,1,Men,None,,
7e6f18f6dc334b208b1f62ce08865eb7,1,Women,None,,
7e6f18f6dc334b208b1f62ce08865eb7,1,Children (under 18),None,,
7ea510569e3f4cdd8447a744c6fa1d4a,1,Men,1,20,2
7ea510569e3f4cdd8447a744c6fa1d4a,1,Women,None,,
7ea510569e3f4cdd8447a744c6fa1d4a,1,Children (under 18),None,,
7ea510569e3f4cdd8447a744c6fa1d4a,2,Men,None,,
7ea510569e3f4cdd8447a744c6fa1d4a,2,Women,None,,
7ea510569e3f4cdd8447a744c6fa1d4a,2,Children (under 18),None,,
7ea510569e3f4cdd8447a744c6fa1d4a,3,Men,None,,
7ea510569e3f4cdd8447a744c6fa1d4a,3,Women,None,,
7ea510569e3f4cdd8447a744c6fa1d4a,3,Children (under 18),None,,
7eb5a56b2c3d4b219a56980969f470c4,1,Men,None,,
7eb5a56b2c3d4b219a56980969f470c4,1,Women,None,,
7eb5a56b2c3d4b219a56980969f470c4,1,Children (under 18),None,,
7ec66888c239423aa62acda46d984a5e,1,Men,None,,
7ec66888c239423aa62acda46d984a5e,1,Women,None,,
7ec66888c239423aa62acda46d984a5e,1,Children (under 18),None,,
7f3aa03e39ea406db6ddd471b03d2abd,1,Men,None,,
7f3aa03e39ea406db6ddd471b03d2abd,1,Women,None,,
7f3aa03e39ea406db6ddd471b03d2abd,1,Children (under 18),None,,
7f67f62beb36424b89adac9daa523dcf,1,Men,None,,
7f67f62beb36424b89adac9daa523dcf,1,Women,None,,
7f67f62beb36424b89adac9daa523dcf,1,Children (under 18),None,,
7f7194432aaa434c9037e5948b1e365f,1,Men,None,,
7f7194432aaa434c9037e5948b1e365f,1,Women,None,,
7f7194432aaa434c9037e5948b1e365f,1,Children (under 18),None,,
8088022ee4aa41dca921618d5cf3a245,1,Men,None,,
8088022ee4aa41dca921618d5cf3a245,1,Women,None,,
8088022ee4aa41dca921618d5cf3a245,1,Children (under 18),None,,
80c6dfd70be1439199d24f36f74138cd,1,Men,2,15,5
80c6dfd70be1439199d24f36f74138cd,1,Women,None,,
80c6dfd70be1439199d24f36f74138cd,1,Children (under 18),None,,
80ec687863d243c9a21bd64fc33f2ad9,1,Men,None,,
80ec687863d243c9a21bd64fc33f2ad9,1,Women,None,,
80ec687863d243c9a21bd64fc33f2ad9,1,Children (under 18),None,,
80ffbf691d6c4cadbe26024be4037245,1,Men,None,,
80ffbf691d6c4cadbe26024be4037245,1,Women,1,30,10
80ffbf691d6c4cadbe26024be4037245,1,Children (under 18),None,,
81d490e1206e4533a9e434736f6e32ec,1,Men,None,,
81d490e1206e4533a9e434736f6e32ec,1,Women,None,,
81d490e1206e4533a9e434736f6e32ec,1,Children (under 18),None,,
81d490e1206e4533a9e434736f6e32ec,2,Men,None,,
81d490e1206e4533a9e434736f6e32ec,2,Women,None,,
81d490e1206e4533a9e434736f6e32ec,2,Children (under 18),None,,
8211eb718cea4655a5f2f7530ee86210,1,Men,None,,
8211eb718cea4655a5f2f7530ee86210,1,Women,None,,
8211eb718cea4655a5f2f7530ee86210,1,Children (under 18),None,,
82aa192cb1e04c449d6187029f8cfdcc,1,Men,None,,
82aa192cb1e04c449d6187029f8cfdcc,1,Women,None,,
82aa192cb1e04c449d6187029f8cfdcc,1,Children (under 18),None,,
82d4f973853346cbb1cadb78991fb1aa,1,Men,None,,
82d4f973853346cbb1cadb78991fb1aa,1,Women,None,,
82d4f973853346cbb1cadb78991fb1aa,1,Children (under 18),None,,
831ba30b3c41408992e2859c563c262d,1,Men,None,,
831ba30b3c41408992e2859c563c262d,1,Women,None,,
831ba30b3c41408992e2859c563c262d,1,Children (under 18),None,,
83295c2567634641805460f9dc37ef84,1,Men,None,,
83295c2567634641805460f9dc37ef84,1,Women,None,,
83295c2567634641805460f9dc37ef84,1,Children (under 18),None,,
838989f8cdc041fe81a9ef9f772f11d3,1,Men,None,,
838989f8cdc041fe81a9ef9f772f11d3,1,Women,None,,
838989f8cdc041fe81a9ef9f772f11d3,1,Children (under 18),None,,
838989f8cdc041fe81a9ef9f772f11d3,2,Men,1,26,12
838989f8cdc041fe81a9ef9f772f11d3,2,Women,None,,
838989f8cdc041fe81a9ef9f772f11d3,2,Children (under 18),None,,
841aaab8305a42ae93341e22f2f76382,1,Men,None,,
841aaab8305a42ae93341e22f2f76382,1,Women,None,,
841aaab8305a42ae93341e22f2f76382,1,Children (under 18),None,,
841aaab8305a42ae93341e22f2f76382,2,Men,None,,
841aaab8305a42ae93341e22f2f76382,2,Women,None,,
841aaab8305a42ae93341e22f2f76382,2,Children (under 18),None,,
842dc9515dba4f37b2e1ec06b0d81788,1,Men,None,,
842dc9515dba4f37b2e1ec06b0d81788,1,Women,None,,
842dc9515dba4f37b2e1ec06b0d81788,1,Children (under 18),None,,
845cfe6a50004638aaec2829dd69a00a,1,Men,None,,
845cfe6a50004638aaec2829dd69a00a,1,Women,None,,
845cfe6a50004638aaec2829dd69a00a,1,Children (under 18),None,,
8468ea8e54f34f25b36424e9cc4261eb,1,Men,None,,
8468ea8e54f34f25b36424e9cc4261eb,1,Women,None,,
8468ea8e54f34f25b36424e9cc4261eb,1,Children (under 18),None,,
849150d3ab07421abdf7da84db538101,1,Men,None,,
849150d3ab07421abdf7da84db538101,1,Women,None,,
849150d3ab07421abdf7da84db538101,1,Children (under 18),None,,
851c3a896e8646db8cb11850ed78d9ba,1,Men,None,,
851c3a896e8646db8cb11850ed78d9ba,1,Women,None,,
851c3a896e8646db8cb11850ed78d9ba,1,Children (under 18),None,,
851cf9fb765c4d30b2cf36f8bb8938c4,1,Men,None,,
851cf9fb765c4d30b2cf36f8bb8938c4,1,Women,None,,
851cf9fb765c4d30b2cf36f8bb8938c4,1,Children (under 18),None,,
851cf9fb765c4d30b2cf36f8bb8938c4,2,Men,None,,
851cf9fb765c4d30b2cf36f8bb8938c4,2,Women,None,,
851cf9fb765c4d30b2cf36f8bb8938c4,2,Children (under 18),None,,
85f563bebcb5470eabf66259abe385ab,1,Men,None,,
85f563bebcb5470eabf66259abe385ab,1,Women,None,,
85f563bebcb5470eabf66259abe385ab,1,Children (under 18),None,,
8662ba61171b4ab2a2b1a11ae54dbf45,1,Men,None,,
8662ba61171b4ab2a2b1a11ae54dbf45,1,Women,None,,
8662ba61171b4ab2a2b1a11ae54dbf45,1,Children (under 18),None,,
8662ba61171b4ab2a2b1a11ae54dbf45,2,Men,None,,
8662ba61171b4ab2a2b1a11ae54dbf45,2,Women,None,,
8662ba61171b4ab2a2b1a11ae54dbf45,2,Children (under 18),None,,
86decb1304ef46028012b328308ec85f,1,Men,None,,
86decb1304ef46028012b328308ec85f,1,Women,None,,
86decb1304ef46028012b328308ec85f,1,Children (under 18),None,,
87254d690cf848d5aa3e9080d849bfe2,1,Men,None,,
87254d690cf848d5aa3e9080d849bfe2,1,Women,None,,
87254d690cf848d5aa3e9080d849bfe2,1,Children (under 18),None,,
8806ebf9170642d0999a221aaa88af2c,1,Men,None,,
8806ebf9170642d0999a221aaa88af2c,1,Women,None,,
8806ebf9170642d0999a221aaa88af2c,1,Children (under 18),None,,
895aa11322f64b2d95f316f45a1f859b,1,Men,None,,
895aa11322f64b2d95f316f45a1f859b,1,Women,None,,
895aa11322f64b2d95f316f45a1f859b,1,Children (under 18),None,,
89c49ce7fd644493bc99f1eeaaf45147,2,Men,None,,
89c49ce7fd644493bc99f1eeaaf45147,2,Women,None,,
89c49ce7fd644493bc99f1eeaaf45147,2,Children (under 18),None,,
89c95a141bf94d7fb4bfa00e990b263c,1,Men,None,,
89c95a141bf94d7fb4bfa00e990b263c,1,Women,None,,
89c95a141bf94d7fb4bfa00e990b263c,1,Children (under 18),None,,
8a019b130c0744ac9377c98aaa09bccf,1,Men,None,,
8a019b130c0744ac9377c98aaa09bccf,1,Women,None,,
8a019b130c0744ac9377c98aaa09bccf,1,Children (under 18),None,,
8a2232f5149a4a4bbfaa9b7fd1263f40,1,Men,None,,
8a2232f5149a4a4bbfaa9b7fd1263f40,1,Women,None,,
8a2232f5149a4a4bbfaa9b7fd1263f40,1,Children (under 18),None,,
8b44608e1abb45538b7295b8390b60ef,1,Men,None,,
8b44608e1abb45538b7295b8390b60ef,1,Women,1,10,6
8b44608e1abb45538b7295b8390b60ef,1,Children (under 18),1,5,2
8b829bcd88c94411ad2a0ae2da66e5b9,1,Men,None,,
8b829bcd88c94411ad2a0ae2da66e5b9,1,Women,None,,
8b829bcd88c94411ad2a0ae2da66e5b9,1,Children (under 18),None,,
8b9e7df7d7a34f879efcc73b5703c75d,2,Men,None,,
8b9e7df7d7a34f879efcc73b5703c75d,2,Women,None,,
8b9e7df7d7a34f879efcc73b5703c75d,2,Children (under 18),None,,
8c32797d53ee40d6bfffa0884ca299fe,1,Men,None,,
8c32797d53ee40d6bfffa0884ca299fe,1,Women,None,,
8c32797d53ee40d6bfffa0884ca299fe,1,Children (under 18),None,,
8ca561f63c6441adb4a964d89f991004,1,Men,4,28,5
8ca561f63c6441adb4a964d89f991004,1,Women,None,,
8ca561f63c6441adb4a964d89f991004,1,Children (under 18),None,,
8d29e1ae6f9b4b279e4529cb1d703f1b,1,Men,None,,
8d29e1ae6f9b4b279e4529cb1d703f1b,1,Women,None,,
8d29e1ae6f9b4b279e4529cb1d703f1b,1,Children (under 18),None,,
8d8050880caf450f96d0e9bd75c01a62,1,Men,None,,
8d8050880caf450f96d0e9bd75c01a62,1,Women,None,,
8d8050880caf450f96d0e9bd75c01a62,1,Children (under 18),None,,
8d8050880caf450f96d0e9bd75c01a62,2,Men,None,,
8d8050880caf450f96d0e9bd75c01a62,2,Women,None,,
8d8050880caf450f96d0e9bd75c01a62,2,Children (under 18),None,,
8d961911f7bf4e5bbb54a665634edbdd,1,Men,None,,
8d961911f7bf4e5bbb54a665634edbdd,1,Women,None,,
8d961911f7bf4e5bbb54a665634edbdd,1,Children (under 18),None,,
8fb307eda9aa445084766c2361155e64,1,Men,None,,
8fb307eda9aa445084766c2361155e64,1,Women,None,,
8fb307eda9aa445084766c2361155e64,1,Children (under 18),None,,
8fce77e56d6041da8367cf8f8392acba,1,Men,None,,
8fce77e56d6041da8367cf8f8392acba,1,Women,None,,
8fce77e56d6041da8367cf8f8392acba,1,Children (under 18),None,,
90888213d8e540ceb99c3e8934ed7149,1,Men,None,,
90888213d8e540ceb99c3e8934ed7149,1,Women,None,,
90888213d8e540ceb99c3e8934ed7149,1,Children (under 18),None,,
908b3ab17b3845e198a7dab25a4734fc,1,Men,None,,
908b3ab17b3845e198a7dab25a4734fc,1,Women,None,,
908b3ab17b3845e198a7dab25a4734fc,1,Children (under 18),None,,
90b8354874a146a99405fd4b3875a293,1,Men,None,,
90b8354874a146a99405fd4b3875a293,1,Women,None,,
90b8354874a146a99405fd4b3875a293,1,Children (under 18),None,,
91111eb2556d4bb6a5646c7bf8ae5d07,1,Men,None,,
91111eb2556d4bb6a5646c7bf8ae5d07,1,Women,None,,
91111eb2556d4bb6a5646c7bf8ae5d07,1,Children (under 18),None,,
91111eb2556d4bb6a5646c7bf8ae5d07,2,Men,None,,
91111eb2556d4bb6a5646c7bf8ae5d07,2,Women,None,,
91111eb2556d4bb6a5646c7bf8ae5d07,2,Children (under 18),None,,
915b36c2dac34352a5767c0681a63206,1,Men,None,,
915b36c2dac34352a5767c0681a63206,1,Women,None,,
915b36c2dac34352a5767c0681a63206,1,Children (under 18),None,,
91f257ea90ae4410b8421bf4ebb66201,1,Men,None,,
91f257ea90ae4410b8421bf4ebb66201,1,Women,None,,
91f257ea90ae4410b8421bf4ebb66201,1,Children (under 18),None,,
91f257ea90ae4410b8421bf4ebb66201,2,Men,None,,
91f257ea90ae4410b8421bf4ebb66201,2,Women,None,,
91f257ea90ae4410b8421bf4ebb66201,2,Children (under 18),None,,
926b83d4e336439a8b38823abd43367d,1,Men,1,30,12
926b83d4e336439a8b38823abd43367d,1,Women,None,,
926b83d4e336439a8b38823abd43367d,1,Children (under 18),None,,
92de5fcb542c4249b49e78d5b4cf98a7,1,Men,None,,
92de5fcb542c4249b49e78d5b4cf98a7,1,Women,None,,
92de5fcb542c4249b49e78d5b4cf98a7,1,Children (under 18),None,,
92fdc4a0114a434eb7a57c56316d4a66,1,Men,2,30,8
92fdc4a0114a434eb7a57c56316d4a66,1,Women,None,,
92fdc4a0114a434eb7a57c56316d4a66,1,Children (under 18),None,,
9405bdbaf5e4450191342ac6066c21a0,1,Men,None,,
9405bdbaf5e4450191342ac6066c21a0,1,Women,None,,
9405bdbaf5e4450191342ac6066c21a0,1,Children (under 18),None,,
95490f9a751c426c88cd626b1e28322e,1,Men,None,,
95490f9a751c426c88cd626b1e28322e,1,Women,None,,
95490f9a751c426c88cd626b1e28322e,1,Children (under 18),None,,
956b7b68950b4a5784f0f72563a25660,1,Men,None,,
956b7b68950b4a5784f0f72563a25660,1,Women,None,,
956b7b68950b4a5784f0f72563a25660,1,Children (under 18),None,,
969cc10c06e5427cbc160e217ab13ba2,1,Men,None,,
969cc10c06e5427cbc160e217ab13ba2,1,Women,None,,
969cc10c06e5427cbc160e217ab13ba2,1,Children (under 18),None,,
9861080624fe4d78bff8b9b5f616a83e,1,Men,None,,
9861080624fe4d78bff8b9b5f616a83e,1,Women,None,,
9861080624fe4d78bff8b9b5f616a83e,1,Children (under 18),None,,
98745cc13ace4e1c93697d3c5819799f,1,Men,5,20,9
98745cc13ace4e1c93697d3c5819799f,1,Women,None,,
98745cc13ace4e1c93697d3c5819799f,1,Children (under 18),None,,
989481be42ab44e2883515e4eccc79ea,1,Men,4,30,8
989481be42ab44e2883515e4eccc79ea,1,Women,None,,
989481be42ab44e2883515e4eccc79ea,1,Children (under 18),None,,
996291f5d3e74b539d1687d21ca8a960,1,Men,None,,
996291f5d3e74b539d1687d21ca8a960,1,Women,None,,
996291f5d3e74b539d1687d21ca8a960,1,Children (under 18),None,,
99e2a1e8553c4410996117573ffcdb4d,1,Men,None,,
99e2a1e8553c4410996117573ffcdb4d,1,Women,None,,
99e2a1e8553c4410996117573ffcdb4d,1,Children (under 18),None,,
9a2aab130b954f99abef8cf0c3de0bbd,1,Men,None,,
9a2aab130b954f99abef8cf0c3de0bbd,1,Women,None,,
9a2aab130b954f99abef8cf0c3de0bbd,1,Children (under 18),None,,
9a7ea5469903430b92ac496da242724b,1,Men,None,,
9a7ea5469903430b92ac496da242724b,1,Women,None,,
9a7ea5469903430b92ac496da242724b,1,Children (under 18),None,,
9a93392a88d844b78be511ecd70a7ba7,1,Men,None,,
9a93392a88d844b78be511ecd70a7ba7,1,Women,None,,
9a93392a88d844b78be511ecd70a7ba7,1,Children (under 18),None,,
9aa3e777dced40a185736e1aa06d0e30,1,Men,None,,
9aa3e777dced40a185736e1aa06d0e30,1,Women,None,,
9aa3e777dced40a185736e1aa06d0e30,1,Children (under 18),None,,
9ac14d29268b4792ae4967ee7902093c,1,Men,None,,
9ac14d29268b4792ae4967ee7902093c,1,Women,None,,
9ac14d29268b4792ae4967ee7902093c,1,Children (under 18),None,,
9adec440e93b42de8b72884d0da8bd21,1,Men,None,,
9adec440e93b42de8b72884d0da8bd21,1,Women,None,,
9adec440e93b42de8b72884d0da8bd21,1,Children (under 18),None,,
9b2bf80861af4cd699d785ed56ddc297,1,Men,None,,
9b2bf80861af4cd699d785ed56ddc297,1,Women,None,,
9b2bf80861af4cd699d785ed56ddc297,1,Children (under 18),None,,
9c21f58428d74a1bac989204588b1584,1,Men,None,,
9c21f58428d74a1bac989204588b1584,1,Women,None,,
9c21f58428d74a1bac989204588b1584,1,Children (under 18),None,,
9c21f58428d74a1bac989204588b1584,2,Men,None,,
9c21f58428d74a1bac989204588b1584,2,Women,None,,
9c21f58428d74a1bac989204588b1584,2,Children (under 18),None,,
9c5fe67c9a8342ecb95c8c3ef1efa574,1,Men,None,,
9c5fe67c9a8342ecb95c8c3ef1efa574,1,Women,None,,
9c5fe67c9a8342ecb95c8c3ef1efa574,1,Children (under 18),None,,
9c7489b8e17d48c282cb1a0fbfbe55c8,1,Men,None,,
9c7489b8e17d48c282cb1a0fbfbe55c8,1,Women,None,,
9c7489b8e17d48c282cb1a0fbfbe55c8,1,Children (under 18),None,,
9c7489b8e17d48c282cb1a0fbfbe55c8,2,Men,None,,
9c7489b8e17d48c282cb1a0fbfbe55c8,2,Women,None,,
9c7489b8e17d48c282cb1a0fbfbe55c8,2,Children (under 18),None,,
9cdf9f2338344809bab38779f4d7c299,1,Men,None,,
9cdf9f2338344809bab38779f4d7c299,1,Women,None,,
9cdf9f2338344809bab38779f4d7c299,1,Children (under 18),None,,
9d0bc37ea2b34237945ac4537d3f6c9e,1,Men,None,,
9d0bc37ea2b34237945ac4537d3f6c9e,1,Women,None,,
9d0bc37ea2b34237945ac4537d3f6c9e,1,Children (under 18),None,,
9d696a45074143db875a6c53e1dd58a4,1,Men,None,,
9d696a45074143db875a6c53e1dd58a4,1,Women,None,,
9d696a45074143db875a6c53e1dd58a4,1,Children (under 18),None,,
9d696a45074143db875a6c53e1dd58a4,2,Men,None,,
9d696a45074143db875a6c53e1dd58a4,2,Women,None,,
9d696a45074143db875a6c53e1dd58a4,2,Children (under 18),None,,
9da62bf1b9784be386fc66180db353ac,1,Men,None,,
9da62bf1b9784be386fc66180db353ac,1,Women,None,,
9da62bf1b9784be386fc66180db353ac,1,Children (under 18),None,,
9e4088c4a2c44693a02e41bc33b91a79,1,Men,None,,
9e4088c4a2c44693a02e41bc33b91a79,1,Women,None,,
9e4088c4a2c44693a02e41bc33b91a79,1,Children (under 18),None,,
9e4dedb9219042a4895908f2bff671c8,1,Men,None,,
9e4dedb9219042a4895908f2bff671c8,1,Women,None,,
9e4dedb9219042a4895908f2bff671c8,1,Children (under 18),None,,
9e56953d4e2f4c5d8ee5ad24f5859d49,1,Men,1,30,8
9e56953d4e2f4c5d8ee5ad24f5859d49,1,Women,None,,
9e56953d4e2f4c5d8ee5ad24f5859d49,1,Children (under 18),None,,
9f1342d1484248afac3ceb2ec3f66f5b,1,Men,None,,
9f1342d1484248afac3ceb2ec3f66f5b,1,Women,None,,
9f1342d1484248afac3ceb2ec3f66f5b,1,Children (under 18),None,,
9fcce8d2352e410981c044401a57e6bb,1,Men,None,,
9fcce8d2352e410981c044401a57e6bb,1,Women,None,,
9fcce8d2352e410981c044401a57e6bb,1,Children (under 18),None,,
a020e84260c340fe8a13d9225dc03d78,1,Men,None,,
a020e84260c340fe8a13d9225dc03d78,1,Women,None,,
a020e84260c340fe8a13d9225dc03d78,1,Children (under 18),None,,
a03af57ea73c41cd9846d04a51e37eb9,1,Men,None,,
a03af57ea73c41cd9846d04a51e37eb9,1,Women,None,,
a03af57ea73c41cd9846d04a51e37eb9,1,Children (under 18),None,,
a03af57ea73c41cd9846d04a51e37eb9,2,Men,None,,
a03af57ea73c41cd9846d04a51e37eb9,2,Women,None,,
a03af57ea73c41cd9846d04a51e37eb9,2,Children (under 18),None,,
a093ac391f994a979ceb3f5a223f87b1,1,Men,None,,
a093ac391f994a979ceb3f5a223f87b1,1,Women,None,,
a093ac391f994a979ceb3f5a223f87b1,1,Children (under 18),None,,
a09a750ec02b4ff5bb8bf213dbf1c2f1,1,Men,None,,
a09a750ec02b4ff5bb8bf213dbf1c2f1,1,Women,None,,
a09a750ec02b4ff5bb8bf213dbf1c2f1,1,Children (under 18),None,,
a09a750ec02b4ff5bb8bf213dbf1c2f1,2,Men,None,,
a09a750ec02b4ff5bb8bf213dbf1c2f1,2,Women,None,,
a09a750ec02b4ff5bb8bf213dbf1c2f1,2,Children (under 18),None,,
a0c4eefb6c1f413f88dabcc08494a939,1,Men,None,,
a0c4eefb6c1f413f88dabcc08494a939,1,Women,None,,
a0c4eefb6c1f413f88dabcc08494a939,1,Children (under 18),None,,
a0e85d3a554a4a21a3c11019d4c606f4,1,Men,None,,
a0e85d3a554a4a21a3c11019d4c606f4,1,Women,None,,
a0e85d3a554a4a21a3c11019d4c606f4,1,Children (under 18),None,,
a16068a53e054313997c17d905908637,1,Men,None,,
a16068a53e054313997c17d905908637,1,Women,None,,
a16068a53e054313997c17d905908637,1,Children (under 18),None,,
a19f3bfd645d403eae9e35d578429201,1,Men,None,,
a19f3bfd645d403eae9e35d578429201,1,Women,None,,
a19f3bfd645d403eae9e35d578429201,1,Children (under 18),None,,
a20d9e869c8047b18adc61c8609110b9,1,Men,None,,
a20d9e869c8047b18adc61c8609110b9,1,Women,5,30,8
a20d9e869c8047b18adc61c8609110b9,1,Children (under 18),None,,
a2162567097643c786dd1e10715f34f2,1,Men,None,,
a2162567097643c786dd1e10715f34f2,1,Women,None,,
a2162567097643c786dd1e10715f34f2,1,Children (under 18),None,,
a22e099502a6447c98edfbfb64b2c3c3,2,Men,None,,
a22e099502a6447c98edfbfb64b2c3c3,2,Women,None,,
a22e099502a6447c98edfbfb64b2c3c3,2,Children (under 18),None,,
a23be96dd4b14a57827e46849f492359,1,Men,None,,
a23be96dd4b14a57827e46849f492359,1,Women,None,,
a23be96dd4b14a57827e46849f492359,1,Children (under 18),None,,
a26c7f577d6842dd9cd82c7093a80e2f,1,Men,None,,
a26c7f577d6842dd9cd82c7093a80e2f,1,Women,None,,
a26c7f577d6842dd9cd82c7093a80e2f,1,Children (under 18),None,,
a365f78267e24936886984f6a9ab6f23,1,Men,None,,
a365f78267e24936886984f6a9ab6f23,1,Women,None,,
a365f78267e24936886984f6a9ab6f23,1,Children (under 18),None,,
a3a53492146644b5870d6966616c306d,1,Men,None,,
a3a53492146644b5870d6966616c306d,1,Women,None,,
a3a53492146644b5870d6966616c306d,1,Children (under 18),None,,
a3fc2b5b1bb24071a4532b56f154a836,1,Men,None,,
a3fc2b5b1bb24071a4532b56f154a836,1,Women,None,,
a3fc2b5b1bb24071a4532b56f154a836,1,Children (under 18),None,,
a4348754186848b2bee431fbb6991e5b,1,Men,None,,
a4348754186848b2bee431fbb6991e5b,1,Women,None,,
a4348754186848b2bee431fbb6991e5b,1,Children (under 18),None,,
a46e25c8dfcf4255a3ccf203deb8b42b,2,Men,None,,
a46e25c8dfcf4255a3ccf203deb8b42b,2,Women,None,,
a46e25c8dfcf4255a3ccf203deb8b42b,2,Children (under 18),None,,
a46e25c8dfcf4255a3ccf203deb8b42b,3,Men,None,,
a46e25c8dfcf4255a3ccf203deb8b42b,3,Women,None,,
a46e25c8dfcf4255a3ccf203deb8b42b,3,Children (under 18),None,,
a48b52c006b34a0ba973615d5febedf9,1,Men,None,,
a48b52c006b34a0ba973615d5febedf9,1,Women,None,,
a48b52c006b34a0ba973615d5febedf9,1,Children (under 18),None,,
a4c20c51a3d24e3e9d91e0e398e83686,1,Men,None,,
a4c20c51a3d24e3e9d91e0e398e83686,1,Women,None,,
a4c20c51a3d24e3e9d91e0e398e83686,1,Children (under 18),None,,
a4c86d0d3bc74830b73ffc3f6a58028e,1,Men,None,,
a4c86d0d3bc74830b73ffc3f6a58028e,1,Women,None,,
a4c86d0d3bc74830b73ffc3f6a58028e,1,Children (under 18),None,,
a51eaf7a93ce47cda631b0f037ff3c8a,1,Men,None,,
a51eaf7a93ce47cda631b0f037ff3c8a,1,Women,None,,
a51eaf7a93ce47cda631b0f037ff3c8a,1,Children (under 18),None,,
a599a7a43f9c41d3b4021d7a72e8bff1,1,Men,None,,
a599a7a43f9c41d3b4021d7a72e8bff1,1,Women,None,,
a599a7a43f9c41d3b4021d7a72e8bff1,1,Children (under 18),None,,
a599a7a43f9c41d3b4021d7a72e8bff1,2,Men,None,,
a599a7a43f9c41d3b4021d7a72e8bff1,2,Women,None,,
a599a7a43f9c41d3b4021d7a72e8bff1,2,Children (under 18),None,,
a622f759b49547dc80a2d67b8f32fd81,1,Men,None,,
a622f759b49547dc80a2d67b8f32fd81,1,Women,None,,
a622f759b49547dc80a2d67b8f32fd81,1,Children (under 18),None,,
a7192e29c54644e498b4271bc8b5dbd4,1,Men,None,,
a7192e29c54644e498b4271bc8b5dbd4,1,Women,None,,
a7192e29c54644e498b4271bc8b5dbd4,1,Children (under 18),None,,
a74ad74813904ef38ae5dbbf22849734,1,Men,None,,
a74ad74813904ef38ae5dbbf22849734,1,Women,None,,
a74ad74813904ef38ae5dbbf22849734,1,Children (under 18),None,,
a775dc5edf53494b80d2cff45546a79b,1,Men,None,,
a775dc5edf53494b80d2cff45546a79b,1,Women,None,,
a775dc5edf53494b80d2cff45546a79b,1,Children (under 18),None,,
a775dc5edf53494b80d2cff45546a79b,2,Men,None,,
a775dc5edf53494b80d2cff45546a79b,2,Women,None,,
a775dc5edf53494b80d2cff45546a79b,2,Children (under 18),None,,
a823078ed00d4f2186bcb03a060098c0,1,Men,None,,
a823078ed00d4f2186bcb03a060098c0,1,Women,None,,
a823078ed00d4f2186bcb03a060098c0,1,Children (under 18),None,,
a85bda826425478eb4db02bb458319c6,1,Men,None,,
a85bda826425478eb4db02bb458319c6,1,Women,None,,
a85bda826425478eb4db02bb458319c6,1,Children (under 18),None,,
a8605cdabf8246848c8386e93c4397d6,1,Men,None,,
a8605cdabf8246848c8386e93c4397d6,1,Women,None,,
a8605cdabf8246848c8386e93c4397d6,1,Children (under 18),None,,
a8bb0d2616e446609ea494b91f82cccd,1,Men,None,,
a8bb0d2616e446609ea494b91f82cccd,1,Women,None,,
a8bb0d2616e446609ea494b91f82cccd,1,Children (under 18),None,,
a8f7c4e53b0a46109dd38bc77acc7b3f,1,Men,None,,
a8f7c4e53b0a46109dd38bc77acc7b3f,1,Women,None,,
a8f7c4e53b0a46109dd38bc77acc7b3f,1,Children (under 18),None,,
a9312d994e3346efa945294b907cf6b0,1,Men,None,,
a9312d994e3346efa945294b907cf6b0,1,Women,None,,
a9312d994e3346efa945294b907cf6b0,1,Children (under 18),None,,
a9312d994e3346efa945294b907cf6b0,2,Men,None,,
a9312d994e3346efa945294b907cf6b0,2,Women,None,,
a9312d994e3346efa945294b907cf6b0,2,Children (under 18),None,,
a9483ab4c55a4e6bab0b1f8e77e17eea,1,Men,None,,
a9483ab4c55a4e6bab0b1f8e77e17eea,1,Women,None,,
a9483ab4c55a4e6bab0b1f8e77e17eea,1,Children (under 18),None,,
a9483ab4c55a4e6bab0b1f8e77e17eea,2,Men,None,,
a9483ab4c55a4e6bab0b1f8e77e17eea,2,Women,None,,
a9483ab4c55a4e6bab0b1f8e77e17eea,2,Children (under 18),None,,
a9b56673eb8746a5831cf7eb10a28079,1,Men,None,,
a9b56673eb8746a5831cf7eb10a28079,1,Women,None,,
a9b56673eb8746a5831cf7eb10a28079,1,Children (under 18),None,,
a9cef2febb21477e9e10e5693732e1ea,1,Men,None,,
a9cef2febb21477e9e10e5693732e1ea,1,Women,None,,
a9cef2febb21477e9e10e5693732e1ea,1,Children (under 18),None,,
a9fd07090eeb4e31af1c173fdeaf4138,1,Men,None,,
a9fd07090eeb4e31af1c173fdeaf4138,1,Women,None,,
a9fd07090eeb4e31af1c173fdeaf4138,1,Children (under 18),None,,
a9fd07090eeb4e31af1c173fdeaf4138,2,Men,None,,
a9fd07090eeb4e31af1c173fdeaf4138,2,Women,None,,
a9fd07090eeb4e31af1c173fdeaf4138,2,Children (under 18),None,,
aa4521a79b194aaabfc6b1acbf6028cd,1,Men,None,,
aa4521a79b194aaabfc6b1acbf6028cd,1,Women,None,,
aa4521a79b194aaabfc6b1acbf6028cd,1,Children (under 18),None,,
aa8e4f5d157f4de18031e8e18289a6c0,1,Men,None,,
aa8e4f5d157f4de18031e8e18289a6c0,1,Women,None,,
aa8e4f5d157f4de18031e8e18289a6c0,1,Children (under 18),None,,
aae3817591b946a9bc7a75c398ae58e8,1,Men,None,,
aae3817591b946a9bc7a75c398ae58e8,1,Women,1,30,10
aae3817591b946a9bc7a75c398ae58e8,1,Children (under 18),None,,
aae3817591b946a9bc7a75c398ae58e8,2,Men,None,,
aae3817591b946a9bc7a75c398ae58e8,2,Women,None,,
aae3817591b946a9bc7a75c398ae58e8,2,Children (under 18),None,,
aae3817591b946a9bc7a75c398ae58e8,3,Men,None,,
aae3817591b946a9bc7a75c398ae58e8,3,Women,None,,
aae3817591b946a9bc7a75c398ae58e8,3,Children (under 18),None,,
ab1b2a3289294270b09a2cdbf1e99c72,1,Men,None,,
ab1b2a3289294270b09a2cdbf1e99c72,1,Women,2,30,10
ab1b2a3289294270b09a2cdbf1e99c72,1,Children (under 18),None,,
ac0706079f1e4904a1be885fba6d13b9,1,Men,None,,
ac0706079f1e4904a1be885fba6d13b9,1,Women,None,,
ac0706079f1e4904a1be885fba6d13b9,1,Children (under 18),None,,
ac0706079f1e4904a1be885fba6d13b9,2,Men,None,,
ac0706079f1e4904a1be885fba6d13b9,2,Women,None,,
ac0706079f1e4904a1be885fba6d13b9,2,Children (under 18),None,,
ac2fd538a58d4d72b14790670a2cc50c,1,Men,None,,
ac2fd538a58d4d72b14790670a2cc50c,1,Women,None,,
ac2fd538a58d4d72b14790670a2cc50c,1,Children (under 18),None,,
ac56f08e59ce4b789928f2077025a262,1,Men,None,,
ac56f08e59ce4b789928f2077025a262,1,Women,None,,
ac56f08e59ce4b789928f2077025a262,1,Children (under 18),None,,
ac7fde0a6b794fdcbf79b6f3c5ad05f5,1,Men,None,,
ac7fde0a6b794fdcbf79b6f3c5ad05f5,1,Women,None,,
ac7fde0a6b794fdcbf79b6f3c5ad05f5,1,Children (under 18),None,,
accc60448de94dc494dade2782ae2ddd,1,Men,None,,
accc60448de94dc494dade2782ae2ddd,1,Women,None,,
accc60448de94dc494dade2782ae2ddd,1,Children (under 18),None,,
ad0297a2ba1048a7bce28e26869481ef,1,Men,None,,
ad0297a2ba1048a7bce28e26869481ef,1,Women,None,,
ad0297a2ba1048a7bce28e26869481ef,1,Children (under 18),None,,
ad28ecff6fd7472eaa9faff11f7059fc,1,Men,None,,
ad28ecff6fd7472eaa9faff11f7059fc,1,Women,None,,
ad28ecff6fd7472eaa9faff11f7059fc,1,Children (under 18),None,,
ad2b69b7685a4d198b89f4a6565e6047,1,Men,None,,
ad2b69b7685a4d198b89f4a6565e6047,1,Women,None,,
ad2b69b7685a4d198b89f4a6565e6047,1,Children (under 18),None,,
ad2b69b7685a4d198b89f4a6565e6047,2,Men,None,,
ad2b69b7685a4d198b89f4a6565e6047,2,Women,None,,
ad2b69b7685a4d198b89f4a6565e6047,2,Children (under 18),None,,
ad39100c329f42159f2abd656f2ff6b1,1,Men,None,,
ad39100c329f42159f2abd656f2ff6b1,1,Women,None,,
ad39100c329f42159f2abd656f2ff6b1,1,Children (under 18),None,,
ad47cf9072e24c6190abb8305436e62b,1,Men,None,,
ad47cf9072e24c6190abb8305436e62b,1,Women,None,,
ad47cf9072e24c6190abb8305436e62b,1,Children (under 18),None,,
ad89be265c1943c992f76a2e3354cf4e,1,Men,None,,
ad89be265c1943c992f76a2e3354cf4e,1,Women,None,,
ad89be265c1943c992f76a2e3354cf4e,1,Children (under 18),None,,
adc4ab07cb8349b98e5ace1c2f62392b,1,Men,None,,
adc4ab07cb8349b98e5ace1c2f62392b,1,Women,None,,
adc4ab07cb8349b98e5ace1c2f62392b,1,Children (under 18),None,,
af633687b35d41c7a49562f6af5c8390,1,Men,3,3,6
af633687b35d41c7a49562f6af5c8390,1,Women,None,,
af633687b35d41c7a49562f6af5c8390,1,Children (under 18),None,,
af633687b35d41c7a49562f6af5c8390,2,Men,None,,
af633687b35d41c7a49562f6af5c8390,2,Women,None,,
af633687b35d41c7a49562f6af5c8390,2,Children (under 18),None,,
afd98a38d82e463e99eb311d5df74227,1,Men,None,,
afd98a38d82e463e99eb311d5df74227,1,Women,None,,
afd98a38d82e463e99eb311d5df74227,1,Children (under 18),None,,
afd98a38d82e463e99eb311d5df74227,2,Men,None,,
afd98a38d82e463e99eb311d5df74227,2,Women,None,,
afd98a38d82e463e99eb311d5df74227,2,Children (under 18),None,,
b014e203b05e407787bbfade36413ab3,1,Men,None,,
b014e203b05e407787bbfade36413ab3,1,Women,None,,
b014e203b05e407787bbfade36413ab3,1,Children (under 18),None,,
b014e203b05e407787bbfade36413ab3,2,Men,None,,
b014e203b05e407787bbfade36413ab3,2,Women,None,,
b014e203b05e407787bbfade36413ab3,2,Children (under 18),None,,
b0b439c0a0e74047b2c38c4570c5fbf2,1,Men,None,,
b0b439c0a0e74047b2c38c4570c5fbf2,1,Women,None,,
b0b439c0a0e74047b2c38c4570c5fbf2,1,Children (under 18),None,,
b0fee0e1ac6a47a18c2618bbce483a47,1,Men,None,,
b0fee0e1ac6a47a18c2618bbce483a47,1,Women,None,,
b0fee0e1ac6a47a18c2618bbce483a47,1,Children (under 18),None,,
b233ada70ac04891ade8923d12c73e99,1,Men,None,,
b233ada70ac04891ade8923d12c73e99,1,Women,None,,
b233ada70ac04891ade8923d12c73e99,1,Children (under 18),None,,
b2ce0b91fbb04bb2aeadef4e4ab2046e,1,Men,None,,
b2ce0b91fbb04bb2aeadef4e4ab2046e,1,Women,None,,
b2ce0b91fbb04bb2aeadef4e4ab2046e,1,Children (under 18),None,,
b2ce0b91fbb04bb2aeadef4e4ab2046e,2,Men,None,,
b2ce0b91fbb04bb2aeadef4e4ab2046e,2,Women,None,,
b2ce0b91fbb04bb2aeadef4e4ab2046e,2,Children (under 18),None,,
b33b86776c244149b84430862be1393b,1,Men,None,,
b33b86776c244149b84430862be1393b,1,Women,None,,
b33b86776c244149b84430862be1393b,1,Children (under 18),None,,
b37ae5a3a57847c2ae5673f849f2ff3d,1,Men,None,,
b37ae5a3a57847c2ae5673f849f2ff3d,1,Women,None,,
b37ae5a3a57847c2ae5673f849f2ff3d,1,Children (under 18),None,,
b389cdd76cb54b74b466ac42ef71aa79,1,Men,None,,
b389cdd76cb54b74b466ac42ef71aa79,1,Women,None,,
b389cdd76cb54b74b466ac42ef71aa79,1,Children (under 18),None,,
b3e63089a05046809b0f06a2383e1d4f,1,Men,None,,
b3e63089a05046809b0f06a2383e1d4f,1,Women,None,,
b3e63089a05046809b0f06a2383e1d4f,1,Children (under 18),None,,
b415ca2b6f9b4796a3cc995a321f1aa9,1,Men,None,,
b415ca2b6f9b4796a3cc995a321f1aa9,1,Women,None,,
b415ca2b6f9b4796a3cc995a321f1aa9,1,Children (under 18),None,,
b4570780fdc64ba7902aaa89b6c6a3a5,1,Men,2,30,12
b4570780fdc64ba7902aaa89b6c6a3a5,1,Women,None,,
b4570780fdc64ba7902aaa89b6c6a3a5,1,Children (under 18),None,,
b4d47e0d50f740728287d5265e0425fb,1,Men,None,,
b4d47e0d50f740728287d5265e0425fb,1,Women,None,,
b4d47e0d50f740728287d5265e0425fb,1,Children (under 18),None,,
b4ee0acac8ce42e1b163daac7e922af6,1,Men,None,,
b4ee0acac8ce42e1b163daac7e922af6,1,Women,None,,
b4ee0acac8ce42e1b163daac7e922af6,1,Children (under 18),None,,
b52ce2d842374dbf9bede0e2e10b8294,1,Men,None,,
b52ce2d842374dbf9bede0e2e10b8294,1,Women,None,,
b52ce2d842374dbf9bede0e2e10b8294,1,Children (under 18),None,,
b52ce2d842374dbf9bede0e2e10b8294,2,Men,None,,
b52ce2d842374dbf9bede0e2e10b8294,2,Women,None,,
b52ce2d842374dbf9bede0e2e10b8294,2,Children (under 18),None,,
b641789d4f8a419588c4528b52a80741,1,Men,None,,
b641789d4f8a419588c4528b52a80741,1,Women,None,,
b641789d4f8a419588c4528b52a80741,1,Children (under 18),None,,
b64599cbff394adda7093b130ca2accb,1,Men,None,,
b64599cbff394adda7093b130ca2accb,1,Women,None,,
b64599cbff394adda7093b130ca2accb,1,Children (under 18),None,,
b6c1cffdcde645adad07bd44c5d52e4c,1,Men,None,,
b6c1cffdcde645adad07bd44c5d52e4c,1,Women,None,,
b6c1cffdcde645adad07bd44c5d52e4c,1,Children (under 18),None,,
b79cac85459e4f7a932a8ce35c1034c3,1,Men,None,,
b79cac85459e4f7a932a8ce35c1034c3,1,Women,None,,
b79cac85459e4f7a932a8ce35c1034c3,1,Children (under 18),None,,
b7e70e7559df405984ed0a093ceb2dae,1,Men,None,,
b7e70e7559df405984ed0a093ceb2dae,1,Women,None,,
b7e70e7559df405984ed0a093ceb2dae,1,Children (under 18),None,,
b898039edf024d3a906c54339eb342fc,1,Men,None,,
b898039edf024d3a906c54339eb342fc,1,Women,None,,
b898039edf024d3a906c54339eb342fc,1,Children (under 18),None,,
b979b25107b14cb4bb40b5a66fa822c9,1,Men,None,,
b979b25107b14cb4bb40b5a66fa822c9,1,Women,None,,
b979b25107b14cb4bb40b5a66fa822c9,1,Children (under 18),None,,
bae297090c9b4b98aa6ed7b3a42f6c1b,1,Men,None,,
bae297090c9b4b98aa6ed7b3a42f6c1b,1,Women,1,20,12
bae297090c9b4b98aa6ed7b3a42f6c1b,1,Children (under 18),None,,
bae297090c9b4b98aa6ed7b3a42f6c1b,2,Men,None,,
bae297090c9b4b98aa6ed7b3a42f6c1b,2,Women,None,,
bae297090c9b4b98aa6ed7b3a42f6c1b,2,Children (under 18),None,,
baf60774857d40908ef927127557df26,1,Men,None,,
baf60774857d40908ef927127557df26,1,Women,None,,
baf60774857d40908ef927127557df26,1,Children (under 18),None,,
baf60774857d40908ef927127557df26,2,Men,None,,
baf60774857d40908ef927127557df26,2,Women,None,,
baf60774857d40908ef927127557df26,2,Children (under 18),None,,
bbffcc82021e45f8a0d24792d26435c0,1,Men,None,,
bbffcc82021e45f8a0d24792d26435c0,1,Women,None,,
bbffcc82021e45f8a0d24792d26435c0,1,Children (under 18),None,,
bbffcc82021e45f8a0d24792d26435c0,2,Men,None,,
bbffcc82021e45f8a0d24792d26435c0,2,Women,None,,
bbffcc82021e45f8a0d24792d26435c0,2,Children (under 18),None,,
bca183fdcfd5476e85acc955db5316d2,1,Men,None,,
bca183fdcfd5476e85acc955db5316d2,1,Women,None,,
bca183fdcfd5476e85acc955db5316d2,1,Children (under 18),None,,
bca4ce877e574c1794a04c05f041ee91,1,Men,None,,
bca4ce877e574c1794a04c05f041ee91,1,Women,None,,
bca4ce877e574c1794a04c05f041ee91,1,Children (under 18),None,,
bcf77360c5bd45faa60a3f44633cab07,1,Men,None,,
bcf77360c5bd45faa60a3f44633cab07,1,Women,None,,
bcf77360c5bd45faa60a3f44633cab07,1,Children (under 18),None,,
bcfa77b6e9594538a93e70824438a75b,1,Men,None,,
bcfa77b6e9594538a93e70824438a75b,1,Women,None,,
bcfa77b6e9594538a93e70824438a75b,1,Children (under 18),None,,
bd4344cf5d494c918b0b71c23b78658b,1,Men,None,,
bd4344cf5d494c918b0b71c23b78658b,1,Women,None,,
bd4344cf5d494c918b0b71c23b78658b,1,Children (under 18),None,,
be131f4adf13480bbe3304777b3c94ba,1,Men,None,,
be131f4adf13480bbe3304777b3c94ba,1,Women,None,,
be131f4adf13480bbe3304777b3c94ba,1,Children (under 18),None,,
bef446f4760041b3b6c4b4775cb529a3,1,Men,None,,
bef446f4760041b3b6c4b4775cb529a3,1,Women,1,30,8
bef446f4760041b3b6c4b4775cb529a3,1,Children (under 18),None,,
bfdc838ff5914d6481967337488bf954,1,Men,None,,
bfdc838ff5914d6481967337488bf954,1,Women,None,,
bfdc838ff5914d6481967337488bf954,1,Children (under 18),None,,
c020f33c55ff4debbf15e294748c29e7,1,Men,None,,
c020f33c55ff4debbf15e294748c29e7,1,Women,None,,
c020f33c55ff4debbf15e294748c29e7,1,Children (under 18),None,,
c020f33c55ff4debbf15e294748c29e7,2,Men,None,,
c020f33c55ff4debbf15e294748c29e7,2,Women,None,,
c020f33c55ff4debbf15e294748c29e7,2,Children (under 18),None,,
c047bfe8aa534304bf3922405ed5492d,1,Men,None,,
c047bfe8aa534304bf3922405ed5492d,1,Women,1,30,8
c047bfe8aa534304bf3922405ed5492d,1,Children (under 18),None,,
c1fa2b53e807453a8e92b959fe340022,1,Men,None,,
c1fa2b53e807453a8e92b959fe340022,1,Women,None,,
c1fa2b53e807453a8e92b959fe340022,1,Children (under 18),None,,
c21d0418f1c445edac5d6dff9b70e8c4,1,Men,None,,
c21d0418f1c445edac5d6dff9b70e8c4,1,Women,None,,
c21d0418f1c445edac5d6dff9b70e8c4,1,Children (under 18),None,,
c265460306e04011b2ebb0683178b08d,1,Men,None,,
c265460306e04011b2ebb0683178b08d,1,Women,None,,
c265460306e04011b2ebb0683178b08d,1,Children (under 18),None,,
c265460306e04011b2ebb0683178b08d,2,Men,None,,
c265460306e04011b2ebb0683178b08d,2,Women,None,,
c265460306e04011b2ebb0683178b08d,2,Children (under 18),None,,
c265460306e04011b2ebb0683178b08d,3,Men,None,,
c265460306e04011b2ebb0683178b08d,3,Women,None,,
c265460306e04011b2ebb0683178b08d,3,Children (under 18),None,,
c454a39633274948b58a04fd6f68c4e3,1,Men,None,,
c454a39633274948b58a04fd6f68c4e3,1,Women,None,,
c454a39633274948b58a04fd6f68c4e3,1,Children (under 18),None,,
c454a39633274948b58a04fd6f68c4e3,2,Men,None,,
c454a39633274948b58a04fd6f68c4e3,2,Women,None,,
c454a39633274948b58a04fd6f68c4e3,2,Children (under 18),None,,
c61c0745766847e19ee62961585c211d,1,Men,None,,
c61c0745766847e19ee62961585c211d,1,Women,None,,
c61c0745766847e19ee62961585c211d,1,Children (under 18),None,,
c63d202c860c4641887b707b0f63b4d3,1,Men,None,,
c63d202c860c4641887b707b0f63b4d3,1,Women,None,,
c63d202c860c4641887b707b0f63b4d3,1,Children (under 18),None,,
c68bea19570a4cfea055f64bbb867279,1,Men,4,30,4
c68bea19570a4cfea055f64bbb867279,1,Women,None,,
c68bea19570a4cfea055f64bbb867279,1,Children (under 18),None,,
c6a879e8ce3e477abf7e3ffa51f8b3b2,1,Men,None,,
c6a879e8ce3e477abf7e3ffa51f8b3b2,1,Women,None,,
c6a879e8ce3e477abf7e3ffa51f8b3b2,1,Children (under 18),None,,
c7a36731bc384198b9a7dbf67fcbc882,1,Men,None,,
c7a36731bc384198b9a7dbf67fcbc882,1,Women,None,,
c7a36731bc384198b9a7dbf67fcbc882,1,Children (under 18),1,30,3
c7b3f75ac8d1478f82d563c57f22b8d4,1,Men,None,,
c7b3f75ac8d1478f82d563c57f22b8d4,1,Women,None,,
c7b3f75ac8d1478f82d563c57f22b8d4,1,Children (under 18),None,,
cb19c3bbc23e4ad5a1023d81a8c22115,1,Men,None,,
cb19c3bbc23e4ad5a1023d81a8c22115,1,Women,None,,
cb19c3bbc23e4ad5a1023d81a8c22115,1,Children (under 18),None,,
cb19c3bbc23e4ad5a1023d81a8c22115,2,Men,None,,
cb19c3bbc23e4ad5a1023d81a8c22115,2,Women,None,,
cb19c3bbc23e4ad5a1023d81a8c22115,2,Children (under 18),None,,
cb61270e6b87452a8e739ac0f06e0968,1,Men,3,22,2
cb61270e6b87452a8e739ac0f06e0968,1,Women,1,20,2
cb61270e6b87452a8e739ac0f06e0968,1,Children (under 18),1,20,2
cc65fc8f24484a6993920f0fa8204843,1,Men,None,,
cc65fc8f24484a6993920f0fa8204843,1,Women,None,,
cc65fc8f24484a6993920f0fa8204843,1,Children (under 18),None,,
cdd6d9cc65584e38aae5fedaefb9aed5,1,Men,None,,
cdd6d9cc65584e38aae5fedaefb9aed5,1,Women,None,,
cdd6d9cc65584e38aae5fedaefb9aed5,1,Children (under 18),None,,
ce420f8ac6624a7f829b5d553ddd5ec9,1,Men,1,12,16
ce420f8ac6624a7f829b5d553ddd5ec9,1,Women,3,12,16
ce420f8ac6624a7f829b5d553ddd5ec9,1,Children (under 18),None,,
ce420f8ac6624a7f829b5d553ddd5ec9,2,Men,7,7,12
ce420f8ac6624a7f829b5d553ddd5ec9,2,Women,15,15,12
ce420f8ac6624a7f829b5d553ddd5ec9,2,Children (under 18),None,,
ce7f7bbfb11e4c5caea3c72f41c78b7c,1,Men,3,20,7
ce7f7bbfb11e4c5caea3c72f41c78b7c,1,Women,None,,
ce7f7bbfb11e4c5caea3c72f41c78b7c,1,Children (under 18),None,,
ceede16ca080477eb8235c72d5b3f80f,1,Men,None,,
ceede16ca080477eb8235c72d5b3f80f,1,Women,None,,
ceede16ca080477eb8235c72d5b3f80f,1,Children (under 18),None,,
cfd2c8304b7442db9c5121ff820153d9,1,Men,None,,
cfd2c8304b7442db9c5121ff820153d9,1,Women,None,,
cfd2c8304b7442db9c5121ff820153d9,1,Children (under 18),None,,
d053704c287844e7948804af35fb5dca,1,Men,None,,
d053704c287844e7948804af35fb5dca,1,Women,None,,
d053704c287844e7948804af35fb5dca,1,Children (under 18),None,,
d14be41bb30741949e809f722507f189,1,Men,None,,
d14be41bb30741949e809f722507f189,1,Women,None,,
d14be41bb30741949e809f722507f189,1,Children (under 18),None,,
d1872266b9ce4aa3a0f53a8e25da645c,1,Men,None,,
d1872266b9ce4aa3a0f53a8e25da645c,1,Women,1,30,10
d1872266b9ce4aa3a0f53a8e25da645c,1,Children (under 18),None,,
d4cdf9bcd6454b45889dd42bc2efcd65,1,Men,None,,
d4cdf9bcd6454b45889dd42bc2efcd65,1,Women,None,,
d4cdf9bcd6454b45889dd42bc2efcd65,1,Children (under 18),None,,
d4d7b890e2124cef8664088aafdbad26,1,Men,None,,
d4d7b890e2124cef8664088aafdbad26,1,Women,None,,
d4d7b890e2124cef8664088aafdbad26,1,Children (under 18),None,,
d65ae1f064db426e906362263aeeec5b,1,Men,None,,
d65ae1f064db426e906362263aeeec5b,1,Women,None,,
d65ae1f064db426e906362263aeeec5b,1,Children (under 18),None,,
d71f1910dfe54c1cba7dd351238cc38c,1,Men,None,,
d71f1910dfe54c1cba7dd351238cc38c,1,Women,None,,
d71f1910dfe54c1cba7dd351238cc38c,1,Children (under 18),None,,
d74ed4e121ba4614b285cd5c01e8abfe,1,Men,None,,
d74ed4e121ba4614b285cd5c01e8abfe,1,Women,None,,
d74ed4e121ba4614b285cd5c01e8abfe,1,Children (under 18),None,,
d7c23c9f9cd3426d94d8a97c9015c257,1,Men,None,,
d7c23c9f9cd3426d94d8a97c9015c257,1,Women,None,,
d7c23c9f9cd3426d94d8a97c9015c257,1,Children (under 18),None,,
d7c23c9f9cd3426d94d8a97c9015c257,2,Men,None,,
d7c23c9f9cd3426d94d8a97c9015c257,2,Women,None,,
d7c23c9f9cd3426d94d8a97c9015c257,2,Children (under 18),None,,
d8355447f6034866baacc2703bbbac19,1,Men,None,,
d8355447f6034866baacc2703bbbac19,1,Women,None,,
d8355447f6034866baacc2703bbbac19,1,Children (under 18),None,,
d843a2d5d04b43e79e42d4e786d078fe,1,Men,2,12,7
d843a2d5d04b43e79e42d4e786d078fe,1,Women,3,12,7
d843a2d5d04b43e79e42d4e786d078fe,1,Children (under 18),None,,
d871f16ba5a24d70979009578bcd5020,1,Men,None,,
d871f16ba5a24d70979009578bcd5020,1,Women,None,,
d871f16ba5a24d70979009578bcd5020,1,Children (under 18),None,,
d98d5cee9a9441bf91bbb76e94fdb13c,1,Men,2,30,8
d98d5cee9a9441bf91bbb76e94fdb13c,1,Women,None,,
d98d5cee9a9441bf91bbb76e94fdb13c,1,Children (under 18),None,,
d9e29bccb3474476b74c9e8e662f510b,1,Men,3,30,10
d9e29bccb3474476b74c9e8e662f510b,1,Women,None,,
d9e29bccb3474476b74c9e8e662f510b,1,Children (under 18),None,,
da37035704534fd7821e2206af31bfca,1,Men,None,,
da37035704534fd7821e2206af31bfca,1,Women,None,,
da37035704534fd7821e2206af31bfca,1,Children (under 18),None,,
db0f8ff8e0424b02ba3deca5b40b0a42,1,Men,None,,
db0f8ff8e0424b02ba3deca5b40b0a42,1,Women,None,,
db0f8ff8e0424b02ba3deca5b40b0a42,1,Children (under 18),None,,
dbe119af3fde450bb83bc9161fcc13f3,1,Men,None,,
dbe119af3fde450bb83bc9161fcc13f3,1,Women,None,,
dbe119af3fde450bb83bc9161fcc13f3,1,Children (under 18),None,,
dc122fc707b0415e884c6862aa734935,1,Men,None,,
dc122fc707b0415e884c6862aa734935,1,Women,None,,
dc122fc707b0415e884c6862aa734935,1,Children (under 18),None,,
dc64b7fee3b6435583f5dc2c10b53365,1,Men,None,,
dc64b7fee3b6435583f5dc2c10b53365,1,Women,None,,
dc64b7fee3b6435583f5dc2c10b53365,1,Children (under 18),None,,
dc893ef1ed1d455ea76520d59efa9eea,1,Men,None,,
dc893ef1ed1d455ea76520d59efa9eea,1,Women,None,,
dc893ef1ed1d455ea76520d59efa9eea,1,Children (under 18),None,,
dd2f7a89ab0440e7ba44c6882e275c06,1,Men,None,,
dd2f7a89ab0440e7ba44c6882e275c06,1,Women,None,,
dd2f7a89ab0440e7ba44c6882e275c06,1,Children (under 18),None,,
ddb23ac9c2954e659f55363bd45d1ab8,1,Men,None,,
ddb23ac9c2954e659f55363bd45d1ab8,1,Women,None,,
ddb23ac9c2954e659f55363bd45d1ab8,1,Children (under 18),None,,
ddf7077337ce4a39ad045ac433460480,1,Men,None,,
ddf7077337ce4a39ad045ac433460480,1,Women,None,,
ddf7077337ce4a39ad045ac433460480,1,Children (under 18),None,,
ddf8fa191d464bbaaf20af0eb34926c7,1,Men,None,,
ddf8fa191d464bbaaf20af0eb34926c7,1,Women,None,,
ddf8fa191d464bbaaf20af0eb34926c7,1,Children (under 18),None,,
ddf8fa191d464bbaaf20af0eb34926c7,2,Men,None,,
ddf8fa191d464bbaaf20af0eb34926c7,2,Women,None,,
ddf8fa191d464bbaaf20af0eb34926c7,2,Children (under 18),None,,
ddfc86d10c724e1b963d3b4df73da7b1,1,Men,None,,
ddfc86d10c724e1b963d3b4df73da7b1,1,Women,None,,
ddfc86d10c724e1b963d3b4df73da7b1,1,Children (under 18),None,,
de6f0d8d4da346d58276561fd47814cd,1,Men,None,,
de6f0d8d4da346d58276561fd47814cd,1,Women,None,,
de6f0d8d4da346d58276561fd47814cd,1,Children (under 18),None,,
df65fffc80694015b21a5c4a21c1f7a0,1,Men,3,26,8
df65fffc80694015b21a5c4a21c1f7a0,1,Women,1,26,8
df65fffc80694015b21a5c4a21c1f7a0,1,Children (under 18),None,,
e0c2fb3e50f64faa8c8ffd04494aa64d,1,Men,None,,
e0c2fb3e50f64faa8c8ffd04494aa64d,1,Women,None,,
e0c2fb3e50f64faa8c8ffd04494aa64d,1,Children (under 18),None,,
e1799f1788784bc9bff30d3da5afcac9,1,Men,None,,
e1799f1788784bc9bff30d3da5afcac9,1,Women,None,,
e1799f1788784bc9bff30d3da5afcac9,1,Children (under 18),None,,
e1e91a06d8ff456899ae4740b9f45230,1,Men,1,5,4
e1e91a06d8ff456899ae4740b9f45230,1,Women,None,,
e1e91a06d8ff456899ae4740b9f45230,1,Children (under 18),None,,
e23493e482e44c1abcd9033566edac90,1,Men,None,,
e23493e482e44c1abcd9033566edac90,1,Women,None,,
e23493e482e44c1abcd9033566edac90,1,Children (under 18),None,,
e23493e482e44c1abcd9033566edac90,2,Men,None,,
e23493e482e44c1abcd9033566edac90,2,Women,None,,
e23493e482e44c1abcd9033566edac90,2,Children (under 18),None,,
e2a4b61a55fb45f4acdb678c13869a0b,1,Men,None,,
e2a4b61a55fb45f4acdb678c13869a0b,1,Women,None,,
e2a4b61a55fb45f4acdb678c13869a0b,1,Children (under 18),None,,
e2cf2162b99b485ea472dd3e9faf5044,1,Men,None,,
e2cf2162b99b485ea472dd3e9faf5044,1,Women,None,,
e2cf2162b99b485ea472dd3e9faf5044,1,Children (under 18),None,,
e2e79011744046fd8b3aa8c33029c2be,1,Men,None,,
e2e79011744046fd8b3aa8c33029c2be,1,Women,None,,
e2e79011744046fd8b3aa8c33029c2be,1,Children (under 18),None,,
e3642611870b4492aff95fcbccbe1c7c,1,Men,None,,
e3642611870b4492aff95fcbccbe1c7c,1,Women,None,,
e3642611870b4492aff95fcbccbe1c7c,1,Children (under 18),None,,
e3ca70f7bfd542069ba32c45af7ff37c,1,Men,3,28,12
e3ca70f7bfd542069ba32c45af7ff37c,1,Women,None,,
e3ca70f7bfd542069ba32c45af7ff37c,1,Children (under 18),None,,
e3e2aef0c7eb493a90fd1eaa209d7f92,1,Men,None,,
e3e2aef0c7eb493a90fd1eaa209d7f92,1,Women,None,,
e3e2aef0c7eb493a90fd1eaa209d7f92,1,Children (under 18),None,,
e3f57f7a5e2e4b5782eb36062d767491,1,Men,None,,
e3f57f7a5e2e4b5782eb36062d767491,1,Women,None,,
e3f57f7a5e2e4b5782eb36062d767491,1,Children (under 18),None,,
e4127bc04f944cb3af6e1eb2349575ee,1,Men,None,,
e4127bc04f944cb3af6e1eb2349575ee,1,Women,None,,
e4127bc04f944cb3af6e1eb2349575ee,1,Children (under 18),None,,
e4efdec52f134ec7aa2e7e589da74f4b,1,Men,None,,
e4efdec52f134ec7aa2e7e589da74f4b,1,Women,None,,
e4efdec52f134ec7aa2e7e589da74f4b,1,Children (under 18),None,,
e51ce2a9a32d4307a4f22e4f9e3662dc,1,Men,None,,
e51ce2a9a32d4307a4f22e4f9e3662dc,1,Women,None,,
e51ce2a9a32d4307a4f22e4f9e3662dc,1,Children (under 18),None,,
e6b21ccbdd1a47a6aee5ae83141d5d5c,1,Men,None,,
e6b21ccbdd1a47a6aee5ae83141d5d5c,1,Women,None,,
e6b21ccbdd1a47a6aee5ae83141d5d5c,1,Children (under 18),None,,
e6e829bb63cc47f79b5e898494f179e7,1,Men,None,,
e6e829bb63cc47f79b5e898494f179e7,1,Women,None,,
e6e829bb63cc47f79b5e898494f179e7,1,Children (under 18),None,,
e6f57d5d2ab142d7941e6b57c9143306,1,Men,1,2,4
e6f57d5d2ab142d7941e6b57c9143306,1,Women,None,,
e6f57d5d2ab142d7941e6b57c9143306,1,Children (under 18),2,2,2
e73adbbca8c046fdab5c4d84e3e28d84,1,Men,None,,
e73adbbca8c046fdab5c4d84e3e28d84,1,Women,None,,
e73adbbca8c046fdab5c4d84e3e28d84,1,Children (under 18),None,,
e86dced75c6c4c81b6e530e31e5e3bce,1,Men,3,12,10
e86dced75c6c4c81b6e530e31e5e3bce,1,Women,None,,
e86dced75c6c4c81b6e530e31e5e3bce,1,Children (under 18),None,,
e911dd36e0c1486ca13dab635bfd113a,1,Men,None,,
e911dd36e0c1486ca13dab635bfd113a,1,Women,None,,
e911dd36e0c1486ca13dab635bfd113a,1,Children (under 18),None,,
e984bcf48f704872a1ca93f34cb9fae0,1,Men,2,26,8
e984bcf48f704872a1ca93f34cb9fae0,1,Women,None,,
e984bcf48f704872a1ca93f34cb9fae0,1,Children (under 18),None,,
e984bcf48f704872a1ca93f34cb9fae0,2,Men,None,,
e984bcf48f704872a1ca93f34cb9fae0,2,Women,None,,
e984bcf48f704872a1ca93f34cb9fae0,2,Children (under 18),None,,
e984bcf48f704872a1ca93f34cb9fae0,3,Men,None,,
e984bcf48f704872a1ca93f34cb9fae0,3,Women,None,,
e984bcf48f704872a1ca93f34cb9fae0,3,Children (under 18),None,,
e9f2a919d2184696a642a04e79788717,1,Men,None,,
e9f2a919d2184696a642a04e79788717,1,Women,None,,
e9f2a919d2184696a642a04e79788717,1,Children (under 18),None,,
ea2b41bc2066426680436537ae43a78e,1,Men,None,,
ea2b41bc2066426680436537ae43a78e,1,Women,2,20,3
ea2b41bc2066426680436537ae43a78e,1,Children (under 18),None,,
ea3d40a539c94ee3843a3c2fc90f166c,1,Men,None,,
ea3d40a539c94ee3843a3c2fc90f166c,1,Women,None,,
ea3d40a539c94ee3843a3c2fc90f166c,1,Children (under 18),None,,
ea3d40a539c94ee3843a3c2fc90f166c,2,Men,None,,
ea3d40a539c94ee3843a3c2fc90f166c,2,Women,None,,
ea3d40a539c94ee3843a3c2fc90f166c,2,Children (under 18),None,,
ea879d4366b44bf09d1e34d2e4bb3a82,1,Men,None,,
ea879d4366b44bf09d1e34d2e4bb3a82,1,Women,None,,
ea879d4366b44bf09d1e34d2e4bb3a82,1,Children (under 18),None,,
ea879d4366b44bf09d1e34d2e4bb3a82,2,Men,None,,
ea879d4366b44bf09d1e34d2e4bb3a82,2,Women,None,,
ea879d4366b44bf09d1e34d2e4bb3a82,2,Children (under 18),None,,
ead99cbb20394278b2e797f15a113a87,1,Men,4,23,7
ead99cbb20394278b2e797f15a113a87,1,Women,1,23,7
ead99cbb20394278b2e797f15a113a87,1,Children (under 18),None,,
ead99cbb20394278b2e797f15a113a87,2,Men,None,,
ead99cbb20394278b2e797f15a113a87,2,Women,None,,
ead99cbb20394278b2e797f15a113a87,2,Children (under 18),None,,
ebad9f2004164f3bbd916b8021188391,1,Men,None,,
ebad9f2004164f3bbd916b8021188391,1,Women,None,,
ebad9f2004164f3bbd916b8021188391,1,Children (under 18),None,,
ec2423eae1114327bc326d4ef017094a,1,Men,None,,
ec2423eae1114327bc326d4ef017094a,1,Women,None,,
ec2423eae1114327bc326d4ef017094a,1,Children (under 18),None,,
ec6a0c3131284e79a9413e55d8d94e6f,1,Men,None,,
ec6a0c3131284e79a9413e55d8d94e6f,1,Women,None,,
ec6a0c3131284e79a9413e55d8d94e6f,1,Children (under 18),None,,
ecffd7c9027740ce9e8887772c9e3b72,1,Men,None,,
ecffd7c9027740ce9e8887772c9e3b72,1,Women,None,,
ecffd7c9027740ce9e8887772c9e3b72,1,Children (under 18),None,,
ed291392d819494398969abf6976454c,1,Men,None,,
ed291392d819494398969abf6976454c,1,Women,None,,
ed291392d819494398969abf6976454c,1,Children (under 18),None,,
ed3709f4720a437798ec4ddbc19f16c2,1,Men,None,,
ed3709f4720a437798ec4ddbc19f16c2,1,Women,None,,
ed3709f4720a437798ec4ddbc19f16c2,1,Children (under 18),None,,
edfc227aa6fc437e8629f9582f04f9fd,1,Men,None,,
edfc227aa6fc437e8629f9582f04f9fd,1,Women,None,,
edfc227aa6fc437e8629f9582f04f9fd,1,Children (under 18),None,,
ee40fd0d51de4c1abe16ffaa99545257,1,Men,None,,
ee40fd0d51de4c1abe16ffaa99545257,1,Women,None,,
ee40fd0d51de4c1abe16ffaa99545257,1,Children (under 18),None,,
efbc7f3f76e5439b992019e016b4a1a5,1,Men,None,,
efbc7f3f76e5439b992019e016b4a1a5,1,Women,None,,
efbc7f3f76e5439b992019e016b4a1a5,1,Children (under 18),None,,
f02eab0102c040bb9cb12f55dbdfe1f9,1,Men,None,,
f02eab0102c040bb9cb12f55dbdfe1f9,1,Women,None,,
f02eab0102c040bb9cb12f55dbdfe1f9,1,Children (under 18),None,,
f02eab0102c040bb9cb12f55dbdfe1f9,2,Men,None,,
f02eab0102c040bb9cb12f55dbdfe1f9,2,Women,None,,
f02eab0102c040bb9cb12f55dbdfe1f9,2,Children (under 18),None,,
f02eab0102c040bb9cb12f55dbdfe1f9,3,Men,None,,
f02eab0102c040bb9cb12f55dbdfe1f9,3,Women,None,,
f02eab0102c040bb9cb12f55dbdfe1f9,3,Children (under 18),None,,
f03b1d6c8865473889ddacfa2aabc6d7,1,Men,None,,
f03b1d6c8865473889ddacfa2aabc6d7,1,Women,None,,
f03b1d6c8865473889ddacfa2aabc6d7,1,Children (under 18),None,,
f13b2c9698f247e4af3b980e364c4e06,1,Men,None,,
f13b2c9698f247e4af3b980e364c4e06,1,Women,None,,
f13b2c9698f247e4af3b980e364c4e06,1,Children (under 18),None,,
f13b2c9698f247e4af3b980e364c4e06,2,Men,None,,
f13b2c9698f247e4af3b980e364c4e06,2,Women,None,,
f13b2c9698f247e4af3b980e364c4e06,2,Children (under 18),None,,
f1c8e71ee88a4be7b6537297a9e14771,1,Men,None,,
f1c8e71ee88a4be7b6537297a9e14771,1,Women,None,,
f1c8e71ee88a4be7b6537297a9e14771,1,Children (under 18),None,,
f266566d6f5c4d9b9ec8dbb1fc0ba18d,1,Men,None,,
f266566d6f5c4d9b9ec8dbb1fc0ba18d,1,Women,None,,
f266566d6f5c4d9b9ec8dbb1fc0ba18d,1,Children (under 18),None,,
f266566d6f5c4d9b9ec8dbb1fc0ba18d,2,Men,None,,
f266566d6f5c4d9b9ec8dbb1fc0ba18d,2,Women,None,,
f266566d6f5c4d9b9ec8dbb1fc0ba18d,2,Children (under 18),None,,
f266566d6f5c4d9b9ec8dbb1fc0ba18d,3,Men,None,,
f266566d6f5c4d9b9ec8dbb1fc0ba18d,3,Women,None,,
f266566d6f5c4d9b9ec8dbb1fc0ba18d,3,Children (under 18),None,,
f2a4105962c14784a8e1090cf5f5a8ec,1,Men,None,,
f2a4105962c14784a8e1090cf5f5a8ec,1,Women,None,,
f2a4105962c14784a8e1090cf5f5a8ec,1,Children (under 18),None,,
f310b28ac700421fa7c212a3216268f4,1,Men,None,,
f310b28ac700421fa7c212a3216268f4,1,Women,None,,
f310b28ac700421fa7c212a3216268f4,1,Children (under 18),None,,
f36ea97dd71c40ef9a90390235bb5bb3,1,Men,None,,
f36ea97dd71c40ef9a90390235bb5bb3,1,Women,None,,
f36ea97dd71c40ef9a90390235bb5bb3,1,Children (under 18),None,,
f3aaaca8a4df46f4a37bedd54332a9ab,1,Men,None,,
f3aaaca8a4df46f4a37bedd54332a9ab,1,Women,None,,
f3aaaca8a4df46f4a37bedd54332a9ab,1,Children (under 18),None,,
f4439fd9a9704ae495a5a2e8c351ebf6,1,Men,None,,
f4439fd9a9704ae495a5a2e8c351ebf6,1,Women,None,,
f4439fd9a9704ae495a5a2e8c351ebf6,1,Children (under 18),None,,
f4ec41502dc74d3797344a1f4a876d18,1,Men,None,,
f4ec41502dc74d3797344a1f4a876d18,1,Women,None,,
f4ec41502dc74d3797344a1f4a876d18,1,Children (under 18),None,,
f68f1aae32b247a482760a48946a5cba,1,Men,None,,
f68f1aae32b247a482760a48946a5cba,1,Women,None,,
f68f1aae32b247a482760a48946a5cba,1,Children (under 18),None,,
f7047d4c75de4f8590ffdacf18782567,1,Men,None,,
f7047d4c75de4f8590ffdacf18782567,1,Women,None,,
f7047d4c75de4f8590ffdacf18782567,1,Children (under 18),1,30,10
f758a3a0a76944388c9723fe15fac050,1,Men,None,,
f758a3a0a76944388c9723fe15fac050,1,Women,None,,
f758a3a0a76944388c9723fe15fac050,1,Children (under 18),None,,
f75d883a85ad49f9ae6f3fa8c0684007,1,Men,3,3,8
f75d883a85ad49f9ae6f3fa8c0684007,1,Women,None,,
f75d883a85ad49f9ae6f3fa8c0684007,1,Children (under 18),None,,
f7b2fb333d7a4f6696e0ff537f8b7a00,1,Men,None,,
f7b2fb333d7a4f6696e0ff537f8b7a00,1,Women,None,,
f7b2fb333d7a4f6696e0ff537f8b7a00,1,Children (under 18),None,,
f7b2fb333d7a4f6696e0ff537f8b7a00,2,Men,None,,
f7b2fb333d7a4f6696e0ff537f8b7a00,2,Women,None,,
f7b2fb333d7a4f6696e0ff537f8b7a00,2,Children (under 18),None,,
f7b2fb333d7a4f6696e0ff537f8b7a00,3,Men,None,,
f7b2fb333d7a4f6696e0ff537f8b7a00,3,Women,None,,
f7b2fb333d7a4f6696e0ff537f8b7a00,3,Children (under 18),None,,
f7fe23c16f434ffd9a4775700597aecc,1,Men,None,,
f7fe23c16f434ffd9a4775700597aecc,1,Women,None,,
f7fe23c16f434ffd9a4775700597aecc,1,Children (under 18),None,,
f7fe23c16f434ffd9a4775700597aecc,2,Men,3,30,12
f7fe23c16f434ffd9a4775700597aecc,2,Women,None,,
f7fe23c16f434ffd9a4775700597aecc,2,Children (under 18),None,,
f7fe23c16f434ffd9a4775700597aecc,3,Men,None,,
f7fe23c16f434ffd9a4775700597aecc,3,Women,None,,
f7fe23c16f434ffd9a4775700597aecc,3,Children (under 18),None,,
f832dc7fcc0d4b2f9c2def8a06add2fd,1,Men,3,1,8
f832dc7fcc0d4b2f9c2def8a06add2fd,1,Women,None,,
f832dc7fcc0d4b2f9c2def8a06add2fd,1,Children (under 18),None,,
f90d14634f064e8aa3c878bd9840939d,1,Men,1,30,8
f90d14634f064e8aa3c878bd9840939d,1,Women,3,30,8
f90d14634f064e8aa3c878bd9840939d,1,Children (under 18),None,,
f91f251798bf4aaab8d734624b221365,1,Men,None,,
f91f251798bf4aaab8d734624b221365,1,Women,None,,
f91f251798bf4aaab8d734624b221365,1,Children (under 18),None,,
f95c08f60b2540ec8d248dfd115f8e16,1,Men,None,,
f95c08f60b2540ec8d248dfd115f8e16,1,Women,None,,
f95c08f60b2540ec8d248dfd115f8e16,1,Children (under 18),None,,
fa7b4846bdd341dea872308cd44a3451,1,Men,None,,
fa7b4846bdd341dea872308cd44a3451,1,Women,None,,
fa7b4846bdd341dea872308cd44a3451,1,Children (under 18),None,,
fb38bb316a3b49c28f8f60e29ae604c8,1,Men,None,,
fb38bb316a3b49c28f8f60e29ae604c8,1,Women,None,,
fb38bb316a3b49c28f8f60e29ae604c8,1,Children (under 18),None,,
fb8a786bb14a4046b51e026213b9ffa8,1,Men,None,,
fb8a786bb14a4046b51e026213b9ffa8,1,Women,None,,
fb8a786bb14a4046b51e026213b9ffa8,1,Children (under 18),None,,
fc18c625ca60449fa26376979d9fe4fd,1,Men,None,,
fc18c625ca60449fa26376979d9fe4fd,1,Women,None,,
fc18c625ca60449fa26376979d9fe4fd,1,Children (under 18),None,,
fc18c625ca60449fa26376979d9fe4fd,2,Men,None,,
fc18c625ca60449fa26376979d9fe4fd,2,Women,None,,
fc18c625ca60449fa26376979d9fe4fd,2,Children (under 18),None,,
fc1c34180ff04d4499ed5c337c7faa9f,1,Men,None,,
fc1c34180ff04d4499ed5c337c7faa9f,1,Women,None,,
fc1c34180ff04d4499ed5c337c7faa9f,1,Children (under 18),None,,
fc3f33b2ada74417b934e6f7e0a5e6ca,1,Men,None,,
fc3f33b2ada74417b934e6f7e0a5e6ca,1,Women,None,,
fc3f33b2ada74417b934e6f7e0a5e6ca,1,Children (under 18),None,,
fce53e8f495b49e8954d9d979c04d98b,1,Men,None,,
fce53e8f495b49e8954d9d979c04d98b,1,Women,None,,
fce53e8f495b49e8954d9d979c04d98b,1,Children (under 18),None,,
fd12af3ce37d45a3a29013549311c51b,1,Men,None,,
fd12af3ce37d45a3a29013549311c51b,1,Women,None,,
fd12af3ce37d45a3a29013549311c51b,1,Children (under 18),None,,
fd1f4e823ca242b1b1a23171f2bd5acb,1,Men,None,,
fd1f4e823ca242b1b1a23171f2bd5acb,1,Women,None,,
fd1f4e823ca242b1b1a23171f2bd5acb,1,Children (under 18),None,,
fd283d6b43cc4ce6a374f931cb26d095,1,Men,None,,
fd283d6b43cc4ce6a374f931cb26d095,1,Women,None,,
fd283d6b43cc4ce6a374f931cb26d095,1,Children (under 18),None,,
fe5ee1d8c4154e78b4bfd9a1efa9d409,1,Men,None,,
fe5ee1d8c4154e78b4bfd9a1efa9d409,1,Women,None,,
fe5ee1d8c4154e78b4bfd9a1efa9d409,1,Children (under 18),None,,
fe5ee1d8c4154e78b4bfd9a1efa9d409,2,Men,None,,
fe5ee1d8c4154e78b4bfd9a1efa9d409,2,Women,None,,
fe5ee1d8c4154e78b4bfd9a1efa9d409,2,Children (under 18),None,,
feafc9c268d94db48803374210b429ee,1,Men,None,,
feafc9c268d94db48803374210b429ee,1,Women,None,,
feafc9c268d94db48803374210b429ee,1,Children (under 18),None,,
fedba0f711c34c03a5ab1c6088cd322b,2,Men,None,,
fedba0f711c34c03a5ab1c6088cd322b,2,Women,None,,
fedba0f711c34c03a5ab1c6088cd322b,2,Children (under 18),None,,
fedba0f711c34c03a5ab1c6088cd322b,3,Men,None,,
fedba0f711c34c03a5ab1c6088cd322b,3,Women,None,,
fedba0f711c34c03a5ab1c6088cd322b,3,Children (under 18),None,,
ff42b88b71784e01841206b0b115eeb8,1,Men,None,,
ff42b88b71784e01841206b0b115eeb8,1,Women,None,,
ff42b88b71784e01841206b0b115eeb8,1,Children (under 18),None,,
ff42b88b71784e01841206b0b115eeb8,2,Men,None,,
ff42b88b71784e01841206b0b115eeb8,2,Women,None,,
ff42b88b71784e01841206b0b115eeb8,2,Children (under 18),None,,
ffa44b919ca44b93a6d403188ead36f9,1,Men,None,,
ffa44b919ca44b93a6d403188ead36f9,1,Women,None,,
ffa44b919ca44b93a6d403188ead36f9,1,Children (under 18),None,,
