interview__key,zone,sector,hhid,result,s12q6,s12q7,s12q9,s12q11,s12q14
00-18-15-60,Tonle Sap,Rural,70-06-11-85,COMPLETE,,,2,1,2020-10-19T13:38:34
00-28-98-16,Plateau/Mountain,Rural,84-85-23-95,COMPLETE,,,4,1,2020-10-16T17:29:35
00-40-34-48,Plain,Rural,33-18-70-95,COMPLETE,,,1,1,2020-10-16T08:30:37
00-45-00-37,Tonle Sap,Rural,75-18-93-42,COMPLETE,,,1,1,2020-10-18T15:22:21
00-54-36-13,Plateau/Mountain,Urban,42-56-44-00,COMPLETE,,,2,1,2020-10-17T18:00:48
01-32-06-48,Plain,Rural,57-27-40-40,COMPLETE,,,1,2,2020-10-15T17:17:45
02-11-13-92,Tonle Sap,Urban,26-90-72-50,COMPLETE,,,1,1,2020-10-17T09:07:28
02-89-30-22,Tonle Sap,Rural,94-27-92-63,COMPLETE,,,1,1,2020-10-15T17:52:47
02-96-12-77,Plain,Rural,98-85-26-70,COMPLETE,,,2,1,2020-10-17T13:24:33
03-57-84-60,Plain,Urban,01-25-97-47,COMPLETE,,,1,1,2020-10-18T12:17:27
03-77-64-79,Coastal,Rural,88-24-99-02,COMPLETE,,,1,1,2020-10-17T12:23:19
03-81-33-62,Plateau/Mountain,Rural,60-20-26-32,COMPLETE,,,1,1,2020-10-15T18:20:38
03-84-81-65,Plateau/Mountain,Rural,36-40-40-95,COMPLETE,,,1,2,2020-10-16T16:23:24
04-13-23-41,Plain,Rural,07-38-15-10,COMPLETE,,,1,1,2020-10-15T14:03:42
04-17-01-55,Tonle Sap,Rural,80-91-76-81,COMPLETE,,,1,1,2020-10-18T08:59:51
05-00-24-69,Plain,Rural,91-83-49-03,COMPLETE,,,1,1,2020-10-19T09:59:29
05-81-85-24,Plateau/Mountain,Rural,94-73-04-14,COMPLETE,,,1,1,2020-10-19T11:34:48
06-38-45-14,Plain,Rural,23-62-03-55,COMPLETE,,,1,1,2020-10-17T16:39:55
06-58-76-54,Tonle Sap,Urban,50-24-93-06,COMPLETE,,,1,1,2020-10-19T15:46:26
06-65-48-93,Tonle Sap,Rural,17-71-66-38,COMPLETE,,,1,1,2020-10-20T10:41:04
06-89-25-87,Coastal,Rural,94-38-77-66,COMPLETE,,,2,1,2020-10-15T15:49:48
07-07-39-43,Plain,Rural,42-49-85-02,COMPLETE,,,1,1,2020-10-15T10:52:35
07-90-82-24,Plain,Urban,79-87-49-96,COMPLETE,,,2,1,2020-10-18T10:35:05
08-40-28-73,Tonle Sap,Rural,39-16-32-68,COMPLETE,,,2,1,2020-10-19T09:55:27
08-87-44-02,Plateau/Mountain,Urban,60-45-22-93,COMPLETE,,,3,1,2020-10-15T11:46:16
08-98-49-88,Plateau/Mountain,Rural,59-45-30-11,COMPLETE,,,1,1,2020-10-23T09:14:16
09-03-50-98,Phnom Penh,Urban,24-77-97-66,COMPLETE,,,1,1,2020-10-18T10:44:13
09-11-38-06,Plateau/Mountain,Rural,62-10-58-08,COMPLETE,,,9,2,2020-10-15T17:04:01
09-25-43-00,Tonle Sap,Rural,73-08-96-72,COMPLETE,,,1,1,2020-10-20T13:36:14
09-26-57-25,Plain,Rural,17-58-62-45,COMPLETE,,,2,2,2020-10-20T10:15:46
09-27-61-41,Plain,Rural,87-70-31-24,COMPLETE,,,1,1,2020-10-16T18:35:15
09-69-61-77,Plain,Urban,20-13-45-35,COMPLETE,,,2,2,2020-10-18T13:14:23
09-72-34-65,Plateau/Mountain,Urban,78-91-88-48,COMPLETE,,,1,1,2020-10-19T09:34:52
09-94-37-20,Coastal,Urban,29-90-09-46,COMPLETE,,,2,1,2020-10-21T10:17:51
10-00-77-35,Plateau/Mountain,Urban,56-39-11-35,COMPLETE,,,1,2,2020-10-20T17:27:34
10-30-18-95,Tonle Sap,Rural,64-68-34-06,COMPLETE,,,1,1,2020-10-14T17:27:30
10-83-76-94,Tonle Sap,Rural,04-38-19-68,COMPLETE,,,1,1,2020-10-17T16:34:06
10-90-66-62,Plateau/Mountain,Urban,12-90-25-18,COMPLETE,,,2,1,2020-10-18T18:51:54
10-97-49-10,Plain,Rural,85-05-14-92,COMPLETE,,,1,1,2020-10-18T16:46:54
11-11-31-58,Plateau/Mountain,Rural,06-95-16-01,COMPLETE,,,2,1,2020-10-15T15:59:31
11-16-10-36,Plain,Rural,47-60-20-01,COMPLETE,,,1,1,2020-10-17T16:00:23
11-71-06-95,Plateau/Mountain,Rural,17-99-50-48,COMPLETE,,,2,1,2020-10-18T12:02:28
11-78-09-29,Plain,Rural,61-98-68-74,COMPLETE,,,1,1,2020-10-20T10:40:32
11-79-71-86,Coastal,Rural,98-93-37-80,COMPLETE,,,1,1,2020-10-18T11:13:03
12-07-23-17,Coastal,Rural,37-67-94-43,COMPLETE,,,2,1,2020-10-16T11:55:18
12-16-17-74,Plain,Rural,61-24-24-14,COMPLETE,,,1,1,2020-10-16T10:37:41
12-33-47-68,Tonle Sap,Urban,25-99-07-45,COMPLETE,,,1,1,2020-10-17T10:01:43
12-82-57-48,Coastal,Urban,43-90-23-81,COMPLETE,,,1,1,2020-10-15T15:24:17
13-39-71-32,Coastal,Rural,92-90-42-99,COMPLETE,,,1,1,2020-10-15T11:49:06
13-41-36-30,Tonle Sap,Urban,60-95-54-37,COMPLETE,,,1,1,2020-10-21T10:49:39
13-52-02-28,Coastal,Urban,72-84-14-29,COMPLETE,,,2,1,2020-10-17T13:13:47
13-62-04-21,Plain,Rural,87-48-59-39,COMPLETE,,,2,1,2020-10-18T09:31:46
13-62-51-43,Tonle Sap,Rural,95-62-63-83,COMPLETE,,,2,1,2020-10-15T11:10:18
13-81-20-31,Plateau/Mountain,Rural,10-73-31-63,COMPLETE,,,2,1,2020-10-18T14:50:23
14-09-59-69,Plain,Rural,36-78-86-37,COMPLETE,,,1,1,2020-10-15T17:59:53
14-78-41-57,Tonle Sap,Urban,87-23-34-41,COMPLETE,,,1,1,2020-10-20T17:29:21
14-89-02-15,Plain,Rural,51-84-88-88,COMPLETE,,,2,1,2020-10-17T14:06:43
14-93-22-59,Plain,Rural,05-78-48-36,COMPLETE,,,1,2,2020-10-17T09:09:10
14-94-97-50,Plain,Rural,22-07-73-87,COMPLETE,,,2,1,2020-10-19T15:33:30
14-97-32-57,Coastal,Rural,22-94-17-72,COMPLETE,,,2,1,2020-10-18T15:22:37
14-98-08-92,Plateau/Mountain,Rural,05-04-68-47,COMPLETE,,,1,1,2020-10-20T09:19:55
15-09-32-42,Plateau/Mountain,Rural,05-61-61-38,COMPLETE,,,10,1,2020-10-18T11:28:27
15-48-00-43,Plain,Rural,59-29-82-67,COMPLETE,,,1,1,2020-10-15T14:42:26
15-62-16-76,Plateau/Mountain,Urban,57-38-86-89,COMPLETE,,,1,1,2020-10-16T08:46:02
15-80-17-44,Coastal,Rural,94-01-09-26,COMPLETE,,,2,1,2020-10-15T11:22:36
15-87-00-11,Phnom Penh,Urban,20-86-70-58,COMPLETE,,,1,1,2020-10-20T14:45:27
16-15-53-72,Tonle Sap,Rural,31-20-25-17,COMPLETE,,,2,1,2020-10-18T09:47:50
16-17-55-72,Coastal,Rural,27-21-45-15,COMPLETE,,,1,1,2020-10-18T09:01:14
16-42-96-59,Tonle Sap,Rural,77-29-81-66,COMPLETE,,,1,1,2020-10-18T17:34:11
16-52-89-41,Plain,Rural,33-26-70-01,COMPLETE,,,2,1,2020-10-17T10:48:27
16-59-81-75,Plain,Urban,82-98-72-55,COMPLETE,,,2,1,2020-10-17T10:34:40
16-74-28-23,Plain,Rural,19-72-19-66,COMPLETE,,,2,1,2020-10-18T07:16:57
16-77-88-96,Tonle Sap,Urban,31-88-86-50,COMPLETE,,,1,1,2020-10-17T12:04:29
16-83-14-42,Tonle Sap,Rural,15-10-58-17,COMPLETE,,,1,1,2020-10-14T12:16:17
16-85-46-70,Plateau/Mountain,Rural,68-92-90-44,COMPLETE,,,1,1,2020-10-14T14:41:59
16-96-19-45,Tonle Sap,Urban,12-38-10-28,COMPLETE,,,2,1,2020-10-15T16:15:48
17-01-45-98,Coastal,Rural,26-46-53-29,COMPLETE,,,1,1,2020-10-18T17:44:41
17-18-68-28,Tonle Sap,Urban,69-84-92-78,COMPLETE,,,1,1,2020-10-17T14:17:05
17-29-58-15,Tonle Sap,Urban,49-56-57-09,COMPLETE,,,1,1,2020-10-21T12:37:26
17-67-81-96,Plateau/Mountain,Rural,09-56-25-86,COMPLETE,,,1,1,2020-10-17T11:58:00
17-68-86-89,Tonle Sap,Rural,84-46-73-02,COMPLETE,,,1,1,2020-10-18T13:54:31
17-88-33-48,Plain,Urban,41-64-39-09,COMPLETE,,,1,1,2020-10-15T12:25:33
18-05-71-79,Plain,Rural,77-11-76-62,COMPLETE,,,2,1,2020-10-18T13:50:24
18-83-71-39,Plain,Rural,37-96-69-76,COMPLETE,,,2,1,2020-10-16T08:19:17
18-91-78-21,Plateau/Mountain,Urban,48-51-10-23,COMPLETE,,,2,2,2020-10-20T16:48:51
19-02-16-28,Plain,Urban,48-33-61-54,COMPLETE,,,1,1,2020-10-19T12:06:56
19-20-48-23,Coastal,Rural,15-99-35-27,COMPLETE,,,1,1,2020-10-20T11:53:36
19-39-08-63,Tonle Sap,Rural,92-36-22-55,COMPLETE,,,1,1,2020-10-16T08:56:45
19-72-67-09,Plateau/Mountain,Rural,68-66-44-52,COMPLETE,,,1,1,2020-10-14T15:22:58
20-05-86-82,Tonle Sap,Rural,80-97-76-22,COMPLETE,,,2,1,2020-10-17T14:58:08
20-20-96-41,Tonle Sap,Rural,44-70-64-79,COMPLETE,,,1,1,2020-10-15T15:10:12
20-28-07-52,Plain,Rural,93-91-64-97,COMPLETE,,,1,1,2020-10-15T11:33:52
20-39-98-99,Plateau/Mountain,Urban,17-58-97-56,COMPLETE,,,1,1,2020-10-15T08:56:42
20-73-25-13,Plain,Rural,99-46-75-70,COMPLETE,,,2,1,2020-10-15T12:15:32
20-76-11-93,Plain,Rural,15-80-86-04,COMPLETE,,,2,1,2020-10-20T12:50:39
20-80-17-46,Coastal,Rural,12-14-50-11,COMPLETE,,,2,1,2020-10-16T07:52:21
20-82-62-78,Plateau/Mountain,Rural,99-55-65-60,COMPLETE,,,1,1,2020-10-16T15:01:09
21-09-64-49,Phnom Penh,Urban,79-10-35-57,COMPLETE,,,1,1,2020-10-18T10:12:10
21-28-36-64,Plateau/Mountain,Urban,97-32-44-49,COMPLETE,,,1,2,2020-10-16T15:51:58
21-33-55-76,Phnom Penh,Urban,51-55-97-33,COMPLETE,,,1,1,2020-10-16T14:42:54
21-82-19-65,Tonle Sap,Rural,96-04-71-13,COMPLETE,,,1,1,2020-10-14T16:31:58
22-06-96-95,Plateau/Mountain,Rural,86-66-88-59,COMPLETE,,,1,1,2020-10-19T10:06:24
22-27-53-02,Tonle Sap,Rural,98-06-76-33,COMPLETE,,,1,1,2020-10-14T13:47:06
22-34-46-74,Plateau/Mountain,Urban,11-90-81-43,COMPLETE,,,1,1,2020-10-15T09:34:39
22-80-62-03,Tonle Sap,Urban,50-77-94-43,COMPLETE,,,5,1,2020-10-20T10:31:15
22-89-95-50,Plain,Urban,00-28-02-38,COMPLETE,,,3,1,2020-10-16T11:14:35
22-91-55-07,Plain,Urban,00-30-20-73,COMPLETE,,,1,1,2020-10-16T11:55:14
23-84-75-04,Tonle Sap,Rural,86-60-44-34,COMPLETE,,,2,2,2020-10-18T09:25:59
23-95-76-25,Tonle Sap,Urban,09-56-37-66,COMPLETE,,,2,1,2020-10-18T11:03:35
24-50-42-93,Plain,Urban,11-84-40-86,COMPLETE,,,1,1,2020-10-15T08:52:19
24-54-99-87,Phnom Penh,Urban,52-28-43-63,COMPLETE,,,2,1,2020-10-18T09:54:48
24-78-94-60,Coastal,Rural,42-09-07-47,COMPLETE,,,2,1,2020-10-16T16:23:41
24-82-80-64,Phnom Penh,Urban,87-01-36-28,COMPLETE,,,2,1,2020-10-17T08:29:41
25-17-44-91,Tonle Sap,Rural,68-89-84-09,COMPLETE,,,1,1,2020-10-15T15:38:19
25-42-18-96,Plain,Rural,84-62-81-15,COMPLETE,,,1,1,2020-10-16T14:04:32
25-91-93-59,Plain,Urban,92-20-60-53,COMPLETE,,,1,1,2020-10-17T16:51:53
26-18-30-56,Plateau/Mountain,Rural,95-71-13-54,COMPLETE,,,2,1,2020-10-14T16:29:24
26-47-81-10,Coastal,Rural,08-76-74-15,COMPLETE,,,6,1,2020-10-19T15:04:59
26-92-52-70,Plain,Rural,64-74-64-64,COMPLETE,,,1,1,2020-10-14T18:02:30
27-08-88-11,Tonle Sap,Rural,50-89-68-36,COMPLETE,,,2,1,2020-10-17T08:28:55
27-21-36-53,Plateau/Mountain,Urban,14-91-69-00,COMPLETE,,,2,1,2020-10-14T16:34:56
27-29-97-73,Coastal,Rural,92-42-52-09,COMPLETE,,,2,1,2020-10-15T19:14:11
27-33-92-06,Tonle Sap,Urban,85-19-37-76,COMPLETE,,,1,1,2020-10-18T12:30:07
27-55-59-49,Coastal,Urban,29-99-54-57,COMPLETE,,,1,1,2020-10-16T14:20:18
28-71-17-92,Plateau/Mountain,Rural,25-03-90-32,COMPLETE,,,2,1,2020-10-18T09:58:29
28-88-05-65,Plateau/Mountain,Urban,45-08-70-04,COMPLETE,,,9,2,2020-10-18T08:28:52
28-94-48-29,Plateau/Mountain,Rural,51-04-81-57,COMPLETE,,,1,2,2020-10-18T14:02:11
28-99-21-75,Tonle Sap,Rural,05-84-34-71,COMPLETE,,,1,1,2020-10-17T10:11:45
29-53-69-61,Tonle Sap,Urban,11-71-20-07,COMPLETE,,,1,1,2020-10-17T18:18:44
29-56-08-14,Tonle Sap,Rural,25-74-41-33,COMPLETE,,,1,1,2020-10-18T11:31:02
29-65-13-28,Tonle Sap,Urban,06-77-22-73,COMPLETE,,,2,1,2020-10-16T11:53:02
29-94-26-51,Plain,Rural,55-45-47-11,COMPLETE,,,4,1,2020-10-18T17:07:06
29-96-85-38,Tonle Sap,Urban,54-96-12-87,COMPLETE,,,1,1,2020-10-20T08:11:46
30-10-22-60,Plain,Rural,93-69-62-61,COMPLETE,,,3,1,2020-10-15T09:34:05
30-10-29-94,Tonle Sap,Urban,72-51-92-23,COMPLETE,,,1,1,2020-10-17T13:40:57
30-19-77-63,Plateau/Mountain,Rural,95-33-09-89,COMPLETE,,,1,1,2020-10-15T08:18:34
30-25-79-75,Coastal,Rural,79-19-29-66,COMPLETE,,,1,1,2020-10-20T10:03:42
30-57-28-29,Phnom Penh,Urban,43-93-31-20,COMPLETE,,,1,2,2020-10-15T14:35:52
30-74-60-19,Plain,Rural,30-69-97-11,COMPLETE,,,1,1,2020-10-17T13:44:07
30-84-11-52,Coastal,Urban,56-28-95-37,COMPLETE,,,2,1,2020-10-20T12:56:25
30-93-30-28,Tonle Sap,Urban,95-58-15-51,COMPLETE,,,1,1,2020-10-18T11:38:24
31-08-08-05,Tonle Sap,Rural,66-44-64-50,COMPLETE,,,1,2,2020-10-16T12:02:08
31-16-02-60,Plateau/Mountain,Rural,83-55-67-95,COMPLETE,,,1,1,2020-10-18T12:04:21
31-29-31-74,Plain,Rural,23-92-16-23,COMPLETE,,,2,1,2020-10-18T14:10:42
31-31-68-97,Plain,Urban,09-26-24-56,COMPLETE,,,1,1,2020-10-16T11:05:34
31-52-38-21,Tonle Sap,Rural,93-55-82-79,COMPLETE,,,1,1,2020-10-15T11:34:45
31-72-86-88,Plateau/Mountain,Urban,18-42-12-21,COMPLETE,,,1,1,2020-10-18T14:42:24
31-74-01-25,Tonle Sap,Urban,37-01-34-02,COMPLETE,,,1,1,2020-10-16T09:34:15
31-91-94-57,Plain,Rural,37-37-25-64,COMPLETE,,,2,1,2020-10-16T15:55:45
31-99-66-16,Phnom Penh,Urban,70-33-56-96,COMPLETE,,,1,1,2020-10-19T15:16:41
32-04-34-69,Plateau/Mountain,Rural,89-18-69-83,COMPLETE,,,6,1,2020-10-16T10:19:44
32-46-48-90,Tonle Sap,Rural,30-75-44-55,COMPLETE,,,1,2,2020-10-16T12:27:51
32-55-09-04,Tonle Sap,Rural,42-79-45-13,COMPLETE,,,1,2,2020-10-15T10:37:55
32-66-22-66,Plateau/Mountain,Rural,45-61-82-18,COMPLETE,,,1,1,2020-10-15T14:59:28
32-76-20-27,Tonle Sap,Urban,45-76-46-33,COMPLETE,,,1,1,2020-10-19T11:57:06
33-13-27-35,Plain,Urban,61-75-01-22,COMPLETE,,,1,1,2020-10-19T10:36:59
33-80-37-22,Plateau/Mountain,Rural,15-28-98-50,COMPLETE,,,9,1,2020-10-19T16:41:30
33-87-89-92,Plain,Rural,17-88-60-75,COMPLETE,,,1,1,2020-10-17T11:23:58
34-35-77-48,Plain,Rural,88-56-00-44,COMPLETE,,,2,1,2020-10-16T19:52:21
34-60-80-61,Phnom Penh,Urban,35-34-30-60,COMPLETE,,,1,1,2020-10-21T14:35:06
34-91-88-56,Tonle Sap,Rural,13-85-44-31,COMPLETE,,,1,1,2020-10-14T16:50:01
34-93-90-02,Tonle Sap,Rural,43-38-34-15,COMPLETE,,,4,3,2020-10-18T08:48:53
35-34-74-29,Plain,Rural,71-54-97-38,COMPLETE,,,1,1,2020-10-18T15:51:47
35-62-73-83,Plain,Urban,43-33-02-18,COMPLETE,,,3,1,2020-10-17T17:33:43
35-74-11-78,Plain,Rural,65-98-79-99,COMPLETE,,,1,1,2020-10-20T11:26:35
35-77-62-41,Plateau/Mountain,Rural,06-44-48-23,COMPLETE,,,1,1,2020-10-18T12:11:52
35-94-54-03,Plateau/Mountain,Rural,84-82-89-93,COMPLETE,,,1,1,2020-10-17T09:58:57
36-00-88-95,Coastal,Rural,96-09-98-35,COMPLETE,,,1,1,2020-10-15T16:47:27
36-07-99-01,Tonle Sap,Urban,11-29-24-37,COMPLETE,,,2,2,2020-10-17T18:01:55
36-15-16-16,Coastal,Rural,73-48-23-31,COMPLETE,,,1,1,2020-10-18T16:48:45
36-23-84-47,Plain,Rural,62-75-13-84,COMPLETE,,,2,1,2020-10-15T12:22:21
36-42-27-64,Tonle Sap,Urban,68-26-92-99,COMPLETE,,,1,1,2020-10-16T17:29:45
36-57-06-71,Plain,Rural,29-70-95-81,COMPLETE,,,2,1,2020-10-17T09:55:56
36-73-22-03,Plateau/Mountain,Rural,99-21-18-63,COMPLETE,,,3,1,2020-10-17T12:29:32
36-81-17-19,Tonle Sap,Rural,15-91-45-68,COMPLETE,,,2,1,2020-10-15T12:01:41
37-00-39-57,Plateau/Mountain,Rural,43-73-29-56,COMPLETE,,,1,2,2020-10-15T09:30:15
37-80-84-96,Plateau/Mountain,Rural,81-51-57-93,COMPLETE,,,2,1,2020-10-17T10:00:57
37-89-40-83,Tonle Sap,Urban,80-48-72-39,COMPLETE,,,1,1,2020-10-18T16:00:45
38-13-46-95,Tonle Sap,Rural,50-23-18-00,COMPLETE,,,2,1,2020-10-18T14:51:00
38-13-82-86,Plateau/Mountain,Urban,98-53-56-90,COMPLETE,,,1,1,2020-10-15T08:41:25
38-26-45-97,Coastal,Rural,16-93-86-61,COMPLETE,,,2,1,2020-10-19T10:47:45
38-84-61-98,Plain,Rural,14-80-37-38,COMPLETE,,,2,1,2020-10-15T18:38:06
39-07-91-55,Coastal,Rural,58-38-62-66,COMPLETE,,,2,1,2020-10-18T16:08:24
39-32-76-16,Plain,Rural,59-04-10-61,COMPLETE,,,1,1,2020-10-15T15:12:26
39-44-97-01,Plateau/Mountain,Rural,23-70-43-39,COMPLETE,,,1,1,2020-10-18T16:32:10
39-51-55-58,Plain,Rural,39-16-76-43,COMPLETE,,,2,1,2020-10-17T11:11:01
39-70-52-15,Plateau/Mountain,Urban,46-90-41-39,COMPLETE,,,1,2,2020-10-14T12:00:56
39-73-01-24,Plain,Rural,40-96-24-33,COMPLETE,,,1,1,2020-10-16T16:46:14
39-96-43-92,Tonle Sap,Rural,47-02-72-98,COMPLETE,,,1,1,2020-10-18T09:26:43
40-15-27-64,Plain,Rural,43-75-78-22,COMPLETE,,,1,1,2020-10-15T14:58:30
40-48-45-57,Plain,Rural,35-17-98-19,COMPLETE,,,1,2,2020-10-20T14:40:25
40-56-73-24,Plain,Rural,42-14-67-79,COMPLETE,,,2,1,2020-10-16T11:43:41
40-86-31-68,Plateau/Mountain,Rural,98-79-71-21,COMPLETE,,,1,1,2020-10-17T10:27:09
41-13-72-49,Tonle Sap,Rural,61-30-93-34,COMPLETE,,,1,1,2020-10-17T17:02:59
41-19-13-76,Plateau/Mountain,Rural,17-59-02-00,COMPLETE,,,1,1,2020-10-17T17:18:26
41-41-86-33,Plain,Rural,45-35-82-88,COMPLETE,,,1,1,2020-10-18T18:42:54
41-85-41-75,Tonle Sap,Rural,64-51-45-53,COMPLETE,,,1,1,2020-10-15T09:47:02
42-16-33-90,Tonle Sap,Urban,33-72-44-36,COMPLETE,,,1,1,2020-10-16T18:53:51
42-21-50-32,Plain,Rural,58-02-65-66,COMPLETE,,,3,1,2020-10-18T15:15:21
42-34-68-53,Plain,Rural,53-88-11-68,COMPLETE,,,1,1,2020-10-19T09:16:21
42-39-53-16,Tonle Sap,Rural,38-05-50-95,COMPLETE,,,1,1,2020-10-16T11:16:06
42-49-42-16,Plain,Urban,74-23-59-38,COMPLETE,,,1,1,2020-10-18T15:40:25
42-93-36-93,Plain,Rural,86-64-23-01,COMPLETE,,,1,1,2020-10-16T09:35:36
43-20-92-64,Phnom Penh,Urban,10-00-23-23,COMPLETE,,,1,1,2020-10-17T10:37:52
43-39-89-28,Coastal,Rural,47-18-39-01,COMPLETE,,,1,1,2020-10-18T15:08:56
43-44-56-34,Plain,Rural,40-55-47-18,COMPLETE,,,1,1,2020-10-15T13:02:52
43-85-90-89,Plateau/Mountain,Rural,14-54-93-04,COMPLETE,,,1,1,2020-10-15T09:19:21
44-19-05-48,Plateau/Mountain,Rural,00-41-06-44,COMPLETE,,,2,1,2020-10-17T11:20:06
44-19-40-06,Phnom Penh,Urban,04-16-87-48,COMPLETE,,,1,1,2020-10-16T11:19:07
44-21-01-09,Plateau/Mountain,Rural,32-82-88-73,COMPLETE,,,2,1,2020-10-17T08:02:24
44-26-93-67,Plateau/Mountain,Urban,36-96-36-15,COMPLETE,,,2,1,2020-10-19T10:59:44
45-75-02-10,Plain,Rural,23-16-16-83,COMPLETE,,,3,1,2020-10-19T11:32:14
46-39-07-37,Plateau/Mountain,Rural,77-14-13-68,COMPLETE,,,1,1,2020-10-18T14:31:01
46-62-54-88,Tonle Sap,Rural,15-68-10-75,COMPLETE,,,1,1,2020-10-14T14:12:36
46-68-42-16,Plateau/Mountain,Urban,63-18-87-64,COMPLETE,,,1,1,2020-10-15T12:07:45
46-76-50-60,Tonle Sap,Rural,49-69-87-18,COMPLETE,,,1,1,2020-10-16T15:58:54
46-88-89-87,Coastal,Rural,83-93-32-62,COMPLETE,,,1,1,2020-10-21T09:48:04
47-20-31-38,Plain,Rural,41-10-13-07,COMPLETE,,,1,1,2020-10-16T14:13:02
48-29-09-53,Plain,Rural,95-86-10-92,COMPLETE,,,2,1,2020-10-14T16:05:09
48-80-07-91,Tonle Sap,Rural,61-61-84-70,COMPLETE,,,12,1,2020-10-16T11:33:35
48-89-20-22,Plain,Rural,69-69-11-97,COMPLETE,,,1,1,2020-10-15T08:29:58
48-93-89-78,Tonle Sap,Rural,62-21-50-55,COMPLETE,,,1,1,2020-10-16T15:53:18
49-13-03-02,Plain,Rural,70-62-75-89,COMPLETE,,,1,1,2020-10-20T09:55:34
49-56-39-78,Tonle Sap,Rural,89-08-40-65,COMPLETE,,,2,1,2020-10-16T15:45:27
50-17-92-80,Tonle Sap,Rural,92-38-87-71,COMPLETE,,,1,1,2020-10-15T16:02:04
50-19-59-77,Plateau/Mountain,Rural,78-58-11-12,COMPLETE,,,1,1,2020-10-17T12:49:38
50-20-51-46,Plain,Rural,80-88-34-25,COMPLETE,,,2,1,2020-10-17T16:08:13
50-26-41-60,Coastal,Rural,75-35-05-33,COMPLETE,,,1,1,2020-10-18T14:21:56
50-42-56-85,Coastal,Urban,04-17-16-88,COMPLETE,,,1,1,2020-10-18T10:30:43
50-54-33-12,Phnom Penh,Urban,04-63-92-39,COMPLETE,,,2,1,2020-10-16T10:45:09
50-85-43-67,Tonle Sap,Urban,03-07-95-46,COMPLETE,,,1,1,2020-10-20T13:07:49
50-86-46-86,Plain,Rural,48-35-58-48,COMPLETE,,,1,1,2020-10-19T17:41:30
51-51-35-80,Phnom Penh,Urban,07-45-98-59,COMPLETE,,,1,1,2020-10-19T17:03:11
51-80-19-87,Coastal,Rural,42-26-51-22,COMPLETE,,,1,1,2020-10-15T09:50:41
52-13-89-92,Plain,Urban,59-98-69-64,COMPLETE,,,1,1,2020-10-15T10:18:04
52-25-31-84,Tonle Sap,Rural,93-84-10-19,COMPLETE,,,2,1,2020-10-16T08:26:31
52-55-51-37,Phnom Penh,Urban,42-13-55-45,COMPLETE,,,1,1,2020-10-16T13:11:08
52-73-66-11,Coastal,Rural,50-67-67-43,COMPLETE,,,1,1,2020-10-20T17:17:29
52-74-11-63,Plateau/Mountain,Urban,30-43-85-89,COMPLETE,,,2,1,2020-10-16T16:52:41
52-80-53-09,Coastal,Rural,01-53-99-24,COMPLETE,,,2,2,2020-10-20T14:25:49
52-89-90-66,Plain,Rural,17-68-18-77,COMPLETE,,,1,1,2020-10-19T11:33:54
53-01-23-41,Plain,Rural,91-14-56-54,COMPLETE,,,1,1,2020-10-18T10:23:50
53-39-73-69,Tonle Sap,Rural,52-15-08-75,COMPLETE,,,2,1,2020-10-18T17:40:41
53-53-83-12,Tonle Sap,Rural,48-87-88-72,COMPLETE,,,2,1,2020-10-19T16:48:52
53-65-29-69,Plain,Rural,01-45-89-17,COMPLETE,,,2,1,2020-10-18T19:03:19
53-79-32-75,Plain,Urban,04-81-78-84,COMPLETE,,,1,1,2020-10-19T16:25:25
54-16-50-08,Tonle Sap,Urban,86-04-65-66,COMPLETE,,,1,2,2020-10-16T09:38:48
54-55-17-76,Plain,Rural,29-06-57-28,COMPLETE,,,1,1,2020-10-18T16:37:20
54-62-44-15,Plateau/Mountain,Rural,54-45-11-85,COMPLETE,,,1,2,2020-10-16T10:50:14
55-08-38-92,Plateau/Mountain,Rural,08-42-45-60,COMPLETE,,,1,1,2020-10-16T17:03:04
55-36-37-79,Plateau/Mountain,Rural,00-11-48-08,COMPLETE,,,1,1,2020-10-17T12:45:33
55-37-45-75,Tonle Sap,Rural,87-94-52-14,COMPLETE,,,7,1,2020-10-15T18:13:23
55-45-00-38,Plateau/Mountain,Rural,45-35-73-39,COMPLETE,,,2,2,2020-10-15T13:52:53
55-64-14-58,Plain,Rural,45-57-81-16,COMPLETE,,,2,1,2020-10-15T11:22:08
55-83-48-37,Tonle Sap,Rural,13-05-07-31,COMPLETE,,,2,1,2020-10-19T11:56:17
56-40-85-48,Tonle Sap,Rural,95-43-17-18,COMPLETE,,,2,2,2020-10-15T12:01:02
56-42-87-09,Tonle Sap,Rural,57-88-50-44,COMPLETE,,,2,1,2020-10-16T09:41:29
56-72-91-26,Plain,Rural,35-44-52-02,COMPLETE,,,1,1,2020-10-16T12:50:38
56-89-63-74,Phnom Penh,Urban,25-93-74-14,COMPLETE,,,1,1,2020-10-21T10:25:53
56-97-03-00,Tonle Sap,Urban,16-13-61-65,COMPLETE,,,3,2,2020-10-15T14:17:41
57-09-50-11,Tonle Sap,Rural,21-56-73-53,COMPLETE,,,1,2,2020-10-19T15:36:54
57-25-12-92,Tonle Sap,Rural,46-36-23-91,COMPLETE,,,1,1,2020-10-18T15:59:51
57-30-44-34,Tonle Sap,Rural,85-07-19-99,COMPLETE,,,2,1,2020-10-17T09:17:57
57-36-10-30,Plain,Urban,55-91-13-86,COMPLETE,,,2,1,2020-10-16T13:36:06
57-39-04-44,Tonle Sap,Rural,02-39-28-57,COMPLETE,,,2,1,2020-10-18T15:33:08
57-57-92-44,Tonle Sap,Rural,89-65-57-82,COMPLETE,,,1,1,2020-10-15T17:51:12
57-62-74-67,Plateau/Mountain,Rural,12-35-90-39,COMPLETE,,,1,1,2020-10-15T17:37:35
57-69-89-87,Tonle Sap,Rural,35-88-46-37,COMPLETE,,,1,1,2020-10-18T14:54:43
57-77-48-16,Plateau/Mountain,Rural,23-32-08-95,COMPLETE,,,1,1,2020-10-19T15:57:52
58-12-98-81,Tonle Sap,Rural,52-05-24-98,COMPLETE,,,2,1,2020-10-17T12:57:49
58-13-62-89,Plain,Rural,72-89-35-81,COMPLETE,,,2,1,2020-10-19T12:17:38
58-29-75-58,Plain,Rural,13-50-00-00,COMPLETE,,,2,1,2020-10-14T17:14:30
58-43-50-28,Tonle Sap,Urban,19-90-05-01,COMPLETE,,,1,1,2020-10-20T17:46:23
58-73-10-11,Coastal,Rural,19-03-30-38,COMPLETE,,,5,1,2020-10-18T13:59:33
58-99-58-80,Plain,Rural,04-24-33-03,COMPLETE,,,1,1,2020-10-16T11:49:17
59-05-04-32,Plateau/Mountain,Rural,89-93-74-40,COMPLETE,,,1,2,2020-10-16T17:59:37
59-14-09-40,Tonle Sap,Rural,87-44-70-71,COMPLETE,,,4,1,2020-10-18T10:29:13
59-18-03-22,Tonle Sap,Rural,39-41-55-55,COMPLETE,,,1,1,2020-10-15T09:29:49
59-27-43-88,Plain,Urban,12-07-47-45,COMPLETE,,,2,1,2020-10-15T18:06:36
59-70-72-12,Plain,Rural,09-70-29-30,COMPLETE,,,1,1,2020-10-15T15:02:15
59-79-57-21,Tonle Sap,Rural,84-86-96-17,COMPLETE,,,2,1,2020-10-18T08:48:36
59-90-62-65,Plain,Rural,40-04-63-14,COMPLETE,,,2,1,2020-10-15T14:37:48
60-19-83-04,Tonle Sap,Urban,01-36-35-01,COMPLETE,,,1,2,2020-10-17T10:12:24
60-48-87-43,Coastal,Urban,71-46-50-36,COMPLETE,,,2,1,2020-10-19T09:47:25
60-73-43-19,Plateau/Mountain,Rural,30-17-96-80,COMPLETE,,,2,1,2020-10-18T15:30:24
60-91-47-86,Plateau/Mountain,Rural,61-57-55-69,COMPLETE,,,1,1,2020-10-16T13:29:07
60-94-02-94,Plain,Urban,15-68-73-91,COMPLETE,,,1,1,2020-10-18T12:54:34
61-09-80-29,Tonle Sap,Urban,08-87-72-25,COMPLETE,,,1,1,2020-10-16T07:55:06
63-08-92-92,Plain,Rural,50-58-36-08,COMPLETE,,,1,1,2020-10-17T10:00:31
63-19-74-12,Plateau/Mountain,Urban,01-13-94-22,COMPLETE,,,2,1,2020-10-19T12:59:25
63-26-65-91,Tonle Sap,Rural,43-30-92-61,COMPLETE,,,1,1,2020-10-15T09:37:59
63-48-07-95,Plain,Rural,31-86-71-90,COMPLETE,,,4,1,2020-10-16T10:01:54
63-56-10-69,Plain,Rural,27-78-57-26,COMPLETE,,,6,1,2020-10-17T11:37:02
63-85-72-79,Phnom Penh,Urban,44-42-13-16,COMPLETE,,,1,1,2020-10-15T12:54:57
64-29-61-57,Tonle Sap,Rural,82-87-50-46,COMPLETE,,,1,1,2020-10-19T11:36:23
64-48-28-24,Plateau/Mountain,Urban,11-65-32-70,COMPLETE,,,2,1,2020-10-15T10:27:08
64-71-22-76,Plateau/Mountain,Rural,76-17-97-03,COMPLETE,,,1,1,2020-10-18T11:30:57
64-87-88-01,Plain,Urban,78-60-23-79,COMPLETE,,,1,2,2020-10-18T16:31:30
65-03-40-91,Plateau/Mountain,Rural,58-97-53-95,COMPLETE,,,1,1,2020-10-17T11:27:31
65-14-28-12,Plateau/Mountain,Rural,23-75-13-28,COMPLETE,,,2,1,2020-10-18T12:06:58
65-15-70-94,Tonle Sap,Rural,07-92-66-86,COMPLETE,,,2,1,2020-10-18T18:05:11
65-26-06-23,Tonle Sap,Urban,18-82-62-40,COMPLETE,,,2,1,2020-10-17T14:22:54
65-42-12-59,Tonle Sap,Rural,71-06-17-00,COMPLETE,,,1,1,2020-10-20T08:25:54
65-57-01-02,Plain,Rural,59-35-08-66,COMPLETE,,,1,1,2020-10-18T15:07:50
65-60-80-72,Tonle Sap,Rural,41-44-58-52,COMPLETE,,,1,1,2020-10-15T11:29:47
65-62-93-31,Tonle Sap,Urban,11-20-56-39,COMPLETE,,,1,1,2020-10-15T10:48:13
65-65-50-55,Coastal,Rural,13-40-45-67,COMPLETE,,,1,1,2020-10-15T12:55:03
65-85-43-35,Coastal,Rural,89-39-88-34,COMPLETE,,,1,1,2020-10-17T12:23:02
66-09-77-42,Phnom Penh,Urban,81-69-03-02,COMPLETE,,,1,1,2020-10-17T10:36:44
66-09-95-16,Tonle Sap,Rural,23-45-74-97,COMPLETE,,,1,1,2020-10-18T13:33:37
66-41-98-09,Phnom Penh,Urban,21-01-98-99,COMPLETE,,,1,1,2020-10-19T10:55:50
66-72-46-34,Plain,Rural,06-51-01-81,COMPLETE,,,1,1,2020-10-18T14:13:22
66-73-72-28,Plateau/Mountain,Rural,98-11-86-35,COMPLETE,,,1,1,2020-10-14T12:16:17
66-98-68-75,Tonle Sap,Rural,44-57-34-40,COMPLETE,,,2,1,2020-10-14T16:36:15
67-04-29-75,Coastal,Rural,67-18-67-83,COMPLETE,,,1,1,2020-10-15T10:06:52
67-06-49-60,Coastal,Rural,78-91-79-12,COMPLETE,,,1,1,2020-10-18T15:03:52
67-43-18-76,Plain,Rural,13-73-84-95,COMPLETE,,,1,1,2020-10-15T13:04:18
67-59-04-59,Phnom Penh,Urban,74-69-75-31,COMPLETE,,,2,1,2020-10-18T17:16:15
67-60-15-46,Phnom Penh,Urban,42-73-68-70,COMPLETE,,,1,1,2020-10-17T10:48:03
67-80-47-65,Plateau/Mountain,Urban,77-87-31-78,COMPLETE,,,1,1,2020-10-18T15:53:52
67-89-30-52,Plateau/Mountain,Rural,05-25-66-94,COMPLETE,,,7,1,2020-10-18T10:33:19
67-91-61-84,Plain,Rural,14-61-96-73,COMPLETE,,,2,1,2020-10-15T17:16:30
68-34-61-83,Plain,Rural,20-33-11-22,COMPLETE,,,1,1,2020-10-21T09:46:33
68-38-01-69,Tonle Sap,Rural,52-74-85-82,COMPLETE,,,1,1,2020-10-16T10:16:07
68-45-34-74,Tonle Sap,Rural,28-84-30-20,COMPLETE,,,1,1,2020-10-18T14:30:12
69-00-14-35,Tonle Sap,Rural,62-04-49-53,COMPLETE,,,2,1,2020-10-15T14:42:47
69-03-20-16,Tonle Sap,Rural,91-62-53-55,COMPLETE,,,1,1,2020-10-20T13:26:26
69-06-28-03,Tonle Sap,Rural,74-48-94-37,COMPLETE,,,2,1,2020-10-19T12:43:57
69-08-19-24,Plateau/Mountain,Rural,87-61-41-63,COMPLETE,,,2,2,2020-10-16T10:37:37
69-21-58-74,Tonle Sap,Rural,06-99-62-55,COMPLETE,,,1,2,2020-10-16T15:30:17
69-30-44-27,Tonle Sap,Rural,42-68-61-66,COMPLETE,,,1,2,2020-10-15T09:03:38
69-45-68-23,Plateau/Mountain,Rural,27-93-66-33,COMPLETE,,,2,1,2020-10-17T11:36:01
69-46-48-50,Plateau/Mountain,Rural,64-95-38-26,COMPLETE,,,1,1,2020-10-15T08:55:50
69-88-71-37,Plateau/Mountain,Rural,56-09-56-08,COMPLETE,,,1,1,2020-10-15T18:57:10
69-96-21-12,Tonle Sap,Rural,25-15-60-76,COMPLETE,,,1,1,2020-10-18T13:28:45
70-05-55-27,Tonle Sap,Rural,12-37-68-17,COMPLETE,,,1,1,2020-10-16T09:25:59
70-11-22-03,Plain,Rural,85-78-34-10,COMPLETE,,,1,2,2020-10-19T12:57:09
70-11-55-43,Plateau/Mountain,Rural,47-27-29-93,COMPLETE,,,1,1,2020-10-17T13:43:33
70-34-49-84,Plateau/Mountain,Rural,82-92-84-48,COMPLETE,,,2,1,2020-10-19T15:44:36
70-69-66-16,Plateau/Mountain,Urban,95-13-66-88,COMPLETE,,,2,1,2020-10-16T15:33:28
70-81-55-76,Plain,Urban,55-37-78-79,COMPLETE,,,2,1,2020-10-16T16:04:34
70-97-59-22,Tonle Sap,Rural,68-84-69-98,COMPLETE,,,1,1,2020-10-15T08:56:05
71-09-53-26,Coastal,Rural,75-49-22-77,COMPLETE,,,1,1,2020-10-20T14:58:34
71-71-37-89,Plain,Rural,20-21-76-10,COMPLETE,,,2,1,2020-10-21T18:33:51
71-97-83-07,Tonle Sap,Urban,10-24-50-53,COMPLETE,,,1,1,2020-10-17T16:26:47
72-37-13-33,Phnom Penh,Urban,26-42-39-36,COMPLETE,,,1,1,2020-10-19T10:56:17
72-45-65-29,Tonle Sap,Rural,99-49-49-47,COMPLETE,,,1,1,2020-10-15T12:29:56
72-68-27-38,Tonle Sap,Urban,46-69-30-18,COMPLETE,,,2,1,2020-10-14T14:49:38
72-86-90-07,Plateau/Mountain,Rural,45-48-42-00,COMPLETE,,,2,1,2020-10-14T16:02:45
72-92-01-02,Coastal,Rural,27-10-24-86,COMPLETE,,,2,1,2020-10-17T17:30:34
73-05-97-72,Plain,Rural,94-37-16-34,COMPLETE,,,2,1,2020-10-15T10:08:51
73-14-02-84,Coastal,Rural,34-47-49-71,COMPLETE,,,2,1,2020-10-17T11:17:48
73-17-81-25,Plateau/Mountain,Rural,18-45-01-24,COMPLETE,,,2,1,2020-10-18T16:37:29
73-36-22-94,Plain,Rural,19-80-86-64,COMPLETE,,,1,1,2020-10-18T07:46:34
73-39-29-63,Tonle Sap,Rural,79-56-20-22,COMPLETE,,,1,1,2020-10-18T12:50:18
73-70-46-99,Plain,Urban,60-18-26-02,COMPLETE,,,1,1,2020-10-15T18:50:17
74-57-17-75,Tonle Sap,Rural,94-83-89-60,COMPLETE,,,3,1,2020-10-18T12:10:10
74-63-83-49,Coastal,Urban,86-20-76-20,COMPLETE,,,2,1,2020-10-17T16:26:04
74-67-51-83,Tonle Sap,Rural,63-28-52-97,COMPLETE,,,1,1,2020-10-15T13:17:00
74-81-56-83,Tonle Sap,Urban,18-58-08-30,COMPLETE,,,2,1,2020-10-20T14:55:56
74-86-45-86,Coastal,Rural,25-77-33-12,COMPLETE,,,2,1,2020-10-17T12:19:56
76-21-65-16,Plateau/Mountain,Urban,25-26-91-49,COMPLETE,,,1,1,2020-10-20T13:34:47
76-22-55-80,Tonle Sap,Urban,00-76-39-80,COMPLETE,,,2,1,2020-10-17T12:16:32
76-56-99-54,Phnom Penh,Urban,91-00-32-16,COMPLETE,,,1,1,2020-10-16T07:32:07
76-57-84-06,Plateau/Mountain,Rural,07-57-68-78,COMPLETE,,,2,1,2020-10-16T09:15:01
76-95-05-44,Phnom Penh,Urban,36-23-40-85,COMPLETE,,,1,1,2020-10-20T17:26:01
77-03-40-90,Tonle Sap,Rural,45-83-08-52,COMPLETE,,,1,1,2020-10-21T12:31:48
77-18-77-96,Phnom Penh,Urban,01-74-04-52,COMPLETE,,,1,1,2020-10-17T09:44:37
77-60-01-54,Plain,Rural,71-98-40-84,COMPLETE,,,2,1,2020-10-17T12:57:04
77-70-84-36,Coastal,Rural,74-31-98-06,COMPLETE,,,2,1,2020-10-18T17:12:58
77-71-94-82,Plateau/Mountain,Rural,88-67-95-97,COMPLETE,,,1,1,2020-10-21T12:54:11
78-69-73-86,Coastal,Rural,02-83-06-69,COMPLETE,,,2,2,2020-10-16T17:39:56
79-51-56-38,Tonle Sap,Rural,07-87-14-21,COMPLETE,,,3,1,2020-10-15T14:29:43
79-65-65-94,Plain,Urban,88-29-73-13,COMPLETE,,,1,1,2020-10-19T13:00:14
79-72-98-96,Tonle Sap,Rural,40-69-66-33,COMPLETE,,,1,2,2020-10-18T09:00:45
79-85-65-98,Tonle Sap,Rural,26-30-31-96,COMPLETE,,,2,2,2020-10-17T10:57:07
79-90-83-59,Tonle Sap,Rural,39-99-50-70,COMPLETE,,,2,1,2020-10-15T10:17:38
79-96-97-70,Tonle Sap,Rural,01-28-90-88,COMPLETE,,,3,1,2020-10-17T09:39:03
80-40-93-12,Coastal,Rural,16-15-69-73,COMPLETE,,,1,1,2020-10-14T11:59:26
80-49-06-34,Plain,Rural,08-37-54-38,COMPLETE,,,2,1,2020-10-16T14:43:16
80-49-49-04,Tonle Sap,Rural,48-95-31-26,COMPLETE,,,2,1,2020-10-16T15:01:55
80-58-14-70,Plateau/Mountain,Rural,37-36-10-30,COMPLETE,,,1,1,2020-10-17T10:37:40
80-72-64-44,Tonle Sap,Rural,86-91-29-12,COMPLETE,,,2,1,2020-10-16T11:21:35
81-20-01-76,Plateau/Mountain,Urban,00-77-84-76,COMPLETE,,,2,2,2020-10-17T10:06:33
81-36-68-15,Coastal,Rural,18-49-28-85,COMPLETE,,,2,1,2020-10-19T17:26:58
81-48-88-00,Plain,Rural,65-75-15-99,COMPLETE,,,1,1,2020-10-15T08:25:47
82-16-53-06,Tonle Sap,Rural,28-74-89-74,COMPLETE,,,2,1,2020-10-17T17:10:02
82-82-33-85,Plain,Urban,95-23-54-25,COMPLETE,,,2,1,2020-10-16T12:23:53
83-15-19-66,Plateau/Mountain,Rural,93-79-64-74,COMPLETE,,,1,2,2020-10-17T16:38:55
83-24-97-14,Tonle Sap,Rural,26-35-70-67,COMPLETE,,,2,1,2020-10-20T14:05:38
83-62-66-29,Plain,Rural,90-95-95-43,COMPLETE,,,2,1,2020-10-16T14:04:59
83-78-78-49,Coastal,Rural,28-42-49-04,COMPLETE,,,1,1,2020-10-17T10:01:53
83-82-40-74,Tonle Sap,Urban,03-98-01-40,COMPLETE,,,1,1,2020-10-18T11:57:32
84-26-72-24,Plain,Rural,39-73-65-69,COMPLETE,,,4,1,2020-10-15T18:00:16
84-31-44-97,Plateau/Mountain,Urban,24-26-83-06,COMPLETE,,,1,1,2020-10-18T18:11:37
84-37-56-77,Coastal,Urban,45-55-56-10,COMPLETE,,,2,1,2020-10-15T14:38:30
84-65-10-22,Plain,Rural,03-97-19-11,COMPLETE,,,2,1,2020-10-16T16:01:40
84-70-29-25,Tonle Sap,Urban,86-95-05-55,COMPLETE,,,4,1,2020-10-20T09:57:57
84-79-70-97,Plateau/Mountain,Rural,27-81-23-37,COMPLETE,,,4,1,2020-10-20T17:27:57
85-01-15-29,Tonle Sap,Urban,09-48-37-76,COMPLETE,,,1,1,2020-10-15T16:40:54
85-03-27-87,Plain,Rural,25-80-38-05,COMPLETE,,,2,1,2020-10-18T12:03:44
85-06-62-86,Phnom Penh,Urban,54-62-47-43,COMPLETE,,,2,1,2020-10-16T10:24:59
85-16-54-30,Tonle Sap,Rural,99-39-38-50,COMPLETE,,,1,1,2020-10-15T13:59:04
85-25-56-55,Tonle Sap,Rural,15-48-48-18,COMPLETE,,,5,1,2020-10-14T13:13:10
85-69-58-56,Tonle Sap,Rural,10-62-87-07,COMPLETE,,,1,1,2020-10-16T10:30:10
85-73-20-42,Plateau/Mountain,Rural,39-39-07-11,COMPLETE,,,1,1,2020-10-16T07:09:10
85-73-97-33,Tonle Sap,Rural,06-79-10-35,COMPLETE,,,1,1,2020-10-18T16:09:18
86-42-22-29,Plain,Rural,46-31-52-68,COMPLETE,,,1,1,2020-10-16T13:01:18
86-62-31-38,Tonle Sap,Rural,72-66-71-71,COMPLETE,,,2,1,2020-10-18T16:43:22
86-88-12-40,Tonle Sap,Urban,02-98-52-98,COMPLETE,,,2,2,2020-10-16T16:45:50
87-41-40-78,Plain,Urban,28-33-99-35,COMPLETE,,,2,1,2020-10-20T18:03:10
87-52-91-38,Plateau/Mountain,Rural,05-15-33-31,COMPLETE,,,1,1,2020-10-20T14:43:54
87-58-41-57,Plain,Rural,45-27-26-72,COMPLETE,,,1,1,2020-10-21T09:29:36
87-60-75-90,Tonle Sap,Urban,68-03-65-53,COMPLETE,,,2,1,2020-10-16T11:19:01
87-64-17-69,Coastal,Rural,27-28-72-74,COMPLETE,,,2,1,2020-10-16T15:06:44
87-76-07-29,Phnom Penh,Urban,26-71-05-97,COMPLETE,,,1,1,2020-10-18T08:15:40
87-83-02-60,Tonle Sap,Rural,32-17-83-82,COMPLETE,,,1,1,2020-10-16T10:59:07
87-93-61-92,Tonle Sap,Rural,56-94-01-10,COMPLETE,,,2,1,2020-10-19T10:53:08
88-05-51-96,Plateau/Mountain,Rural,28-50-35-79,COMPLETE,,,2,1,2020-10-17T14:26:37
88-21-21-87,Coastal,Rural,23-73-33-69,COMPLETE,,,2,1,2020-10-19T17:35:54
88-32-05-81,Phnom Penh,Urban,89-65-33-51,COMPLETE,,,2,1,2020-10-19T16:57:02
88-52-19-69,Plain,Urban,02-60-77-80,COMPLETE,,,2,1,2020-10-18T14:42:27
88-55-90-62,Tonle Sap,Rural,64-51-38-06,COMPLETE,,,2,1,2020-10-17T17:29:16
89-00-81-23,Tonle Sap,Rural,60-97-15-75,COMPLETE,,,1,1,2020-10-15T12:50:26
89-18-01-05,Tonle Sap,Rural,06-74-44-97,COMPLETE,,,2,1,2020-10-20T13:47:50
89-18-79-86,Tonle Sap,Rural,38-95-73-31,COMPLETE,,,2,1,2020-10-16T07:44:41
89-30-53-74,Tonle Sap,Rural,92-67-91-82,COMPLETE,,,1,1,2020-10-16T10:14:56
89-51-49-68,Plateau/Mountain,Rural,71-81-05-41,COMPLETE,,,2,1,2020-10-18T17:21:34
89-56-07-85,Plain,Urban,61-49-11-52,COMPLETE,,,1,1,2020-10-16T10:55:36
89-93-50-24,Tonle Sap,Rural,21-99-47-06,COMPLETE,,,2,3,2020-10-19T11:35:27
90-22-35-16,Plain,Urban,30-73-16-30,COMPLETE,,,1,1,2020-10-16T11:48:43
90-49-69-32,Coastal,Rural,69-50-07-46,COMPLETE,,,1,1,2020-10-14T14:06:15
90-50-18-25,Tonle Sap,Urban,08-27-46-13,COMPLETE,,,2,1,2020-10-17T13:36:31
90-70-32-77,Plain,Rural,07-87-20-23,COMPLETE,,,1,1,2020-10-18T14:05:18
90-72-63-71,Tonle Sap,Rural,94-47-72-64,COMPLETE,,,2,1,2020-10-18T17:03:59
90-90-59-67,Plain,Rural,69-75-58-87,COMPLETE,,,1,1,2020-10-17T16:38:54
90-98-61-29,Tonle Sap,Rural,07-09-29-32,COMPLETE,,,1,1,2020-10-18T10:00:31
91-12-21-18,Tonle Sap,Urban,08-92-82-63,COMPLETE,,,2,1,2020-10-16T10:41:26
91-26-98-02,Plain,Urban,42-23-81-85,COMPLETE,,,1,1,2020-10-20T07:09:04
91-32-31-35,Tonle Sap,Rural,85-12-58-57,COMPLETE,,,2,1,2020-10-18T10:41:49
91-47-37-79,Tonle Sap,Rural,20-35-26-66,COMPLETE,,,1,1,2020-10-20T18:03:11
91-64-79-49,Plain,Rural,57-52-45-75,COMPLETE,,,5,1,2020-10-16T11:57:25
91-75-84-89,Plain,Rural,60-00-14-73,COMPLETE,,,1,1,2020-10-16T15:03:51
91-92-90-54,Plain,Rural,72-36-01-60,COMPLETE,,,1,1,2020-10-18T09:27:43
92-52-64-60,Plain,Rural,48-67-49-78,COMPLETE,,,2,1,2020-10-19T08:38:38
92-54-15-40,Plain,Rural,00-14-18-28,COMPLETE,,,2,1,2020-10-16T14:25:30
92-90-62-95,Plain,Rural,09-54-86-04,COMPLETE,,,1,1,2020-10-15T13:24:11
93-07-64-20,Tonle Sap,Rural,38-37-50-95,COMPLETE,,,1,1,2020-10-18T08:04:32
93-34-63-42,Plateau/Mountain,Rural,15-35-12-75,COMPLETE,,,2,1,2020-10-16T11:46:45
93-71-89-46,Plain,Rural,29-21-47-59,COMPLETE,,,2,1,2020-10-18T09:16:10
94-77-00-60,Tonle Sap,Rural,98-53-14-41,COMPLETE,,,1,1,2020-10-16T10:49:40
94-82-96-77,Plain,Rural,47-97-77-17,COMPLETE,,,2,1,2020-10-17T13:59:43
94-95-85-94,Tonle Sap,Rural,77-92-23-80,COMPLETE,,,1,1,2020-10-19T11:03:37
95-04-09-29,Coastal,Rural,96-66-52-37,COMPLETE,,,1,1,2020-10-15T15:49:10
95-47-06-74,Plain,Rural,59-85-07-92,COMPLETE,,,1,1,2020-10-17T09:30:28
95-56-74-69,Tonle Sap,Rural,05-82-24-73,COMPLETE,,,1,1,2020-10-16T11:11:42
95-62-65-76,Tonle Sap,Rural,38-97-46-43,COMPLETE,,,3,1,2020-10-18T13:13:35
95-65-40-38,Phnom Penh,Urban,97-08-89-86,COMPLETE,,,1,1,2020-10-20T15:02:57
95-72-64-75,Tonle Sap,Rural,98-27-08-13,COMPLETE,,,2,1,2020-10-14T15:01:56
95-80-09-27,Plateau/Mountain,Rural,48-00-56-77,COMPLETE,,,2,1,2020-10-20T13:32:02
95-89-65-41,Plateau/Mountain,Urban,00-99-04-04,COMPLETE,,,1,1,2020-10-18T10:18:51
96-06-20-32,Phnom Penh,Urban,55-38-96-18,COMPLETE,,,3,1,2020-10-18T16:32:45
96-43-59-47,Plain,Urban,25-20-77-34,COMPLETE,,,2,1,2020-10-20T13:03:22
96-72-01-47,Tonle Sap,Rural,69-54-11-86,COMPLETE,,,1,1,2020-10-14T15:42:06
96-84-49-20,Plain,Rural,12-89-15-03,COMPLETE,,,1,1,2020-10-16T15:38:22
97-19-44-22,Plateau/Mountain,Urban,49-74-12-19,COMPLETE,,,1,1,2020-10-17T18:15:58
97-23-41-88,Plain,Urban,05-26-75-75,COMPLETE,,,1,1,2020-10-16T10:14:00
97-56-15-57,Plain,Rural,62-26-39-29,COMPLETE,,,1,1,2020-10-20T14:58:54
97-63-33-82,Tonle Sap,Rural,72-23-51-16,COMPLETE,,,3,1,2020-10-17T12:08:16
97-67-52-97,Plateau/Mountain,Urban,42-18-88-63,COMPLETE,,,1,1,2020-10-16T09:50:26
98-07-47-63,Plain,Rural,72-26-33-40,COMPLETE,,,1,1,2020-10-19T15:23:13
98-57-95-05,Plain,Rural,98-83-26-90,COMPLETE,,,1,1,2020-10-15T13:18:42
98-59-09-34,Phnom Penh,Urban,93-79-78-96,COMPLETE,,,1,1,2020-10-15T14:07:03
98-66-84-72,Plateau/Mountain,Rural,16-46-87-02,COMPLETE,,,1,1,2020-10-21T12:06:09
98-90-99-04,Plain,Rural,88-88-80-10,COMPLETE,,,2,1,2020-10-16T13:58:12
98-91-03-89,Phnom Penh,Urban,37-67-25-85,COMPLETE,,,2,1,2020-10-16T13:58:53
98-93-03-74,Plain,Rural,25-77-58-96,COMPLETE,,,1,1,2020-10-18T17:02:53
99-02-91-63,Tonle Sap,Urban,00-91-59-01,COMPLETE,,,2,1,2020-10-17T14:03:57
99-51-79-01,Plain,Urban,94-31-28-90,COMPLETE,,,2,1,2020-10-15T14:53:50
99-86-73-41,Plain,Rural,02-53-05-40,COMPLETE,,,1,1,2020-10-18T17:08:25
99-98-60-29,Plain,Rural,72-67-93-54,COMPLETE,,,2,1,2020-10-17T16:03:47
