interview__key,zone,sector,hhweight_adj,s01q02,s01q03,s01q04,s01q05
48-93-89-78,Tonle Sap,Rural,18189.638671875,បន្ទាយមានជ័យ / Banteay Meanchey,មង្គលបូរី / Mongkol Borei,សំបួរ / Sambuor (Mongkol Borei),1
16-42-96-59,Tonle Sap,Rural,12632.65234375,បន្ទាយមានជ័យ / Banteay Meanchey,មង្គលបូរី / Mongkol Borei,សំបួរ / Sambuor (Mongkol Borei),1
94-95-85-94,Tonle Sap,Rural,13333.232421875,បន្ទាយមានជ័យ / Banteay Meanchey,មង្គលបូរី / Mongkol Borei,សំបួរ / Sambuor (Mongkol Borei),1
95-62-65-76,Tonle Sap,Rural,18189.638671875,បន្ទាយមានជ័យ / Banteay Meanchey,មង្គលបូរី / Mongkol Borei,សំបួរ / Sambuor (Mongkol Borei),1
86-62-31-38,Tonle Sap,Rural,11875.390625,បន្ទាយមានជ័យ / Banteay Meanchey,មង្គលបូរី / Mongkol Borei,ស្រះរាំង / Srah Reang,1
69-03-20-16,Tonle Sap,Rural,12546.662109375,បន្ទាយមានជ័យ / Banteay Meanchey,មង្គលបូរី / Mongkol Borei,ស្រះរាំង / Srah Reang,1
85-69-58-56,Tonle Sap,Rural,9476.9140625,បន្ទាយមានជ័យ / Banteay Meanchey,មង្គលបូរី / Mongkol Borei,ស្រះរាំង / Srah Reang,1
89-00-81-23,Tonle Sap,Rural,5985.6435546875,បន្ទាយមានជ័យ / Banteay Meanchey,ភ្នំស្រុក / Phnum Srok,ស្ពានស្រែង / Spean Sraeng,1
87-93-61-92,Tonle Sap,Rural,10747.724609375,បន្ទាយមានជ័យ / Banteay Meanchey,ភ្នំស្រុក / Phnum Srok,ភ្នំដី / Phnum Dei,1
09-25-43-00,Tonle Sap,Rural,5008.044921875,បន្ទាយមានជ័យ / Banteay Meanchey,ភ្នំស្រុក / Phnum Srok,ភ្នំដី / Phnum Dei,1
00-45-00-37,Tonle Sap,Rural,6999.13427734375,បន្ទាយមានជ័យ / Banteay Meanchey,ភ្នំស្រុក / Phnum Srok,ភ្នំដី / Phnum Dei,1
82-16-53-06,Tonle Sap,Rural,7263.12841796875,បន្ទាយមានជ័យ / Banteay Meanchey,ព្រះនេត្រព្រះ / Preah Netr Preah,ព្រះនេត្រព្រះ / Preak Netr Preah,1
64-29-61-57,Tonle Sap,Rural,8971.865234375,បន្ទាយមានជ័យ / Banteay Meanchey,ព្រះនេត្រព្រះ / Preah Netr Preah,ព្រះនេត្រព្រះ / Preak Netr Preah,1
48-80-07-91,Tonle Sap,Rural,9441.642578125,បន្ទាយមានជ័យ / Banteay Meanchey,ព្រះនេត្រព្រះ / Preah Netr Preah,រហាល / Rohal,1
91-47-37-79,Tonle Sap,Rural,6874.97509765625,បន្ទាយមានជ័យ / Banteay Meanchey,ព្រះនេត្រព្រះ / Preah Netr Preah,រហាល / Rohal,1
89-30-53-74,Tonle Sap,Rural,6874.97509765625,បន្ទាយមានជ័យ / Banteay Meanchey,ព្រះនេត្រព្រះ / Preah Netr Preah,រហាល / Rohal,1
66-98-68-75,Tonle Sap,Rural,6463.6513671875,បន្ទាយមានជ័យ / Banteay Meanchey,ថ្មពួក / Thma Puok,គោករមៀត / Kouk Romiet,1
41-13-72-49,Tonle Sap,Rural,6797.7568359375,បន្ទាយមានជ័យ / Banteay Meanchey,ថ្មពួក / Thma Puok,គោករមៀត / Kouk Romiet,1
46-62-54-88,Tonle Sap,Rural,6463.6513671875,បន្ទាយមានជ័យ / Banteay Meanchey,ថ្មពួក / Thma Puok,ភូមិថ្មី / Phum Thmei,1
57-25-12-92,Tonle Sap,Rural,6797.7568359375,បន្ទាយមានជ័យ / Banteay Meanchey,ថ្មពួក / Thma Puok,ភូមិថ្មី / Phum Thmei,1
90-98-61-29,Tonle Sap,Rural,8134.265625,បន្ទាយមានជ័យ / Banteay Meanchey,ស្វាយចេក / Svay Chek,ស្វាយចេក / Svay Chek,1
63-26-65-91,Tonle Sap,Rural,9732.5234375,បន្ទាយមានជ័យ / Banteay Meanchey,ស្វាយចេក / Svay Chek,ស្វាយចេក / Svay Chek,1
88-55-90-62,Tonle Sap,Rural,7328.07275390625,បន្ទាយមានជ័យ / Banteay Meanchey,ស្វាយចេក / Svay Chek,ស្វាយចេក / Svay Chek,1
56-40-85-48,Tonle Sap,Rural,13204.4482421875,បន្ទាយមានជ័យ / Banteay Meanchey,ស្វាយចេក / Svay Chek,ស្វាយចេក / Svay Chek,1
96-72-01-47,Tonle Sap,Rural,9085.0703125,បន្ទាយមានជ័យ / Banteay Meanchey,ស្វាយចេក / Svay Chek,ស្វាយចេក / Svay Chek,1
16-96-19-45,Tonle Sap,Urban,2685.400146484375,បន្ទាយមានជ័យ / Banteay Meanchey,ម៉ាឡៃ / Malai,ម៉ាឡៃ / Malai,1
86-88-12-40,Tonle Sap,Urban,2685.400146484375,បន្ទាយមានជ័យ / Banteay Meanchey,ម៉ាឡៃ / Malai,ម៉ាឡៃ / Malai,1
70-97-59-22,Tonle Sap,Rural,5272.20458984375,បន្ទាយមានជ័យ / Banteay Meanchey,ម៉ាឡៃ / Malai,អូរសំព័រ / Ou Sampoar,1
42-16-33-90,Tonle Sap,Urban,3646.693115234375,បាត់ដំបង / Battambang,ថ្មគោល / Thma Koul,តាពូង / Ta Pung,1
89-56-07-85,Plain,Urban,3119.03662109375,បាត់ដំបង / Battambang,ថ្មគោល / Thma Koul,តាពូង / Ta Pung,1
16-59-81-75,Plain,Urban,3646.693115234375,បាត់ដំបង / Battambang,ថ្មគោល / Thma Koul,តាពូង / Ta Pung,1
72-68-27-38,Tonle Sap,Urban,2112.34130859375,បាត់ដំបង / Battambang,ថ្មគោល / Thma Koul,តាពូង / Ta Pung,1
79-51-56-38,Tonle Sap,Rural,6381.87109375,បាត់ដំបង / Battambang,ថ្មគោល / Thma Koul,អន្លង់រុន / Anlong Run,1
20-05-86-82,Tonle Sap,Rural,5076.79150390625,បាត់ដំបង / Battambang,ថ្មគោល / Thma Koul,អន្លង់រុន / Anlong Run,1
97-63-33-82,Tonle Sap,Rural,5662.1904296875,បាត់ដំបង / Battambang,ថ្មគោល / Thma Koul,អន្លង់រុន / Anlong Run,1
58-12-98-81,Tonle Sap,Rural,5662.1904296875,បាត់ដំបង / Battambang,ថ្មគោល / Thma Koul,អន្លង់រុន / Anlong Run,1
34-93-90-02,Tonle Sap,Rural,9201.6259765625,បាត់ដំបង / Battambang,ថ្មគោល / Thma Koul,បឹងព្រីង / Boeng Pring,1
57-09-50-11,Tonle Sap,Rural,7870.20068359375,បាត់ដំបង / Battambang,ថ្មគោល / Thma Koul,បឹងព្រីង / Boeng Pring,1
74-57-17-75,Tonle Sap,Rural,7870.20068359375,បាត់ដំបង / Battambang,ថ្មគោល / Thma Koul,បឹងព្រីង / Boeng Pring,1
83-24-97-14,Tonle Sap,Rural,11438.728515625,បាត់ដំបង / Battambang,ថ្មគោល / Thma Koul,បឹងព្រីង / Boeng Pring,1
89-18-01-05,Tonle Sap,Rural,8431.0751953125,បាត់ដំបង / Battambang,ថ្មគោល / Thma Koul,បឹងព្រីង / Boeng Pring,1
83-82-40-74,Tonle Sap,Urban,2404.865478515625,បាត់ដំបង / Battambang,បាត់ដំបង / Krong Bat Dambang,ទួលតាឯក / Tuol Ta Aek,1
32-76-20-27,Tonle Sap,Urban,1913.075439453125,បាត់ដំបង / Battambang,បាត់ដំបង / Krong Bat Dambang,ទួលតាឯក / Tuol Ta Aek,1
12-33-47-68,Tonle Sap,Urban,2120.116455078125,បាត់ដំបង / Battambang,បាត់ដំបង / Krong Bat Dambang,ព្រែកព្រះស្ដេច / Preaek Preah Sdach,1
29-96-85-38,Tonle Sap,Urban,1900.9232177734375,បាត់ដំបង / Battambang,បាត់ដំបង / Krong Bat Dambang,ព្រែកព្រះស្ដេច / Preaek Preah Sdach,1
90-50-18-25,Tonle Sap,Urban,1900.9232177734375,បាត់ដំបង / Battambang,បាត់ដំបង / Krong Bat Dambang,ព្រែកព្រះស្ដេច / Preaek Preah Sdach,1
21-82-19-65,Tonle Sap,Rural,8672.4638671875,បាត់ដំបង / Battambang,ឯកភ្នំ / Aek Phnum,ព្រែកហ្លួង / Preaek Luong,1
08-40-28-73,Tonle Sap,Rural,8672.4638671875,បាត់ដំបង / Battambang,ឯកភ្នំ / Aek Phnum,ព្រែកហ្លួង / Preaek Luong,1
57-69-89-87,Tonle Sap,Rural,7417.60546875,បាត់ដំបង / Battambang,ឯកភ្នំ / Aek Phnum,ព្រែកហ្លួង / Preaek Luong,1
87-83-02-60,Tonle Sap,Rural,7349.5751953125,បាត់ដំបង / Battambang,មោងឫស្សី / Moung Ruessei,ឫស្សីក្រាំង / Ruessei Krang,1
73-39-29-63,Tonle Sap,Rural,11285.8544921875,បាត់ដំបង / Battambang,មោងឫស្សី / Moung Ruessei,ឫស្សីក្រាំង / Ruessei Krang,1
65-60-80-72,Tonle Sap,Rural,8318.3974609375,បាត់ដំបង / Battambang,មោងឫស្សី / Moung Ruessei,ឫស្សីក្រាំង / Ruessei Krang,1
95-56-74-69,Tonle Sap,Rural,7176.41748046875,បាត់ដំបង / Battambang,មោងឫស្សី / Moung Ruessei,តាលាស់ / Ta Loas,1
69-30-44-27,Tonle Sap,Rural,6788.56591796875,បាត់ដំបង / Battambang,មោងឫស្សី / Moung Ruessei,តាលាស់ / Ta Loas,1
16-15-53-72,Tonle Sap,Rural,12217.419921875,បាត់ដំបង / Battambang,210,21006,1
49-56-39-78,Tonle Sap,Rural,6524.88232421875,បាត់ដំបង / Battambang,កំរៀង / Kamrieng,បឹងរាំង / Boeung Reang,1
56-42-87-09,Tonle Sap,Rural,6599.4228515625,បាត់ដំបង / Battambang,កំរៀង / Kamrieng,តាសែន / Ta Saen,1
80-49-49-04,Tonle Sap,Rural,11393.0791015625,បាត់ដំបង / Battambang,កំរៀង / Kamrieng,តាសែន / Ta Saen,1
28-99-21-75,Tonle Sap,Rural,9223.208984375,បាត់ដំបង / Battambang,កំរៀង / Kamrieng,តាសែន / Ta Saen,1
90-72-63-71,Tonle Sap,Rural,6005.40966796875,បាត់ដំបង / Battambang,រុក្ខគិរី / Rukhak Kiri,ព្រៃត្រឡាច / Prey Tralach,1
46-76-50-60,Tonle Sap,Rural,8992.0390625,បាត់ដំបង / Battambang,រុក្ខគិរី / Rukhak Kiri,ស្តុកប្រវឹក / Sdok Pravoek,1
94-77-00-60,Tonle Sap,Rural,6547.59375,បាត់ដំបង / Battambang,រុក្ខគិរី / Rukhak Kiri,ស្តុកប្រវឹក / Sdok Pravoek,1
84-65-10-22,Plain,Rural,12827.7939453125,កំពង់ចាម / Kampong Cham,បាធាយ / Batheay,សំបូរ / Sambour,1
66-72-46-34,Plain,Rural,16750.998046875,កំពង់ចាម / Kampong Cham,បាធាយ / Batheay,សំបូរ / Sambour,1
42-34-68-53,Plain,Rural,12827.7939453125,កំពង់ចាម / Kampong Cham,បាធាយ / Batheay,សំបូរ / Sambour,1
16-74-28-23,Plain,Rural,12951.361328125,កំពង់ចាម / Kampong Cham,បាធាយ / Batheay,សណ្ដែក / Sandaek,1
04-13-23-41,Plain,Rural,14465.232421875,កំពង់ចាម / Kampong Cham,បាធាយ / Batheay,សណ្ដែក / Sandaek,1
90-90-59-67,Plain,Rural,12951.361328125,កំពង់ចាម / Kampong Cham,បាធាយ / Batheay,សណ្ដែក / Sandaek,1
87-41-40-78,Plain,Urban,4369.42919921875,កំពង់ចាម / Kampong Cham,កំពង់ចាម / Krong Kampong Cham,កំពង់ចាម / Kampong Cham,1
97-23-41-88,Plain,Urban,2070.92236328125,កំពង់ចាម / Kampong Cham,កំពង់ចាម / Krong Kampong Cham,វាលវង់ / Veal Vong (Krong Kampong Cham),1
03-57-84-60,Plain,Urban,1856.8153076171875,កំពង់ចាម / Kampong Cham,កំពង់ចាម / Krong Kampong Cham,វាលវង់ / Veal Vong (Krong Kampong Cham),1
31-29-31-74,Plain,Rural,14271.2109375,កំពង់ចាម / Kampong Cham,កំពង់សៀម / Kampong Siem,កោះរកា / Kaoh Roka,1
20-28-07-52,Plain,Rural,16685.513671875,កំពង់ចាម / Kampong Cham,កំពង់សៀម / Kampong Siem,កោះរកា / Kaoh Roka,1
09-26-57-25,Plain,Rural,11511.2431640625,កំពង់ចាម / Kampong Cham,កំពង់សៀម / Kampong Siem,កោះរកា / Kaoh Roka,1
73-05-97-72,Plain,Rural,16685.513671875,កំពង់ចាម / Kampong Cham,កំពង់សៀម / Kampong Siem,កោះរកា / Kaoh Roka,1
54-55-17-76,Plain,Rural,10779.5234375,កំពង់ចាម / Kampong Cham,កំពង់សៀម / Kampong Siem,កោះរកា / Kaoh Roka,1
98-57-95-05,Plain,Rural,11466.1064453125,កំពង់ចាម / Kampong Cham,កំពង់សៀម / Kampong Siem,ក្រឡា / Krala,1
16-52-89-41,Plain,Rural,9413.9794921875,កំពង់ចាម / Kampong Cham,កងមាស / Kang Meas,អង្គរបាន / Angkor Ban,1
49-13-03-02,Plain,Rural,12463.341796875,កំពង់ចាម / Kampong Cham,កងមាស / Kang Meas,អង្គរបាន / Angkor Ban,1
29-94-26-51,Plain,Rural,9121.5791015625,កំពង់ចាម / Kampong Cham,កងមាស / Kang Meas,ខ្ចៅ / Khchau,1
91-92-90-54,Plain,Rural,14782.1572265625,កំពង់ចាម / Kampong Cham,ព្រៃឈរ / Prey Chhor,ថ្មពូន / Thma Pun (Prey Chhor),1
34-35-77-48,Plain,Rural,20300.8515625,កំពង់ចាម / Kampong Cham,ព្រៃឈរ / Prey Chhor,ថ្មពូន / Thma Pun (Prey Chhor),1
81-48-88-00,Plain,Rural,11496.7294921875,កំពង់ចាម / Kampong Cham,ព្រៃឈរ / Prey Chhor,ត្រពាំងព្រះ / Trapeang Preah,1
66-09-95-16,Tonle Sap,Rural,12134.3125,កំពង់ចាម / Kampong Cham,ព្រៃឈរ / Prey Chhor,ត្រពាំងព្រះ / Trapeang Preah,1
59-14-09-40,Tonle Sap,Rural,14253.2158203125,កំពង់ចាម / Kampong Cham,ព្រៃឈរ / Prey Chhor,ត្រពាំងព្រះ / Trapeang Preah,1
98-90-99-04,Plain,Rural,10596.490234375,កំពង់ចាម / Kampong Cham,ស្រីសន្ធរ / Srei Santhor,ប្រាំយ៉ាម / Pram Yam,1
52-13-89-92,Plain,Urban,2263.473876953125,កំពង់ចាម / Kampong Cham,ស្រីសន្ធរ / Srei Santhor,ព្រែកពោធិ / Preaek Pou,1
09-69-61-77,Plain,Urban,2029.45947265625,កំពង់ចាម / Kampong Cham,ស្រីសន្ធរ / Srei Santhor,ព្រែកពោធិ / Preaek Pou,1
74-81-56-83,Tonle Sap,Urban,2117.2333984375,កំពង់ឆ្នាំង / Kampong Chhnang,កំពង់ឆ្នាំង / Krong Kampong Chhnang,កំពង់ឆ្នាំង / Kampong Chhnang,1
02-11-13-92,Tonle Sap,Urban,3436.929443359375,កំពង់ឆ្នាំង / Kampong Chhnang,កំពង់ឆ្នាំង / Krong Kampong Chhnang,កំពង់ឆ្នាំង / Kampong Chhnang,1
42-39-53-16,Tonle Sap,Rural,4896.65185546875,កំពង់ឆ្នាំង / Kampong Chhnang,កំពង់ត្រឡាច / Kampong Tralach,អំពិលទឹក / Ampil Tuek,1
57-39-04-44,Tonle Sap,Rural,5422.7802734375,កំពង់ឆ្នាំង / Kampong Chhnang,កំពង់ត្រឡាច / Kampong Tralach,អូរឫស្សី / Ou Ruessei,1
70-05-55-27,Tonle Sap,Rural,10434.5849609375,កំពង់ឆ្នាំង / Kampong Chhnang,កំពង់ត្រឡាច / Kampong Tralach,អូរឫស្សី / Ou Ruessei,1
69-00-14-35,Tonle Sap,Rural,7188.109375,កំពង់ឆ្នាំង / Kampong Chhnang,សាមគ្គីមានជ័យ / Sameakki Mean Chey,40704,1
04-17-01-55,Tonle Sap,Rural,6106.849609375,កំពង់ឆ្នាំង / Kampong Chhnang,សាមគ្គីមានជ័យ / Sameakki Mean Chey,ត្បែងខ្ពស់ / Tbaeng Khpos,1
17-68-86-89,Tonle Sap,Rural,6106.849609375,កំពង់ឆ្នាំង / Kampong Chhnang,សាមគ្គីមានជ័យ / Sameakki Mean Chey,ត្បែងខ្ពស់ / Tbaeng Khpos,1
95-04-09-29,Coastal,Rural,5204.259765625,កំពង់ឆ្នាំង / Kampong Chhnang,សាមគ្គីមានជ័យ / Sameakki Mean Chey,ត្បែងខ្ពស់ / Tbaeng Khpos,1
34-91-88-56,Tonle Sap,Rural,5484.748046875,កំពង់ឆ្នាំង / Kampong Chhnang,ទឹកផុស / Tuek Phos,អភិវឌ្ឍន៍ / Akphivoadth,1
25-17-44-91,Tonle Sap,Rural,4454.8974609375,កំពង់ឆ្នាំង / Kampong Chhnang,ទឹកផុស / Tuek Phos,ក្រាំងស្គារ / Krang Skear,1
22-27-53-02,Tonle Sap,Rural,5916.61669921875,កំពង់ឆ្នាំង / Kampong Chhnang,ទឹកផុស / Tuek Phos,ក្រាំងស្គារ / Krang Skear,1
31-08-08-05,Tonle Sap,Rural,5916.61669921875,កំពង់ឆ្នាំង / Kampong Chhnang,ទឹកផុស / Tuek Phos,ក្រាំងស្គារ / Krang Skear,1
89-18-79-86,Tonle Sap,Rural,5740.0947265625,កំពង់ឆ្នាំង / Kampong Chhnang,ទឹកផុស / Tuek Phos,ទួលខ្ពស់ / Tuol Khpos,1
65-42-12-59,Tonle Sap,Rural,8320.25,កំពង់ឆ្នាំង / Kampong Chhnang,ទឹកផុស / Tuek Phos,ទួលខ្ពស់ / Tuol Khpos,1
52-25-31-84,Tonle Sap,Rural,7116.35498046875,កំពង់ឆ្នាំង / Kampong Chhnang,ទឹកផុស / Tuek Phos,ទួលខ្ពស់ / Tuol Khpos,1
10-83-76-94,Tonle Sap,Rural,6735.61572265625,កំពង់ឆ្នាំង / Kampong Chhnang,ទឹកផុស / Tuek Phos,ទួលខ្ពស់ / Tuol Khpos,1
43-85-90-89,Plateau/Mountain,Rural,8215.4013671875,កំពង់ស្ពឺ / Kampong Speu,បរសេដ្ឋ / Basedth,ពោធិអង្ក្រង / Pou Angkrang,1
60-91-47-86,Plateau/Mountain,Rural,7916.83203125,កំពង់ស្ពឺ / Kampong Speu,គងពិសី / Kong Pisei,ស្រង់ / Srang,1
28-94-48-29,Plateau/Mountain,Rural,9429.078125,កំពង់ស្ពឺ / Kampong Speu,គងពិសី / Kong Pisei,ស្រង់ / Srang,1
32-66-22-66,Plateau/Mountain,Rural,3983.002685546875,កំពង់ស្ពឺ / Kampong Speu,ឱរ៉ាល់ / Aoral,ហោងសំណំ / Haong Samnam,1
84-79-70-97,Plateau/Mountain,Rural,8271.279296875,កំពង់ស្ពឺ / Kampong Speu,ឧដុង្គ / Odongk,ជំពូព្រឹក្ស / Chumpu Proeks,1
11-71-06-95,Plateau/Mountain,Rural,10254.423828125,កំពង់ស្ពឺ / Kampong Speu,ឧដុង្គ / Odongk,ជំពូព្រឹក្ស / Chumpu Proeks,1
57-77-48-16,Plateau/Mountain,Rural,8470.84765625,កំពង់ស្ពឺ / Kampong Speu,ឧដុង្គ / Odongk,ក្រាំងចេក / Krang Chek,1
67-89-30-52,Plateau/Mountain,Rural,7619.20263671875,កំពង់ស្ពឺ / Kampong Speu,ឧដុង្គ / Odongk,ក្រាំងចេក / Krang Chek,1
63-19-74-12,Plateau/Mountain,Urban,2535.961669921875,កំពង់ស្ពឺ / Kampong Speu,ឧដុង្គ / Odongk,វាំងចាស់ / Veang Chas,1
20-39-98-99,Plateau/Mountain,Urban,3368.049072265625,កំពង់ស្ពឺ / Kampong Speu,ឧដុង្គ / Odongk,វាំងចាស់ / Veang Chas,1
28-88-05-65,Plateau/Mountain,Urban,2651.632568359375,កំពង់ស្ពឺ / Kampong Speu,សំរោងទង / Samraong Tong,ត្រពាំងគង / Trapeang Kong,1
21-28-36-64,Plateau/Mountain,Urban,2957.388916015625,កំពង់ស្ពឺ / Kampong Speu,សំរោងទង / Samraong Tong,ត្រពាំងគង / Trapeang Kong,1
10-00-77-35,Plateau/Mountain,Urban,2651.632568359375,កំពង់ស្ពឺ / Kampong Speu,សំរោងទង / Samraong Tong,ត្រពាំងគង / Trapeang Kong,1
00-28-98-16,Plateau/Mountain,Rural,7863.34326171875,កំពង់ស្ពឺ / Kampong Speu,សំរោងទង / Samraong Tong,ទំព័រមាស / Tumpoar Meas,1
50-19-59-77,Plateau/Mountain,Rural,8951.73828125,កំពង់ស្ពឺ / Kampong Speu,ថ្ពង / Thpong,យាអង្គ / Yeang Angk,1
69-96-21-12,Tonle Sap,Rural,6949.88671875,កំពង់ធំ / Kampong Thom,បារាយណ៍ / Baray,បឹង / Boeng,1
29-56-08-14,Tonle Sap,Rural,11998.1103515625,កំពង់ធំ / Kampong Thom,បារាយណ៍ / Baray,បឹង / Boeng,1
06-58-76-54,Tonle Sap,Urban,2447.61083984375,កំពង់ធំ / Kampong Thom,ស្ទឹងសែន / Krong Stueng Saen,កំពង់ធំ / Kampong Thum,1
50-85-43-67,Tonle Sap,Urban,2447.61083984375,កំពង់ធំ / Kampong Thom,ស្ទឹងសែន / Krong Stueng Saen,កំពង់ធំ / Kampong Thum,1
71-97-83-07,Tonle Sap,Urban,3614.08837890625,កំពង់ធំ / Kampong Thom,ស្ទឹងសែន / Krong Stueng Saen,កំពង់ធំ / Kampong Thum,1
99-02-91-63,Tonle Sap,Urban,5252.79736328125,កំពង់ធំ / Kampong Thom,ស្ទឹងសែន / Krong Stueng Saen,កំពង់ធំ / Kampong Thum,1
84-70-29-25,Tonle Sap,Urban,3614.08837890625,កំពង់ធំ / Kampong Thom,ស្ទឹងសែន / Krong Stueng Saen,កំពង់ក្របៅ / Kampong Krabau,1
87-60-75-90,Tonle Sap,Urban,3674.114501953125,កំពង់ធំ / Kampong Thom,ស្ទឹងសែន / Krong Stueng Saen,ស្រយ៉ូវ / Srayov,1
29-65-13-28,Tonle Sap,Urban,3475.545654296875,កំពង់ធំ / Kampong Thom,ស្ទឹងសែន / Krong Stueng Saen,ស្រយ៉ូវ / Srayov,1
54-16-50-08,Tonle Sap,Urban,3475.545654296875,កំពង់ធំ / Kampong Thom,ស្ទឹងសែន / Krong Stueng Saen,ស្រយ៉ូវ / Srayov,1
85-25-56-55,Tonle Sap,Rural,11749.875,កំពង់ធំ / Kampong Thom,ប្រាសាទបល្ល័ង្គ / Prasat Ballangk,ក្រយា / Kraya,1
59-79-57-21,Tonle Sap,Rural,8555.724609375,កំពង់ធំ / Kampong Thom,ប្រាសាទបល្ល័ង្គ / Prasat Ballangk,ក្រយា / Kraya,1
95-72-64-75,Tonle Sap,Rural,9671.8623046875,កំពង់ធំ / Kampong Thom,ប្រាសាទសំបូរ / Prasat Sambour,ឈូក / Chhuk,1
79-85-65-98,Tonle Sap,Rural,8713.27734375,កំពង់ធំ / Kampong Thom,ប្រាសាទសំបូរ / Prasat Sambour,ឈូក / Chhuk,1
19-39-08-63,Tonle Sap,Rural,10224.4462890625,កំពង់ធំ / Kampong Thom,ប្រាសាទសំបូរ / Prasat Sambour,ឈូក / Chhuk,1
55-83-48-37,Tonle Sap,Rural,10968.255859375,កំពង់ធំ / Kampong Thom,ប្រាសាទសំបូរ / Prasat Sambour,សំបូរណ៍ / Sambour,1
53-39-73-69,Tonle Sap,Rural,11749.9150390625,កំពង់ធំ / Kampong Thom,ប្រាសាទសំបូរ / Prasat Sambour,សំបូរណ៍ / Sambour,1
79-90-83-59,Tonle Sap,Rural,8847.0615234375,កំពង់ធំ / Kampong Thom,ប្រាសាទសំបូរ / Prasat Sambour,សំបូរណ៍ / Sambour,1
59-18-03-22,Tonle Sap,Rural,11749.9150390625,កំពង់ធំ / Kampong Thom,ប្រាសាទសំបូរ / Prasat Sambour,សំបូរណ៍ / Sambour,1
93-07-64-20,Tonle Sap,Rural,9820.3642578125,កំពង់ធំ / Kampong Thom,ប្រាសាទសំបូរ / Prasat Sambour,សំបូរណ៍ / Sambour,1
27-08-88-11,Tonle Sap,Rural,6443.57275390625,កំពង់ធំ / Kampong Thom,ស្ទោង / Stoung,ពាមបាង / Peam Bang,1
31-52-38-21,Tonle Sap,Rural,7674.40185546875,កំពង់ធំ / Kampong Thom,ស្ទោង / Stoung,ពាមបាង / Peam Bang,1
69-06-28-03,Tonle Sap,Rural,6443.57275390625,កំពង់ធំ / Kampong Thom,ស្ទោង / Stoung,ពាមបាង / Peam Bang,1
41-85-41-75,Tonle Sap,Rural,6443.57275390625,កំពង់ធំ / Kampong Thom,ស្ទោង / Stoung,ពាមបាង / Peam Bang,1
85-73-97-33,Tonle Sap,Rural,12102.53515625,កំពង់ធំ / Kampong Thom,ស្ទោង / Stoung,ប្រឡាយ / Pralay,1
36-81-17-19,Tonle Sap,Rural,7455.4599609375,កំពង់ធំ / Kampong Thom,ស្ទោង / Stoung,ប្រឡាយ / Pralay,1
20-20-96-41,Tonle Sap,Rural,9735.6103515625,កំពង់ធំ / Kampong Thom,ស្ទោង / Stoung,ប្រឡាយ / Pralay,1
38-26-45-97,Coastal,Rural,4029.070556640625,កំពត / Kampot,អង្គរជ័យ / Angkor Chey,អង្គភ្នំតូច / Angk Phnum Touch,1
78-69-73-86,Coastal,Rural,3778.645751953125,កំពត / Kampot,អង្គរជ័យ / Angkor Chey,ដំបូកខ្ពស់ / Dambouk Khpos,1
87-64-17-69,Coastal,Rural,4500.4296875,កំពត / Kampot,អង្គរជ័យ / Angkor Chey,ដំបូកខ្ពស់ / Dambouk Khpos,1
73-14-02-84,Coastal,Rural,5977.08837890625,កំពត / Kampot,អង្គរជ័យ / Angkor Chey,ដំបូកខ្ពស់ / Dambouk Khpos,1
81-36-68-15,Coastal,Rural,4214.35693359375,កំពត / Kampot,អង្គរជ័យ / Angkor Chey,ដំបូកខ្ពស់ / Dambouk Khpos,1
43-39-89-28,Coastal,Rural,5977.08837890625,កំពត / Kampot,អង្គរជ័យ / Angkor Chey,ដំបូកខ្ពស់ / Dambouk Khpos,1
74-86-45-86,Coastal,Rural,8841.537109375,កំពត / Kampot,អង្គរជ័យ / Angkor Chey,ប្រភ្នំ / Praphnum,1
58-73-10-11,Coastal,Rural,5446.60498046875,កំពត / Kampot,អង្គរជ័យ / Angkor Chey,ប្រភ្នំ / Praphnum,1
36-15-16-16,Coastal,Rural,5757.78662109375,កំពត / Kampot,អង្គរជ័យ / Angkor Chey,ប្រភ្នំ / Praphnum,1
13-39-71-32,Coastal,Rural,5757.78662109375,កំពត / Kampot,អង្គរជ័យ / Angkor Chey,ប្រភ្នំ / Praphnum,1
71-09-53-26,Coastal,Rural,6567.75341796875,កំពត / Kampot,អង្គរជ័យ / Angkor Chey,តានី / Tani,1
30-25-79-75,Coastal,Rural,6567.75341796875,កំពត / Kampot,អង្គរជ័យ / Angkor Chey,តានី / Tani,1
88-21-21-87,Coastal,Rural,6567.75341796875,កំពត / Kampot,អង្គរជ័យ / Angkor Chey,តានី / Tani,1
50-26-41-60,Coastal,Rural,5316.8916015625,កំពត / Kampot,អង្គរជ័យ / Angkor Chey,តានី / Tani,1
65-85-43-35,Coastal,Rural,4846.96533203125,កំពត / Kampot,ជុំគិរី / Chum Kiri,ស្នាយអញ្ជិត / Snay Anhchit,1
67-04-29-75,Coastal,Rural,5413.52197265625,កំពត / Kampot,ជុំគិរី / Chum Kiri,ស្នាយអញ្ជិត / Snay Anhchit,1
67-06-49-60,Coastal,Rural,4216.45947265625,កំពត / Kampot,ជុំគិរី / Chum Kiri,ស្រែក្នុង / Srae Knong,1
06-89-25-87,Coastal,Rural,4998.0341796875,កំពត / Kampot,ជុំគិរី / Chum Kiri,ស្រែក្នុង / Srae Knong,1
19-20-48-23,Coastal,Rural,4216.45947265625,កំពត / Kampot,ជុំគិរី / Chum Kiri,ស្រែក្នុង / Srae Knong,1
46-88-89-87,Coastal,Rural,4502.67529296875,កំពត / Kampot,ជុំគិរី / Chum Kiri,ស្រែក្នុង / Srae Knong,1
11-79-71-86,Coastal,Rural,4302.89599609375,កំពត / Kampot,ដងទង់ / Dang Tong,ស្រែជាខាងជើង / Srae Chea Khang Cheung,1
15-80-17-44,Coastal,Rural,7428.41162109375,កំពត / Kampot,ដងទង់ / Dang Tong,ស្រែជាខាងជើង / Srae Chea Khang Cheung,1
51-80-19-87,Coastal,Rural,6806.35107421875,កំពត / Kampot,ដងទង់ / Dang Tong,ស្រែជាខាងជើង / Srae Chea Khang Cheung,1
83-78-78-49,Coastal,Rural,8026.3603515625,កំពត / Kampot,ដងទង់ / Dang Tong,អង្គ រមាស / Angkor Meas,1
52-80-53-09,Coastal,Rural,4171.2431640625,កំពត / Kampot,ដងទង់ / Dang Tong,អង្គ រមាស / Angkor Meas,1
50-42-56-85,Coastal,Urban,7298.9658203125,កំពត / Kampot,កំពង់ត្រាច / Kampong Trach,កំពង់ត្រាចខាងកើត / Kampong Trach Khang Kaeut,1
13-52-02-28,Coastal,Urban,6213.890625,កំពត / Kampot,កំពង់ត្រាច / Kampong Trach,កំពង់ត្រាចខាងកើត / Kampong Trach Khang Kaeut,1
84-37-56-77,Coastal,Urban,10608.48046875,កំពត / Kampot,កំពង់ត្រាច / Kampong Trach,កំពង់ត្រាចខាងកើត / Kampong Trach Khang Kaeut,1
24-78-94-60,Coastal,Rural,4701.42041015625,កំពត / Kampot,កំពង់ត្រាច / Kampong Trach,កំពង់ត្រាចខាងលិច / Kampong Trach Khang Lech,1
77-70-84-36,Coastal,Rural,4701.42041015625,កំពត / Kampot,កំពង់ត្រាច / Kampong Trach,កំពង់ត្រាចខាងលិច / Kampong Trach Khang Lech,1
27-29-97-73,Coastal,Rural,4701.42041015625,កំពត / Kampot,កំពង់ត្រាច / Kampong Trach,កំពង់ត្រាចខាងលិច / Kampong Trach Khang Lech,1
98-93-03-74,Plain,Rural,15868.794921875,កណ្ដាល / Kandal,កណ្ដាលស្ទឹង / Kandal Stueng,គោកត្រប់ / Kouk Trab,1
92-90-62-95,Plain,Rural,13460.556640625,កណ្ដាល / Kandal,កណ្ដាលស្ទឹង / Kandal Stueng,រលាំងកែន / Roleang Kaen,1
35-34-74-29,Plain,Rural,15033.9462890625,កណ្ដាល / Kandal,កណ្ដាលស្ទឹង / Kandal Stueng,រលាំងកែន / Roleang Kaen,1
01-32-06-48,Plain,Rural,14229.599609375,កណ្ដាល / Kandal,កណ្ដាលស្ទឹង / Kandal Stueng,រលាំងកែន / Roleang Kaen,1
68-34-61-83,Plain,Rural,13460.556640625,កណ្ដាល / Kandal,កណ្ដាលស្ទឹង / Kandal Stueng,រលាំងកែន / Roleang Kaen,1
33-13-27-35,Plain,Urban,2395.6728515625,កណ្ដាល / Kandal,កៀនស្វាយ / Kien Svay,ដីឥដ្ឋ / Dei Edth,1
73-70-46-99,Plain,Urban,2676.00341796875,កណ្ដាល / Kandal,កៀនស្វាយ / Kien Svay,គគីរ / Kokir (Kien Svay),1
70-81-55-76,Plain,Urban,3128.710693359375,កណ្ដាល / Kandal,កៀនស្វាយ / Kien Svay,គគីរ / Kokir (Kien Svay),1
65-57-01-02,Plain,Rural,20308.79296875,កណ្ដាល / Kandal,ល្វាឯម / Lvea Aem,អរិយក្សត្រ / Akreiy Ksatv,1
52-89-90-66,Plain,Rural,9463.1513671875,កណ្ដាល / Kandal,ល្វាឯម / Lvea Aem,អរិយក្សត្រ / Akreiy Ksatv,1
13-62-04-21,Plain,Rural,12510.7177734375,កណ្ដាល / Kandal,ល្វាឯម / Lvea Aem,អរិយក្សត្រ / Akreiy Ksatv,1
14-89-02-15,Plain,Rural,13225.494140625,កណ្ដាល / Kandal,ល្វាឯម / Lvea Aem,អរិយក្សត្រ / Akreiy Ksatv,1
35-74-11-78,Plain,Rural,11505.45703125,កណ្ដាល / Kandal,ល្វាឯម / Lvea Aem,សារិកាកែវ / Sarikakaev,1
11-16-10-36,Plain,Rural,13703.189453125,កណ្ដាល / Kandal,ល្វាឯម / Lvea Aem,សារិកាកែវ / Sarikakaev,1
19-02-16-28,Plain,Urban,2218.950927734375,កណ្ដាល / Kandal,មុខកំពូល / Mukh Kampul,ព្រែកអញ្ចាញ / Preaek Anhchanh,1
91-26-98-02,Plain,Urban,2937.7099609375,កណ្ដាល / Kandal,មុខកំពូល / Mukh Kampul,ព្រែកអញ្ចាញ / Preaek Anhchanh,1
58-13-62-89,Plain,Rural,11844.4599609375,កណ្ដាល / Kandal,មុខកំពូល / Mukh Kampul,ឫស្សីជ្រោយ / Ruessei Chrouy,1
12-16-17-74,Plain,Rural,11844.4599609375,កណ្ដាល / Kandal,មុខកំពូល / Mukh Kampul,ស្វាយអំពារ / Svay Ampear,1
31-31-68-97,Plain,Urban,3160.634033203125,កណ្ដាល / Kandal,ស្អាង / S'ang,ព្រែកគយ / Preaek Koy,1
64-87-88-01,Plain,Urban,2690.76953125,កណ្ដាល / Kandal,ស្អាង / S'ang,ព្រែកគយ / Preaek Koy,1
88-52-19-69,Plain,Urban,1235.8876953125,កណ្ដាល / Kandal,ស្អាង / S'ang,ស្វាយរលំ / Svay Rolum,1
82-82-33-85,Plain,Urban,2133.60595703125,កណ្ដាល / Kandal,ស្អាង / S'ang,ស្វាយរលំ / Svay Rolum,1
96-43-59-47,Plain,Urban,1633.89990234375,កណ្ដាល / Kandal,ស្អាង / S'ang,ស្វាយរលំ / Svay Rolum,1
22-89-95-50,Plain,Urban,1471.962890625,កណ្ដាល / Kandal,ស្អាង / S'ang,ស្វាយរលំ / Svay Rolum,1
57-36-10-30,Plain,Urban,2042.456787109375,កណ្ដាល / Kandal,តាខ្មៅ / Krong Ta Khmau,ព្រែកឫស្សី / Preaek Ruessei,1
53-79-32-75,Plain,Urban,2570.086181640625,កណ្ដាល / Kandal,តាខ្មៅ / Krong Ta Khmau,ព្រែកឫស្សី / Preaek Ruessei,1
99-51-79-01,Plain,Urban,2804.97705078125,កណ្ដាល / Kandal,តាខ្មៅ / Krong Ta Khmau,ព្រែកឫស្សី / Preaek Ruessei,1
24-50-42-93,Plain,Urban,3212.23486328125,កណ្ដាល / Kandal,តាខ្មៅ / Krong Ta Khmau,ដើមមៀន / Daeum Mien,1
30-84-11-52,Coastal,Urban,772.1187744140625,កោះកុង / Koh Kong,មណ្ឌលសីមា / Mondol Seima,ប៉ាក់ខ្លង / Bak Khlang,1
09-94-37-20,Coastal,Urban,772.1187744140625,កោះកុង / Koh Kong,មណ្ឌលសីមា / Mondol Seima,ប៉ាក់ខ្លង / Bak Khlang,1
72-92-01-02,Coastal,Rural,1636.4337158203125,កោះកុង / Koh Kong,មណ្ឌលសីមា / Mondol Seima,ពាមក្រសោប / Peam Krasaob,1
80-40-93-12,Coastal,Rural,1467.247314453125,កោះកុង / Koh Kong,មណ្ឌលសីមា / Mondol Seima,ពាមក្រសោប / Peam Krasaob,1
65-65-50-55,Coastal,Rural,2153.29931640625,កោះកុង / Koh Kong,ស្រែ អំបិល / Srae Ambel,ជ្រោយស្វាយ / Chrouy Svay,1
17-01-45-98,Coastal,Rural,3323.385009765625,កោះកុង / Koh Kong,ស្រែ អំបិល / Srae Ambel,ដងពែង / Dang Peaeng,1
90-49-69-32,Coastal,Rural,1548.575439453125,កោះកុង / Koh Kong,ស្រែ អំបិល / Srae Ambel,ដងពែង / Dang Peaeng,1
16-17-55-72,Coastal,Rural,2673.421875,កោះកុង / Koh Kong,ស្រែ អំបិល / Srae Ambel,ដងពែង / Dang Peaeng,1
60-48-87-43,Coastal,Urban,2210.688232421875,កោះកុង / Koh Kong,ស្រែ អំបិល / Srae Ambel,ស្រែអំបិល / Srae Ambel,1
12-82-57-48,Coastal,Urban,2336.99169921875,កោះកុង / Koh Kong,ស្រែ អំបិល / Srae Ambel,ស្រែអំបិល / Srae Ambel,1
20-80-17-46,Coastal,Rural,1660.19189453125,កោះកុង / Koh Kong,ថ្មបាំង / Thma Bang,ឬស្សីជ្រុំ / Ruessei Chrum,1
14-97-32-57,Coastal,Rural,1472.972900390625,កោះកុង / Koh Kong,ថ្មបាំង / Thma Bang,ឬស្សីជ្រុំ / Ruessei Chrum,1
33-80-37-22,Plateau/Mountain,Rural,8708.4326171875,ក្រចេះ / Kratie,សំបូរ / Sambour,ក្បាលដំរី / Kbal Damrei,1
54-62-44-15,Plateau/Mountain,Rural,7024.2734375,ក្រចេះ / Kratie,សំបូរ / Sambour,ក្បាលដំរី / Kbal Damrei,1
69-45-68-23,Plateau/Mountain,Rural,8708.4326171875,ក្រចេះ / Kratie,សំបូរ / Sambour,ក្បាលដំរី / Kbal Damrei,1
15-09-32-42,Plateau/Mountain,Rural,6005.15380859375,ក្រចេះ / Kratie,សំបូរ / Sambour,អូរគ្រៀង / Ou Krieng,1
35-77-62-41,Plateau/Mountain,Rural,7939.0869140625,ក្រចេះ / Kratie,សំបូរ / Sambour,អូរគ្រៀង / Ou Krieng,1
08-98-49-88,Plateau/Mountain,Rural,7152.23828125,ក្រចេះ / Kratie,សំបូរ / Sambour,អូរគ្រៀង / Ou Krieng,1
65-03-40-91,Plateau/Mountain,Rural,9498.9951171875,ក្រចេះ / Kratie,សំបូរ / Sambour,អូរគ្រៀង / Ou Krieng,1
95-80-09-27,Plateau/Mountain,Rural,7003.107421875,ក្រចេះ / Kratie,សំបូរ / Sambour,វឌ្ឍនៈ / Vodtheaknak,1
39-44-97-01,Plateau/Mountain,Rural,10150.9833984375,ក្រចេះ / Kratie,សំបូរ / Sambour,វឌ្ឍនៈ / Vodtheaknak,1
89-51-49-68,Plateau/Mountain,Rural,7391.48388671875,ក្រចេះ / Kratie,សំបូរ / Sambour,វឌ្ឍនៈ / Vodtheaknak,1
69-08-19-24,Plateau/Mountain,Rural,5879.94091796875,ក្រចេះ / Kratie,សំបូរ / Sambour,វឌ្ឍនៈ / Vodtheaknak,1
32-04-34-69,Plateau/Mountain,Rural,6696.96435546875,ក្រចេះ / Kratie,ស្នួល / Snuol,ឃ្សឹម / Khsuem,1
59-05-04-32,Plateau/Mountain,Rural,6696.96435546875,ក្រចេះ / Kratie,ស្នួល / Snuol,ឃ្សឹម / Khsuem,1
46-39-07-37,Plateau/Mountain,Rural,8015.49365234375,ក្រចេះ / Kratie,ស្នួល / Snuol,ស្រែចារ / Srae Char,1
85-73-20-42,Plateau/Mountain,Rural,7209.62841796875,ក្រចេះ / Kratie,ស្នួល / Snuol,ស្រែចារ / Srae Char,1
70-34-49-84,Plateau/Mountain,Rural,9072.09765625,ក្រចេះ / Kratie,ស្នួល / Snuol,ស្រែចារ / Srae Char,1
26-18-30-56,Plateau/Mountain,Rural,6396.6015625,ក្រចេះ / Kratie,ស្នួល / Snuol,ស្រែចារ / Srae Char,1
88-05-51-96,Plateau/Mountain,Rural,8116.5546875,ក្រចេះ / Kratie,ស្នួល / Snuol,ស្វាយជ្រះ / Svay Chreah,1
16-85-46-70,Plateau/Mountain,Rural,7600.62060546875,ក្រចេះ / Kratie,ស្នួល / Snuol,ស្វាយជ្រះ / Svay Chreah,1
41-19-13-76,Plateau/Mountain,Rural,6814.81298828125,ក្រចេះ / Kratie,ស្នួល / Snuol,ស្វាយជ្រះ / Svay Chreah,1
76-57-84-06,Plateau/Mountain,Rural,11764.9228515625,ក្រចេះ / Kratie,ស្នួល / Snuol,ស្វាយជ្រះ / Svay Chreah,1
03-81-33-62,Plateau/Mountain,Rural,2248.1884765625,មណ្ឌលគិរី / Mondul Kiri,កោះញែក / Kaoh Nheaek,ស្រែហ៊ុយ / Srae Huy,1
80-58-14-70,Plateau/Mountain,Rural,3050.1943359375,មណ្ឌលគិរី / Mondul Kiri,កោះញែក / Kaoh Nheaek,ស្រែហ៊ុយ / Srae Huy,1
40-86-31-68,Plateau/Mountain,Rural,1681.1982421875,មណ្ឌលគិរី / Mondul Kiri,អូររាំង / Ou Reang,សែនមនោរម្យ / Saen Monourom,1
13-81-20-31,Plateau/Mountain,Rural,2097.42431640625,មណ្ឌលគិរី / Mondul Kiri,ពេជ្រាដា / Pech Chreada,ក្រង់តេះ / Krang Teh,1
70-11-55-43,Plateau/Mountain,Rural,2097.42431640625,មណ្ឌលគិរី / Mondul Kiri,ពេជ្រាដា / Pech Chreada,ក្រង់តេះ / Krang Teh,1
20-82-62-78,Plateau/Mountain,Rural,1573.3287353515625,មណ្ឌលគិរី / Mondul Kiri,ពេជ្រាដា / Pech Chreada,ប៊ូស្រា / Bu Sra,1
05-81-85-24,Plateau/Mountain,Rural,1573.3287353515625,មណ្ឌលគិរី / Mondul Kiri,ពេជ្រាដា / Pech Chreada,ប៊ូស្រា / Bu Sra,1
31-72-86-88,Plateau/Mountain,Urban,468.11419677734375,មណ្ឌលគិរី / Mondul Kiri,សែនមនោរម្យ / Krong Saen Monourom,សុខដុម / Sokh Dom,1
98-59-09-34,Phnom Penh,Urban,10112.90234375,ភ្នំពេញ / Phnom Penh,៧មករា / Prampir Meakkakra,មនោរម្យ / Monourom,1
67-60-15-46,Phnom Penh,Urban,1054.52490234375,ភ្នំពេញ / Phnom Penh,៧មករា / Prampir Meakkakra,វាលវង់ / Veal Vong,1
15-87-00-11,Phnom Penh,Urban,1302.614501953125,ភ្នំពេញ / Phnom Penh,៧មករា / Prampir Meakkakra,វាលវង់ / Veal Vong,1
09-03-50-98,Phnom Penh,Urban,10849.2490234375,ភ្នំពេញ / Phnom Penh,ទួលគោក / Tuol Kouk,ផ្សារដើមគរ / Phsar Daeum Kor,1
30-57-28-29,Phnom Penh,Urban,7899.93017578125,ភ្នំពេញ / Phnom Penh,ទួលគោក / Tuol Kouk,ផ្សារដើមគរ / Phsar Daeum Kor,1
96-06-20-32,Phnom Penh,Urban,9940.724609375,ភ្នំពេញ / Phnom Penh,ទួលគោក / Tuol Kouk,ផ្សារដើមគរ / Phsar Daeum Kor,1
43-20-92-64,Phnom Penh,Urban,5962.5263671875,ភ្នំពេញ / Phnom Penh,ទួលគោក / Tuol Kouk,បឹងសាឡាង / Boeng Salang,1
50-54-33-12,Phnom Penh,Urban,3882.916748046875,ភ្នំពេញ / Phnom Penh,ទួលគោក / Tuol Kouk,បឹងសាឡាង / Boeng Salang,1
51-51-35-80,Phnom Penh,Urban,5744.17138671875,ភ្នំពេញ / Phnom Penh,មានជ័យ / Mean Chey,បឹងទំពុនទី១ / Boeng Tumpun Ti 1,1
21-09-64-49,Phnom Penh,Urban,15162.19921875,ភ្នំពេញ / Phnom Penh,ឬស្សីកែវ / Ruessei Kaev,ទួលសង្កែ១ / Tuol Sangkae 1,1
34-60-80-61,Phnom Penh,Urban,3086.768310546875,ភ្នំពេញ / Phnom Penh,ឬស្សីកែវ / Ruessei Kaev,ទួលសង្កែ១ / Tuol Sangkae 1,2
67-59-04-59,Phnom Penh,Urban,1713.063720703125,ភ្នំពេញ / Phnom Penh,ឬស្សីកែវ / Ruessei Kaev,ទួលសង្កែ១ / Tuol Sangkae 1,2
21-33-55-76,Phnom Penh,Urban,1604.1717529296875,ភ្នំពេញ / Phnom Penh,ឬស្សីកែវ / Ruessei Kaev,ទួលសង្កែ១ / Tuol Sangkae 1,2
63-85-72-79,Phnom Penh,Urban,1773.9979248046875,ភ្នំពេញ / Phnom Penh,ពោធិ៍សែនជ័យ / Pou Saenchey,កាកាប / Chaom Chau Ti 1,1
76-95-05-44,Phnom Penh,Urban,2436.293212890625,ភ្នំពេញ / Phnom Penh,ពោធិ៍សែនជ័យ / Pou Saenchey,កាកាប / Chaom Chau Ti 1,1
24-82-80-64,Phnom Penh,Urban,9963.0810546875,ភ្នំពេញ / Phnom Penh,ពោធិ៍សែនជ័យ / Pou Saenchey,កាកាប / Chaom Chau Ti 1,2
66-41-98-09,Phnom Penh,Urban,8920.3876953125,ភ្នំពេញ / Phnom Penh,ពោធិ៍សែនជ័យ / Pou Saenchey,កាកាប / Chaom Chau Ti 1,2
87-76-07-29,Phnom Penh,Urban,1285.5743408203125,ភ្នំពេញ / Phnom Penh,ពោធិ៍សែនជ័យ / Pou Saenchey,ចោមចៅ3 / Chaom Chau Ti 3,1
72-37-13-33,Phnom Penh,Urban,1531.140380859375,ភ្នំពេញ / Phnom Penh,ពោធិ៍សែនជ័យ / Pou Saenchey,ចោមចៅ3 / Chaom Chau Ti 3,1
85-06-62-86,Phnom Penh,Urban,1531.140380859375,ភ្នំពេញ / Phnom Penh,ពោធិ៍សែនជ័យ / Pou Saenchey,ចោមចៅ3 / Chaom Chau Ti 3,1
76-56-99-54,Phnom Penh,Urban,7908.212890625,ភ្នំពេញ / Phnom Penh,ពោធិ៍សែនជ័យ / Pou Saenchey,ចោមចៅ3 / Chaom Chau Ti 3,2
44-19-40-06,Phnom Penh,Urban,8445.0263671875,ភ្នំពេញ / Phnom Penh,ពោធិ៍សែនជ័យ / Pou Saenchey,ចោមចៅ3 / Chaom Chau Ti 3,2
98-91-03-89,Phnom Penh,Urban,7785.0556640625,ភ្នំពេញ / Phnom Penh,ព្រែកព្នៅ / Preaek Phnov,គោករកា / Kouk Roka,1
66-09-77-42,Phnom Penh,Urban,9272.130859375,ភ្នំពេញ / Phnom Penh,ព្រែកព្នៅ / Preaek Phnov,គោករកា / Kouk Roka,1
56-89-63-74,Phnom Penh,Urban,11243.5244140625,ភ្នំពេញ / Phnom Penh,ព្រែកព្នៅ / Preaek Phnov,ពន្សាំង / Ponsang,1
24-54-99-87,Phnom Penh,Urban,5545.162109375,ភ្នំពេញ / Phnom Penh,ច្បារអំពៅ / Chhbar Ampov,និរោធ / Nirouth,1
52-55-51-37,Phnom Penh,Urban,4175.21240234375,ភ្នំពេញ / Phnom Penh,ច្បារអំពៅ / Chhbar Ampov,និរោធ / Nirouth,1
31-99-66-16,Phnom Penh,Urban,7444.43310546875,ភ្នំពេញ / Phnom Penh,ច្បារអំពៅ / Chhbar Ampov,ព្រែកប្រា / Preaek Pra,1
95-65-40-38,Phnom Penh,Urban,15162.19921875,ភ្នំពេញ / Phnom Penh,ច្បារអំពៅ / Chhbar Ampov,ព្រែកប្រា / Preaek Pra,1
77-18-77-96,Phnom Penh,Urban,10992.28515625,ភ្នំពេញ / Phnom Penh,ច្បារអំពៅ / Chhbar Ampov,ព្រែកប្រា / Preaek Pra,1
88-32-05-81,Phnom Penh,Urban,11775.65625,ភ្នំពេញ / Phnom Penh,ច្បារអំពៅ / Chhbar Ampov,ព្រែកប្រា / Preaek Pra,1
09-11-38-06,Plateau/Mountain,Rural,5580.966796875,ព្រះវិហារ / Preah Vihear,រវៀង / Rovieng,រៀបរយ / Rieb Roy,1
11-11-31-58,Plateau/Mountain,Rural,10056.3388671875,ព្រះវិហារ / Preah Vihear,រវៀង / Rovieng,រៀបរយ / Rieb Roy,1
37-80-84-96,Plateau/Mountain,Rural,5713.123046875,ព្រះវិហារ / Preah Vihear,រវៀង / Rovieng,រមទម / Romtom,1
44-21-01-09,Plateau/Mountain,Rural,4107.3935546875,ព្រះវិហារ / Preah Vihear,ត្បែងមានជ័យ / Tbaeng Mean Chey,ឈានមុខ / Chhean Mukh,1
93-34-63-42,Plateau/Mountain,Rural,5740.4033203125,ព្រះវិហារ / Preah Vihear,ត្បែងមានជ័យ / Tbaeng Mean Chey,ឈានមុខ / Chhean Mukh,1
55-45-00-38,Plateau/Mountain,Rural,5740.4033203125,ព្រះវិហារ / Preah Vihear,ត្បែងមានជ័យ / Tbaeng Mean Chey,ឈានមុខ / Chhean Mukh,1
87-52-91-38,Plateau/Mountain,Rural,5163.27197265625,ព្រះវិហារ / Preah Vihear,ត្បែងមានជ័យ / Tbaeng Mean Chey,ឈានមុខ / Chhean Mukh,1
31-16-02-60,Plateau/Mountain,Rural,8469.1640625,ព្រះវិហារ / Preah Vihear,ត្បែងមានជ័យ / Tbaeng Mean Chey,ព្រះឃ្លាំង / Preah Khleang,1
17-67-81-96,Plateau/Mountain,Rural,7243.72216796875,ព្រះវិហារ / Preah Vihear,ត្បែងមានជ័យ / Tbaeng Mean Chey,ព្រះឃ្លាំង / Preah Khleang,1
00-54-36-13,Plateau/Mountain,Urban,1704.091796875,ព្រះវិហារ / Preah Vihear,ព្រះវិហារ / Krong Preah Vihear,ប៉ាលហាល / Pal Hal,1
22-34-46-74,Plateau/Mountain,Urban,1801.4517822265625,ព្រះវិហារ / Preah Vihear,ព្រះវិហារ / Krong Preah Vihear,ប៉ាលហាល / Pal Hal,1
09-72-34-65,Plateau/Mountain,Urban,1288.9810791015625,ព្រះវិហារ / Preah Vihear,ព្រះវិហារ / Krong Preah Vihear,ប៉ាលហាល / Pal Hal,1
46-68-42-16,Plateau/Mountain,Urban,1870.9571533203125,ព្រះវិហារ / Preah Vihear,ព្រះវិហារ / Krong Preah Vihear,ប៉ាលហាល / Pal Hal,2
84-31-44-97,Plateau/Mountain,Urban,1413.1966552734375,ព្រះវិហារ / Preah Vihear,ព្រះវិហារ / Krong Preah Vihear,ប៉ាលហាល / Pal Hal,2
39-70-52-15,Plateau/Mountain,Urban,1770.8572998046875,ព្រះវិហារ / Preah Vihear,ព្រះវិហារ / Krong Preah Vihear,ប៉ាលហាល / Pal Hal,2
40-56-73-24,Plain,Rural,14591.09765625,ព្រៃវែង / Prey Veng,កំពង់ត្របែក / Kampong Trabaek,ប្រធាតុ / Pratheat,1
59-70-72-12,Plain,Rural,15424.7314453125,ព្រៃវែង / Prey Veng,កំពង់ត្របែក / Kampong Trabaek,ប្រធាតុ / Pratheat,1
07-07-39-43,Plain,Rural,11450.537109375,ព្រៃវែង / Prey Veng,កំពង់ត្របែក / Kampong Trabaek,ថ្កូវ / Thkov,1
80-49-06-34,Plain,Rural,22033.271484375,ព្រៃវែង / Prey Veng,កំពង់ត្របែក / Kampong Trabaek,ថ្កូវ / Thkov,1
85-03-27-87,Plain,Rural,13602.3095703125,ព្រៃវែង / Prey Veng,កញ្ជ្រៀច / Kanhchriech,ថ្មពូន / Thma Pun,1
00-40-34-48,Plain,Rural,14371.1982421875,ព្រៃវែង / Prey Veng,កញ្ជ្រៀច / Kanhchriech,ថ្មពូន / Thma Pun,1
38-84-61-98,Plain,Rural,11992.7158203125,ព្រៃវែង / Prey Veng,មេសាង / Me Sang,អង្គរសរ / Angkor Sar,1
09-27-61-41,Plain,Rural,14086.892578125,ព្រៃវែង / Prey Veng,មេសាង / Me Sang,អង្គរសរ / Angkor Sar,1
14-93-22-59,Plain,Rural,13262.544921875,ព្រៃវែង / Prey Veng,មេសាង / Me Sang,ស្វាយជ្រុំ / Svay Chrum,1
50-20-51-46,Plain,Rural,13070.3349609375,ព្រៃវែង / Prey Veng,ព្រះស្ដេច / Preah Sdach,បឹងដោល / Boeng Daol,1
86-42-22-29,Plain,Rural,13070.3349609375,ព្រៃវែង / Prey Veng,ព្រះស្ដេច / Preah Sdach,បឹងដោល / Boeng Daol,1
06-38-45-14,Plain,Rural,15638.4541015625,ព្រៃវែង / Prey Veng,ព្រះស្ដេច / Preah Sdach,បឹងដោល / Boeng Daol,1
40-15-27-64,Plain,Rural,14598.111328125,ព្រៃវែង / Prey Veng,ព្រះស្ដេច / Preah Sdach,កំពង់សឹង / Kampong Soeng,1
42-21-50-32,Plain,Rural,9886.4482421875,ព្រៃវែង / Prey Veng,ព្រះស្ដេច / Preah Sdach,កំពង់សឹង / Kampong Soeng,1
48-29-09-53,Plain,Rural,11500.4462890625,ព្រៃវែង / Prey Veng,ព្រះស្ដេច / Preah Sdach,សេនារាជឧត្ដម / Sena Reach Otdam,1
79-65-65-94,Plain,Urban,2606.1923828125,ព្រៃវែង / Prey Veng,ព្រៃវែង / Krong Prey Veaeng,កំពង់លាវ / Sangkat Pou Rieng,1
42-49-42-16,Plain,Urban,2465.339599609375,ព្រៃវែង / Prey Veng,ព្រៃវែង / Krong Prey Veaeng,កំពង់លាវ / Sangkat Pou Rieng,1
17-88-33-48,Plain,Urban,2344.169677734375,ព្រៃវែង / Prey Veng,ព្រៃវែង / Krong Prey Veaeng,កំពង់លាវ / Sangkat Pou Rieng,1
35-62-73-83,Plain,Urban,2079.81884765625,ព្រៃវែង / Prey Veng,ព្រៃវែង / Krong Prey Veaeng,កំពង់លាវ / Sangkat Pou Rieng,1
85-16-54-30,Tonle Sap,Rural,7940.30908203125,ពោធិ៍សាត់ / Pursat,បាកាន / Bakan,150102,1
80-72-64-44,Tonle Sap,Rural,3756.780517578125,ពោធិ៍សាត់ / Pursat,បាកាន / Bakan,150103,1
91-32-31-35,Tonle Sap,Rural,4966.634765625,ពោធិ៍សាត់ / Pursat,បាកាន / Bakan,150103,1
79-72-98-96,Tonle Sap,Rural,4211.7470703125,ពោធិ៍សាត់ / Pursat,បាកាន / Bakan,រំលេច / Rumlech,1
65-15-70-94,Tonle Sap,Rural,4497.64306640625,ពោធិ៍សាត់ / Pursat,បាកាន / Bakan,រំលេច / Rumlech,1
23-84-75-04,Tonle Sap,Rural,5960.3828125,ពោធិ៍សាត់ / Pursat,បាកាន / Bakan,ស្នាមព្រះ / Snam Preah,1
32-46-48-90,Tonle Sap,Rural,4396.572265625,ពោធិ៍សាត់ / Pursat,បាកាន / Bakan,ត្រពាំងជង / Trapeang Chorng,1
38-13-46-95,Tonle Sap,Rural,3691.4453125,ពោធិ៍សាត់ / Pursat,បាកាន / Bakan,ត្រពាំងជង / Trapeang Chorng,1
55-37-45-75,Tonle Sap,Rural,3514.898193359375,ពោធិ៍សាត់ / Pursat,បាកាន / Bakan,ត្រពាំងជង / Trapeang Chorng,2
13-62-51-43,Tonle Sap,Rural,7059.12255859375,ពោធិ៍សាត់ / Pursat,កណ្ដៀង / Kandieng,ស្វាយលួង / Svay Luong,1
00-18-15-60,Tonle Sap,Rural,4088.985595703125,ពោធិ៍សាត់ / Pursat,កណ្ដៀង / Kandieng,ស្វាយលួង / Svay Luong,1
30-93-30-28,Tonle Sap,Urban,3278.7421875,ពោធិ៍សាត់ / Pursat,កណ្ដៀង / Kandieng,វាល / Veal,1
58-43-50-28,Tonle Sap,Urban,1527.7735595703125,ពោធិ៍សាត់ / Pursat,កណ្ដៀង / Kandieng,វាល / Veal,1
85-01-15-29,Tonle Sap,Urban,2135.182861328125,ពោធិ៍សាត់ / Pursat,កណ្ដៀង / Kandieng,វាល / Veal,1
36-07-99-01,Tonle Sap,Urban,1703.939208984375,ពោធិ៍សាត់ / Pursat,កណ្ដៀង / Kandieng,វាល / Veal,1
36-42-27-64,Tonle Sap,Urban,1764.146728515625,ពោធិ៍សាត់ / Pursat,ពោធិ៍សាត់ / Krong Pursat,លលកស / Lolork Sa,1
31-74-01-25,Tonle Sap,Urban,1764.146728515625,ពោធិ៍សាត់ / Pursat,ពោធិ៍សាត់ / Krong Pursat,លលកស / Lolork Sa,1
17-18-68-28,Tonle Sap,Urban,1581.7562255859375,ពោធិ៍សាត់ / Pursat,ពោធិ៍សាត់ / Krong Pursat,លលកស / Lolork Sa,1
23-95-76-25,Tonle Sap,Urban,1656.920166015625,ពោធិ៍សាត់ / Pursat,ពោធិ៍សាត់ / Krong Pursat,ផ្ទះព្រៃ / Phteah Prey,1
56-97-03-00,Tonle Sap,Urban,2985.602783203125,ពោធិ៍សាត់ / Pursat,ពោធិ៍សាត់ / Krong Pursat,ផ្ទះព្រៃ / Phteah Prey,1
60-19-83-04,Tonle Sap,Urban,1748.809326171875,ពោធិ៍សាត់ / Pursat,ពោធិ៍សាត់ / Krong Pursat,ផ្ទះព្រៃ / Phteah Prey,1
30-10-29-94,Tonle Sap,Urban,1628.1710205078125,ពោធិ៍សាត់ / Pursat,ពោធិ៍សាត់ / Krong Pursat,រលាប / Roleab,1
17-29-58-15,Tonle Sap,Urban,1815.91357421875,ពោធិ៍សាត់ / Pursat,ពោធិ៍សាត់ / Krong Pursat,រលាប / Roleab,1
65-62-93-31,Tonle Sap,Urban,1815.91357421875,ពោធិ៍សាត់ / Pursat,ពោធិ៍សាត់ / Krong Pursat,រលាប / Roleab,1
76-22-55-80,Tonle Sap,Urban,1939.1787109375,ពោធិ៍សាត់ / Pursat,ពោធិ៍សាត់ / Krong Pursat,រលាប / Roleab,1
16-77-88-96,Tonle Sap,Urban,1931.667724609375,ពោធិ៍សាត់ / Pursat,ពោធិ៍សាត់ / Krong Pursat,ស្វាយអាត់ / Svay At,1
22-80-62-03,Tonle Sap,Urban,2852.258056640625,ពោធិ៍សាត់ / Pursat,ពោធិ៍សាត់ / Krong Pursat,ស្វាយអាត់ / Svay At,1
27-33-92-06,Tonle Sap,Urban,3334.783203125,ពោធិ៍សាត់ / Pursat,ពោធិ៍សាត់ / Krong Pursat,ស្វាយអាត់ / Svay At,1
55-08-38-92,Plateau/Mountain,Rural,4542.19384765625,រតនគិរី / Ratanak Kiri,អណ្ដូងមាស / Andoung Meas,ញ៉ាង / Nhang,1
70-69-66-16,Plateau/Mountain,Urban,1670.0760498046875,រតនគិរី / Ratanak Kiri,បានលុង / Krong Ban Lung,កាចាញ / Kachanh,1
64-71-22-76,Plateau/Mountain,Rural,4223.94091796875,រតនគិរី / Ratanak Kiri,អូរយ៉ាដាវ / Ou Ya Dav,ប៉ក់ញ៉ៃ / Pak Nhai,1
83-15-19-66,Plateau/Mountain,Rural,6236.9775390625,រតនគិរី / Ratanak Kiri,អូរយ៉ាដាវ / Ou Ya Dav,ប៉ក់ញ៉ៃ / Pak Nhai,1
36-73-22-03,Plateau/Mountain,Rural,8421.9443359375,រតនគិរី / Ratanak Kiri,អូរយ៉ាដាវ / Ou Ya Dav,យ៉ាទុង / Ya Tung,1
10-30-18-95,Tonle Sap,Rural,10649.9716796875,សៀមរាប / Siemreap,អង្គរជុំ / Angkor Chum,គោកដូង / Kouk Doung,1
06-65-48-93,Tonle Sap,Rural,10126.53125,សៀមរាប / Siemreap,អង្គរជុំ / Angkor Chum,គោកដូង / Kouk Doung,1
57-30-44-34,Tonle Sap,Rural,11258.4375,សៀមរាប / Siemreap,អង្គរជុំ / Angkor Chum,គោកដូង / Kouk Doung,1
79-96-97-70,Tonle Sap,Rural,8264.630859375,សៀមរាប / Siemreap,អង្គរធំ / Angkor Thum,លាងដៃ / Leang Dai,1
39-96-43-92,Tonle Sap,Rural,9211.3935546875,សៀមរាប / Siemreap,បន្ទាយស្រី / Banteay Srei,ខ្នារសណ្ដាយ / Khnar Sanday,1
57-57-92-44,Tonle Sap,Rural,10241.0078125,សៀមរាប / Siemreap,បន្ទាយស្រី / Banteay Srei,ខ្នារសណ្ដាយ / Khnar Sanday,1
77-03-40-90,Tonle Sap,Rural,11590.98046875,សៀមរាប / Siemreap,បន្ទាយស្រី / Banteay Srei,ខ្នារសណ្ដាយ / Khnar Sanday,1
72-45-65-29,Tonle Sap,Rural,9773.8193359375,សៀមរាប / Siemreap,ពួក / Puok,ល្វា / Lvea,1
74-67-51-83,Tonle Sap,Rural,7392.95166015625,សៀមរាប / Siemreap,ពួក / Puok,ល្វា / Lvea,1
91-12-21-18,Tonle Sap,Urban,3677.485595703125,សៀមរាប / Siemreap,ពួក / Puok,ពួក / Puok,1
37-89-40-83,Tonle Sap,Urban,4315.28271484375,សៀមរាប / Siemreap,ពួក / Puok,ពួក / Puok,1
65-26-06-23,Tonle Sap,Urban,3124.202880859375,សៀមរាប / Siemreap,ប្រាសាទបាគង / Prasat Bakong,បាគង / Bakong,1
13-41-36-30,Tonle Sap,Urban,3336.275634765625,សៀមរាប / Siemreap,ប្រាសាទបាគង / Prasat Bakong,បាគង / Bakong,1
29-53-69-61,Tonle Sap,Urban,3336.275634765625,សៀមរាប / Siemreap,ប្រាសាទបាគង / Prasat Bakong,បាគង / Bakong,1
68-38-01-69,Tonle Sap,Rural,9970.7822265625,សៀមរាប / Siemreap,ប្រាសាទបាគង / Prasat Bakong,បល្ល័ង្ក / Ballangk,1
68-45-34-74,Tonle Sap,Rural,11136.255859375,សៀមរាប / Siemreap,ប្រាសាទបាគង / Prasat Bakong,បល្ល័ង្ក / Ballangk,1
02-89-30-22,Tonle Sap,Rural,11136.255859375,សៀមរាប / Siemreap,ប្រាសាទបាគង / Prasat Bakong,បល្ល័ង្ក / Ballangk,1
50-17-92-80,Tonle Sap,Rural,7541.935546875,សៀមរាប / Siemreap,ប្រាសាទបាគង / Prasat Bakong,បល្ល័ង្ក / Ballangk,1
61-09-80-29,Tonle Sap,Urban,4131.486328125,សៀមរាប / Siemreap,សៀមរាប / Krong Siem Reab,ទឹកវិល / Tuek Vil,1
14-78-41-57,Tonle Sap,Urban,3100.354248046875,សៀមរាប / Siemreap,សូទ្រនិគម / Soutr Nikom,ចាន់ស / Chan Sar,1
16-83-14-42,Tonle Sap,Rural,9892.5849609375,សៀមរាប / Siemreap,សូទ្រនិគម / Soutr Nikom,កៀនសង្កែ / Kien Sangkae,1
89-93-50-24,Tonle Sap,Rural,10337.1376953125,សៀមរាប / Siemreap,សូទ្រនិគម / Soutr Nikom,ខ្នារពោធិ៍ / Khnar Pou,1
69-21-58-74,Tonle Sap,Rural,11545.43359375,សៀមរាប / Siemreap,សូទ្រនិគម / Soutr Nikom,ខ្នារពោធិ៍ / Khnar Pou,1
53-53-83-12,Tonle Sap,Rural,11545.43359375,សៀមរាប / Siemreap,សូទ្រនិគម / Soutr Nikom,ខ្នារពោធិ៍ / Khnar Pou,1
03-77-64-79,Coastal,Rural,4856.62939453125,ព្រះសីហនុ / Preah Sihanouk,ព្រៃនប់ / Prey Nob,បឹងតាព្រហ្ម / Boeng Ta Prum,1
39-07-91-55,Coastal,Rural,3350.56201171875,ព្រះសីហនុ / Preah Sihanouk,ព្រៃនប់ / Prey Nob,បឹងតាព្រហ្ម / Boeng Ta Prum,1
12-07-23-17,Coastal,Rural,3751.222900390625,ព្រះសីហនុ / Preah Sihanouk,ព្រៃនប់ / Prey Nob,ជើងគោ / Cheung Kou,1
36-00-88-95,Coastal,Rural,2172.89013671875,ព្រះសីហនុ / Preah Sihanouk,ព្រៃនប់ / Prey Nob,ជើងគោ / Cheung Kou,1
26-47-81-10,Coastal,Rural,4199.18701171875,ព្រះសីហនុ / Preah Sihanouk,ព្រៃនប់ / Prey Nob,រាម / Ream,1
52-73-66-11,Coastal,Rural,3171.78662109375,ព្រះសីហនុ / Preah Sihanouk,ព្រៃនប់ / Prey Nob,រាម / Ream,1
27-55-59-49,Coastal,Urban,3438.62255859375,ព្រះសីហនុ / Preah Sihanouk,ព្រៃនប់ / Prey Nob,វាលរេញ / Veal Renh,1
74-63-83-49,Coastal,Urban,2673.1220703125,ព្រះសីហនុ / Preah Sihanouk,ព្រៃនប់ / Prey Nob,តានៃ / Ta Ney,1
97-19-44-22,Plateau/Mountain,Urban,784.69232177734375,ស្ទឹងត្រែង / Stung Treng,ស្ទឹងត្រែង / Krong Stueng Traeng,ស្ទឹងត្រែង / Stueng Traeng,1
15-62-16-76,Plateau/Mountain,Urban,1241.2318115234375,ស្ទឹងត្រែង / Stung Treng,ស្ទឹងត្រែង / Krong Stueng Traeng,ស្ទឹងត្រែង / Stueng Traeng,1
97-67-52-97,Plateau/Mountain,Urban,927.84228515625,ស្ទឹងត្រែង / Stung Treng,ស្ទឹងត្រែង / Krong Stueng Traeng,ស្ទឹងត្រែង / Stueng Traeng,2
76-21-65-16,Plateau/Mountain,Urban,927.84228515625,ស្ទឹងត្រែង / Stung Treng,ស្ទឹងត្រែង / Krong Stueng Traeng,ស្ទឹងត្រែង / Stueng Traeng,2
03-84-81-65,Plateau/Mountain,Rural,3609.999267578125,ស្ទឹងត្រែង / Stung Treng,ថាឡាបរិវ៉ាត់ / Thala Barivat,ចំការលើ / Chamkar Leu,1
22-06-96-95,Plateau/Mountain,Rural,3045.48046875,ស្ទឹងត្រែង / Stung Treng,ថាឡាបរិវ៉ាត់ / Thala Barivat,ចំការលើ / Chamkar Leu,1
60-73-43-19,Plateau/Mountain,Rural,5338.083984375,ស្ទឹងត្រែង / Stung Treng,ថាឡាបរិវ៉ាត់ / Thala Barivat,កោះស្នែង / Kaoh Snaeng,1
57-62-74-67,Plateau/Mountain,Rural,3672.76806640625,ស្ទឹងត្រែង / Stung Treng,ថាឡាបរិវ៉ាត់ / Thala Barivat,កោះស្នែង / Kaoh Snaeng,1
28-71-17-92,Plateau/Mountain,Rural,3476.267578125,ស្ទឹងត្រែង / Stung Treng,ថាឡាបរិវ៉ាត់ / Thala Barivat,កោះស្នែង / Kaoh Snaeng,1
72-86-90-07,Plateau/Mountain,Rural,3317.625244140625,ស្ទឹងត្រែង / Stung Treng,ថាឡាបរិវ៉ាត់ / Thala Barivat,សំអាង / Sam'ang,1
69-46-48-50,Plateau/Mountain,Rural,3893.0107421875,ស្ទឹងត្រែង / Stung Treng,ថាឡាបរិវ៉ាត់ / Thala Barivat,សំអាង / Sam'ang,1
65-14-28-12,Plateau/Mountain,Rural,4406.1884765625,ស្ទឹងត្រែង / Stung Treng,ថាឡាបរិវ៉ាត់ / Thala Barivat,សំអាង / Sam'ang,1
73-17-81-25,Plateau/Mountain,Rural,4782.20166015625,ស្ទឹងត្រែង / Stung Treng,ថាឡាបរិវ៉ាត់ / Thala Barivat,ថាឡាបរិវ៉ាត់ / Thalabarivat,1
44-19-05-48,Plateau/Mountain,Rural,3089.497802734375,ស្ទឹងត្រែង / Stung Treng,ថាឡាបរិវ៉ាត់ / Thala Barivat,ថាឡាបរិវ៉ាត់ / Thalabarivat,1
18-83-71-39,Plain,Rural,8869.564453125,ស្វាយរៀង / Svay Rieng,រមាសហែក / Romeas Haek,កំពង់ត្រាច / Kampong Trach,1
93-71-89-46,Plain,Rural,10407.83984375,ស្វាយរៀង / Svay Rieng,រមាសហែក / Romeas Haek,កំពង់ត្រាច / Kampong Trach,1
53-65-29-69,Plain,Rural,10734.34375,ស្វាយរៀង / Svay Rieng,រមាសហែក / Romeas Haek,គគីរ / Kokir,1
47-20-31-38,Plain,Rural,7269.744140625,ស្វាយរៀង / Svay Rieng,រមាសហែក / Romeas Haek,គគីរ / Kokir,1
10-97-49-10,Plain,Rural,8108.00927734375,ស្វាយរៀង / Svay Rieng,រមាសហែក / Romeas Haek,គគីរ / Kokir,1
77-60-01-54,Plain,Rural,6925.59033203125,ស្វាយរៀង / Svay Rieng,រមាសហែក / Romeas Haek,ត្រពាំងស្ដៅ / Trapeang Sdau,1
70-11-22-03,Plain,Rural,8271.806640625,ស្វាយរៀង / Svay Rieng,ស្វាយជ្រំ / Svay Chrum,អង្គតាសូ / Angk Ta Sou,1
99-98-60-29,Plain,Rural,12803.8447265625,ស្វាយរៀង / Svay Rieng,ស្វាយជ្រំ / Svay Chrum,អង្គតាសូ / Angk Ta Sou,1
92-52-64-60,Plain,Rural,11557.21484375,ស្វាយរៀង / Svay Rieng,ស្វាយជ្រំ / Svay Chrum,តាសួស / Ta Suos,1
97-56-15-57,Plain,Rural,9659.3095703125,ស្វាយរៀង / Svay Rieng,ស្វាយជ្រំ / Svay Chrum,តាសួស / Ta Suos,1
94-82-96-77,Plain,Rural,11830.861328125,ស្វាយរៀង / Svay Rieng,ស្វាយជ្រំ / Svay Chrum,ដូនស / Doun Sa,1
31-91-94-57,Plain,Rural,7141.4560546875,ស្វាយរៀង / Svay Rieng,2007,200703,1
58-29-75-58,Plain,Rural,6433.6611328125,ស្វាយរៀង / Svay Rieng,2007,200703,1
95-47-06-74,Plain,Rural,11592.8076171875,ស្វាយរៀង / Svay Rieng,2007,200703,1
53-01-23-41,Plain,Rural,5401.8232421875,ស្វាយរៀង / Svay Rieng,2007,200703,1
14-09-59-69,Plain,Rural,7404.3681640625,ស្វាយរៀង / Svay Rieng,2007,200706,1
60-94-02-94,Plain,Urban,1901.80419921875,ស្វាយរៀង / Svay Rieng,បាវិត / Krong Bavet,បាទី / Sangkat Bati,1
22-91-55-07,Plain,Urban,2275.4794921875,ស្វាយរៀង / Svay Rieng,បាវិត / Krong Bavet,បាទី / Sangkat Bati,1
90-22-35-16,Plain,Urban,1701.21240234375,ស្វាយរៀង / Svay Rieng,បាវិត / Krong Bavet,បាវិត / Sangkat Bavet,1
91-64-79-49,Plain,Rural,15393.4228515625,តាកែវ / Takeo,អង្គរបូរី / Angkor Borei,អង្គរបូរី / Angkor Borei,1
55-64-14-58,Plain,Rural,9016.658203125,តាកែវ / Takeo,អង្គរបូរី / Angkor Borei,អង្គរបូរី / Angkor Borei,1
39-51-55-58,Plain,Rural,10591.154296875,តាកែវ / Takeo,អង្គរបូរី / Angkor Borei,ពន្លៃ / Ponley,1
05-00-24-69,Plain,Rural,7172.76953125,តាកែវ / Takeo,បាទី / Bati,កណ្ដឹង / Kandoeng,1
48-89-20-22,Plain,Rural,10129.474609375,តាកែវ / Takeo,បាទី / Bati,ក្រាំងលាវ / Krang Leav,1
14-94-97-50,Plain,Rural,7704.08642578125,តាកែវ / Takeo,ព្រៃកប្បាស / Prey Kabbas,ចំប៉ា / Champa,1
63-48-07-95,Plain,Rural,16533.67578125,តាកែវ / Takeo,ព្រៃកប្បាស / Prey Kabbas,ចំប៉ា / Champa,1
90-70-32-77,Plain,Rural,7579.95849609375,តាកែវ / Takeo,ព្រៃកប្បាស / Prey Kabbas,ព្រៃល្វា / Prey Lvea,1
63-56-10-69,Plain,Rural,16014.484375,តាកែវ / Takeo,ព្រៃកប្បាស / Prey Kabbas,ស្នោ / Snao,1
87-58-41-57,Plain,Rural,7462.16162109375,តាកែវ / Takeo,ព្រៃកប្បាស / Prey Kabbas,ស្នោ / Snao,1
39-73-01-24,Plain,Rural,8322.615234375,តាកែវ / Takeo,ព្រៃកប្បាស / Prey Kabbas,ស្នោ / Snao,1
18-05-71-79,Plain,Rural,11079.7177734375,តាកែវ / Takeo,សំរោង / Samraong,ជំរះពេន / Chumreah Pen,1
92-54-15-40,Plain,Rural,9965.7802734375,តាកែវ / Takeo,សំរោង / Samraong,ជំរះពេន / Chumreah Pen,1
83-62-66-29,Plain,Rural,7556.5498046875,តាកែវ / Takeo,សំរោង / Samraong,លំចង់ / Lumchang,1
84-26-72-24,Plain,Rural,6807.6142578125,តាកែវ / Takeo,សំរោង / Samraong,លំចង់ / Lumchang,1
71-71-37-89,Plain,Rural,6374.8837890625,តាកែវ / Takeo,សំរោង / Samraong,លំចង់ / Lumchang,1
15-48-00-43,Plain,Rural,8406.6259765625,តាកែវ / Takeo,ទ្រាំង / Treang,អង្កាញ់ / Angkanh,1
43-44-56-34,Plain,Rural,8406.6259765625,តាកែវ / Takeo,ទ្រាំង / Treang,អង្កាញ់ / Angkanh,1
50-86-46-86,Plain,Rural,8977.2724609375,តាកែវ / Takeo,ទ្រាំង / Treang,អង្កាញ់ / Angkanh,1
36-57-06-71,Plain,Rural,10730.0546875,តាកែវ / Takeo,ទ្រាំង / Treang,សំបួរ / Sambuor,1
02-96-12-77,Plain,Rural,11574.380859375,តាកែវ / Takeo,ទ្រាំង / Treang,ស្មោង / Smaong,1
91-75-84-89,Plain,Rural,10226.3427734375,តាកែវ / Takeo,ទ្រាំង / Treang,ស្មោង / Smaong,1
77-71-94-82,Plateau/Mountain,Rural,6365.86572265625,ឧត្ដរមានជ័យ / Otdar Meanchey,អន្លង់វែង / Anlong Veaeng,ត្រពាំងតាវ / Trapeang Tav,1
14-98-08-92,Plateau/Mountain,Rural,5064.0595703125,ឧត្ដរមានជ័យ / Otdar Meanchey,អន្លង់វែង / Anlong Veaeng,ត្រពាំងតាវ / Trapeang Tav,1
37-00-39-57,Plateau/Mountain,Rural,1243.9049072265625,ឧត្ដរមានជ័យ / Otdar Meanchey,អន្លង់វែង / Anlong Veaeng,ត្រពាំងប្រីយ៍ / Trapeang Prey,1
66-73-72-28,Plateau/Mountain,Rural,989.52886962890625,ឧត្ដរមានជ័យ / Otdar Meanchey,អន្លង់វែង / Anlong Veaeng,ត្រពាំងប្រីយ៍ / Trapeang Prey,1
08-87-44-02,Plateau/Mountain,Urban,3553.075927734375,ឧត្ដរមានជ័យ / Otdar Meanchey,សំរោង / Krong Samraong,សំរោង / Samraong,1
18-91-78-21,Plateau/Mountain,Urban,2587.1884765625,ឧត្ដរមានជ័យ / Otdar Meanchey,សំរោង / Krong Samraong,សំរោង / Samraong,1
27-21-36-53,Plateau/Mountain,Urban,2400.635986328125,ឧត្ដរមានជ័យ / Otdar Meanchey,សំរោង / Krong Samraong,អូរស្មាច់ / Ou Smach,1
52-74-11-63,Plateau/Mountain,Urban,2816.9853515625,ឧត្ដរមានជ័យ / Otdar Meanchey,សំរោង / Krong Samraong,អូរស្មាច់ / Ou Smach,1
44-26-93-67,Plateau/Mountain,Urban,2533.770263671875,ឧត្ដរមានជ័យ / Otdar Meanchey,សំរោង / Krong Samraong,អូរស្មាច់ / Ou Smach,1
30-19-77-63,Plateau/Mountain,Rural,6858.529296875,ឧត្ដរមានជ័យ / Otdar Meanchey,ត្រពាំងប្រាសាទ / Trapeang Prasat,ព្រះប្រឡាយ / Preah Pralay,1
35-94-54-03,Plateau/Mountain,Rural,5846.56298828125,ឧត្ដរមានជ័យ / Otdar Meanchey,ត្រពាំងប្រាសាទ / Trapeang Prasat,ត្រពាំងប្រាសាទ / Trapeang Prasath,1
81-20-01-76,Plateau/Mountain,Urban,701.8948974609375,ប៉ៃលិន / Pailin,ប៉ៃលិន / Krong Pailin,អូរតាវ៉ៅ / Ou Ta Vau,2
95-89-65-41,Plateau/Mountain,Urban,622.74249267578125,ប៉ៃលិន / Pailin,ប៉ៃលិន / Krong Pailin,អូរតាវ៉ៅ / Ou Ta Vau,2
67-80-47-65,Plateau/Mountain,Urban,617.77862548828125,ប៉ៃលិន / Pailin,ប៉ៃលិន / Krong Pailin,ទួលល្វា / Tuol Lvea,1
38-13-82-86,Plateau/Mountain,Urban,848.4168701171875,ប៉ៃលិន / Pailin,ប៉ៃលិន / Krong Pailin,ទួលល្វា / Tuol Lvea,1
64-48-28-24,Plateau/Mountain,Urban,531.8367919921875,ប៉ៃលិន / Pailin,ប៉ៃលិន / Krong Pailin,ទួលល្វា / Tuol Lvea,2
10-90-66-62,Plateau/Mountain,Urban,1141.3704833984375,ប៉ៃលិន / Pailin,ប៉ៃលិន / Krong Pailin,ទួលល្វា / Tuol Lvea,2
69-88-71-37,Plateau/Mountain,Rural,2341.175048828125,ប៉ៃលិន / Pailin,សាលាក្រៅ / Sala Krau,ស្ទឹងត្រង់ / Stueng Trang,1
55-36-37-79,Plateau/Mountain,Rural,1356.1220703125,ប៉ៃលិន / Pailin,សាលាក្រៅ / Sala Krau,ស្ទឹងត្រង់ / Stueng Trang,1
19-72-67-09,Plateau/Mountain,Rural,1546.272705078125,ប៉ៃលិន / Pailin,សាលាក្រៅ / Sala Krau,ស្ទឹងត្រង់ / Stueng Trang,2
98-66-84-72,Plateau/Mountain,Rural,1943.7696533203125,ប៉ៃលិន / Pailin,សាលាក្រៅ / Sala Krau,ស្ទឹងត្រង់ / Stueng Trang,2
11-78-09-29,Plain,Rural,7946.681640625,ត្បូងឃ្មុំ / Tboung Khmum,ត្បូងឃ្មុំ / Tboung Khmum,ម៉ុងរៀវ / Mong Riev,1
32-55-09-04,Tonle Sap,Rural,10855.7333984375,ត្បូងឃ្មុំ / Tboung Khmum,ត្បូងឃ្មុំ / Tboung Khmum,រកាពោប្រាំ / Roka Po Pram,1
39-32-76-16,Plain,Rural,10855.7333984375,ត្បូងឃ្មុំ / Tboung Khmum,ត្បូងឃ្មុំ / Tboung Khmum,រកាពោប្រាំ / Roka Po Pram,1
20-76-11-93,Plain,Rural,8483.7646484375,ត្បូងឃ្មុំ / Tboung Khmum,ត្បូងឃ្មុំ / Tboung Khmum,ថ្មពេជ្រ / Thma Pechr,1
33-87-89-92,Plain,Rural,8483.7646484375,ត្បូងឃ្មុំ / Tboung Khmum,ត្បូងឃ្មុំ / Tboung Khmum,ថ្មពេជ្រ / Thma Pechr,1
40-48-45-57,Plain,Rural,10675.3828125,ត្បូងឃ្មុំ / Tboung Khmum,ត្បូងឃ្មុំ / Tboung Khmum,ថ្មពេជ្រ / Thma Pechr,1
36-23-84-47,Plain,Rural,7946.681640625,ត្បូងឃ្មុំ / Tboung Khmum,មេមត់ / Ou Reang Ov,ជាំតាម៉ៅ / Kong Chey,1
56-72-91-26,Plain,Rural,8486.1064453125,ត្បូងឃ្មុំ / Tboung Khmum,មេមត់ / Ou Reang Ov,ជាំតាម៉ៅ / Kong Chey,1
96-84-49-20,Plain,Rural,11270.5263671875,ត្បូងឃ្មុំ / Tboung Khmum,មេមត់ / Ou Reang Ov,ជាំតាម៉ៅ / Kong Chey,1
42-93-36-93,Plain,Rural,8486.1064453125,ត្បូងឃ្មុំ / Tboung Khmum,មេមត់ / Ou Reang Ov,ជាំតាម៉ៅ / Kong Chey,1
58-99-58-80,Plain,Rural,10648.02734375,ត្បូងឃ្មុំ / Tboung Khmum,មេមត់ / Ou Reang Ov,ដារ / Mien,1
98-07-47-63,Plain,Rural,8497.4423828125,ត្បូងឃ្មុំ / Tboung Khmum,មេមត់ / Ou Reang Ov,ដារ / Mien,1
45-75-02-10,Plain,Rural,7388.98779296875,ត្បូងឃ្មុំ / Tboung Khmum,ពញ្ញាក្រែក / Ponhea Kraek,កណ្ដោលជ្រុំ / Kandaol Chrum,1
30-74-60-19,Plain,Rural,10326.6875,ត្បូងឃ្មុំ / Tboung Khmum,ពញ្ញាក្រែក / Ponhea Kraek,កណ្ដោលជ្រុំ / Kandaol Chrum,1
20-73-25-13,Plain,Rural,7125.095703125,ត្បូងឃ្មុំ / Tboung Khmum,ពញ្ញាក្រែក / Ponhea Kraek,កោងកាង / Kaong Kang,1
41-41-86-33,Plain,Rural,9957.876953125,ត្បូងឃ្មុំ / Tboung Khmum,ពញ្ញាក្រែក / Ponhea Kraek,កោងកាង / Kaong Kang,1
59-90-62-65,Plain,Rural,10520.7587890625,ត្បូងឃ្មុំ / Tboung Khmum,ពញ្ញាក្រែក / Ponhea Kraek,ក្រែក / Kraek,1
63-08-92-92,Plain,Rural,8956.728515625,ត្បូងឃ្មុំ / Tboung Khmum,ពញ្ញាក្រែក / Ponhea Kraek,ក្រែក / Kraek,1
73-36-22-94,Plain,Rural,9702.646484375,ត្បូងឃ្មុំ / Tboung Khmum,ពញ្ញាក្រែក / Ponhea Kraek,ក្រែក / Trapeang Phlong,1
67-43-18-76,Plain,Rural,17483.19140625,ត្បូងឃ្មុំ / Tboung Khmum,ពញ្ញាក្រែក / Ponhea Kraek,ក្រែក / Trapeang Phlong,1
99-86-73-41,Plain,Rural,11385.4052734375,ត្បូងឃ្មុំ / Tboung Khmum,ពញ្ញាក្រែក / Ponhea Kraek,ក្រែក / Trapeang Phlong,1
25-42-18-96,Plain,Rural,12886.2314453125,ត្បូងឃ្មុំ / Tboung Khmum,ពញ្ញាក្រែក / Ponhea Kraek,ក្រែក / Trapeang Phlong,1
30-10-22-60,Plain,Rural,14385.4306640625,ត្បូងឃ្មុំ / Tboung Khmum,ត្បូងឃ្មុំ / Memot,ជីរោទ៍ ទី១ / Chaom Ta Mau,1
67-91-61-84,Plain,Rural,9293.5771484375,ត្បូងឃ្មុំ / Tboung Khmum,ត្បូងឃ្មុំ / Memot,ជីរោទ៍ ទី១ / Chaom Ta Mau,1
26-92-52-70,Plain,Rural,12303.9375,ត្បូងឃ្មុំ / Tboung Khmum,ត្បូងឃ្មុំ / Memot,ជីរោទ៍ ទី១ / Chaom Ta Mau,1
59-27-43-88,Plain,Urban,2085.587646484375,ត្បូងឃ្មុំ / Tboung Khmum,ត្បូងឃ្មុំ / Memot,ជីរោទ៍ ទី២ / Dar,1
07-90-82-24,Plain,Urban,2438.41259765625,ត្បូងឃ្មុំ / Tboung Khmum,ត្បូងឃ្មុំ / Memot,ជីរោទ៍ ទី២ / Dar,1
25-91-93-59,Plain,Urban,1867.3187255859375,ត្បូងឃ្មុំ / Tboung Khmum,ត្បូងឃ្មុំ / Memot,ជីរោទ៍ ទី២ / Dar,1
