interview__key,s5q1a,s5q1b__1,s5q1b__2,s5q1b__3,s5q1b__4,s5q1b__5,s5q1b__6,s5q1b__7,s5q1b__99,s5q2a,s5q2b__1,s5q2b__2,s5q2b__3,s5q2b__4,s5q2b__5,s5q2b__6,s5q2b__7,s5q2b__99,s5q2c,s5q2d__1,s5q2d__2,s5q2d__3,s5q2d__4,s5q2d__5,s5q2d__6,s5q2d__7,s5q2d__99,s5q2e,s5q2f__1,s5q2f__2,s5q2f__3,s5q2f__4,s5q2f__5,s5q2f__6,s5q2f__7,s5q2f__99,s5q3,s5q4,s5q5,s5q9,s5q10,s5q13,s5q14,s5q15,s5q16,s5q17,s5q6a,s5q11,s5q6b,s5q6__1,s5q6__2,s5q6__3,s5q6__4,s5q6__5,s5q6__96,s5q12,s5q7,s5q8__1,s5q8__2,s5q8__3,s5q8__4,s5q8__5,s5q8__6,s5q8__7,s5q8__8
00-18-15-60,YES,,,,,,,,,YES,,,,,,,,,YES,,,,,,,,,NOT TRIED,,,,,,,,,YES,YES,,Private,សេវាកម្មល្អ,Yes,No,I am not at risk of contracting Covid-19.,,,NO,,,,,,,,,,,,,,,,,,
00-28-98-16,YES,,,,,,,,,YES,,,,,,,,,YES,,,,,,,,,YES,,,,,,,,,YES,YES,,Private,មានប្រសិទ្ឋជាសះស្បើយ,Yes,Yes,,Yes,10000,,,,,,,,,,,,,,,,,,,
00-40-34-48,YES,,,,,,,,,YES,,,,,,,,,YES,,,,,,,,,YES,,,,,,,,,YES,YES,,Public,ជឿជាក់ ព្យាបាលឆាប់ជា,Yes,Yes,,Yes,2000,YES,YES,YES,NO,NO,NO,NO,YES,NO,16,NO,,,,,,,,
00-45-00-37,YES,,,,,,,,,YES,,,,,,,,,NOT TRIED,,,,,,,,,YES,,,,,,,,,NO,,,,,Yes,Yes,,Not sure,,YES,YES,YES,NO,NO,NO,NO,YES,NO,8,NO,,,,,,,,
00-54-36-13,YES,,,,,,,,,YES,,,,,,,,,YES,,,,,,,,,YES,,,,,,,,,YES,YES,,Private,ជឿជាក់ហើយព្យាបាលឆាប់ជា,Yes,Yes,,Yes,3000,YES,YES,YES,NO,NO,NO,NO,YES,NO,16,NO,,,,,,,,
01-32-06-48,NOT TRIED,,,,,,,,,NOT TRIED,,,,,,,,,YES,,,,,,,,,YES,,,,,,,,,NO,,,,,Yes,Yes,,Yes,80000,YES,YES,YES,NO,YES,NO,NO,YES,NO,16,YES,NO,NO,NO,NO,NO,NO,NO,YES
02-11-13-92,YES,,,,,,,,,YES,,,,,,,,,NOT TRIED,,,,,,,,,YES,,,,,,,,,YES,YES,,Public,មានថ្នាំល្អ ហើយអត់អស់លុយ,Yes,Yes,,Yes,10000,NO,,,,,,,,,,,,,,,,,,
02-89-30-22,YES,,,,,,,,,YES,,,,,,,,,YES,,,,,,,,,YES,,,,,,,,,NO,,,,,Yes,Yes,,Yes,1500,YES,NO,,,,,,,,,NO,,,,,,,,
02-96-12-77,YES,,,,,,,,,YES,,,,,,,,,YES,,,,,,,,,YES,,,,,,,,,NO,,,,,Yes,Yes,,No,,NO,,,,,,,,,,,,,,,,,,
03-57-84-60,YES,,,,,,,,,NOT TRIED,,,,,,,,,YES,,,,,,,,,YES,,,,,,,,,YES,YES,,Private,សេវ៉ាលឿនឆាប់ជាពីជំជឺ,No,Yes,,Yes,120000,,,,,,,,,,,,,,,,,,,
03-77-64-79,NOT TRIED,,,,,,,,,NOT TRIED,,,,,,,,,YES,,,,,,,,,YES,,,,,,,,,NO,,,,,Not sure,No,"OTHER, SPECIFY",,,,,,,,,,,,,,,,,,,,,
03-81-33-62,YES,,,,,,,,,YES,,,,,,,,,YES,,,,,,,,,YES,,,,,,,,,YES,YES,,Public,ចំណាយថ្លៃពេទ្យតិចជាងពេទ្យឯកជន,Yes,Yes,,Yes,40000,,,,,,,,,,,,,,,,,,,
03-84-81-65,YES,,,,,,,,,YES,,,,,,,,,YES,,,,,,,,,YES,,,,,,,,,YES,YES,,Private,ស្គាល់គាត់ហើយមានទំនុកចិត្តលើគាត់ទៀតទើបទៅទិញ,Yes,Yes,,Yes,10000,YES,YES,YES,YES,YES,NO,NO,NO,NO,11,NO,,,,,,,,
04-13-23-41,YES,,,,,,,,,YES,,,,,,,,,NOT TRIED,,,,,,,,,NOT TRIED,,,,,,,,,YES,YES,,Public,គ្រូពេទ្យមានវិជ្ចាជីវះច្បាស់លាស់ដែលអាចទុកចិត្តបាន,Yes,Yes,,Not sure,,YES,NO,,,,,,,,,YES,YES,NO,NO,NO,NO,NO,NO,NO
04-17-01-55,NOT TRIED,,,,,,,,,NOT TRIED,,,,,,,,,NO,NO,YES,NO,NO,NO,NO,NO,NO,NO,NO,YES,NO,NO,NO,NO,NO,NO,NO,,,,,Yes,Yes,,No,,,,,,,,,,,,,,,,,,,,
05-00-24-69,NOT TRIED,,,,,,,,,YES,,,,,,,,,YES,,,,,,,,,YES,,,,,,,,,NO,,,,,Yes,Yes,,Not sure,,YES,NO,,,,,,,,,YES,NO,NO,NO,NO,NO,NO,NO,YES
05-81-85-24,YES,,,,,,,,,NOT TRIED,,,,,,,,,YES,,,,,,,,,YES,,,,,,,,,YES,YES,,Private,មិនចាំបាច់រង់ចាំយូ,Yes,Yes,,No,,,,,,,,,,,,,,,,,,,,
06-38-45-14,YES,,,,,,,,,YES,,,,,,,,,YES,,,,,,,,,YES,,,,,,,,,YES,YES,,Private,ដោយសារអាចជំពាក់បាន(ពេទ្យឯកជនដើរព្យាបាលតាមផ្ទះ) និងការព្យាបាលធូតស្រាលរហ័ស,Yes,Yes,,Yes,40000,YES,YES,YES,NO,NO,NO,NO,YES,NO,12,NO,,,,,,,,
06-58-76-54,YES,,,,,,,,,YES,,,,,,,,,YES,,,,,,,,,YES,,,,,,,,,YES,YES,,Private,ការព្យាបាលមានប្រសិទ្ឋភាព ងាយស្រួលរហ៍ស,No,No,I am worried about side effecs.,,,,,,,,,,,,,,,,,,,,,
06-65-48-93,YES,,,,,,,,,YES,,,,,,,,,YES,,,,,,,,,YES,,,,,,,,,NO,,,,,Yes,Yes,,Not sure,,YES,YES,YES,YES,NO,NO,NO,YES,NO,18,NO,,,,,,,,
06-89-25-87,YES,,,,,,,,,YES,,,,,,,,,YES,,,,,,,,,YES,,,,,,,,,YES,YES,,Private,សេវាកម្មលឿន និង​អាចព្យាបាលបានល្អ,Not sure,No,I don't think it will be safe.,,,YES,YES,YES,NO,YES,NO,NO,YES,NO,15,YES,NO,NO,NO,NO,NO,NO,NO,YES
07-07-39-43,YES,,,,,,,,,YES,,,,,,,,,NOT TRIED,,,,,,,,,NOT TRIED,,,,,,,,,YES,YES,,Private,នៅជិតផ្ទះ ទឹកលិច និងឈឺពេលយប់,Yes,Yes,,No,,YES,YES,YES,NO,YES,NO,NO,NO,NO,5,YES,NO,YES,NO,NO,YES,NO,YES,NO
07-90-82-24,NOT TRIED,,,,,,,,,YES,,,,,,,,,YES,,,,,,,,,YES,,,,,,,,,YES,YES,,Public,ពេទ្យរដ្ឋមិនសុវអស់លុយ ហើយនៅក្បែរផ្ទះ,Yes,Yes,,Yes,10000,YES,NO,,,,,,,,,NO,,,,,,,,
08-40-28-73,YES,,,,,,,,,YES,,,,,,,,,YES,,,,,,,,,YES,,,,,,,,,NO,,,,,No,No,I am not at risk of contracting Covid-19.,,,YES,YES,NO,,,,,,,,NO,,,,,,,,
08-87-44-02,YES,,,,,,,,,YES,,,,,,,,,YES,,,,,,,,,YES,,,,,,,,,YES,YES,,Private,ងាយស្រួលនៅជិតផ្ទះ,Yes,Yes,,Yes,20000,YES,YES,YES,NO,NO,NO,NO,YES,NO,12,NO,,,,,,,,
08-98-49-88,YES,,,,,,,,,YES,,,,,,,,,YES,,,,,,,,,YES,,,,,,,,,YES,YES,,Public,ជឿទុកចិត្តលើពេទ្យរដ្ឋ,Yes,Yes,,Not sure,,,,,,,,,,,,,,,,,,,,
09-03-50-98,NOT TRIED,,,,,,,,,NOT TRIED,,,,,,,,,YES,,,,,,,,,YES,,,,,,,,,NO,,,,,Yes,Yes,,Yes,40000,,,,,,,,,,,,,,,,,,,
09-11-38-06,YES,,,,,,,,,NOT TRIED,,,,,,,,,YES,,,,,,,,,YES,,,,,,,,,YES,YES,,Public,ដោយសារគេមានក្របខណ្ឌនិងមានជំនាញ,No,Yes,,Yes,100000,,,,,,,,,,,,,,,,,,,
09-25-43-00,YES,,,,,,,,,YES,,,,,,,,,YES,,,,,,,,,YES,,,,,,,,,NO,,,,,Yes,Yes,,Yes,10000,,,,,,,,,,,,,,,,,,,
09-26-57-25,NOT TRIED,,,,,,,,,YES,,,,,,,,,YES,,,,,,,,,YES,,,,,,,,,NO,,,,,No,No,I am not at risk of contracting Covid-19.,,,YES,YES,YES,NO,NO,NO,NO,NO,YES,16,NO,,,,,,,,
09-27-61-41,YES,,,,,,,,,YES,,,,,,,,,NOT TRIED,,,,,,,,,NOT TRIED,,,,,,,,,YES,YES,,Not medical sector,នៅជិតហេីយចំណាយលុយតិច,Yes,Yes,,No,,YES,YES,YES,NO,NO,NO,NO,YES,NO,12,YES,NO,NO,NO,NO,NO,NO,NO,YES
09-69-61-77,YES,,,,,,,,,YES,,,,,,,,,YES,,,,,,,,,YES,,,,,,,,,YES,YES,,Private,មានថ្នាំល្អព្យាបានឆាប់ជា,Yes,Yes,,Yes,10000,YES,YES,YES,NO,NO,NO,NO,YES,NO,12,NO,,,,,,,,
09-72-34-65,YES,,,,,,,,,NOT TRIED,,,,,,,,,YES,,,,,,,,,YES,,,,,,,,,YES,YES,,Private,មានសេវាល្អ មានថ្នាំល្អៗ,Yes,Yes,,Yes,10000,,,,,,,,,,,,,,,,,,,
09-94-37-20,YES,,,,,,,,,YES,,,,,,,,,YES,,,,,,,,,YES,,,,,,,,,YES,YES,,Private,នៅជិតនិងសេវាកម្មរហ័ស,Not sure,Yes,,Yes,20000,,,,,,,,,,,,,,,,,,,
10-00-77-35,YES,,,,,,,,,NOT TRIED,,,,,,,,,YES,,,,,,,,,YES,,,,,,,,,YES,YES,,Public,មានថ្នាំល្អ,No,Yes,,Not sure,,YES,YES,NO,,,,,,,,NO,,,,,,,,
10-30-18-95,YES,,,,,,,,,YES,,,,,,,,,YES,,,,,,,,,YES,,,,,,,,,YES,YES,,Public,ពេទ្យរដ្ធអត់ចំណាយប្រាក់,No,Yes,,No,,YES,NO,,,,,,,,,NO,,,,,,,,
10-83-76-94,NOT TRIED,,,,,,,,,NOT TRIED,,,,,,,,,NOT TRIED,,,,,,,,,NOT TRIED,,,,,,,,,YES,YES,,Private,ពេទ្យឯកជនសេវាកម្មលឿន,Yes,No,I am against vaccines in general.,,,YES,YES,YES,NO,NO,NO,NO,YES,NO,12,NO,,,,,,,,
10-90-66-62,YES,,,,,,,,,YES,,,,,,,,,YES,,,,,,,,,YES,,,,,,,,,YES,YES,,Private,គេមានការយកចិត្ដទុកដាក់ខ្ពសម្រាប់អតិថជន,Yes,Yes,,Yes,20000,YES,YES,YES,YES,YES,NO,NO,YES,NO,10,NO,,,,,,,,
10-97-49-10,YES,,,,,,,,,NOT TRIED,,,,,,,,,YES,,,,,,,,,YES,,,,,,,,,YES,YES,,Private,ដោយសារនៅជិតផ្ទះ មិនចំណាយពេលរងចាំយូរ,Yes,Yes,,Yes,10000,YES,NO,,,,,,,,,NO,,,,,,,,
11-11-31-58,NOT TRIED,,,,,,,,,NOT TRIED,,,,,,,,,YES,,,,,,,,,NOT TRIED,,,,,,,,,NO,,,,,Not sure,Yes,,Yes,50000,YES,YES,YES,YES,NO,NO,NO,YES,NO,20,NO,,,,,,,,
11-16-10-36,NOT TRIED,,,,,,,,,NOT TRIED,,,,,,,,,YES,,,,,,,,,YES,,,,,,,,,NO,,,,,Yes,Yes,,Not sure,,,,,,,,,,,,,,,,,,,,
11-71-06-95,YES,,,,,,,,,NOT TRIED,,,,,,,,,YES,,,,,,,,,YES,,,,,,,,,YES,YES,,Private,សេវាកម្មលឿន,Yes,Yes,,No,,YES,YES,YES,NO,NO,NO,NO,YES,NO,32,NO,,,,,,,,
11-78-09-29,NOT TRIED,,,,,,,,,NOT TRIED,,,,,,,,,YES,,,,,,,,,YES,,,,,,,,,NO,,,,,Yes,Yes,,No,,YES,YES,YES,NO,NO,NO,NO,NO,YES,18,NO,,,,,,,,
11-79-71-86,YES,,,,,,,,,NOT TRIED,,,,,,,,,YES,,,,,,,,,NOT TRIED,,,,,,,,,YES,YES,,Private,សេវាកម្មលឿន,Yes,Yes,,Yes,10000,YES,YES,YES,NO,NO,NO,NO,YES,NO,8,NO,,,,,,,,
12-07-23-17,YES,,,,,,,,,YES,,,,,,,,,YES,,,,,,,,,YES,,,,,,,,,YES,YES,,Private,សេវាលឿន,Yes,Yes,,Yes,5000,YES,YES,YES,NO,NO,NO,NO,YES,NO,12,YES,NO,NO,NO,NO,NO,NO,NO,YES
12-16-17-74,YES,,,,,,,,,NOT TRIED,,,,,,,,,YES,,,,,,,,,YES,,,,,,,,,YES,YES,,Private,សេវាកម្មលឿន,Yes,Yes,,Yes,10000,YES,YES,YES,NO,NO,NO,NO,YES,NO,42,NO,,,,,,,,
12-33-47-68,YES,,,,,,,,,YES,,,,,,,,,YES,,,,,,,,,YES,,,,,,,,,NO,,,,,Yes,Yes,,Yes,20000,,,,,,,,,,,,,,,,,,,
12-82-57-48,YES,,,,,,,,,YES,,,,,,,,,YES,,,,,,,,,YES,,,,,,,,,YES,YES,,Public,សេវាកម្មតម្លៃសមរម្យ,Yes,Yes,,No,,YES,YES,YES,YES,NO,NO,NO,YES,NO,12,YES,NO,NO,NO,NO,NO,NO,NO,YES
13-39-71-32,YES,,,,,,,,,YES,,,,,,,,,YES,,,,,,,,,YES,,,,,,,,,YES,YES,,Private,នៅជិត,Yes,Yes,,No,,YES,YES,YES,NO,NO,YES,NO,NO,NO,6,NO,,,,,,,,
13-41-36-30,YES,,,,,,,,,NOT TRIED,,,,,,,,,NOT TRIED,,,,,,,,,YES,,,,,,,,,YES,YES,,Public,អស់សេវាតិចនិងថ្នាំមានគុណភាពល្អ,Yes,Yes,,Yes,50000,YES,YES,YES,NO,NO,NO,NO,YES,NO,21,NO,,,,,,,,
13-52-02-28,YES,,,,,,,,,YES,,,,,,,,,YES,,,,,,,,,YES,,,,,,,,,NO,,,,,Yes,Yes,,Yes,10000,YES,YES,YES,NO,NO,NO,NO,YES,NO,16,NO,,,,,,,,
13-62-04-21,YES,,,,,,,,,NOT TRIED,,,,,,,,,YES,,,,,,,,,YES,,,,,,,,,NO,,,,,Yes,Yes,,Not sure,,YES,YES,YES,YES,NO,NO,NO,YES,NO,10,NO,,,,,,,,
13-62-51-43,NOT TRIED,,,,,,,,,NOT TRIED,,,,,,,,,YES,,,,,,,,,YES,,,,,,,,,NO,,,,,Yes,Yes,,Yes,40000,YES,YES,YES,NO,NO,NO,NO,YES,NO,8,YES,NO,NO,NO,NO,NO,NO,NO,YES
13-81-20-31,YES,,,,,,,,,YES,,,,,,,,,YES,,,,,,,,,YES,,,,,,,,,NO,,,,,Yes,Yes,,Not sure,,YES,YES,YES,NO,NO,NO,NO,YES,NO,40,NO,,,,,,,,
14-09-59-69,NOT TRIED,,,,,,,,,NOT TRIED,,,,,,,,,YES,,,,,,,,,YES,,,,,,,,,NO,,,,,Yes,Yes,,Yes,10000,,,,,,,,,,,,,,,,,,,
14-78-41-57,NOT TRIED,,,,,,,,,NOT TRIED,,,,,,,,,YES,,,,,,,,,YES,,,,,,,,,YES,YES,,Public,នៅជិតផ្ទះ,Yes,Yes,,Yes,10000,,,,,,,,,,,,,,,,,,,
14-89-02-15,YES,,,,,,,,,NOT TRIED,,,,,,,,,YES,,,,,,,,,YES,,,,,,,,,YES,YES,,Private,ងាយស្រួលនៅជិតផ្ទះ មិនចាំបាច់រង់ចាំយូ,Yes,Yes,,Yes,10000,YES,NO,,,,,,,,,YES,NO,NO,NO,NO,NO,NO,NO,YES
14-93-22-59,NOT TRIED,,,,,,,,,NOT TRIED,,,,,,,,,YES,,,,,,,,,NOT TRIED,,,,,,,,,NO,,,,,Yes,Yes,,Yes,10000,,,,,,,,,,,,,,,,,,,
14-94-97-50,YES,,,,,,,,,NOT TRIED,,,,,,,,,YES,,,,,,,,,YES,,,,,,,,,YES,YES,,Public,មានគុណភាពល្អអាចជឿទុកចិត្តបាន,No,Yes,,Yes,5000,,,,,,,,,,,,,,,,,,,
14-97-32-57,YES,,,,,,,,,YES,,,,,,,,,YES,,,,,,,,,YES,,,,,,,,,YES,YES,,Private,សេវាកម្មរហ័សនិងអាចជឿទុកចិត្តបាន,Yes,Yes,,Yes,20000,YES,YES,YES,NO,NO,NO,NO,YES,NO,6,YES,NO,NO,NO,NO,NO,NO,NO,YES
14-98-08-92,YES,,,,,,,,,YES,,,,,,,,,YES,,,,,,,,,YES,,,,,,,,,YES,YES,,Public,ជិតផ្ទះ ព្យាបាលអស់លុយតិច,Yes,Yes,,Yes,100000,NO,,,,,,,,,,,,,,,,,,
15-09-32-42,YES,,,,,,,,,NOT TRIED,,,,,,,,,YES,,,,,,,,,YES,,,,,,,,,YES,YES,,Private,ជំនាញ្នុងការព្យាបាលនិង​ ថ្នាំព្យាបាលគ្រ​ប់គ្រាន់,Yes,Yes,,Yes,10000,,,,,,,,,,,,,,,,,,,
15-48-00-43,YES,,,,,,,,,NOT TRIED,,,,,,,,,YES,,,,,,,,,YES,,,,,,,,,YES,YES,,Public,នៅជិតផ្ទះសេវាកម្មល្អ,Yes,Yes,,No,,,,,,,,,,,,,,,,,,,,
15-62-16-76,YES,,,,,,,,,YES,,,,,,,,,YES,,,,,,,,,YES,,,,,,,,,YES,YES,,Private,សេវាលឿន​,Yes,Yes,,Yes,10000,YES,YES,YES,NO,NO,NO,NO,YES,NO,9,YES,NO,NO,NO,NO,NO,NO,NO,YES
15-80-17-44,NOT TRIED,,,,,,,,,NOT TRIED,,,,,,,,,YES,,,,,,,,,YES,,,,,,,,,NO,,,,,No,Yes,,Yes,40000,NO,,,,,,,,,,,,,,,,,,
15-87-00-11,YES,,,,,,,,,NOT TRIED,,,,,,,,,YES,,,,,,,,,YES,,,,,,,,,YES,YES,,Private,ជិតផ្ទះ,Yes,Yes,,Yes,19500,,,,,,,,,,,,,,,,,,,
16-15-53-72,NOT TRIED,,,,,,,,,NOT TRIED,,,,,,,,,YES,,,,,,,,,YES,,,,,,,,,YES,YES,,Public,ទៅពេទ្យមណ្ឌលមិនសូវអស់លុយ,No,Yes,,No,,YES,YES,NO,,,,,,,,NO,,,,,,,,
16-17-55-72,YES,,,,,,,,,YES,,,,,,,,,NOT TRIED,,,,,,,,,YES,,,,,,,,,YES,YES,,Private,សេវាកម្មលឿន,No,Yes,,Yes,10000,YES,YES,YES,NO,NO,NO,NO,YES,NO,42,NO,,,,,,,,
16-42-96-59,YES,,,,,,,,,NOT TRIED,,,,,,,,,NOT TRIED,,,,,,,,,NOT TRIED,,,,,,,,,YES,YES,,Private,សេវាកម្មល្អ,Yes,Yes,,No,,NO,,,,,,,,,,,,,,,,,,
16-52-89-41,YES,,,,,,,,,YES,,,,,,,,,NOT TRIED,,,,,,,,,NOT TRIED,,,,,,,,,NO,,,,,Yes,Yes,,No,,YES,NO,,,,,,,,,NO,,,,,,,,
16-59-81-75,YES,,,,,,,,,YES,,,,,,,,,YES,,,,,,,,,YES,,,,,,,,,NO,,,,,Yes,Yes,,Yes,20000,NO,,,,,,,,,,,,,,,,,,
16-74-28-23,YES,,,,,,,,,YES,,,,,,,,,YES,,,,,,,,,YES,,,,,,,,,YES,YES,,Public,ថ្នាំល្អលេបត្រូវឆាប់ជា,Yes,Yes,,No,,YES,NO,,,,,,,,,NO,,,,,,,,
16-77-88-96,YES,,,,,,,,,YES,,,,,,,,,YES,,,,,,,,,YES,,,,,,,,,YES,YES,,Public,មានជំនាញនិងគិតសេវាតិច,Yes,Yes,,No,,,,,,,,,,,,,,,,,,,,
16-83-14-42,YES,,,,,,,,,NOT TRIED,,,,,,,,,YES,,,,,,,,,YES,,,,,,,,,YES,YES,,Public,នៅជិតផ្ទះ ងាយស្រួលបើកថ្នាំ និងថ្លៃសេវាសមរម្យ,Yes,Yes,,Yes,10000,YES,YES,YES,YES,NO,NO,NO,YES,NO,8,NO,,,,,,,,
16-85-46-70,YES,,,,,,,,,YES,,,,,,,,,YES,,,,,,,,,YES,,,,,,,,,YES,YES,,Private,នៅជិតផ្ទះ ព្យាបាលឆាប់ជា។,Yes,Yes,,Yes,5000,,,,,,,,,,,,,,,,,,,
16-96-19-45,YES,,,,,,,,,YES,,,,,,,,,YES,,,,,,,,,YES,,,,,,,,,YES,YES,,Private,សេវាកម្មរហស័គេមានឪបករណ៍គ្រប់គ្រាន់,Yes,Yes,,Yes,40000,YES,NO,,,,,,,,,YES,NO,NO,NO,NO,NO,NO,NO,YES
17-01-45-98,YES,,,,,,,,,YES,,,,,,,,,YES,,,,,,,,,YES,,,,,,,,,YES,YES,,Private,ស្ថាប័នសុខាភិបាលឯកជនថ្នាំមានគុណភាពលេបរហ័សជាសះស្បើយ,Yes,Yes,,No,,YES,YES,YES,YES,NO,NO,NO,YES,NO,9,NO,,,,,,,,
17-18-68-28,YES,,,,,,,,,YES,,,,,,,,,YES,,,,,,,,,YES,,,,,,,,,NO,,,,,Yes,Yes,,Yes,40000,,,,,,,,,,,,,,,,,,,
17-29-58-15,YES,,,,,,,,,NOT TRIED,,,,,,,,,YES,,,,,,,,,NOT TRIED,,,,,,,,,YES,YES,,Public,ដោយសារទៅនៅនឹងអស់លុយតិចហើយពេទ្យមានជំនាញទៀតឆ,Yes,Yes,,Yes,20000,YES,YES,YES,YES,NO,NO,NO,YES,NO,12,NO,,,,,,,,
17-67-81-96,YES,,,,,,,,,NOT TRIED,,,,,,,,,YES,,,,,,,,,NOT TRIED,,,,,,,,,YES,YES,,Private,នៅជិតផ្ទះ ងាយស្រួលរកទិញ,Yes,Yes,,No,,,,,,,,,,,,,,,,,,,,
17-68-86-89,NO,YES,NO,NO,NO,NO,NO,NO,NO,YES,,,,,,,,,NOT TRIED,,,,,,,,,NOT TRIED,,,,,,,,,YES,YES,,Not medical sector,ចំណាយលុយតិច​,Yes,Yes,,Yes,200000,,,,,,,,,,,,,,,,,,,
17-88-33-48,YES,,,,,,,,,YES,,,,,,,,,YES,,,,,,,,,YES,,,,,,,,,YES,YES,,Private,ពេទ្យឯកជននៅក្បែរផ្ទះជាងហើយមានសេវ់ាកម្មរហ័ស,Yes,Yes,,Yes,20000,,,,,,,,,,,,,,,,,,,
18-05-71-79,NOT TRIED,,,,,,,,,NOT TRIED,,,,,,,,,YES,,,,,,,,,YES,,,,,,,,,NO,,,,,Yes,Yes,,Yes,10000,YES,YES,YES,NO,NO,NO,NO,NO,YES,6,NO,,,,,,,,
18-83-71-39,YES,,,,,,,,,YES,,,,,,,,,YES,,,,,,,,,YES,,,,,,,,,YES,YES,,Private,នៅជិតផ្ទះងាយស្រួលធ្វើដំណើរទៅ,Yes,Yes,,No,,YES,YES,YES,NO,NO,NO,NO,YES,NO,12,YES,NO,NO,NO,NO,NO,NO,NO,YES
18-91-78-21,YES,,,,,,,,,NOT TRIED,,,,,,,,,NOT TRIED,,,,,,,,,YES,,,,,,,,,YES,YES,,Private,សេវាកម្មល្អ,Yes,Yes,,Yes,40000,NO,,,,,,,,,,,,,,,,,,
19-02-16-28,YES,,,,,,,,,NOT TRIED,,,,,,,,,YES,,,,,,,,,YES,,,,,,,,,NO,,,,,Yes,Yes,,Yes,300000,YES,NO,,,,,,,,,NO,,,,,,,,
19-20-48-23,YES,,,,,,,,,NOT TRIED,,,,,,,,,YES,,,,,,,,,YES,,,,,,,,,YES,YES,,Private,សេវាកម្មរហ័ស,Yes,Yes,,No,,,,,,,,,,,,,,,,,,,,
19-39-08-63,YES,,,,,,,,,YES,,,,,,,,,YES,,,,,,,,,YES,,,,,,,,,YES,YES,,Private,ពេទ្យឯកជននៅក្បែរផ្ទះជាង  ហើយអាចសុំគេព្យាបាលជំពាក់សិនបាន,Yes,Yes,,No,,,,,,,,,,,,,,,,,,,,
19-72-67-09,YES,,,,,,,,,YES,,,,,,,,,YES,,,,,,,,,YES,,,,,,,,,YES,YES,,Private,ដោយសារពេទ្យឯកជនមានថ្នាំច្រើន និងលឿន ពិនិត្យត្រឹមត្រូវ,Yes,Yes,,Yes,20000,,,,,,,,,,,,,,,,,,,
20-05-86-82,NOT TRIED,,,,,,,,,NOT TRIED,,,,,,,,,YES,,,,,,,,,YES,,,,,,,,,NO,,,,,Yes,Yes,,Not sure,,,,,,,,,,,,,,,,,,,,
20-20-96-41,YES,,,,,,,,,NOT TRIED,,,,,,,,,YES,,,,,,,,,YES,,,,,,,,,YES,YES,,Not medical sector,ព្រោះគ្រូខ្មែនឹងគាត់ជំនាញខាងសរសៃ,No,No,I am worried about side effecs.,,,YES,YES,YES,NO,NO,NO,NO,NO,YES,16,YES,NO,NO,NO,NO,YES,NO,NO,NO
20-28-07-52,YES,,,,,,,,,NOT TRIED,,,,,,,,,YES,,,,,,,,,YES,,,,,,,,,NO,,,,,Not sure,Yes,,Yes,10000,YES,YES,YES,YES,NO,NO,NO,YES,NO,8,YES,NO,NO,NO,NO,NO,NO,NO,YES
20-39-98-99,YES,,,,,,,,,NOT TRIED,,,,,,,,,YES,,,,,,,,,YES,,,,,,,,,NO,,,,,No,Yes,,Yes,30000,YES,YES,YES,YES,NO,NO,NO,YES,NO,4,YES,NO,NO,NO,NO,NO,NO,NO,YES
20-73-25-13,YES,,,,,,,,,YES,,,,,,,,,YES,,,,,,,,,YES,,,,,,,,,YES,YES,,Public,មិនបាច់ចំណាយថវិការ,Yes,Yes,,Yes,10000,NO,,,,,,,,,,,,,,,,,,
20-76-11-93,YES,,,,,,,,,NOT TRIED,,,,,,,,,YES,,,,,,,,,YES,,,,,,,,,NO,,,,,Yes,Yes,,Yes,3000,YES,YES,YES,NO,NO,NO,NO,YES,NO,12,NO,,,,,,,,
20-80-17-46,YES,,,,,,,,,YES,,,,,,,,,YES,,,,,,,,,YES,,,,,,,,,YES,YES,,Private,មានថ្នាំល្អព្យាបាលឆាប់ជា។,Yes,Yes,,Yes,10000,,,,,,,,,,,,,,,,,,,
20-82-62-78,YES,,,,,,,,,YES,,,,,,,,,YES,,,,,,,,,YES,,,,,,,,,YES,YES,,Private,សេវាលឿនពេទ្យរួសរាយរាក់ទាក់និងយកចិត្តទុកដាក់ចំពោះអ្នកជំងឺ,Yes,Yes,,Yes,5000,YES,YES,YES,YES,NO,NO,NO,YES,NO,16,NO,,,,,,,,
21-09-64-49,YES,,,,,,,,,YES,,,,,,,,,YES,,,,,,,,,YES,,,,,,,,,YES,YES,,Public,នៅជិតផ្ទះ,Yes,Yes,,Yes,50000,,,,,,,,,,,,,,,,,,,
21-28-36-64,YES,,,,,,,,,NOT TRIED,,,,,,,,,YES,,,,,,,,,YES,,,,,,,,,YES,YES,,Private,នៅជិតផ្ទះ មានថ្នាំមានល្អ,Yes,Yes,,Not sure,,,,,,,,,,,,,,,,,,,,
21-33-55-76,YES,,,,,,,,,YES,,,,,,,,,YES,,,,,,,,,YES,,,,,,,,,NO,,,,,Yes,Yes,,No,,,,,,,,,,,,,,,,,,,,
21-82-19-65,YES,,,,,,,,,NOT TRIED,,,,,,,,,YES,,,,,,,,,YES,,,,,,,,,YES,YES,,Private,បំរើសេវាបានទាន់ចិត្ត,Yes,Yes,,Yes,10000,,,,,,,,,,,,,,,,,,,
22-06-96-95,YES,,,,,,,,,NOT TRIED,,,,,,,,,YES,,,,,,,,,YES,,,,,,,,,YES,YES,,Public,គុណភាពល្អ,Not sure,Yes,,No,,YES,YES,YES,NO,NO,NO,NO,YES,NO,140,NO,,,,,,,,
22-27-53-02,YES,,,,,,,,,YES,,,,,,,,,YES,,,,,,,,,YES,,,,,,,,,YES,YES,,Public,នៅជីតផ្ទះ​ អស់លុយតិច,Yes,Yes,,Yes,1500,YES,YES,NO,,,,,,,,NO,,,,,,,,
22-34-46-74,YES,,,,,,,,,YES,,,,,,,,,YES,,,,,,,,,YES,,,,,,,,,YES,YES,,Private,សេវាកម្មល្អនិងព្យាបាលឆាប់ជា,Yes,Yes,,Yes,10000,YES,YES,YES,NO,NO,NO,NO,YES,NO,12,NO,,,,,,,,
22-80-62-03,YES,,,,,,,,,YES,,,,,,,,,YES,,,,,,,,,YES,,,,,,,,,NO,,,,,Yes,Yes,,Yes,40000,YES,YES,NO,,,,,,,,NO,,,,,,,,
22-89-95-50,YES,,,,,,,,,NOT TRIED,,,,,,,,,YES,,,,,,,,,YES,,,,,,,,,YES,YES,,Private,ដោយសារនៅជិតផ្ទះ,Yes,Yes,,Yes,10000,,,,,,,,,,,,,,,,,,,
22-91-55-07,NOT TRIED,,,,,,,,,NOT TRIED,,,,,,,,,YES,,,,,,,,,YES,,,,,,,,,NO,,,,,Yes,Yes,,Yes,20000,YES,YES,YES,NO,NO,NO,NO,NO,YES,6,NO,,,,,,,,
23-84-75-04,YES,,,,,,,,,YES,,,,,,,,,YES,,,,,,,,,NOT TRIED,,,,,,,,,NO,,,,,Yes,Yes,,No,,NO,,,,,,,,,,,,,,,,,,
23-95-76-25,YES,,,,,,,,,YES,,,,,,,,,YES,,,,,,,,,YES,,,,,,,,,NO,,,,,Yes,No,I am worried about side effecs.,,,,,,,,,,,,,,,,,,,,,
24-50-42-93,YES,,,,,,,,,YES,,,,,,,,,YES,,,,,,,,,YES,,,,,,,,,YES,YES,,Private,ព្រោះកូនគាត់នៅធ្វើការនៅទីនោះនិងមានឧប្បករណ៍ទំនើប។,Yes,Yes,,Not sure,,,,,,,,,,,,,,,,,,,,
24-54-99-87,NOT TRIED,,,,,,,,,YES,,,,,,,,,YES,,,,,,,,,YES,,,,,,,,,NO,,,,,No,Not sure,I don't think it will be safe.,,,YES,YES,YES,YES,YES,NO,NO,YES,NO,28,NO,,,,,,,,
24-78-94-60,YES,,,,,,,,,YES,,,,,,,,,YES,,,,,,,,,YES,,,,,,,,,YES,YES,,Private,មើលជំងឺគាត់ត្រូវ,Yes,Yes,,Not sure,,YES,YES,YES,NO,NO,NO,NO,YES,NO,24,NO,,,,,,,,
24-82-80-64,YES,,,,,,,,,YES,,,,,,,,,YES,,,,,,,,,YES,,,,,,,,,NO,,,,,No,Yes,,Yes,10000,,,,,,,,,,,,,,,,,,,
25-17-44-91,NOT TRIED,,,,,,,,,NOT TRIED,,,,,,,,,YES,,,,,,,,,YES,,,,,,,,,YES,YES,,Private,ព្រោះនៅជិតផ្ទះ សេវាលឿន,Yes,Yes,,Yes,3000,YES,NO,,,,,,,,,NO,,,,,,,,
25-42-18-96,YES,,,,,,,,,YES,,,,,,,,,NOT TRIED,,,,,,,,,NOT TRIED,,,,,,,,,NO,,,,,Yes,Yes,,Yes,100000,YES,YES,YES,YES,YES,NO,NO,YES,NO,12,YES,NO,NO,NO,NO,NO,NO,NO,YES
25-91-93-59,YES,,,,,,,,,YES,,,,,,,,,YES,,,,,,,,,YES,,,,,,,,,YES,YES,,Private,ព្រោះនៅជិតផ្ទះ,Yes,Yes,,Yes,3000,NO,,,,,,,,,,,,,,,,,,
26-18-30-56,NOT TRIED,,,,,,,,,YES,,,,,,,,,YES,,,,,,,,,YES,,,,,,,,,NO,,,,,Yes,Yes,,Yes,120000,,,,,,,,,,,,,,,,,,,
26-47-81-10,YES,,,,,,,,,YES,,,,,,,,,YES,,,,,,,,,YES,,,,,,,,,YES,YES,,Public,នៅមណ្ឌលសុខភាពគេមិនគិតលុយ,Not sure,Yes,,No,,YES,YES,YES,NO,NO,NO,NO,YES,NO,20,NO,,,,,,,,
26-92-52-70,YES,,,,,,,,,YES,,,,,,,,,YES,,,,,,,,,YES,,,,,,,,,YES,YES,,Not medical sector,ព្យាបាលតាមបែបបុរាណទើបជាលឿន,Yes,Yes,,Yes,10000,,,,,,,,,,,,,,,,,,,
27-08-88-11,NOT TRIED,,,,,,,,,YES,,,,,,,,,NOT TRIED,,,,,,,,,YES,,,,,,,,,YES,YES,,Private,ដោយសារតែមណ្ឌលសុខភាពនៅឆ្ងាយ បើធ្វើដំណើរ៣ទៅ៤ម៉ោងបានដល់,Yes,Yes,,Yes,3000,,,,,,,,,,,,,,,,,,,
27-21-36-53,YES,,,,,,,,,NOT TRIED,,,,,,,,,YES,,,,,,,,,NOT TRIED,,,,,,,,,NO,,,,,Yes,Yes,,No,,YES,YES,YES,YES,NO,NO,NO,YES,NO,8,NO,,,,,,,,
27-29-97-73,YES,,,,,,,,,YES,,,,,,,,,YES,,,,,,,,,YES,,,,,,,,,NO,,,,,Yes,Yes,,Yes,5000,YES,YES,YES,NO,NO,NO,NO,YES,NO,6,NO,,,,,,,,
27-33-92-06,NOT TRIED,,,,,,,,,YES,,,,,,,,,NOT TRIED,,,,,,,,,NOT TRIED,,,,,,,,,NO,,,,,Yes,Yes,,Not sure,,,,,,,,,,,,,,,,,,,,
27-55-59-49,YES,,,,,,,,,NOT TRIED,,,,,,,,,YES,,,,,,,,,YES,,,,,,,,,NO,,,,,Yes,Yes,,No,,NO,,,,,,,,,,,,,,,,,,
28-71-17-92,YES,,,,,,,,,NOT TRIED,,,,,,,,,NOT TRIED,,,,,,,,,NOT TRIED,,,,,,,,,NO,,,,,Yes,Yes,,Not sure,,YES,YES,YES,NO,NO,NO,NO,YES,NO,12,YES,NO,NO,NO,NO,NO,NO,NO,YES
28-88-05-65,YES,,,,,,,,,YES,,,,,,,,,YES,,,,,,,,,YES,,,,,,,,,NO,,,,,Yes,No,I am not at risk of contracting Covid-19.,,,YES,YES,NO,,,,,,,,NO,,,,,,,,
28-94-48-29,YES,,,,,,,,,NOT TRIED,,,,,,,,,YES,,,,,,,,,YES,,,,,,,,,YES,YES,,Private,ឈឺខ្លាំងមណ្ឌលសុខភាពមិនទទួលការព្យាបាលទេរុនអោយទៅព្យាបាលនៅមន្ទីរពេទ្យឯកជន ដោយសារខាងមណ្ឌលសុខភាពមិនមានសម្ភារះ និងថ្នាំគ្រប់គ្រាន់,Yes,Yes,,Yes,30000,,,,,,,,,,,,,,,,,,,
28-99-21-75,NOT TRIED,,,,,,,,,NOT TRIED,,,,,,,,,NOT TRIED,,,,,,,,,NOT TRIED,,,,,,,,,NO,,,,,Yes,Yes,,No,,YES,YES,YES,YES,YES,NO,NO,YES,NO,6,NO,,,,,,,,
29-53-69-61,YES,,,,,,,,,YES,,,,,,,,,YES,,,,,,,,,YES,,,,,,,,,YES,YES,,Public,នៅមន្ទីពេទ្យនេះធូថ្លៃ,Yes,No,I am worried about side effecs.,,,,,,,,,,,,,,,,,,,,,
29-56-08-14,NOT TRIED,,,,,,,,,NOT TRIED,,,,,,,,,YES,,,,,,,,,YES,,,,,,,,,YES,YES,,Private,សេវាលឿន,Yes,Yes,,Yes,20000,NO,,,,,,,,,,,,,,,,,,
29-65-13-28,YES,,,,,,,,,YES,,,,,,,,,YES,,,,,,,,,YES,,,,,,,,,YES,YES,,Private,ដោយសារខ្ញុំមានទំនុកចិត្តហើយសេវ៉ាកម្មលឿនទាន់ចិត្ត,Yes,Yes,,Yes,20000,YES,YES,YES,YES,NO,YES,NO,NO,NO,6,NO,,,,,,,,
29-94-26-51,NOT TRIED,,,,,,,,,NOT TRIED,,,,,,,,,YES,,,,,,,,,YES,,,,,,,,,NO,,,,,No,Yes,,Yes,10000,YES,YES,NO,,,,,,,,NO,,,,,,,,
29-96-85-38,YES,,,,,,,,,NOT TRIED,,,,,,,,,YES,,,,,,,,,YES,,,,,,,,,NO,,,,,Yes,Yes,,Yes,40000,,,,,,,,,,,,,,,,,,,
30-10-22-60,YES,,,,,,,,,YES,,,,,,,,,YES,,,,,,,,,YES,,,,,,,,,YES,YES,,Private,នៅជិតផ្ទះ មនុស្សតិចស្រួលព្យាបាល,No,Yes,,Yes,20000,YES,YES,YES,NO,NO,NO,NO,YES,NO,7,NO,,,,,,,,
30-10-29-94,YES,,,,,,,,,YES,,,,,,,,,YES,,,,,,,,,YES,,,,,,,,,YES,YES,,Public,មិនចាំបាច់ត្រូវចំណាយលុយច្រើនក្នុងការព្យាបាល,Yes,Yes,,No,,,,,,,,,,,,,,,,,,,,
30-19-77-63,YES,,,,,,,,,NOT TRIED,,,,,,,,,YES,,,,,,,,,NOT TRIED,,,,,,,,,YES,YES,,Public,មិនបាច់ចំណាយប្រាក់,No,Yes,,No,,,,,,,,,,,,,,,,,,,,
30-25-79-75,NOT TRIED,,,,,,,,,NOT TRIED,,,,,,,,,YES,,,,,,,,,YES,,,,,,,,,NO,,,,,Yes,Not sure,"OTHER, SPECIFY",,,YES,NO,,,,,,,,,NO,,,,,,,,
30-57-28-29,NOT TRIED,,,,,,,,,NOT TRIED,,,,,,,,,YES,,,,,,,,,YES,,,,,,,,,NO,,,,,Yes,Yes,,Not sure,,,,,,,,,,,,,,,,,,,,
30-74-60-19,YES,,,,,,,,,NOT TRIED,,,,,,,,,YES,,,,,,,,,YES,,,,,,,,,YES,YES,,Private,ដោយសារងាយស្រួលវានៅជិតផ្ទះ នឹងសេវាកម្មរហស័,Yes,Not sure,I am worried about side effecs.,,,YES,NO,,,,,,,,,YES,NO,NO,NO,NO,NO,NO,NO,YES
30-84-11-52,YES,,,,,,,,,YES,,,,,,,,,YES,,,,,,,,,YES,,,,,,,,,YES,YES,,Private,នៅជិតផ្ទះហើយសេវាកម្មលឿនជាងពេទ្យរដ្ធ,Yes,Yes,,Yes,20000,NO,,,,,,,,,,,,,,,,,,
30-93-30-28,NOT TRIED,,,,,,,,,NOT TRIED,,,,,,,,,YES,,,,,,,,,YES,,,,,,,,,NO,,,,,Yes,Yes,,Yes,20000,YES,NO,,,,,,,,,NO,,,,,,,,
31-08-08-05,YES,,,,,,,,,YES,,,,,,,,,NOT TRIED,,,,,,,,,NOT TRIED,,,,,,,,,YES,YES,,Private,សេវាកម្មរហ័យនិងថ្នាំមានគុណភាពល្អ,Yes,Yes,,Yes,30000,YES,YES,YES,NO,NO,NO,NO,YES,NO,12,YES,NO,NO,NO,NO,NO,NO,NO,YES
31-16-02-60,YES,,,,,,,,,YES,,,,,,,,,YES,,,,,,,,,NOT TRIED,,,,,,,,,YES,YES,,Private,មានសេវាកម្មរហ័សនិងគួរអោយទុកចិត្ត,Yes,Yes,,No,,YES,YES,YES,NO,NO,NO,NO,YES,NO,10,YES,NO,NO,NO,NO,NO,NO,NO,YES
31-29-31-74,YES,,,,,,,,,YES,,,,,,,,,YES,,,,,,,,,YES,,,,,,,,,NO,,,,,Yes,Yes,,Yes,40000,YES,YES,YES,YES,NO,NO,NO,YES,NO,24,YES,NO,NO,NO,NO,NO,NO,NO,YES
31-31-68-97,NOT TRIED,,,,,,,,,YES,,,,,,,,,YES,,,,,,,,,YES,,,,,,,,,YES,YES,,Private,សេវាកម្មលឿន,Yes,Yes,,No,,YES,NO,,,,,,,,,NO,,,,,,,,
31-52-38-21,YES,,,,,,,,,YES,,,,,,,,,NOT TRIED,,,,,,,,,YES,,,,,,,,,YES,YES,,Private,មានថ្នាំ និងឧបករណ៍គ្រប់គ្រាន់សម្រាប់ការព្យាបាល,Yes,Yes,,Yes,10000,,,,,,,,,,,,,,,,,,,
31-72-86-88,YES,,,,,,,,,YES,,,,,,,,,YES,,,,,,,,,YES,,,,,,,,,YES,YES,,Private,សេវាកម្មរហ័,Yes,Yes,,Yes,50000,,,,,,,,,,,,,,,,,,,
31-74-01-25,YES,,,,,,,,,NOT TRIED,,,,,,,,,YES,,,,,,,,,YES,,,,,,,,,NO,,,,,Yes,Yes,,Yes,20000,YES,YES,YES,NO,NO,NO,NO,NO,YES,12,YES,NO,NO,NO,NO,YES,NO,NO,NO
31-91-94-57,NOT TRIED,,,,,,,,,YES,,,,,,,,,YES,,,,,,,,,YES,,,,,,,,,NO,,,,,Not sure,Yes,,Not sure,,YES,YES,YES,NO,NO,NO,NO,NO,YES,6,NO,,,,,,,,
31-99-66-16,YES,,,,,,,,,YES,,,,,,,,,YES,,,,,,,,,YES,,,,,,,,,NO,,,,,Yes,Yes,,Yes,40000,,,,,,,,,,,,,,,,,,,
32-04-34-69,YES,,,,,,,,,YES,,,,,,,,,YES,,,,,,,,,NOT TRIED,,,,,,,,,YES,YES,,Public,មិនសូវអស់លុយច្រើន,Yes,Yes,,Yes,10000,YES,YES,YES,NO,NO,NO,NO,YES,NO,20,YES,NO,NO,NO,NO,NO,NO,NO,YES
32-46-48-90,NOT TRIED,,,,,,,,,YES,,,,,,,,,NOT TRIED,,,,,,,,,NOT TRIED,,,,,,,,,YES,YES,,Public,មានថ្នាច្រើនក្នុងការព្យាបាល,Yes,Yes,,No,,YES,YES,YES,YES,NO,NO,NO,YES,NO,2,NO,,,,,,,,
32-55-09-04,YES,,,,,,,,,YES,,,,,,,,,YES,,,,,,,,,YES,,,,,,,,,YES,YES,,Private,នៅក្បែរផ្ទះនិងគុណភាពសេវាល្អ,No,Yes,,No,,YES,YES,YES,NO,NO,NO,NO,YES,NO,8,NO,,,,,,,,
32-66-22-66,YES,,,,,,,,,NOT TRIED,,,,,,,,,NOT TRIED,,,,,,,,,NOT TRIED,,,,,,,,,NO,,,,,Yes,Yes,,Yes,20000,YES,YES,YES,NO,NO,NO,NO,YES,NO,18,YES,NO,NO,NO,NO,NO,NO,NO,YES
32-76-20-27,YES,,,,,,,,,YES,,,,,,,,,YES,,,,,,,,,YES,,,,,,,,,NO,,,,,Yes,Yes,,Yes,3000,YES,YES,YES,NO,NO,NO,NO,YES,NO,12,NO,,,,,,,,
33-13-27-35,YES,,,,,,,,,YES,,,,,,,,,YES,,,,,,,,,YES,,,,,,,,,YES,YES,,Public,តម្លៃសមរម្យ សេវាល្អ,Yes,Yes,,Yes,40000,,,,,,,,,,,,,,,,,,,
33-80-37-22,YES,,,,,,,,,YES,,,,,,,,,YES,,,,,,,,,YES,,,,,,,,,YES,YES,,Private,នៅជិតផ្ទះ,Yes,No,I am not at risk of contracting Covid-19.,,,YES,YES,YES,NO,NO,NO,NO,YES,NO,21,NO,,,,,,,,
33-87-89-92,YES,,,,,,,,,YES,,,,,,,,,YES,,,,,,,,,YES,,,,,,,,,NO,,,,,Yes,Yes,,No,,,,,,,,,,,,,,,,,,,,
34-35-77-48,NOT TRIED,,,,,,,,,YES,,,,,,,,,YES,,,,,,,,,YES,,,,,,,,,NO,,,,,Yes,Yes,,Yes,10000,YES,YES,YES,NO,NO,NO,NO,NO,YES,9,NO,,,,,,,,
34-60-80-61,YES,,,,,,,,,NOT TRIED,,,,,,,,,YES,,,,,,,,,YES,,,,,,,,,YES,YES,,Private,ដោយសារទិញថ្នាំតិចតួចហើយទិញនៅហូបទៅឆាប់ជា,Yes,Yes,,Yes,40000,,,,,,,,,,,,,,,,,,,
34-91-88-56,YES,,,,,,,,,YES,,,,,,,,,YES,,,,,,,,,YES,,,,,,,,,NO,,,,,Yes,Yes,,No,,YES,YES,YES,NO,NO,NO,NO,YES,NO,3,NO,,,,,,,,
34-93-90-02,YES,,,,,,,,,YES,,,,,,,,,YES,,,,,,,,,YES,,,,,,,,,NO,,,,,Yes,Yes,,Yes,3000,NO,,,,,,,,,,,,,,,,,,
35-34-74-29,YES,,,,,,,,,YES,,,,,,,,,YES,,,,,,,,,YES,,,,,,,,,NO,,,,,Yes,Yes,,Yes,10000,YES,YES,YES,YES,NO,NO,NO,YES,NO,11,NO,,,,,,,,
35-62-73-83,YES,,,,,,,,,YES,,,,,,,,,YES,,,,,,,,,YES,,,,,,,,,YES,YES,,Public,មានឧប្បទំនើប,Yes,Yes,,Yes,40000,YES,YES,YES,NO,NO,NO,NO,YES,NO,16,NO,,,,,,,,
35-74-11-78,NOT TRIED,,,,,,,,,YES,,,,,,,,,YES,,,,,,,,,YES,,,,,,,,,YES,YES,,Private,នៅជិតផ្ទះសេវាលឿន,Yes,Yes,,Yes,40000,NO,,,,,,,,,,,,,,,,,,
35-77-62-41,YES,,,,,,,,,YES,,,,,,,,,YES,,,,,,,,,YES,,,,,,,,,YES,YES,,Public,ដោយសារថ្មនៅនឹងល្អ/មិនសូវថ្លៃ/លេបឆាប់ជា,No,No,"OTHER, SPECIFY",,,YES,YES,YES,YES,NO,NO,NO,NO,NO,6,NO,,,,,,,,
35-94-54-03,YES,,,,,,,,,YES,,,,,,,,,YES,,,,,,,,,YES,,,,,,,,,YES,YES,,Private,ធ្លាប់ស្គាល់ និងព្យាបាលមានប្រសិទ្ឋភាព ងាយស្រួលទៅរក,Yes,Yes,,No,,YES,YES,NO,,,,,,,,NO,,,,,,,,
36-00-88-95,NOT TRIED,,,,,,,,,YES,,,,,,,,,YES,,,,,,,,,YES,,,,,,,,,YES,YES,,Private,ណៅជិតផ្ទះ សេវាលឿន,Yes,Yes,,Yes,8000,YES,YES,YES,NO,YES,YES,NO,YES,NO,12,YES,NO,NO,NO,NO,NO,NO,NO,YES
36-07-99-01,YES,,,,,,,,,YES,,,,,,,,,YES,,,,,,,,,YES,,,,,,,,,NO,,,,,Yes,Yes,,Yes,50000,YES,YES,YES,YES,NO,NO,NO,YES,NO,12,YES,NO,NO,NO,NO,NO,NO,NO,YES
36-15-16-16,NOT TRIED,,,,,,,,,NOT TRIED,,,,,,,,,YES,,,,,,,,,YES,,,,,,,,,YES,YES,,Public,អត់សូវអស់ប្រាក់,Yes,Yes,,Yes,2000,YES,YES,YES,NO,NO,NO,NO,YES,NO,12,YES,NO,NO,NO,NO,NO,NO,NO,YES
36-23-84-47,YES,,,,,,,,,NOT TRIED,,,,,,,,,YES,,,,,,,,,YES,,,,,,,,,YES,YES,,Private,សេវាកម្មរហ័ស,Yes,Yes,,Yes,10000,YES,YES,YES,NO,NO,NO,NO,YES,NO,8,NO,,,,,,,,
36-42-27-64,NOT TRIED,,,,,,,,,NOT TRIED,,,,,,,,,YES,,,,,,,,,YES,,,,,,,,,NO,,,,,Yes,Yes,,Yes,110000,YES,YES,YES,NO,NO,NO,NO,NO,YES,10,NO,,,,,,,,
36-57-06-71,YES,,,,,,,,,YES,,,,,,,,,YES,,,,,,,,,YES,,,,,,,,,NO,,,,,No,Yes,,No,,YES,YES,YES,NO,NO,NO,NO,YES,NO,24,NO,,,,,,,,
36-73-22-03,NOT TRIED,,,,,,,,,YES,,,,,,,,,NOT TRIED,,,,,,,,,NOT TRIED,,,,,,,,,NO,,,,,Yes,Yes,,No,,YES,YES,YES,NO,YES,NO,NO,YES,NO,20,NO,,,,,,,,
36-81-17-19,YES,,,,,,,,,NOT TRIED,,,,,,,,,NOT TRIED,,,,,,,,,NOT TRIED,,,,,,,,,YES,YES,,Private,សេវាកម្មលឿន,Yes,Yes,,Yes,10000,YES,YES,YES,YES,NO,YES,NO,YES,NO,6,NO,,,,,,,,
37-00-39-57,NOT TRIED,,,,,,,,,NOT TRIED,,,,,,,,,YES,,,,,,,,,NOT TRIED,,,,,,,,,NO,,,,,Yes,Yes,,No,,NO,,,,,,,,,,,,,,,,,,
37-80-84-96,YES,,,,,,,,,YES,,,,,,,,,YES,,,,,,,,,NOT TRIED,,,,,,,,,YES,YES,,Public,នៅជិតផ្ទះ អត់សូវអស់លុយ,Yes,Yes,,Yes,100000,YES,YES,YES,NO,NO,NO,NO,YES,NO,11,YES,NO,NO,NO,NO,NO,NO,NO,YES
37-89-40-83,YES,,,,,,,,,YES,,,,,,,,,NOT TRIED,,,,,,,,,NOT TRIED,,,,,,,,,NO,,,,,No,Yes,,No,,YES,NO,,,,,,,,,NO,,,,,,,,
38-13-46-95,YES,,,,,,,,,YES,,,,,,,,,YES,,,,,,,,,YES,,,,,,,,,NO,,,,,Yes,Yes,,Yes,200000,YES,YES,YES,YES,NO,NO,NO,YES,NO,24,NO,,,,,,,,
38-13-82-86,YES,,,,,,,,,YES,,,,,,,,,YES,,,,,,,,,YES,,,,,,,,,YES,YES,,Private,នៅជិតផ្ទះ និងជម្ងឺរបស់គាត់មិនធ្ងន់ធ្ងរ,Yes,Yes,,No,,,,,,,,,,,,,,,,,,,,
38-26-45-97,YES,,,,,,,,,NOT TRIED,,,,,,,,,YES,,,,,,,,,YES,,,,,,,,,YES,YES,,Private,នៅជិតផ្ទះ សេវាកម្មរបស់គេរហស័,Yes,Yes,,Yes,10000,YES,YES,YES,NO,NO,NO,NO,YES,NO,14,YES,NO,NO,NO,NO,NO,NO,NO,YES
38-84-61-98,NOT TRIED,,,,,,,,,NOT TRIED,,,,,,,,,NOT TRIED,,,,,,,,,NOT TRIED,,,,,,,,,NO,,,,,Yes,Yes,,Yes,1000,,,,,,,,,,,,,,,,,,,
39-07-91-55,YES,,,,,,,,,YES,,,,,,,,,YES,,,,,,,,,YES,,,,,,,,,YES,YES,,Private,សេវាកម្មរហ័សនឹងមានការយកចិត្តទុកដាក់,No,Yes,,No,,,,,,,,,,,,,,,,,,,,
39-32-76-16,YES,,,,,,,,,NOT TRIED,,,,,,,,,YES,,,,,,,,,YES,,,,,,,,,YES,YES,,Private,នៅជិតនិងគុណភាពថ្នាំល្អ,No,Yes,,No,,YES,YES,YES,NO,NO,NO,NO,YES,NO,32,NO,,,,,,,,
39-44-97-01,YES,,,,,,,,,YES,,,,,,,,,YES,,,,,,,,,YES,,,,,,,,,NO,,,,,Yes,Yes,,Yes,20000,,,,,,,,,,,,,,,,,,,
39-51-55-58,YES,,,,,,,,,YES,,,,,,,,,YES,,,,,,,,,YES,,,,,,,,,YES,YES,,Private,ដោយសារនៅជិតផ្ទះណាមួយកូនឈឺតិចតួចហើយថ្នាំទិញនៅនឹងលេបទៅឆាប់បាត់,Yes,Yes,,No,,YES,YES,YES,YES,NO,NO,NO,NO,NO,8,NO,,,,,,,,
39-70-52-15,YES,,,,,,,,,YES,,,,,,,,,YES,,,,,,,,,YES,,,,,,,,,YES,YES,,Public,នៅជិតផ្ទះ អត់សូវអស់ប្រាក់,Yes,Yes,,No,,,,,,,,,,,,,,,,,,,,
39-73-01-24,YES,,,,,,,,,NOT TRIED,,,,,,,,,YES,,,,,,,,,YES,,,,,,,,,YES,YES,,Private,ស្ថាប័នសុខាភិបាលឯកជននៅជិតផ្ទះ និងការព្យាបាលមានគុណភាព,Yes,Yes,,Yes,10000,YES,YES,YES,YES,YES,NO,NO,NO,NO,3,NO,,,,,,,,
39-96-43-92,NOT TRIED,,,,,,,,,YES,,,,,,,,,YES,,,,,,,,,YES,,,,,,,,,YES,YES,,Public,មានឧបករណ៍ប្រើប្រាស់គ្រប់គ្រាន់,Yes,Yes,,Yes,50000,,,,,,,,,,,,,,,,,,,
40-15-27-64,YES,,,,,,,,,YES,,,,,,,,,YES,,,,,,,,,YES,,,,,,,,,YES,YES,,Private,ដោយសារការព្យាបាលគឺសេវ៉ាកម្មលឿន,Yes,No,I don't think it will be safe.,,,,,,,,,,,,,,,,,,,,,
40-48-45-57,NOT TRIED,,,,,,,,,NOT TRIED,,,,,,,,,YES,,,,,,,,,YES,,,,,,,,,NO,,,,,Yes,Yes,,Yes,10000,YES,NO,,,,,,,,,NO,,,,,,,,
40-56-73-24,NOT TRIED,,,,,,,,,NOT TRIED,,,,,,,,,YES,,,,,,,,,YES,,,,,,,,,YES,YES,,Private,នៅជិតផ្ទះ,Yes,Yes,,Yes,50000,,,,,,,,,,,,,,,,,,,
40-86-31-68,YES,,,,,,,,,NOT TRIED,,,,,,,,,YES,,,,,,,,,YES,,,,,,,,,NO,,,,,Yes,Yes,,No,,NO,,,,,,,,,,,,,,,,,,
41-13-72-49,YES,,,,,,,,,YES,,,,,,,,,YES,,,,,,,,,YES,,,,,,,,,NO,,,,,Yes,Yes,,Yes,50000,,,,,,,,,,,,,,,,,,,
41-19-13-76,YES,,,,,,,,,YES,,,,,,,,,YES,,,,,,,,,NOT TRIED,,,,,,,,,YES,YES,,Private,សេកម្មល្អទាន់ពេល,Yes,Yes,,Yes,40000,NO,,,,,,,,,,,,,,,,,,
41-41-86-33,YES,,,,,,,,,YES,,,,,,,,,YES,,,,,,,,,YES,,,,,,,,,NO,,,,,Yes,Yes,,Yes,50000,YES,YES,YES,NO,NO,NO,NO,YES,NO,8,NO,,,,,,,,
41-85-41-75,YES,,,,,,,,,YES,,,,,,,,,YES,,,,,,,,,YES,,,,,,,,,YES,YES,,Private,នៅជិតផ្ទះ,Yes,Yes,,Yes,20000,,,,,,,,,,,,,,,,,,,
42-16-33-90,YES,,,,,,,,,YES,,,,,,,,,YES,,,,,,,,,YES,,,,,,,,,NO,,,,,Yes,No,I am worried about side effecs.,,,,,,,,,,,,,,,,,,,,,
42-21-50-32,YES,,,,,,,,,NOT TRIED,,,,,,,,,YES,,,,,,,,,YES,,,,,,,,,NO,,,,,Not sure,Yes,,Yes,50000,YES,YES,YES,YES,NO,NO,NO,NO,NO,10,NO,,,,,,,,
42-34-68-53,YES,,,,,,,,,YES,,,,,,,,,YES,,,,,,,,,YES,,,,,,,,,YES,YES,,Private,សេវាលឿន,Yes,Yes,,Yes,10000,YES,YES,YES,YES,NO,NO,NO,YES,NO,12,YES,NO,NO,NO,NO,NO,NO,NO,YES
42-39-53-16,YES,,,,,,,,,YES,,,,,,,,,YES,,,,,,,,,YES,,,,,,,,,YES,YES,,Public,ថ្នាំពេទ្យនៅមណ្ឌលមានតម្លៃទាប,Yes,Yes,,Yes,4000,,,,,,,,,,,,,,,,,,,
42-49-42-16,YES,,,,,,,,,YES,,,,,,,,,YES,,,,,,,,,YES,,,,,,,,,NO,,,,,Yes,Yes,,Yes,100000,YES,NO,,,,,,,,,NO,,,,,,,,
42-93-36-93,YES,,,,,,,,,YES,,,,,,,,,YES,,,,,,,,,NOT TRIED,,,,,,,,,YES,YES,,Public,បើកថ្នាំអត់អស់លុយនិងសេវាកម្មល្អ,Yes,Yes,,Yes,8000,NO,,,,,,,,,,,,,,,,,,
43-20-92-64,NOT TRIED,,,,,,,,,NOT TRIED,,,,,,,,,YES,,,,,,,,,YES,,,,,,,,,NO,,,,,Yes,Yes,,Yes,120000,,,,,,,,,,,,,,,,,,,
43-39-89-28,YES,,,,,,,,,NOT TRIED,,,,,,,,,YES,,,,,,,,,YES,,,,,,,,,YES,YES,,Private,លេបថ្នាំនៅនិងត្រូវស្រួលខ្លួន,Yes,Yes,,No,,,,,,,,,,,,,,,,,,,,
43-44-56-34,YES,,,,,,,,,YES,,,,,,,,,YES,,,,,,,,,YES,,,,,,,,,YES,YES,,Private,សេវាកម្មរហស័នៅជិតផ្ទះ,Yes,Yes,,Yes,2000,YES,YES,YES,NO,NO,NO,NO,YES,NO,8,NO,,,,,,,,
43-85-90-89,YES,,,,,,,,,YES,,,,,,,,,YES,,,,,,,,,YES,,,,,,,,,YES,YES,,Private,ព្យាបាលបានលឿននិងមានថ្នាំច្រើនគ្រប់គ្រាន់,Yes,Yes,,Yes,4000,,,,,,,,,,,,,,,,,,,
44-19-05-48,YES,,,,,,,,,YES,,,,,,,,,YES,,,,,,,,,YES,,,,,,,,,YES,YES,,Private,ស្ថាប័នសុខាភិបាលឯកជនសេវាលឿន,Yes,Yes,,Yes,40000,YES,YES,YES,YES,NO,NO,NO,YES,NO,12,NO,,,,,,,,
44-19-40-06,YES,,,,,,,,,YES,,,,,,,,,YES,,,,,,,,,YES,,,,,,,,,YES,YES,,Private,មានជំនាញ និង​សេវាកម្មល្អ ហើយឆាបរហ័ស,Yes,Yes,,No,,YES,YES,YES,YES,NO,NO,NO,YES,NO,14,NO,,,,,,,,
44-21-01-09,YES,,,,,,,,,YES,,,,,,,,,NOT TRIED,,,,,,,,,NOT TRIED,,,,,,,,,YES,YES,,Public,បង់ថ្លៃពេទ្យតិចតួច,Yes,Yes,,Yes,10000,,,,,,,,,,,,,,,,,,,
44-26-93-67,YES,,,,,,,,,YES,,,,,,,,,YES,,,,,,,,,YES,,,,,,,,,YES,YES,,Private,សេវាកម្មរហ័ស,Yes,Yes,,Yes,10000,,,,,,,,,,,,,,,,,,,
45-75-02-10,YES,,,,,,,,,NOT TRIED,,,,,,,,,YES,,,,,,,,,YES,,,,,,,,,YES,YES,,Public,អស់លុយតិច,Yes,Yes,,Yes,120000,,,,,,,,,,,,,,,,,,,
46-39-07-37,NOT TRIED,,,,,,,,,YES,,,,,,,,,NOT TRIED,,,,,,,,,NOT TRIED,,,,,,,,,NO,,,,,No,Yes,,Yes,10000,,,,,,,,,,,,,,,,,,,
46-62-54-88,YES,,,,,,,,,YES,,,,,,,,,YES,,,,,,,,,YES,,,,,,,,,NO,,,,,Yes,Yes,,Yes,3000,,,,,,,,,,,,,,,,,,,
46-68-42-16,YES,,,,,,,,,YES,,,,,,,,,YES,,,,,,,,,YES,,,,,,,,,YES,YES,,Private,សេវាកម្មរហស័ជាងពេទ្យរដ្ធ,Yes,Yes,,Not sure,,YES,YES,YES,NO,NO,NO,NO,NO,YES,12,NO,,,,,,,,
46-76-50-60,NOT TRIED,,,,,,,,,YES,,,,,,,,,NOT TRIED,,,,,,,,,NO,NO,NO,NO,NO,NO,NO,YES,NO,NO,,,,,Yes,Yes,,No,,YES,YES,YES,YES,NO,NO,NO,YES,NO,8,YES,NO,NO,NO,NO,NO,NO,NO,YES
46-88-89-87,YES,,,,,,,,,YES,,,,,,,,,YES,,,,,,,,,YES,,,,,,,,,YES,YES,,Public,ជិតផ្ទះក្នុងភូមិងាយស្រួលទៅ,Yes,Not sure,I am worried about side effecs.,,,YES,YES,NO,,,,,,,,NO,,,,,,,,
47-20-31-38,YES,,,,,,,,,NOT TRIED,,,,,,,,,YES,,,,,,,,,YES,,,,,,,,,YES,YES,,Private,ស្ថាប័នសុខាភិបាលឯកជនសេវាលឿន,Yes,Yes,,Yes,10000,,,,,,,,,,,,,,,,,,,
48-29-09-53,YES,,,,,,,,,YES,,,,,,,,,YES,,,,,,,,,YES,,,,,,,,,YES,YES,,Private,ថ្នាំនឹងមានតែនៅពេទ្យឯកជន,Yes,Yes,,Yes,120000,YES,YES,YES,YES,NO,NO,NO,YES,NO,12,YES,NO,NO,NO,NO,NO,NO,NO,YES
48-80-07-91,YES,,,,,,,,,YES,,,,,,,,,YES,,,,,,,,,YES,,,,,,,,,YES,YES,,Public,ដោយសារមានប័ណ្នក្រីក្រព្យាបាលមិនអស់លុយ,Yes,Yes,,No,,YES,YES,YES,YES,NO,NO,NO,YES,NO,12,YES,NO,NO,NO,NO,NO,NO,NO,YES
48-89-20-22,YES,,,,,,,,,YES,,,,,,,,,YES,,,,,,,,,YES,,,,,,,,,YES,YES,,Private,ជិតផ្ទះ,Yes,Yes,,Yes,10000,,,,,,,,,,,,,,,,,,,
48-93-89-78,YES,,,,,,,,,YES,,,,,,,,,YES,,,,,,,,,YES,,,,,,,,,YES,YES,,Public,ព្រោះនៅជិតផ្ទះ,Yes,Not sure,I am worried about side effecs.,,,YES,YES,YES,NO,NO,NO,NO,YES,NO,9,YES,NO,NO,NO,NO,NO,NO,NO,YES
49-13-03-02,NOT TRIED,,,,,,,,,YES,,,,,,,,,YES,,,,,,,,,YES,,,,,,,,,YES,YES,,Private,ដោយសារថ្នាំមានគុណភាណលេបរហ័សជាសះស្បើយ,Yes,Not sure,I am worried about side effecs.,,,,,,,,,,,,,,,,,,,,,
49-56-39-78,NOT TRIED,,,,,,,,,NOT TRIED,,,,,,,,,NOT TRIED,,,,,,,,,YES,,,,,,,,,YES,YES,,Public,ចំណាយប្រាក់តិច,No,Yes,,No,,,,,,,,,,,,,,,,,,,,
50-17-92-80,YES,,,,,,,,,YES,,,,,,,,,YES,,,,,,,,,YES,,,,,,,,,YES,YES,,Public,ជឿទុកចិត្តលើពេទ្យរដ្ឋ,Not sure,Yes,,Not sure,,YES,YES,YES,YES,NO,NO,NO,YES,NO,12,YES,NO,NO,NO,NO,NO,NO,NO,YES
50-19-59-77,YES,,,,,,,,,YES,,,,,,,,,NOT TRIED,,,,,,,,,NOT TRIED,,,,,,,,,YES,YES,,Private,សេវាកម្មល្អ,Yes,Yes,,No,,NO,,,,,,,,,,,,,,,,,,
50-20-51-46,NOT TRIED,,,,,,,,,YES,,,,,,,,,YES,,,,,,,,,YES,,,,,,,,,NO,,,,,Not sure,Yes,,Not sure,,YES,YES,YES,NO,NO,NO,NO,YES,NO,6,YES,NO,NO,NO,NO,YES,NO,NO,NO
50-26-41-60,NOT TRIED,,,,,,,,,YES,,,,,,,,,YES,,,,,,,,,YES,,,,,,,,,YES,YES,,Public,សេវាល្អ និងអស់លុយតិច,Not sure,Yes,,Yes,10000,YES,YES,YES,NO,NO,NO,NO,YES,NO,8,NO,,,,,,,,
50-42-56-85,YES,,,,,,,,,YES,,,,,,,,,YES,,,,,,,,,YES,,,,,,,,,NO,,,,,Yes,Yes,,Yes,20000,YES,YES,YES,YES,NO,NO,NO,YES,NO,30,NO,,,,,,,,
50-54-33-12,YES,,,,,,,,,YES,,,,,,,,,YES,,,,,,,,,YES,,,,,,,,,YES,YES,,Private,នៅជិតផ្ទះនិងសេវាកម្មល្អ,Yes,Yes,,No,,,,,,,,,,,,,,,,,,,,
50-85-43-67,NOT TRIED,,,,,,,,,NOT TRIED,,,,,,,,,YES,,,,,,,,,YES,,,,,,,,,NO,,,,,Yes,Yes,,No,,,,,,,,,,,,,,,,,,,,
50-86-46-86,YES,,,,,,,,,NOT TRIED,,,,,,,,,YES,,,,,,,,,NOT TRIED,,,,,,,,,YES,YES,,Not medical sector,ដោយសាតែជិតនិងឈឺតិចតួច,Yes,Yes,,Yes,200000,,,,,,,,,,,,,,,,,,,
51-51-35-80,YES,,,,,,,,,YES,,,,,,,,,YES,,,,,,,,,YES,,,,,,,,,NO,,,,,Yes,Yes,,Yes,10000,YES,YES,YES,YES,NO,NO,NO,YES,NO,15,NO,,,,,,,,
51-80-19-87,YES,,,,,,,,,YES,,,,,,,,,YES,,,,,,,,,YES,,,,,,,,,NO,,,,,No,Yes,,Not sure,,YES,YES,YES,YES,YES,YES,YES,YES,NO,21,YES,NO,NO,NO,NO,NO,NO,NO,YES
52-13-89-92,YES,,,,,,,,,YES,,,,,,,,,YES,,,,,,,,,YES,,,,,,,,,NO,,,,,Yes,Yes,,Yes,5000,YES,NO,,,,,,,,,NO,,,,,,,,
52-25-31-84,NOT TRIED,,,,,,,,,NOT TRIED,,,,,,,,,YES,,,,,,,,,YES,,,,,,,,,NO,,,,,Yes,Yes,,Yes,10000,,,,,,,,,,,,,,,,,,,
52-55-51-37,YES,,,,,,,,,NOT TRIED,,,,,,,,,YES,,,,,,,,,YES,,,,,,,,,YES,YES,,Private,សេវាកម្មលឿន,Yes,Yes,,Yes,30000,,,,,,,,,,,,,,,,,,,
52-73-66-11,YES,,,,,,,,,YES,,,,,,,,,YES,,,,,,,,,YES,,,,,,,,,YES,YES,,Public,អស់សេវាតិច,Yes,Yes,,No,,NO,,,,,,,,,,,,,,,,,,
52-74-11-63,NOT TRIED,,,,,,,,,NOT TRIED,,,,,,,,,YES,,,,,,,,,YES,,,,,,,,,NO,,,,,No,No,I don't think it will be safe.,,,YES,YES,YES,NO,NO,NO,NO,YES,NO,12,YES,NO,NO,NO,NO,NO,NO,NO,YES
52-80-53-09,NOT TRIED,,,,,,,,,NOT TRIED,,,,,,,,,YES,,,,,,,,,YES,,,,,,,,,NO,,,,,Yes,Yes,,Not sure,,,,,,,,,,,,,,,,,,,,
52-89-90-66,YES,,,,,,,,,YES,,,,,,,,,YES,,,,,,,,,YES,,,,,,,,,NO,,,,,Yes,Yes,,Not sure,,,,,,,,,,,,,,,,,,,,
53-01-23-41,NOT TRIED,,,,,,,,,YES,,,,,,,,,YES,,,,,,,,,YES,,,,,,,,,NO,,,,,No,No,I am not at risk of contracting Covid-19.,,,YES,YES,YES,NO,NO,NO,NO,YES,NO,20,NO,,,,,,,,
53-39-73-69,YES,,,,,,,,,YES,,,,,,,,,YES,,,,,,,,,NOT TRIED,,,,,,,,,YES,YES,,Private,មានជំនាញ និង​សេវាកម្មល្អ,Yes,Yes,,Not sure,,YES,YES,YES,NO,NO,NO,NO,YES,NO,15,NO,,,,,,,,
53-53-83-12,NOT TRIED,,,,,,,,,YES,,,,,,,,,NOT TRIED,,,,,,,,,NOT TRIED,,,,,,,,,YES,YES,,Private,ដោយសារតែពេទ្យនេះនៅជិតផ្ទះគាត់ជាងហេីយជំងឺគាត់ធ្ងន់មិនអាចទៅពេទ្យដែលនៅឆ្ងាយបាន,Yes,Yes,,Yes,50000,YES,YES,YES,NO,NO,NO,NO,YES,NO,9,YES,NO,NO,NO,NO,NO,NO,NO,YES
53-65-29-69,YES,,,,,,,,,NOT TRIED,,,,,,,,,YES,,,,,,,,,YES,,,,,,,,,NO,,,,,Yes,Yes,,Yes,100000,,,,,,,,,,,,,,,,,,,
53-79-32-75,NOT TRIED,,,,,,,,,YES,,,,,,,,,YES,,,,,,,,,YES,,,,,,,,,NO,,,,,Yes,Yes,,Yes,20000,YES,YES,YES,YES,YES,NO,NO,YES,NO,24,YES,NO,NO,NO,NO,YES,NO,YES,NO
54-16-50-08,YES,,,,,,,,,NOT TRIED,,,,,,,,,YES,,,,,,,,,YES,,,,,,,,,YES,YES,,Private,ពេទ្យឯកជនមានសេវ៉ាកម្មរហ័ស,Yes,Yes,,Yes,40000,,,,,,,,,,,,,,,,,,,
54-55-17-76,YES,,,,,,,,,YES,,,,,,,,,YES,,,,,,,,,YES,,,,,,,,,NO,,,,,Yes,Yes,,Yes,5000,,,,,,,,,,,,,,,,,,,
54-62-44-15,YES,,,,,,,,,YES,,,,,,,,,YES,,,,,,,,,YES,,,,,,,,,YES,YES,,Private,នៅជិតផ្ទះ,No,No,I don't think it will be safe.,,,YES,YES,YES,NO,NO,NO,NO,YES,NO,16,NO,,,,,,,,
55-08-38-92,YES,,,,,,,,,YES,,,,,,,,,YES,,,,,,,,,YES,,,,,,,,,YES,YES,,Private,សេវាកម្មលឿន,Yes,Yes,,Yes,40000,YES,YES,YES,NO,NO,NO,NO,YES,NO,21,NO,,,,,,,,
55-36-37-79,NOT TRIED,,,,,,,,,YES,,,,,,,,,YES,,,,,,,,,YES,,,,,,,,,NO,,,,,Yes,Yes,,No,,NO,,,,,,,,,,,,,,,,,,
55-37-45-75,YES,,,,,,,,,YES,,,,,,,,,YES,,,,,,,,,YES,,,,,,,,,YES,YES,,Private,ដោយសារគិតថាពេទ្យឯកជនមានជំនាញពេទ្យហើយសេវ៉ាកម្មលឿនជាង,Yes,Yes,,Yes,10000,YES,NO,,,,,,,,,NO,,,,,,,,
55-45-00-38,YES,,,,,,,,,YES,,,,,,,,,YES,,,,,,,,,YES,,,,,,,,,YES,YES,,Private,ដោយសារសេវារហស័មានឪបករណ៍គ្រប់គ្រាន់,Yes,Yes,,No,,YES,NO,,,,,,,,,YES,NO,NO,NO,NO,NO,NO,NO,YES
55-64-14-58,YES,,,,,,,,,YES,,,,,,,,,YES,,,,,,,,,YES,,,,,,,,,YES,YES,,Public,មានប័ណ្ឌ ប ស ស ទៅពេទ្យអត់អស់លុយ,No,Yes,,Yes,20000,YES,YES,YES,NO,YES,NO,NO,YES,NO,21,NO,,,,,,,,
55-83-48-37,YES,,,,,,,,,YES,,,,,,,,,NOT TRIED,,,,,,,,,NOT TRIED,,,,,,,,,YES,YES,,Private,សេវាកម្មលឿន,Yes,Yes,,Yes,10000,YES,YES,YES,NO,NO,NO,NO,YES,NO,20,NO,,,,,,,,
56-40-85-48,NOT TRIED,,,,,,,,,NOT TRIED,,,,,,,,,NOT TRIED,,,,,,,,,NOT TRIED,,,,,,,,,NO,,,,,Yes,Yes,,Yes,20000,,,,,,,,,,,,,,,,,,,
56-42-87-09,NOT TRIED,,,,,,,,,NOT TRIED,,,,,,,,,YES,,,,,,,,,YES,,,,,,,,,YES,YES,,Private,សេវាកម្មរហ័សនិងមានគុណភាពល្អ,Yes,Yes,,No,,YES,YES,YES,NO,NO,NO,NO,YES,NO,9,YES,NO,NO,NO,NO,NO,NO,NO,YES
56-72-91-26,YES,,,,,,,,,YES,,,,,,,,,YES,,,,,,,,,YES,,,,,,,,,YES,YES,,Public,ដោយសារនៅមណ្ឌលសុខភាពមានថ្នាំល្អៗលេបឆាប់ជាហើយអស់លុយតិចទៀត,Yes,Yes,,Yes,10000,,,,,,,,,,,,,,,,,,,
56-89-63-74,NOT TRIED,,,,,,,,,NOT TRIED,,,,,,,,,NOT TRIED,,,,,,,,,YES,,,,,,,,,YES,YES,,Private,ព្យាបាលឆាប់ជា និងមានជំនាញ,No,Yes,,Yes,2000,YES,YES,YES,NO,NO,NO,NO,YES,NO,30,NO,,,,,,,,
56-97-03-00,YES,,,,,,,,,YES,,,,,,,,,YES,,,,,,,,,YES,,,,,,,,,YES,YES,,Private,សេវាលឿនរហ័ស,Not sure,Not sure,I don't think it will be safe.,,,YES,YES,NO,,,,,,,,NO,,,,,,,,
57-09-50-11,NOT TRIED,,,,,,,,,NOT TRIED,,,,,,,,,YES,,,,,,,,,YES,,,,,,,,,NO,,,,,Not sure,Not sure,I don't think it will work.,,,YES,YES,YES,NO,NO,NO,NO,YES,NO,8,NO,,,,,,,,
57-25-12-92,NOT TRIED,,,,,,,,,YES,,,,,,,,,YES,,,,,,,,,YES,,,,,,,,,YES,YES,,Private,នៅជិតផ្ទះ,Yes,Yes,,No,,YES,YES,YES,NO,YES,NO,NO,YES,NO,18,NO,,,,,,,,
57-30-44-34,YES,,,,,,,,,NOT TRIED,,,,,,,,,YES,,,,,,,,,YES,,,,,,,,,YES,YES,,Private,ដោយសារសេវាកម្មរហស័មិនចាំបាច់រង់ចាំយូ,Yes,Yes,,No,,YES,NO,,,,,,,,,YES,NO,NO,NO,NO,NO,NO,NO,YES
57-36-10-30,YES,,,,,,,,,YES,,,,,,,,,YES,,,,,,,,,YES,,,,,,,,,YES,YES,,Private,សេវ់ាកម្មលឿន,No,Yes,,Yes,100000,YES,YES,YES,YES,NO,NO,NO,YES,NO,5,YES,NO,NO,NO,NO,NO,NO,NO,YES
57-39-04-44,YES,,,,,,,,,NOT TRIED,,,,,,,,,YES,,,,,,,,,NOT TRIED,,,,,,,,,NO,,,,,No,No,I don't think it will be safe.,,,NO,,,,,,,,,,,,,,,,,,
57-57-92-44,YES,,,,,,,,,NOT TRIED,,,,,,,,,YES,,,,,,,,,YES,,,,,,,,,NO,,,,,Yes,Yes,,Yes,10000,YES,YES,YES,NO,NO,NO,NO,YES,NO,10,YES,NO,NO,NO,NO,NO,NO,NO,YES
57-62-74-67,NOT TRIED,,,,,,,,,NOT TRIED,,,,,,,,,YES,,,,,,,,,YES,,,,,,,,,NO,,,,,Yes,No,I don't think it will work.,,,YES,NO,,,,,,,,,NO,,,,,,,,
57-69-89-87,YES,,,,,,,,,NOT TRIED,,,,,,,,,YES,,,,,,,,,YES,,,,,,,,,YES,YES,,Private,មានជំនាញព្យាបាលយកចិត្តទុកដាក់,Yes,Yes,,Yes,20000,YES,YES,YES,NO,NO,NO,NO,YES,NO,15,YES,NO,NO,NO,NO,NO,NO,NO,YES
57-77-48-16,NOT TRIED,,,,,,,,,NOT TRIED,,,,,,,,,YES,,,,,,,,,YES,,,,,,,,,YES,YES,,Private,នៅជិតនិងមានគុណភាពល្អ,Yes,Yes,,Yes,40000,YES,YES,YES,NO,NO,NO,NO,YES,NO,20,NO,,,,,,,,
58-12-98-81,NOT TRIED,,,,,,,,,NOT TRIED,,,,,,,,,YES,,,,,,,,,YES,,,,,,,,,NO,,,,,Yes,Yes,,No,,,,,,,,,,,,,,,,,,,,
58-13-62-89,YES,,,,,,,,,YES,,,,,,,,,YES,,,,,,,,,YES,,,,,,,,,YES,YES,,Public,សេវាល្អចំណាយលុយថ្លៃពេទ្យតិច,Yes,Yes,,Yes,10000,YES,NO,,,,,,,,,NO,,,,,,,,
58-29-75-58,YES,,,,,,,,,NOT TRIED,,,,,,,,,YES,,,,,,,,,YES,,,,,,,,,YES,YES,,Private,មានការព្យាបាលបានល្អ,Yes,Yes,,Yes,10000,YES,YES,YES,NO,NO,NO,NO,YES,NO,15,YES,NO,NO,NO,NO,NO,NO,NO,YES
58-43-50-28,YES,,,,,,,,,YES,,,,,,,,,YES,,,,,,,,,YES,,,,,,,,,YES,YES,,Public,ចំណាយតិច,Yes,Yes,,Yes,10000,,,,,,,,,,,,,,,,,,,
58-73-10-11,YES,,,,,,,,,YES,,,,,,,,,YES,,,,,,,,,YES,,,,,,,,,NO,,,,,Yes,Yes,,Yes,10000,YES,YES,NO,,,,,,,,NO,,,,,,,,
58-99-58-80,NOT TRIED,,,,,,,,,YES,,,,,,,,,YES,,,,,,,,,YES,,,,,,,,,YES,YES,,Private,ពេទ្យឯកជននៅជិតផ្ទះជាង,Yes,Yes,,No,,YES,NO,,,,,,,,,NO,,,,,,,,
59-05-04-32,NOT TRIED,,,,,,,,,NOT TRIED,,,,,,,,,YES,,,,,,,,,YES,,,,,,,,,NO,,,,,No,Yes,,No,,YES,YES,YES,NO,NO,NO,NO,YES,NO,6,YES,NO,NO,NO,NO,NO,NO,NO,YES
59-14-09-40,YES,,,,,,,,,NOT TRIED,,,,,,,,,YES,,,,,,,,,YES,,,,,,,,,YES,YES,,Private,នៅជិតផ្ទះ,Yes,Yes,,Yes,10000,,,,,,,,,,,,,,,,,,,
59-18-03-22,YES,,,,,,,,,YES,,,,,,,,,YES,,,,,,,,,YES,,,,,,,,,NO,,,,,Yes,No,I am worried about side effecs.,,,,,,,,,,,,,,,,,,,,,
59-27-43-88,NOT TRIED,,,,,,,,,YES,,,,,,,,,YES,,,,,,,,,YES,,,,,,,,,YES,YES,,Private,គាត់នៅជិតផ្ទះ ​៩ិងមានជំនាញក្នុងការព្យាបាល,Yes,Yes,,Yes,5000,YES,NO,,,,,,,,,NO,,,,,,,,
59-70-72-12,YES,,,,,,,,,NOT TRIED,,,,,,,,,YES,,,,,,,,,YES,,,,,,,,,YES,YES,,Private,ថ្នាំដែលគាត់ត្រូវលេបមានតែនៅពេទ្យឯកជន,No,Yes,,Yes,10000,YES,YES,YES,YES,NO,NO,NO,YES,NO,8,YES,NO,NO,NO,NO,NO,NO,NO,YES
59-79-57-21,YES,,,,,,,,,YES,,,,,,,,,YES,,,,,,,,,NOT TRIED,,,,,,,,,YES,YES,,Public,ចំណាយថវិការតិច,No,Yes,,Yes,10000,YES,YES,YES,NO,NO,NO,NO,YES,NO,15,YES,NO,NO,NO,NO,NO,NO,NO,YES
59-90-62-65,YES,,,,,,,,,NOT TRIED,,,,,,,,,YES,,,,,,,,,YES,,,,,,,,,YES,YES,,Private,"ជឿទុកចិត្តថាព្យាបាលជា,សេវាកម្មរហ័ស",Yes,Yes,,Yes,30000,,,,,,,,,,,,,,,,,,,
60-19-83-04,NOT TRIED,,,,,,,,,YES,,,,,,,,,YES,,,,,,,,,YES,,,,,,,,,NO,,,,,Yes,Yes,,No,,YES,YES,YES,NO,NO,NO,NO,YES,NO,25,YES,NO,NO,NO,NO,YES,NO,NO,NO
60-48-87-43,YES,,,,,,,,,YES,,,,,,,,,YES,,,,,,,,,YES,,,,,,,,,YES,YES,,Public,ពេទ្យរដ្ឋមានឧបករណ៍គ្រប់គ្រាន់,Yes,Yes,,No,,YES,YES,YES,YES,NO,NO,NO,YES,NO,12,YES,NO,NO,NO,NO,NO,NO,NO,YES
60-73-43-19,YES,,,,,,,,,YES,,,,,,,,,YES,,,,,,,,,YES,,,,,,,,,YES,YES,,Private,នៅជិតផ្ទះសេវាកម្មលឿន,Yes,Not sure,I am not at risk of contracting Covid-19.,,,YES,YES,YES,NO,NO,NO,NO,YES,NO,25,NO,,,,,,,,
60-91-47-86,YES,,,,,,,,,YES,,,,,,,,,YES,,,,,,,,,YES,,,,,,,,,YES,YES,,Private,គិតថាពេទ្យឯកជនព្យាបាលឆាប់ជា,Yes,Yes,,Yes,20000,YES,YES,YES,YES,NO,NO,NO,YES,NO,20,YES,NO,NO,NO,NO,NO,NO,NO,YES
60-94-02-94,YES,,,,,,,,,YES,,,,,,,,,YES,,,,,,,,,YES,,,,,,,,,YES,YES,,Private,សេវាកម្មរហ័ស,Yes,Yes,,Yes,10000,YES,YES,YES,NO,NO,NO,NO,YES,NO,21,NO,,,,,,,,
61-09-80-29,YES,,,,,,,,,YES,,,,,,,,,YES,,,,,,,,,YES,,,,,,,,,YES,YES,,Private,មិនចំណាយពេលយូក្នុងការរងចាំការព្យាបាល,Yes,Yes,,No,,YES,NO,,,,,,,,,NO,,,,,,,,
63-08-92-92,YES,,,,,,,,,YES,,,,,,,,,YES,,,,,,,,,YES,,,,,,,,,NO,,,,,Yes,Not sure,I am worried about side effecs.,,,YES,YES,YES,NO,NO,NO,NO,YES,NO,24,YES,NO,NO,NO,NO,NO,NO,NO,YES
63-19-74-12,YES,,,,,,,,,YES,,,,,,,,,YES,,,,,,,,,YES,,,,,,,,,YES,YES,,Private,ដោយសាជំងឺគាត់ត្រូវមកពេទ្យកាល់ម៉ែត,No,Yes,,No,,,,,,,,,,,,,,,,,,,,
63-26-65-91,YES,,,,,,,,,YES,,,,,,,,,YES,,,,,,,,,YES,,,,,,,,,YES,YES,,Private,នៅជិតនិងគុណភាពថ្នាំល្អ,Yes,No,I am not at risk of contracting Covid-19.,,,YES,YES,NO,,,,,,,,YES,NO,NO,NO,NO,YES,NO,NO,NO
63-48-07-95,YES,,,,,,,,,YES,,,,,,,,,YES,,,,,,,,,YES,,,,,,,,,YES,YES,,Private,ពេទ្យឯកជនសេវ៉ាកម្មរហ័ស,Yes,Yes,,Yes,40000,,,,,,,,,,,,,,,,,,,
63-56-10-69,YES,,,,,,,,,YES,,,,,,,,,YES,,,,,,,,,YES,,,,,,,,,NO,,,,,Yes,Yes,,Yes,20000,,,,,,,,,,,,,,,,,,,
63-85-72-79,YES,,,,,,,,,YES,,,,,,,,,YES,,,,,,,,,YES,,,,,,,,,YES,YES,,Private,ព្រោះនៅជិតផ្ទះរបស់គាត់មួយទៀតដោយសារជំងឺលើសឈាមត្រូវមើលជាបន្ទាន់,Yes,Yes,,Not sure,,NO,,,,,,,,,,,,,,,,,,
64-29-61-57,YES,,,,,,,,,YES,,,,,,,,,YES,,,,,,,,,YES,,,,,,,,,YES,YES,,Public,ដោយសារអស់លុយតិចហើយខ្ញុំមានបណ្ណ័ក្រីក្រអញ្ចឹងអត់អស់លុយទេហើយនៅជិតផ្ទះទៀត,Yes,Yes,,Yes,10000,,,,,,,,,,,,,,,,,,,
64-48-28-24,YES,,,,,,,,,YES,,,,,,,,,YES,,,,,,,,,YES,,,,,,,,,YES,YES,,Private,ព្រោះឈឺបន្តិចបន្តួច,Yes,Not sure,I am worried about side effecs.,,,YES,YES,YES,NO,NO,NO,NO,YES,NO,12,YES,NO,NO,NO,NO,NO,NO,NO,YES
64-71-22-76,YES,,,,,,,,,YES,,,,,,,,,NOT TRIED,,,,,,,,,YES,,,,,,,,,NO,,,,,Yes,Yes,,No,,,,,,,,,,,,,,,,,,,,
64-87-88-01,NOT TRIED,,,,,,,,,NOT TRIED,,,,,,,,,YES,,,,,,,,,NOT TRIED,,,,,,,,,YES,YES,,Private,សេវាកម្មល្អ,Yes,Yes,,No,,NO,,,,,,,,,,,,,,,,,,
65-03-40-91,YES,,,,,,,,,YES,,,,,,,,,YES,,,,,,,,,YES,,,,,,,,,YES,YES,,Private,នៅជិតសេវារហ័ស,Yes,Yes,,Yes,200000,,,,,,,,,,,,,,,,,,,
65-14-28-12,NOT TRIED,,,,,,,,,NOT TRIED,,,,,,,,,YES,,,,,,,,,YES,,,,,,,,,YES,YES,,Private,សេវាលឿន,Not sure,Yes,,No,,YES,YES,YES,YES,NO,NO,NO,YES,NO,6,NO,,,,,,,,
65-15-70-94,YES,,,,,,,,,YES,,,,,,,,,YES,,,,,,,,,YES,,,,,,,,,YES,YES,,Public,ដោយសារទៅទិញថ្នាំងនៅមណ្ឌលសុខភាពគឺអត់អស់លុយហើយនៅជិតផ្ទះ,Yes,Yes,,No,,,,,,,,,,,,,,,,,,,,
65-26-06-23,YES,,,,,,,,,YES,,,,,,,,,NOT TRIED,,,,,,,,,NOT TRIED,,,,,,,,,YES,YES,,Private,សេវាកម្មលឿន,Yes,Yes,,Yes,10000,,,,,,,,,,,,,,,,,,,
65-42-12-59,YES,,,,,,,,,YES,,,,,,,,,YES,,,,,,,,,YES,,,,,,,,,YES,YES,,Not medical sector,ធ្លាប់ស្គាល់ពេទ្យនិងព្យាបាលមានប្រសិទ្ឋភាព,Yes,Yes,,No,,YES,YES,YES,YES,NO,NO,NO,YES,NO,8,NO,,,,,,,,
65-57-01-02,YES,,,,,,,,,YES,,,,,,,,,YES,,,,,,,,,YES,,,,,,,,,YES,YES,,Private,សេវាលឿន,Yes,Yes,,Yes,3000,,,,,,,,,,,,,,,,,,,
65-60-80-72,YES,,,,,,,,,YES,,,,,,,,,YES,,,,,,,,,YES,,,,,,,,,YES,YES,,Private,ពេទ្យឯកជននៅក្បែរផ្ទះជាង,Yes,Yes,,Yes,3000,YES,NO,,,,,,,,,NO,,,,,,,,
65-62-93-31,YES,,,,,,,,,YES,,,,,,,,,NOT TRIED,,,,,,,,,NOT TRIED,,,,,,,,,YES,YES,,Private,នៅជិតផ្ទះ មានថ្នាំល្អៗ ព្យាបាលឆាប់ជា,Yes,Yes,,No,,YES,YES,YES,NO,NO,NO,NO,YES,NO,4,NO,,,,,,,,
65-65-50-55,YES,,,,,,,,,YES,,,,,,,,,YES,,,,,,,,,YES,,,,,,,,,YES,YES,,Public,មានការព្យាបាលបានត្រឹមត្រូវ​និងល្អ,Yes,Yes,,Yes,20000,YES,NO,,,,,,,,,YES,NO,NO,NO,NO,NO,NO,NO,YES
65-85-43-35,NOT TRIED,,,,,,,,,NOT TRIED,,,,,,,,,YES,,,,,,,,,YES,,,,,,,,,NO,,,,,Yes,Not sure,I am worried about side effecs.,,,,,,,,,,,,,,,,,,,,,
66-09-77-42,NOT TRIED,,,,,,,,,YES,,,,,,,,,YES,,,,,,,,,YES,,,,,,,,,YES,YES,,Private,សេវាលឿន និងយកចិត្តទុកដាក់ព្យាបាល,Not sure,Yes,,Yes,1000,YES,YES,YES,NO,NO,NO,NO,YES,NO,40,YES,NO,NO,NO,NO,NO,NO,NO,YES
66-09-95-16,NOT TRIED,,,,,,,,,YES,,,,,,,,,YES,,,,,,,,,YES,,,,,,,,,NO,,,,,Yes,Yes,,Yes,10000,,,,,,,,,,,,,,,,,,,
66-41-98-09,YES,,,,,,,,,NOT TRIED,,,,,,,,,YES,,,,,,,,,YES,,,,,,,,,NO,,,,,Yes,Yes,,Yes,50000,YES,YES,YES,NO,NO,NO,NO,YES,NO,20,NO,,,,,,,,
66-72-46-34,YES,,,,,,,,,YES,,,,,,,,,YES,,,,,,,,,YES,,,,,,,,,YES,YES,,Private,ដោយសារតែឈឺតិចតួចហើយនៅជិតផ្ទះនឹងមិនពិបាកធ្វើដំណើរឆ្ងាយទេ,Yes,Yes,,Yes,10000,YES,YES,YES,YES,NO,NO,NO,YES,NO,14,YES,NO,NO,NO,NO,NO,NO,NO,YES
66-73-72-28,YES,,,,,,,,,NOT TRIED,,,,,,,,,YES,,,,,,,,,YES,,,,,,,,,YES,YES,,Private,ជឿទុកចិត្តថាព្យាបាលឆាប់ជា,Yes,Yes,,Not sure,,,,,,,,,,,,,,,,,,,,
66-98-68-75,YES,,,,,,,,,YES,,,,,,,,,YES,,,,,,,,,YES,,,,,,,,,YES,YES,,Private,សេវាលឿនមិនបាចធ្វើសំបុត្រ មិនបាចរងចាំ,Yes,Yes,,Yes,40000,YES,NO,,,,,,,,,NO,,,,,,,,
67-04-29-75,YES,,,,,,,,,NOT TRIED,,,,,,,,,YES,,,,,,,,,YES,,,,,,,,,YES,YES,,Private,សេវាកម្មរហ័សនិងគុណភាពល្អ,Yes,Yes,,Yes,2000000,,,,,,,,,,,,,,,,,,,
67-06-49-60,YES,,,,,,,,,YES,,,,,,,,,YES,,,,,,,,,YES,,,,,,,,,NO,,,,,Yes,Yes,,Yes,10000,YES,YES,NO,,,,,,,,NO,,,,,,,,
67-43-18-76,YES,,,,,,,,,YES,,,,,,,,,YES,,,,,,,,,YES,,,,,,,,,YES,YES,,Private,ព្រោះនៅជិតផ្ទះ,Yes,Yes,,Yes,10000,YES,NO,,,,,,,,,YES,NO,NO,NO,NO,NO,NO,NO,YES
67-59-04-59,YES,,,,,,,,,YES,,,,,,,,,YES,,,,,,,,,YES,,,,,,,,,NO,,,,,Yes,Yes,,Yes,40000,YES,NO,,,,,,,,,NO,,,,,,,,
67-60-15-46,NOT TRIED,,,,,,,,,YES,,,,,,,,,YES,,,,,,,,,YES,,,,,,,,,NO,,,,,Not sure,Not sure,I am against vaccines in general.,,,,,,,,,,,,,,,,,,,,,
67-80-47-65,YES,,,,,,,,,YES,,,,,,,,,YES,,,,,,,,,YES,,,,,,,,,YES,YES,,Private,សេវាលឿន រហ័ស,Yes,Yes,,Yes,40000,YES,YES,YES,NO,YES,NO,NO,YES,NO,24,YES,NO,NO,NO,NO,NO,NO,NO,YES
67-89-30-52,NOT TRIED,,,,,,,,,YES,,,,,,,,,YES,,,,,,,,,YES,,,,,,,,,NO,,,,,Yes,Yes,,Yes,20000,NO,,,,,,,,,,,,,,,,,,
67-91-61-84,YES,,,,,,,,,NOT TRIED,,,,,,,,,YES,,,,,,,,,NOT TRIED,,,,,,,,,YES,YES,,Private,នៅជិតផ្ទះ,Yes,Yes,,Yes,10000,YES,YES,YES,NO,NO,NO,NO,YES,NO,4,NO,,,,,,,,
68-34-61-83,NOT TRIED,,,,,,,,,NOT TRIED,,,,,,,,,YES,,,,,,,,,YES,,,,,,,,,YES,YES,,Private,មានឧបករណ៏និងសំភារះព្យាបាលល្អជាង,Yes,Yes,,Yes,40000,,,,,,,,,,,,,,,,,,,
68-38-01-69,YES,,,,,,,,,NOT TRIED,,,,,,,,,YES,,,,,,,,,YES,,,,,,,,,YES,YES,,Private,នៅជិតសេវាកម្មរហ័ស,Yes,Yes,,Yes,200000,YES,YES,YES,NO,NO,NO,NO,YES,NO,2,NO,,,,,,,,
68-45-34-74,YES,,,,,,,,,YES,,,,,,,,,YES,,,,,,,,,YES,,,,,,,,,YES,YES,,Public,ចំណាយថវិការតិច,No,No,"OTHER, SPECIFY",,,YES,YES,YES,NO,YES,NO,NO,YES,NO,8,YES,NO,YES,NO,NO,NO,NO,NO,NO
69-00-14-35,YES,,,,,,,,,YES,,,,,,,,,YES,,,,,,,,,YES,,,,,,,,,YES,YES,,Not medical sector,នៅជិតផ្ទះ នឹងព្យាបាលមានប្រសិទ្ឋភាព,Yes,Yes,,Yes,20000,YES,YES,YES,YES,NO,NO,NO,YES,NO,12,NO,,,,,,,,
69-03-20-16,YES,,,,,,,,,YES,,,,,,,,,YES,,,,,,,,,NOT TRIED,,,,,,,,,NO,,,,,Yes,Yes,,Yes,1000,YES,YES,YES,NO,NO,NO,NO,YES,NO,16,NO,,,,,,,,
69-06-28-03,NOT TRIED,,,,,,,,,YES,,,,,,,,,NOT TRIED,,,,,,,,,NOT TRIED,,,,,,,,,YES,YES,,Private,ពេទ្យរដ្ឋនៅឆ្ងាយផ្ទះពេក,Yes,Yes,,Yes,10000,YES,NO,,,,,,,,,NO,,,,,,,,
69-08-19-24,YES,,,,,,,,,YES,,,,,,,,,NOT TRIED,,,,,,,,,NOT TRIED,,,,,,,,,YES,YES,,Not medical sector,មូលហេតុបានជាគាត់ទៅមណ្ឌល់សុខភាពភូមិពីព្រោះគាត់គ្មានលុយទៅពេទ្យផ្សេងហេីយណាមួយពេទ្យបណ្ឌល់សុខភាពចំណាយតិចនិងជិតផ្ទះ។,Yes,Yes,,Yes,50000,YES,YES,YES,YES,NO,NO,NO,YES,NO,12,YES,NO,NO,NO,NO,NO,NO,NO,YES
69-21-58-74,NOT TRIED,,,,,,,,,NOT TRIED,,,,,,,,,YES,,,,,,,,,YES,,,,,,,,,NO,,,,,Yes,Yes,,Yes,20000,YES,YES,YES,NO,NO,NO,NO,YES,NO,4,YES,NO,NO,NO,NO,YES,NO,NO,NO
69-30-44-27,YES,,,,,,,,,NOT TRIED,,,,,,,,,YES,,,,,,,,,YES,,,,,,,,,YES,YES,,Private,ព្រោះនៅជិតផ្ទះ,No,No,I am worried about side effecs.,,,,,,,,,,,,,,,,,,,,,
69-45-68-23,YES,,,,,,,,,YES,,,,,,,,,YES,,,,,,,,,YES,,,,,,,,,NO,,,,,Yes,Yes,,Not sure,,YES,YES,YES,NO,NO,NO,NO,YES,NO,12,YES,YES,NO,NO,NO,NO,NO,NO,NO
69-46-48-50,NOT TRIED,,,,,,,,,NOT TRIED,,,,,,,,,YES,,,,,,,,,YES,,,,,,,,,NO,,,,,Yes,Yes,,Yes,200000,,,,,,,,,,,,,,,,,,,
69-88-71-37,YES,,,,,,,,,YES,,,,,,,,,YES,,,,,,,,,YES,,,,,,,,,YES,YES,,Private,ដោយសារពេទ្យនៅជិតផ្ទះ/នឹងសេវ៉ាកម្មលឿន,Yes,No,I am not at risk of contracting Covid-19.,,,YES,NO,,,,,,,,,NO,,,,,,,,
69-96-21-12,YES,,,,,,,,,NOT TRIED,,,,,,,,,YES,,,,,,,,,YES,,,,,,,,,YES,YES,,Public,នៅជិតផ្ទះ,Yes,Yes,,Yes,20000,,,,,,,,,,,,,,,,,,,
70-05-55-27,NOT TRIED,,,,,,,,,NOT TRIED,,,,,,,,,YES,,,,,,,,,YES,,,,,,,,,NO,,,,,Yes,Yes,,Yes,40000,,,,,,,,,,,,,,,,,,,
70-11-22-03,NOT TRIED,,,,,,,,,NOT TRIED,,,,,,,,,YES,,,,,,,,,YES,,,,,,,,,NO,,,,,Yes,Yes,,Yes,10000,YES,YES,YES,YES,NO,NO,NO,YES,NO,4,YES,YES,YES,NO,NO,YES,NO,NO,NO
70-11-55-43,YES,,,,,,,,,YES,,,,,,,,,YES,,,,,,,,,YES,,,,,,,,,YES,YES,,Private,នៅជិតផ្ទះងាយស្រួលទៅ,Yes,Yes,,Yes,50000,YES,YES,YES,NO,NO,NO,NO,NO,YES,7,NO,,,,,,,,
70-34-49-84,NOT TRIED,,,,,,,,,YES,,,,,,,,,YES,,,,,,,,,NOT TRIED,,,,,,,,,NO,,,,,Yes,Yes,,No,,YES,YES,YES,YES,NO,NO,NO,NO,NO,20,NO,,,,,,,,
70-69-66-16,YES,,,,,,,,,NOT TRIED,,,,,,,,,YES,,,,,,,,,YES,,,,,,,,,YES,YES,,Private,ដោយសារសេវាកម្មរហស័កម្ម មិនរងចាំយូ,Yes,Yes,,No,,YES,NO,,,,,,,,,YES,NO,NO,NO,NO,NO,NO,NO,YES
70-81-55-76,YES,,,,,,,,,YES,,,,,,,,,YES,,,,,,,,,NOT TRIED,,,,,,,,,YES,YES,,Private,ដោយសាឆាប់បានធូនិងសេវ៉ាកម្មល្ឡ,No,Yes,,Yes,50000,YES,YES,YES,NO,NO,YES,NO,YES,NO,12,YES,NO,NO,NO,NO,NO,NO,NO,YES
70-97-59-22,YES,,,,,,,,,NOT TRIED,,,,,,,,,YES,,,,,,,,,NOT TRIED,,,,,,,,,YES,YES,,Public,មានតម្លៃសារាសមរម្យ នៅជិតផ្ទះ,Yes,Yes,,Yes,20000,YES,YES,YES,YES,YES,NO,NO,YES,NO,1,NO,,,,,,,,
71-09-53-26,NOT TRIED,,,,,,,,,YES,,,,,,,,,YES,,,,,,,,,YES,,,,,,,,,NO,,,,,Not sure,Yes,,Yes,5000,,,,,,,,,,,,,,,,,,,
71-71-37-89,NOT TRIED,,,,,,,,,YES,,,,,,,,,YES,,,,,,,,,YES,,,,,,,,,NO,,,,,Yes,Yes,,Yes,30000,YES,YES,YES,YES,NO,YES,NO,YES,NO,21,NO,,,,,,,,
71-97-83-07,NOT TRIED,,,,,,,,,YES,,,,,,,,,YES,,,,,,,,,YES,,,,,,,,,YES,YES,,Not medical sector,ជឿជាក់លើគ្រូខ្មែរថាព្យាបាលជា,Not sure,Yes,,Not sure,,,,,,,,,,,,,,,,,,,,
72-37-13-33,NOT TRIED,,,,,,,,,NOT TRIED,,,,,,,,,YES,,,,,,,,,YES,,,,,,,,,NO,,,,,Not sure,Yes,,Not sure,,,,,,,,,,,,,,,,,,,,
72-45-65-29,NOT TRIED,,,,,,,,,YES,,,,,,,,,YES,,,,,,,,,YES,,,,,,,,,YES,YES,,Public,នៅជិតផ្ទះ និងអាចព្យាបាលបានល្អ,Yes,Yes,,Yes,40000,YES,YES,YES,NO,NO,NO,NO,YES,NO,20,YES,NO,NO,NO,NO,NO,NO,NO,YES
72-68-27-38,YES,,,,,,,,,NOT TRIED,,,,,,,,,YES,,,,,,,,,YES,,,,,,,,,YES,YES,,Private,ដោយសារមន្ទីពេទ្យឯកជនគាមានសេវាកម្មរហស័កម្ម នឹងងាយស្រួលនៅជិតជ្ទះ,Yes,Yes,,No,,YES,NO,,,,,,,,,NO,,,,,,,,
72-86-90-07,YES,,,,,,,,,YES,,,,,,,,,YES,,,,,,,,,YES,,,,,,,,,NO,,,,,Yes,Not sure,I am worried about side effecs.,,,,,,,,,,,,,,,,,,,,,
72-92-01-02,YES,,,,,,,,,YES,,,,,,,,,YES,,,,,,,,,YES,,,,,,,,,YES,YES,,Private,ព្រោះនៅជិត សេវាលឿន,Yes,Yes,,Yes,5000,YES,YES,YES,NO,NO,NO,NO,YES,NO,5,YES,NO,NO,NO,NO,NO,NO,NO,YES
73-05-97-72,YES,,,,,,,,,NOT TRIED,,,,,,,,,YES,,,,,,,,,YES,,,,,,,,,NO,,,,,Yes,Yes,,Yes,20000,,,,,,,,,,,,,,,,,,,
73-14-02-84,YES,,,,,,,,,YES,,,,,,,,,YES,,,,,,,,,NOT TRIED,,,,,,,,,YES,YES,,Private,គាត់ឈឺធ្ងន់ហើយចំថ្ងៃបុណ្យផងពេទ្យមានតែនៅឯកជនធ្វើការ,Yes,Yes,,No,,YES,YES,YES,YES,NO,NO,NO,YES,NO,12,YES,NO,NO,NO,NO,NO,NO,NO,YES
73-17-81-25,YES,,,,,,,,,YES,,,,,,,,,YES,,,,,,,,,YES,,,,,,,,,YES,YES,,Public,នៅមណ្ឌលមានថ្នាំមានគុណភាពល្អ,Yes,Not sure,I am not at risk of contracting Covid-19.,,,,,,,,,,,,,,,,,,,,,
73-36-22-94,YES,,,,,,,,,YES,,,,,,,,,YES,,,,,,,,,YES,,,,,,,,,NO,,,,,Yes,Not sure,I am worried about side effecs.,,,YES,NO,,,,,,,,,NO,,,,,,,,
73-39-29-63,YES,,,,,,,,,YES,,,,,,,,,YES,,,,,,,,,YES,,,,,,,,,YES,YES,,Public,អស់លុយតិច មានថ្នាំល្អ,Yes,Yes,,Yes,5000,YES,YES,YES,NO,NO,NO,NO,YES,NO,6,YES,NO,NO,NO,NO,NO,NO,NO,YES
73-70-46-99,YES,,,,,,,,,YES,,,,,,,,,YES,,,,,,,,,YES,,,,,,,,,NO,,,,,Yes,Yes,,Yes,40000,YES,YES,YES,NO,NO,NO,NO,YES,NO,12,NO,,,,,,,,
74-57-17-75,YES,,,,,,,,,NOT TRIED,,,,,,,,,YES,,,,,,,,,YES,,,,,,,,,YES,YES,,Private,ដោយសារនៅជិតផ្ទះងាយស្រួល មិនចាំបាច់រង់ចាំយូ,Yes,No,I am worried about side effecs.,,,YES,NO,,,,,,,,,NO,,,,,,,,
74-63-83-49,YES,,,,,,,,,YES,,,,,,,,,YES,,,,,,,,,YES,,,,,,,,,YES,YES,,Private,សេវាកម្មរហ័ស,Yes,Yes,,Yes,100000,YES,YES,YES,NO,NO,NO,NO,YES,NO,21,NO,,,,,,,,
74-67-51-83,YES,,,,,,,,,YES,,,,,,,,,YES,,,,,,,,,YES,,,,,,,,,YES,YES,,Private,ព្រោះគាត់មានសេវាកម្មមកចាក់ថ្នាំដល់ផ្ទះ,No,No,I am worried about side effecs.,,,YES,YES,YES,NO,NO,NO,NO,NO,YES,15,YES,NO,NO,NO,NO,YES,NO,NO,NO
74-81-56-83,YES,,,,,,,,,YES,,,,,,,,,YES,,,,,,,,,YES,,,,,,,,,YES,YES,,Not medical sector,ចំណាយអស់លុយតិច,Yes,Yes,,No,,YES,YES,YES,YES,NO,NO,NO,YES,NO,15,NO,,,,,,,,
74-86-45-86,YES,,,,,,,,,YES,,,,,,,,,YES,,,,,,,,,YES,,,,,,,,,NO,,,,,Yes,Yes,,Yes,100000,NO,,,,,,,,,,,,,,,,,,
76-21-65-16,NOT TRIED,,,,,,,,,NOT TRIED,,,,,,,,,YES,,,,,,,,,YES,,,,,,,,,NO,,,,,Yes,Yes,,Yes,10000,,,,,,,,,,,,,,,,,,,
76-22-55-80,YES,,,,,,,,,YES,,,,,,,,,YES,,,,,,,,,YES,,,,,,,,,YES,YES,,Public,អស់លុយតិចនិងការព្យាបាលរហ័សជាសះស្បើយ,Yes,Yes,,No,,YES,YES,NO,,,,,,,,NO,,,,,,,,
76-56-99-54,YES,,,,,,,,,YES,,,,,,,,,YES,,,,,,,,,YES,,,,,,,,,NO,,,,,Yes,Yes,,No,,,,,,,,,,,,,,,,,,,,
76-57-84-06,YES,,,,,,,,,YES,,,,,,,,,YES,,,,,,,,,YES,,,,,,,,,YES,YES,,Private,នៅជិតផ្ទះ សេវាកម្មលឿន,Yes,Yes,,Yes,50000,,,,,,,,,,,,,,,,,,,
76-95-05-44,YES,,,,,,,,,YES,,,,,,,,,YES,,,,,,,,,YES,,,,,,,,,YES,YES,,Private,ធ្លាប់ទៅនឹងហើយសេវ៉ាកម្មលឿនទាន់ចិត្ត,Yes,Yes,,Yes,20000,YES,YES,YES,YES,NO,NO,NO,YES,NO,20,NO,,,,,,,,
77-03-40-90,YES,,,,,,,,,YES,,,,,,,,,YES,,,,,,,,,YES,,,,,,,,,YES,YES,,Public,ទុកចិត្តលើការព្យាបាល,Yes,Yes,,Yes,40000,,,,,,,,,,,,,,,,,,,
77-18-77-96,YES,,,,,,,,,YES,,,,,,,,,YES,,,,,,,,,YES,,,,,,,,,NO,,,,,Not sure,Yes,,No,,,,,,,,,,,,,,,,,,,,
77-60-01-54,YES,,,,,,,,,YES,,,,,,,,,NOT TRIED,,,,,,,,,NOT TRIED,,,,,,,,,NO,,,,,Yes,Yes,,Not sure,,NO,,,,,,,,,,,,,,,,,,
77-70-84-36,YES,,,,,,,,,YES,,,,,,,,,NOT TRIED,,,,,,,,,YES,,,,,,,,,YES,YES,,Private,ពេទ្យឯកជននៅជិតផ្ទះជាង,Yes,Yes,,No,,YES,YES,YES,NO,NO,NO,NO,YES,NO,12,NO,,,,,,,,
77-71-94-82,NOT TRIED,,,,,,,,,NOT TRIED,,,,,,,,,YES,,,,,,,,,YES,,,,,,,,,YES,YES,,Private,ថ្នាំមានគុណភាព,Yes,Not sure,I am not at risk of contracting Covid-19.,,,YES,YES,NO,,,,,,,,NO,,,,,,,,
78-69-73-86,NOT TRIED,,,,,,,,,NOT TRIED,,,,,,,,,YES,,,,,,,,,YES,,,,,,,,,NO,,,,,Yes,Yes,,No,,YES,YES,YES,YES,YES,NO,NO,NO,NO,12,NO,,,,,,,,
79-51-56-38,YES,,,,,,,,,YES,,,,,,,,,YES,,,,,,,,,YES,,,,,,,,,YES,YES,,Public,នៅក្បែរផ្ទះ​អត់អស់លុយ,Yes,No,I am not at risk of contracting Covid-19.,,,,,,,,,,,,,,,,,,,,,
79-65-65-94,YES,,,,,,,,,NOT TRIED,,,,,,,,,YES,,,,,,,,,YES,,,,,,,,,NO,,,,,Yes,Yes,,Yes,20000,NO,,,,,,,,,,,,,,,,,,
79-72-98-96,NOT TRIED,,,,,,,,,NOT TRIED,,,,,,,,,YES,,,,,,,,,YES,,,,,,,,,NO,,,,,Yes,Yes,,Yes,50000,YES,YES,YES,YES,YES,NO,NO,YES,NO,12,NO,,,,,,,,
79-85-65-98,YES,,,,,,,,,NOT TRIED,,,,,,,,,YES,,,,,,,,,YES,,,,,,,,,YES,YES,,Public,ដោយសារនោជិតផ្ទះ,Yes,Yes,,Not sure,,,,,,,,,,,,,,,,,,,,
79-90-83-59,NOT TRIED,,,,,,,,,NOT TRIED,,,,,,,,,YES,,,,,,,,,YES,,,,,,,,,YES,YES,,Private,នៅជិតសេវាកម្មរហ័ស,Yes,Yes,,Yes,50000,NO,,,,,,,,,,,,,,,,,,
79-96-97-70,YES,,,,,,,,,YES,,,,,,,,,YES,,,,,,,,,NOT TRIED,,,,,,,,,YES,YES,,Public,នៅមណ្ឌលគេគិតសេវាតិចហើយថ្នាំមានគុណភាពល្អ,Yes,Yes,,No,,NO,,,,,,,,,,,,,,,,,,
80-40-93-12,NOT TRIED,,,,,,,,,NOT TRIED,,,,,,,,,YES,,,,,,,,,YES,,,,,,,,,NO,,,,,Not sure,Yes,,Yes,60000,,,,,,,,,,,,,,,,,,,
80-49-06-34,YES,,,,,,,,,NOT TRIED,,,,,,,,,YES,,,,,,,,,YES,,,,,,,,,YES,YES,,Private,មានគុណភាពល្អអាចជឿទុកចិត្តបាន,Yes,Yes,,Yes,3000,YES,YES,YES,NO,NO,NO,NO,YES,NO,12,YES,NO,NO,NO,NO,NO,NO,NO,YES
80-49-49-04,YES,,,,,,,,,YES,,,,,,,,,YES,,,,,,,,,YES,,,,,,,,,YES,YES,,Public,ទៅពេទ្យរដ្ខអស់លុយតិច,Yes,Yes,,Not sure,,YES,YES,YES,YES,NO,NO,NO,YES,NO,12,YES,NO,NO,NO,NO,NO,NO,NO,YES
80-58-14-70,NOT TRIED,,,,,,,,,YES,,,,,,,,,YES,,,,,,,,,YES,,,,,,,,,NO,,,,,Yes,Yes,,No,,,,,,,,,,,,,,,,,,,,
80-72-64-44,YES,,,,,,,,,YES,,,,,,,,,YES,,,,,,,,,YES,,,,,,,,,YES,YES,,Public,នៅជិតផ្ទះ,Yes,Yes,,Yes,10000,,,,,,,,,,,,,,,,,,,
81-20-01-76,NOT TRIED,,,,,,,,,NOT TRIED,,,,,,,,,YES,,,,,,,,,YES,,,,,,,,,YES,YES,,Public,សេវាលឿននិងអស់លុយតិច,Yes,Yes,,Yes,5000,,,,,,,,,,,,,,,,,,,
81-36-68-15,YES,,,,,,,,,YES,,,,,,,,,YES,,,,,,,,,YES,,,,,,,,,YES,YES,,Not medical sector,ជិតផ្ទះ,No,No,I am not at risk of contracting Covid-19.,,,YES,YES,NO,,,,,,,,NO,,,,,,,,
81-48-88-00,YES,,,,,,,,,YES,,,,,,,,,YES,,,,,,,,,YES,,,,,,,,,NO,,,,,Yes,Yes,,Yes,20000,,,,,,,,,,,,,,,,,,,
82-16-53-06,NOT TRIED,,,,,,,,,YES,,,,,,,,,YES,,,,,,,,,YES,,,,,,,,,YES,YES,,Public,ពេទ្យរដ្ឋអស់លុយតិច,Yes,Yes,,Yes,5000,YES,YES,YES,NO,NO,NO,NO,YES,NO,6,YES,YES,NO,NO,NO,NO,NO,NO,NO
82-82-33-85,YES,,,,,,,,,NOT TRIED,,,,,,,,,YES,,,,,,,,,YES,,,,,,,,,YES,YES,,Public,មិនបាច់ចំណាយប្រាក់,Yes,Yes,,Yes,10000,YES,YES,NO,,,,,,,,NO,,,,,,,,
83-15-19-66,NOT TRIED,,,,,,,,,NOT TRIED,,,,,,,,,NOT TRIED,,,,,,,,,NOT TRIED,,,,,,,,,YES,YES,,Public,នៅជិតផ្ទះ មិនសូវអស់លុយច្រើន,Yes,Yes,,Not sure,,YES,YES,YES,NO,YES,NO,NO,YES,NO,6,NO,,,,,,,,
83-24-97-14,YES,,,,,,,,,YES,,,,,,,,,YES,,,,,,,,,YES,,,,,,,,,YES,YES,,Private,សេវាលឿន,Not sure,Yes,,Yes,10000,YES,YES,NO,,,,,,,,NO,,,,,,,,
83-62-66-29,YES,,,,,,,,,YES,,,,,,,,,YES,,,,,,,,,YES,,,,,,,,,YES,YES,,Private,គុណថ្នាំល្អ,Yes,Yes,,Yes,20000,,,,,,,,,,,,,,,,,,,
83-78-78-49,NOT TRIED,,,,,,,,,YES,,,,,,,,,YES,,,,,,,,,YES,,,,,,,,,NO,,,,,Yes,Yes,,Yes,50000,,,,,,,,,,,,,,,,,,,
83-82-40-74,YES,,,,,,,,,YES,,,,,,,,,YES,,,,,,,,,YES,,,,,,,,,YES,YES,,Private,ដោយសារសមាជិកគ្រួសារគាត់ជាពេទ្យចឹង​ហើយគាត់ព្យាបាលខ្លួនឯងនៅផ្ទះ,No,Yes,,Not sure,,,,,,,,,,,,,,,,,,,,
84-26-72-24,YES,,,,,,,,,YES,,,,,,,,,NOT TRIED,,,,,,,,,NOT TRIED,,,,,,,,,YES,YES,,Public,ពេទ្យរដ្ឋមិនសូវអស់លុយច្រើន,Yes,Yes,,Yes,5000,,,,,,,,,,,,,,,,,,,
84-31-44-97,NOT TRIED,,,,,,,,,YES,,,,,,,,,YES,,,,,,,,,YES,,,,,,,,,NO,,,,,Yes,No,I am worried about side effecs.,,,YES,NO,,,,,,,,,NO,,,,,,,,
84-37-56-77,NOT TRIED,,,,,,,,,NOT TRIED,,,,,,,,,YES,,,,,,,,,YES,,,,,,,,,NO,,,,,Yes,No,I don't think it will work.,,,YES,NO,,,,,,,,,YES,NO,NO,NO,NO,NO,NO,NO,YES
84-65-10-22,NOT TRIED,,,,,,,,,NOT TRIED,,,,,,,,,YES,,,,,,,,,YES,,,,,,,,,NO,,,,,Yes,Yes,,No,,,,,,,,,,,,,,,,,,,,
84-70-29-25,NOT TRIED,,,,,,,,,YES,,,,,,,,,YES,,,,,,,,,YES,,,,,,,,,YES,YES,,Private,ជឿជាក់ថាមានឧបករណ៍គ្រប់គ្រាន់,No,Not sure,I don't think it will be safe.,,,,,,,,,,,,,,,,,,,,,
84-79-70-97,YES,,,,,,,,,YES,,,,,,,,,YES,,,,,,,,,YES,,,,,,,,,YES,YES,,Public,សេកម្មល្អ,Yes,Yes,,Yes,40000,NO,,,,,,,,,,,,,,,,,,
85-01-15-29,YES,,,,,,,,,YES,,,,,,,,,YES,,,,,,,,,YES,,,,,,,,,YES,YES,,Private,ពេទ្យឯកជននៅក្បែរផ្ទះជាង,Yes,Yes,,Yes,5000,,,,,,,,,,,,,,,,,,,
85-03-27-87,YES,,,,,,,,,NOT TRIED,,,,,,,,,YES,,,,,,,,,YES,,,,,,,,,YES,YES,,Private,សេវាកម្មលឿន,Yes,Yes,,Yes,30000,YES,YES,YES,NO,NO,NO,NO,YES,NO,20,NO,,,,,,,,
85-06-62-86,YES,,,,,,,,,YES,,,,,,,,,YES,,,,,,,,,YES,,,,,,,,,NO,,,,,Yes,Yes,,No,,,,,,,,,,,,,,,,,,,,
85-16-54-30,NOT TRIED,,,,,,,,,YES,,,,,,,,,NOT TRIED,,,,,,,,,NOT TRIED,,,,,,,,,YES,YES,,Public,មានារព្យាបាល ​និងចំណាយថវិការតិច,Yes,Yes,,Yes,2000,YES,YES,YES,YES,NO,NO,NO,NO,NO,10,NO,,,,,,,,
85-25-56-55,YES,,,,,,,,,NOT TRIED,,,,,,,,,YES,,,,,,,,,YES,,,,,,,,,YES,YES,,Public,គុណភាពល្អ,Yes,Yes,,No,,,,,,,,,,,,,,,,,,,,
85-69-58-56,NOT TRIED,,,,,,,,,NOT TRIED,,,,,,,,,YES,,,,,,,,,YES,,,,,,,,,YES,YES,,Private,សេវាលឿន,Yes,Yes,,Yes,400000,YES,YES,YES,YES,NO,NO,NO,YES,NO,8,NO,,,,,,,,
85-73-20-42,YES,,,,,,,,,YES,,,,,,,,,YES,,,,,,,,,YES,,,,,,,,,YES,YES,,Private,ពេទ្យឯកជនមានថ្នាំច្រើន និងសេវាលឿន,Yes,Yes,,Yes,10000,NO,,,,,,,,,,,,,,,,,,
85-73-97-33,NOT TRIED,,,,,,,,,NOT TRIED,,,,,,,,,YES,,,,,,,,,NOT TRIED,,,,,,,,,YES,YES,,Public,មានការព្យាបាលបានល្អ,Yes,Yes,,Not sure,,YES,YES,YES,YES,NO,NO,NO,YES,NO,10,NO,,,,,,,,
86-42-22-29,YES,,,,,,,,,NOT TRIED,,,,,,,,,NOT TRIED,,,,,,,,,YES,,,,,,,,,NO,,,,,Yes,Yes,,Yes,2000,YES,NO,,,,,,,,,NO,,,,,,,,
86-62-31-38,YES,,,,,,,,,NOT TRIED,,,,,,,,,YES,,,,,,,,,YES,,,,,,,,,YES,YES,,Private,ស្ថាប័នសុខាភិបាលឯកជនមានសេវាមកដល់ផ្ទះនិងថ្នាំមានគុណភាព,Yes,Yes,,Yes,20000,YES,YES,NO,,,,,,,,NO,,,,,,,,
86-88-12-40,YES,,,,,,,,,YES,,,,,,,,,YES,,,,,,,,,YES,,,,,,,,,YES,YES,,Not medical sector,សេវាល្អ,Yes,Yes,,Yes,15000,YES,YES,YES,NO,NO,NO,NO,YES,NO,14,NO,,,,,,,,
87-41-40-78,YES,,,,,,,,,YES,,,,,,,,,YES,,,,,,,,,YES,,,,,,,,,YES,YES,,Private,ដោយសារសេវ៉ាកម្មលឿនជាងពេទ្យរដ្ឋ,No,Yes,,Yes,20000,,,,,,,,,,,,,,,,,,,
87-52-91-38,YES,,,,,,,,,YES,,,,,,,,,YES,,,,,,,,,YES,,,,,,,,,YES,YES,,Public,ដោយសារនៅនឹងព្យាបាលអស់លុយតិច,Yes,Yes,,No,,,,,,,,,,,,,,,,,,,,
87-58-41-57,NOT TRIED,,,,,,,,,YES,,,,,,,,,YES,,,,,,,,,YES,,,,,,,,,NO,,,,,Yes,Yes,,Yes,10000,YES,NO,,,,,,,,,YES,NO,NO,NO,NO,YES,NO,NO,NO
87-60-75-90,YES,,,,,,,,,NOT TRIED,,,,,,,,,YES,,,,,,,,,YES,,,,,,,,,YES,YES,,Private,ស្ថាប័នសុខាភិបាលឯកជនសេវាល្អ និងមានគុណភាព,Yes,Yes,,Yes,10000,YES,YES,YES,YES,NO,NO,NO,YES,NO,20,NO,,,,,,,,
87-64-17-69,YES,,,,,,,,,NOT TRIED,,,,,,,,,YES,,,,,,,,,YES,,,,,,,,,YES,YES,,Private,សេវាល្អនិងមានគុណភាព,Yes,Yes,,Yes,100000,YES,YES,YES,NO,NO,NO,NO,YES,NO,6,NO,,,,,,,,
87-76-07-29,YES,,,,,,,,,YES,,,,,,,,,YES,,,,,,,,,YES,,,,,,,,,YES,YES,,Private,ព្យាបាលសាកសិទ្ធ,Yes,Yes,,Yes,10000,YES,YES,YES,NO,NO,NO,NO,YES,NO,8,YES,NO,NO,NO,NO,NO,NO,NO,YES
87-83-02-60,YES,,,,,,,,,YES,,,,,,,,,YES,,,,,,,,,YES,,,,,,,,,YES,YES,,Public,ជិតផ្ទះ ងាយស្រួលទៅ,Yes,Yes,,No,,NO,,,,,,,,,,,,,,,,,,
87-93-61-92,YES,,,,,,,,,NOT TRIED,,,,,,,,,YES,,,,,,,,,YES,,,,,,,,,YES,YES,,Public,អស់លុយតិច,Yes,Yes,,Not sure,,YES,YES,YES,YES,NO,NO,NO,YES,NO,2,NO,,,,,,,,
88-05-51-96,YES,,,,,,,,,YES,,,,,,,,,YES,,,,,,,,,YES,,,,,,,,,NO,,,,,Yes,Yes,,Yes,50000,,,,,,,,,,,,,,,,,,,
88-21-21-87,YES,,,,,,,,,YES,,,,,,,,,YES,,,,,,,,,YES,,,,,,,,,YES,YES,,Public,ដោយសារហូបថ្នាំនៅពេទ្យនឹងត្រូវ,Yes,Yes,,Yes,20000,YES,YES,YES,YES,NO,NO,NO,YES,NO,8,NO,,,,,,,,
88-32-05-81,YES,,,,,,,,,NOT TRIED,,,,,,,,,YES,,,,,,,,,YES,,,,,,,,,NO,,,,,Yes,Not sure,I don't think it will be safe.,,,YES,YES,YES,NO,NO,NO,NO,YES,NO,15,YES,NO,NO,NO,NO,NO,NO,NO,YES
88-52-19-69,NOT TRIED,,,,,,,,,NOT TRIED,,,,,,,,,YES,,,,,,,,,YES,,,,,,,,,NO,,,,,No,No,I am not at risk of contracting Covid-19.,,,NO,,,,,,,,,,,,,,,,,,
88-55-90-62,YES,,,,,,,,,YES,,,,,,,,,YES,,,,,,,,,YES,,,,,,,,,YES,YES,,Private,នៅជិតផ្ទះមិនចំណាយពេលធ្វើដំណើរយូរ,Yes,Yes,,No,,YES,YES,YES,NO,NO,NO,NO,YES,NO,24,NO,,,,,,,,
89-00-81-23,YES,,,,,,,,,YES,,,,,,,,,YES,,,,,,,,,YES,,,,,,,,,NO,,,,,Yes,Yes,,No,,YES,NO,,,,,,,,,YES,YES,NO,NO,NO,NO,NO,NO,NO
89-18-01-05,YES,,,,,,,,,YES,,,,,,,,,NOT TRIED,,,,,,,,,YES,,,,,,,,,NO,,,,,Yes,Not sure,I am not at risk of contracting Covid-19.,,,YES,NO,,,,,,,,,NO,,,,,,,,
89-18-79-86,NOT TRIED,,,,,,,,,NOT TRIED,,,,,,,,,YES,,,,,,,,,YES,,,,,,,,,YES,YES,,Private,នៅជិតផ្ទះងាយស្រួលធ្វើដំណើរទៅ,Yes,Yes,,Yes,20000,,,,,,,,,,,,,,,,,,,
89-30-53-74,YES,,,,,,,,,NOT TRIED,,,,,,,,,YES,,,,,,,,,YES,,,,,,,,,YES,YES,,Private,ដោយសារមន្ទីពេទ្យឯកជនគេយកចិត្តទុកដាក់ជាងមន្ទីពេទ្យរដ្ឋ សេវាកម្មរហស័,Yes,Yes,,No,,YES,NO,,,,,,,,,YES,NO,NO,NO,NO,NO,NO,NO,YES
89-51-49-68,YES,,,,,,,,,YES,,,,,,,,,YES,,,,,,,,,NOT TRIED,,,,,,,,,YES,YES,,Private,នៅជិតផ្ទះនិងមានទំនុកចិត្តក្នុងការព្យាបាល,Yes,Yes,,Yes,10000,YES,YES,YES,NO,NO,NO,NO,YES,NO,40,NO,,,,,,,,
89-56-07-85,YES,,,,,,,,,YES,,,,,,,,,YES,,,,,,,,,YES,,,,,,,,,YES,YES,,Public,មានប័ណ្ណក្រីក្របានព្យាបាលមិនគិតថ្លៃ,Yes,Yes,,Yes,50000,NO,,,,,,,,,,,,,,,,,,
89-93-50-24,NOT TRIED,,,,,,,,,NOT TRIED,,,,,,,,,YES,,,,,,,,,YES,,,,,,,,,NO,,,,,Yes,Yes,,No,,,,,,,,,,,,,,,,,,,,
90-22-35-16,NOT TRIED,,,,,,,,,NOT TRIED,,,,,,,,,YES,,,,,,,,,YES,,,,,,,,,NO,,,,,Yes,Yes,,Yes,10000,YES,YES,YES,NO,NO,NO,NO,YES,NO,15,NO,,,,,,,,
90-49-69-32,YES,,,,,,,,,YES,,,,,,,,,YES,,,,,,,,,YES,,,,,,,,,YES,YES,,Public,គុណភាពល្អនិងសេវាកម្មល្អ,Yes,Yes,,Not sure,,,,,,,,,,,,,,,,,,,,
90-50-18-25,NOT TRIED,,,,,,,,,YES,,,,,,,,,YES,,,,,,,,,YES,,,,,,,,,YES,YES,,Private,សេវាលឿន,Yes,Yes,,Yes,40000,,,,,,,,,,,,,,,,,,,
90-70-32-77,YES,,,,,,,,,YES,,,,,,,,,YES,,,,,,,,,YES,,,,,,,,,YES,YES,,Private,មានសេវាកម្មលឿន,Yes,Yes,,Yes,3000,,,,,,,,,,,,,,,,,,,
90-72-63-71,NOT TRIED,,,,,,,,,NOT TRIED,,,,,,,,,NOT TRIED,,,,,,,,,NOT TRIED,,,,,,,,,NO,,,,,No,Yes,,Not sure,,YES,NO,,,,,,,,,NO,,,,,,,,
90-90-59-67,YES,,,,,,,,,NOT TRIED,,,,,,,,,YES,,,,,,,,,NOT TRIED,,,,,,,,,YES,YES,,Public,សេវាកម្មល្អ,Yes,Yes,,Yes,40000,NO,,,,,,,,,,,,,,,,,,
90-98-61-29,NOT TRIED,,,,,,,,,YES,,,,,,,,,YES,,,,,,,,,YES,,,,,,,,,NO,,,,,Yes,Yes,,No,,YES,YES,NO,,,,,,,,NO,,,,,,,,
91-12-21-18,YES,,,,,,,,,YES,,,,,,,,,YES,,,,,,,,,YES,,,,,,,,,YES,YES,,Public,មិនមានលទ្ធភាពទៅពេទ្យឯកជន,Yes,Yes,,No,,YES,NO,,,,,,,,,YES,NO,NO,NO,NO,YES,NO,NO,NO
91-26-98-02,YES,,,,,,,,,YES,,,,,,,,,YES,,,,,,,,,YES,,,,,,,,,YES,YES,,Private,នៅជិតផ្ទះ,Yes,Yes,,Yes,10000,YES,NO,,,,,,,,,NO,,,,,,,,
91-32-31-35,YES,,,,,,,,,NOT TRIED,,,,,,,,,YES,,,,,,,,,YES,,,,,,,,,YES,YES,,Public,ងាយស្រួលនៅជិតផ្ទះគ្រូពេទ្យគេមានជំនាញច្បាស់លាស់ នឹងចំណាយលុយតឹច,Yes,Yes,,No,,,,,,,,,,,,,,,,,,,,
91-47-37-79,NOT TRIED,,,,,,,,,NOT TRIED,,,,,,,,,YES,,,,,,,,,YES,,,,,,,,,NO,,,,,Yes,Yes,,Yes,100000,YES,YES,YES,NO,YES,NO,NO,NO,NO,10,NO,,,,,,,,
91-64-79-49,NOT TRIED,,,,,,,,,NOT TRIED,,,,,,,,,YES,,,,,,,,,YES,,,,,,,,,YES,YES,,Private,សេវាកម្មរហ័សនិងមានគុណភាពអាចទុកចិត្តបាន,Yes,Not sure,I don't think it will be safe.,,,YES,YES,YES,NO,NO,NO,NO,NO,YES,14,NO,,,,,,,,
91-75-84-89,YES,,,,,,,,,YES,,,,,,,,,YES,,,,,,,,,YES,,,,,,,,,YES,YES,,Public,ព្យាបាលអត់អស់លុយ,Yes,Yes,,Yes,5000,,,,,,,,,,,,,,,,,,,
91-92-90-54,YES,,,,,,,,,YES,,,,,,,,,YES,,,,,,,,,YES,,,,,,,,,NO,,,,,Yes,Yes,,No,,YES,YES,YES,NO,NO,NO,NO,YES,NO,20,NO,,,,,,,,
92-52-64-60,YES,,,,,,,,,YES,,,,,,,,,YES,,,,,,,,,YES,,,,,,,,,YES,YES,,Private,នៅជិតផ្ទះ សេវាលឿន,Yes,Yes,,Yes,5000,YES,YES,YES,NO,NO,NO,NO,YES,NO,16,YES,NO,NO,NO,NO,NO,NO,NO,YES
92-54-15-40,YES,,,,,,,,,NOT TRIED,,,,,,,,,YES,,,,,,,,,YES,,,,,,,,,YES,YES,,Private,នៅផ្ទះងាយស្រួលទៅ,Yes,Yes,,Yes,50000,YES,YES,YES,YES,NO,NO,NO,YES,NO,15,NO,,,,,,,,
92-90-62-95,YES,,,,,,,,,YES,,,,,,,,,YES,,,,,,,,,YES,,,,,,,,,NO,,,,,Yes,Yes,,Yes,20000,YES,YES,YES,YES,NO,NO,NO,YES,NO,36,YES,NO,NO,NO,NO,NO,NO,NO,YES
93-07-64-20,YES,,,,,,,,,YES,,,,,,,,,YES,,,,,,,,,YES,,,,,,,,,NO,,,,,Yes,Yes,,Not sure,,YES,NO,,,,,,,,,YES,NO,NO,NO,NO,YES,NO,NO,NO
93-34-63-42,YES,,,,,,,,,NOT TRIED,,,,,,,,,YES,,,,,,,,,YES,,,,,,,,,YES,YES,,Public,ស្ថាប័នសុខាភិបាលសាធារណៈគឺថ្នាំមានគុណភាពលេបរហ័សជាពីជំងឺ និង អស់លុយតិច,Yes,Yes,,Yes,5000,,,,,,,,,,,,,,,,,,,
93-71-89-46,YES,,,,,,,,,YES,,,,,,,,,YES,,,,,,,,,YES,,,,,,,,,YES,YES,,Public,មានថ្នាំល្អ ត្រូវជំងឺ,Yes,Yes,,Yes,10000,,,,,,,,,,,,,,,,,,,
94-77-00-60,YES,,,,,,,,,YES,,,,,,,,,NOT TRIED,,,,,,,,,NOT TRIED,,,,,,,,,YES,YES,,Private,ពេទ្យឯកជននៅក្បែផ្ទះជាង,Yes,Yes,,Yes,3000,,,,,,,,,,,,,,,,,,,
94-82-96-77,NOT TRIED,,,,,,,,,NOT TRIED,,,,,,,,,NOT TRIED,,,,,,,,,NOT TRIED,,,,,,,,,NO,,,,,No,Yes,,Not sure,,,,,,,,,,,,,,,,,,,,
94-95-85-94,YES,,,,,,,,,YES,,,,,,,,,YES,,,,,,,,,YES,,,,,,,,,YES,YES,,Private,គេមានថ្នាំងគ្រប់គ្រាន់ មិនចាំបាច់រង់ចាំយូ,Yes,Yes,,Yes,10000,,,,,,,,,,,,,,,,,,,
95-04-09-29,NOT TRIED,,,,,,,,,NOT TRIED,,,,,,,,,NOT TRIED,,,,,,,,,NOT TRIED,,,,,,,,,NO,,,,,No,Yes,,No,,,,,,,,,,,,,,,,,,,,
95-47-06-74,YES,,,,,,,,,NOT TRIED,,,,,,,,,YES,,,,,,,,,YES,,,,,,,,,NO,,,,,Yes,Yes,,Yes,80000,,,,,,,,,,,,,,,,,,,
95-56-74-69,NOT TRIED,,,,,,,,,NOT TRIED,,,,,,,,,YES,,,,,,,,,YES,,,,,,,,,NO,,,,,Yes,Yes,,No,,YES,YES,YES,YES,NO,YES,NO,YES,NO,15,YES,NO,NO,NO,NO,NO,NO,NO,YES
95-62-65-76,YES,,,,,,,,,YES,,,,,,,,,YES,,,,,,,,,YES,,,,,,,,,YES,YES,,Private,មានអុបករណ៍ច្រើន និងលឿន,Yes,Yes,,No,,YES,NO,,,,,,,,,NO,,,,,,,,
95-65-40-38,YES,,,,,,,,,NOT TRIED,,,,,,,,,YES,,,,,,,,,YES,,,,,,,,,NO,,,,,Not sure,Yes,,Yes,10000,YES,NO,,,,,,,,,NO,,,,,,,,
95-72-64-75,NOT TRIED,,,,,,,,,NOT TRIED,,,,,,,,,YES,,,,,,,,,YES,,,,,,,,,YES,YES,,Private,គុណភាពថ្នាំល្អ,Yes,Yes,,Yes,20000,NO,,,,,,,,,,,,,,,,,,
95-80-09-27,YES,,,,,,,,,NOT TRIED,,,,,,,,,YES,,,,,,,,,NOT TRIED,,,,,,,,,YES,YES,,Public,ទៅពេទ្យរដ្ឋមិនសូវគិតថ្លៃសេវា,Yes,Yes,,Not sure,,YES,YES,YES,NO,NO,NO,NO,YES,NO,20,NO,,,,,,,,
95-89-65-41,NO,NO,NO,NO,NO,YES,NO,NO,NO,NOT TRIED,,,,,,,,,NOT TRIED,,,,,,,,,NOT TRIED,,,,,,,,,NO,,,,,Yes,Yes,,No,,,,,,,,,,,,,,,,,,,,
96-06-20-32,NOT TRIED,,,,,,,,,NOT TRIED,,,,,,,,,YES,,,,,,,,,YES,,,,,,,,,NO,,,,,Yes,Yes,,Yes,20000,,,,,,,,,,,,,,,,,,,
96-43-59-47,YES,,,,,,,,,NOT TRIED,,,,,,,,,YES,,,,,,,,,YES,,,,,,,,,YES,YES,,Public,នៅជិតផ្ទះ និងចំណាយលុយតិច,Yes,Yes,,Yes,10000,,,,,,,,,,,,,,,,,,,
96-72-01-47,YES,,,,,,,,,YES,,,,,,,,,YES,,,,,,,,,YES,,,,,,,,,NO,,,,,Yes,Yes,,Not sure,,YES,YES,YES,NO,NO,NO,NO,NO,YES,10,YES,YES,NO,NO,NO,YES,NO,NO,NO
96-84-49-20,YES,,,,,,,,,YES,,,,,,,,,YES,,,,,,,,,YES,,,,,,,,,YES,YES,,Not medical sector,ព្រោះស្គាល់គ្នាអាចហៅមកចាក់ថ្នាំដល់ផ្ទះ ងាយស្រួល,Yes,Yes,,Yes,20000,,,,,,,,,,,,,,,,,,,
97-19-44-22,YES,,,,,,,,,YES,,,,,,,,,YES,,,,,,,,,YES,,,,,,,,,NO,,,,,Yes,Yes,,Yes,2000,YES,YES,YES,NO,NO,NO,NO,YES,NO,12,NO,,,,,,,,
97-23-41-88,YES,,,,,,,,,YES,,,,,,,,,YES,,,,,,,,,YES,,,,,,,,,NO,,,,,Yes,Yes,,Yes,10000,,,,,,,,,,,,,,,,,,,
97-56-15-57,NOT TRIED,,,,,,,,,NOT TRIED,,,,,,,,,YES,,,,,,,,,YES,,,,,,,,,YES,YES,,Public,គុណភាពថ្នាំល្អ,Yes,Not sure,I am worried about side effecs.,,,,,,,,,,,,,,,,,,,,,
97-63-33-82,YES,,,,,,,,,YES,,,,,,,,,NOT TRIED,,,,,,,,,NOT TRIED,,,,,,,,,NO,,,,,Yes,Yes,,Yes,10000,,,,,,,,,,,,,,,,,,,
97-67-52-97,YES,,,,,,,,,YES,,,,,,,,,YES,,,,,,,,,YES,,,,,,,,,YES,YES,,Private,ជាពេទ្យប្រចាំដែលគាត់ជឿទុកចិត្ត,Yes,Yes,,Yes,100000,YES,YES,YES,YES,NO,NO,NO,YES,NO,12,YES,NO,NO,NO,NO,NO,NO,NO,YES
98-07-47-63,NOT TRIED,,,,,,,,,NOT TRIED,,,,,,,,,YES,,,,,,,,,YES,,,,,,,,,YES,YES,,Private,នៅជិតផ្ទះ,Yes,Yes,,Yes,10000,,,,,,,,,,,,,,,,,,,
98-57-95-05,YES,,,,,,,,,NOT TRIED,,,,,,,,,YES,,,,,,,,,YES,,,,,,,,,YES,YES,,Private,ដោយសារសេវាកម្មរហស័កម្ម ងាយស្រួលវានៅជឹតផ្ទះ,Yes,Yes,,Yes,40000,YES,NO,,,,,,,,,YES,NO,NO,NO,NO,NO,NO,NO,YES
98-59-09-34,NOT TRIED,,,,,,,,,NOT TRIED,,,,,,,,,YES,,,,,,,,,YES,,,,,,,,,NO,,,,,No,Not sure,I am not at risk of contracting Covid-19.,,,,,,,,,,,,,,,,,,,,,
98-66-84-72,YES,,,,,,,,,YES,,,,,,,,,NOT TRIED,,,,,,,,,NOT TRIED,,,,,,,,,YES,YES,,Private,ដោយសារមានជំងឺស្រាលនឹងទិញថ្នាំធម្មតាហើយទិញនឹងឆាប់ជា,Yes,Yes,,No,,YES,YES,YES,YES,NO,NO,NO,NO,NO,20,NO,,,,,,,,
98-90-99-04,YES,,,,,,,,,YES,,,,,,,,,YES,,,,,,,,,YES,,,,,,,,,NO,,,,,Yes,Yes,,Yes,20000,YES,YES,YES,NO,NO,NO,NO,YES,NO,45,NO,,,,,,,,
98-91-03-89,YES,,,,,,,,,NOT TRIED,,,,,,,,,YES,,,,,,,,,YES,,,,,,,,,YES,YES,,Private,សេវាលឿន,Yes,Yes,,Yes,2000,YES,NO,,,,,,,,,YES,YES,NO,NO,NO,NO,NO,NO,NO
98-93-03-74,YES,,,,,,,,,YES,,,,,,,,,YES,,,,,,,,,YES,,,,,,,,,NO,,,,,Yes,Yes,,Yes,40000,,,,,,,,,,,,,,,,,,,
99-02-91-63,NOT TRIED,,,,,,,,,YES,,,,,,,,,YES,,,,,,,,,YES,,,,,,,,,NO,,,,,Yes,Yes,,No,,YES,YES,YES,YES,NO,NO,NO,YES,NO,4,NO,,,,,,,,
99-51-79-01,YES,,,,,,,,,YES,,,,,,,,,YES,,,,,,,,,YES,,,,,,,,,NO,,,,,Yes,Yes,,No,,YES,YES,YES,YES,NO,NO,NO,NO,NO,10,YES,NO,NO,NO,NO,NO,NO,NO,YES
99-86-73-41,YES,,,,,,,,,NOT TRIED,,,,,,,,,YES,,,,,,,,,YES,,,,,,,,,YES,YES,,Private,សេវាកម្មរហស័កម្ម គេមានឪបករណ៍គ្រប់គ្រាន់,Yes,Yes,,No,,,,,,,,,,,,,,,,,,,,
99-98-60-29,YES,,,,,,,,,YES,,,,,,,,,YES,,,,,,,,,YES,,,,,,,,,NO,,,,,Yes,Yes,,No,,,,,,,,,,,,,,,,,,,,
