interview__key,Sec11_SafetyNets__id,s11q1,s11q2,s11q3,s11q8__1,s11q8__2,s11q8__3,s11q8__4,s11q8__5,s11q8__6,s11q8__96
00-45-00-37,Food,NO,,,,,,,,,
00-45-00-37,Direct Cash Transfers,YES,38,Government,YES,NO,NO,NO,NO,NO,NO
00-45-00-37,Other in-kind transfers (excluding food),NO,,,,,,,,,
02-96-12-77,Food,NO,,,,,,,,,
02-96-12-77,Direct Cash Transfers,YES,28,Government,YES,NO,NO,NO,NO,NO,NO
02-96-12-77,Other in-kind transfers (excluding food),NO,,,,,,,,,
03-84-81-65,Food,NO,,,,,,,,,
03-84-81-65,Direct Cash Transfers,YES,40,Government,YES,NO,NO,NO,NO,NO,NO
03-84-81-65,Other in-kind transfers (excluding food),YES,,Government,NO,NO,NO,NO,NO,NO,YES
07-07-39-43,Food,NO,,,,,,,,,
07-07-39-43,Direct Cash Transfers,YES,34,Government,YES,NO,NO,NO,NO,NO,NO
07-07-39-43,Other in-kind transfers (excluding food),NO,,,,,,,,,
07-90-82-24,Food,NO,,,,,,,,,
07-90-82-24,Direct Cash Transfers,YES,24,Government,YES,NO,NO,NO,NO,NO,NO
07-90-82-24,Other in-kind transfers (excluding food),NO,,,,,,,,,
08-40-28-73,Food,NO,,,,,,,,,
08-40-28-73,Direct Cash Transfers,YES,45,Government,YES,NO,NO,NO,NO,NO,NO
08-40-28-73,Other in-kind transfers (excluding food),NO,,,,,,,,,
08-87-44-02,Food,YES,,Government,NO,NO,NO,NO,NO,YES,NO
08-87-44-02,Direct Cash Transfers,NO,,,,,,,,,
08-87-44-02,Other in-kind transfers (excluding food),NO,,,,,,,,,
12-07-23-17,Food,NO,,,,,,,,,
12-07-23-17,Direct Cash Transfers,YES,27,Government,YES,NO,NO,NO,NO,NO,NO
12-07-23-17,Other in-kind transfers (excluding food),NO,,,,,,,,,
13-62-04-21,Food,NO,,,,,,,,,
13-62-04-21,Direct Cash Transfers,YES,24,Government,YES,NO,NO,NO,NO,NO,NO
13-62-04-21,Other in-kind transfers (excluding food),NO,,,,,,,,,
13-62-51-43,Food,YES,,Government,NO,NO,NO,NO,NO,YES,NO
13-62-51-43,Direct Cash Transfers,YES,24,Government,YES,NO,NO,NO,NO,NO,NO
13-62-51-43,Other in-kind transfers (excluding food),NO,,,,,,,,,
16-15-53-72,Food,NO,,,,,,,,,
16-15-53-72,Direct Cash Transfers,YES,32,Government,YES,NO,NO,NO,NO,NO,NO
16-15-53-72,Other in-kind transfers (excluding food),NO,,,,,,,,,
16-42-96-59,Food,NO,,,,,,,,,
16-42-96-59,Direct Cash Transfers,YES,48,Government,YES,NO,NO,NO,NO,NO,NO
16-42-96-59,Other in-kind transfers (excluding food),NO,,,,,,,,,
16-59-81-75,Food,NO,,,,,,,,,
16-59-81-75,Direct Cash Transfers,YES,36,Government,YES,NO,NO,NO,NO,NO,NO
16-59-81-75,Other in-kind transfers (excluding food),NO,,,,,,,,,
16-74-28-23,Food,NO,,,,,,,,,
16-74-28-23,Direct Cash Transfers,YES,15,Government,YES,NO,NO,NO,NO,NO,NO
16-74-28-23,Other in-kind transfers (excluding food),NO,,,,,,,,,
16-77-88-96,Food,YES,,Other,NO,NO,NO,NO,NO,NO,YES
16-77-88-96,Direct Cash Transfers,NO,,,,,,,,,
16-77-88-96,Other in-kind transfers (excluding food),NO,,,,,,,,,
16-85-46-70,Food,NO,,,,,,,,,
16-85-46-70,Direct Cash Transfers,NO,,,,,,,,,
16-85-46-70,Other in-kind transfers (excluding food),YES,,Community organization,NO,NO,NO,NO,NO,NO,YES
17-67-81-96,Food,NO,,,,,,,,,
17-67-81-96,Direct Cash Transfers,YES,36,Government,YES,NO,NO,NO,NO,NO,NO
17-67-81-96,Other in-kind transfers (excluding food),NO,,,,,,,,,
17-68-86-89,Food,NO,,,,,,,,,
17-68-86-89,Direct Cash Transfers,NO,,,,,,,,,
17-68-86-89,Other in-kind transfers (excluding food),YES,,Government,NO,NO,NO,NO,NO,YES,NO
19-72-67-09,Food,NO,,,,,,,,,
19-72-67-09,Direct Cash Transfers,NO,,,,,,,,,
19-72-67-09,Other in-kind transfers (excluding food),YES,,Government,NO,NO,NO,NO,NO,YES,NO
20-05-86-82,Food,NO,,,,,,,,,
20-05-86-82,Direct Cash Transfers,YES,28,Government,YES,NO,NO,NO,NO,NO,NO
20-05-86-82,Other in-kind transfers (excluding food),NO,,,,,,,,,
20-20-96-41,Food,NO,,,,,,,,,
20-20-96-41,Direct Cash Transfers,YES,44,Government,YES,NO,NO,NO,NO,NO,NO
20-20-96-41,Other in-kind transfers (excluding food),NO,,,,,,,,,
20-73-25-13,Food,NO,,,,,,,,,
20-73-25-13,Direct Cash Transfers,YES,8,Government,NO,YES,NO,NO,NO,NO,NO
20-73-25-13,Other in-kind transfers (excluding food),NO,,,,,,,,,
20-80-17-46,Food,NO,,,,,,,,,
20-80-17-46,Direct Cash Transfers,YES,29,Government,YES,NO,NO,NO,NO,NO,NO
20-80-17-46,Other in-kind transfers (excluding food),NO,,,,,,,,,
21-82-19-65,Food,NO,,,,,,,,,
21-82-19-65,Direct Cash Transfers,YES,25,Government,YES,NO,NO,NO,NO,NO,NO
21-82-19-65,Other in-kind transfers (excluding food),NO,,,,,,,,,
22-80-62-03,Food,YES,,Government,NO,NO,NO,NO,NO,NO,YES
22-80-62-03,Direct Cash Transfers,YES,34,Government,YES,NO,NO,NO,NO,NO,NO
22-80-62-03,Other in-kind transfers (excluding food),NO,,,,,,,,,
28-88-05-65,Food,NO,,,,,,,,,
28-88-05-65,Direct Cash Transfers,YES,28,Government,NO,NO,NO,NO,YES,NO,NO
28-88-05-65,Other in-kind transfers (excluding food),NO,,,,,,,,,
30-10-29-94,Food,YES,,Community organization,NO,NO,NO,NO,NO,NO,YES
30-10-29-94,Direct Cash Transfers,NO,,,,,,,,,
30-10-29-94,Other in-kind transfers (excluding food),NO,,,,,,,,,
30-19-77-63,Food,NO,,,,,,,,,
30-19-77-63,Direct Cash Transfers,YES,25,Government,YES,NO,NO,NO,NO,NO,NO
30-19-77-63,Other in-kind transfers (excluding food),YES,,Government,NO,NO,NO,NO,NO,YES,NO
30-93-30-28,Food,YES,,Government,NO,NO,NO,NO,NO,YES,NO
30-93-30-28,Direct Cash Transfers,NO,,,,,,,,,
30-93-30-28,Other in-kind transfers (excluding food),NO,,,,,,,,,
31-52-38-21,Food,NO,,,,,,,,,
31-52-38-21,Direct Cash Transfers,YES,40,Government,YES,NO,NO,NO,NO,NO,NO
31-52-38-21,Other in-kind transfers (excluding food),NO,,,,,,,,,
32-46-48-90,Food,NO,,,,,,,,,
32-46-48-90,Direct Cash Transfers,YES,40,Government,YES,NO,NO,NO,NO,NO,NO
32-46-48-90,Other in-kind transfers (excluding food),NO,,,,,,,,,
32-66-22-66,Food,NO,,,,,,,,,
32-66-22-66,Direct Cash Transfers,NO,,,,,,,,,
32-66-22-66,Other in-kind transfers (excluding food),YES,,Government,NO,NO,NO,NO,NO,YES,NO
33-80-37-22,Food,YES,,Other,NO,NO,NO,NO,NO,NO,YES
33-80-37-22,Direct Cash Transfers,YES,50,Government,YES,NO,NO,NO,NO,NO,NO
33-80-37-22,Other in-kind transfers (excluding food),NO,,,,,,,,,
34-35-77-48,Food,NO,,,,,,,,,
34-35-77-48,Direct Cash Transfers,YES,32,Government,YES,NO,NO,NO,NO,NO,NO
34-35-77-48,Other in-kind transfers (excluding food),NO,,,,,,,,,
34-91-88-56,Food,NO,,,,,,,,,
34-91-88-56,Direct Cash Transfers,YES,50,Government,YES,NO,NO,NO,NO,NO,NO
34-91-88-56,Other in-kind transfers (excluding food),NO,,,,,,,,,
36-07-99-01,Food,YES,,Other,NO,NO,NO,NO,NO,NO,YES
36-07-99-01,Direct Cash Transfers,NO,,,,,,,,,
36-07-99-01,Other in-kind transfers (excluding food),NO,,,,,,,,,
36-73-22-03,Food,NO,,,,,,,,,
36-73-22-03,Direct Cash Transfers,YES,24,Government,YES,NO,NO,NO,NO,NO,NO
36-73-22-03,Other in-kind transfers (excluding food),NO,,,,,,,,,
39-51-55-58,Food,NO,,,,,,,,,
39-51-55-58,Direct Cash Transfers,YES,40,Government,YES,NO,NO,NO,NO,NO,NO
39-51-55-58,Other in-kind transfers (excluding food),NO,,,,,,,,,
39-70-52-15,Food,NO,,,,,,,,,
39-70-52-15,Direct Cash Transfers,YES,25,Government,YES,NO,NO,NO,NO,NO,NO
39-70-52-15,Other in-kind transfers (excluding food),NO,,,,,,,,,
40-15-27-64,Food,NO,,,,,,,,,
40-15-27-64,Direct Cash Transfers,YES,30,Government,YES,NO,NO,NO,NO,NO,NO
40-15-27-64,Other in-kind transfers (excluding food),NO,,,,,,,,,
41-85-41-75,Food,NO,,,,,,,,,
41-85-41-75,Direct Cash Transfers,YES,32,Government,YES,NO,NO,NO,NO,NO,NO
41-85-41-75,Other in-kind transfers (excluding food),NO,,,,,,,,,
44-21-01-09,Food,NO,,,,,,,,,
44-21-01-09,Direct Cash Transfers,YES,25,Government,YES,NO,NO,NO,NO,NO,NO
44-21-01-09,Other in-kind transfers (excluding food),NO,,,,,,,,,
46-76-50-60,Food,NO,,,,,,,,,
46-76-50-60,Direct Cash Transfers,YES,16,Government,YES,NO,NO,NO,NO,NO,NO
46-76-50-60,Other in-kind transfers (excluding food),NO,,,,,,,,,
48-80-07-91,Food,NO,,,,,,,,,
48-80-07-91,Direct Cash Transfers,YES,14,Government,YES,NO,NO,NO,NO,NO,NO
48-80-07-91,Other in-kind transfers (excluding food),NO,,,,,,,,,
48-93-89-78,Food,NO,,,,,,,,,
48-93-89-78,Direct Cash Transfers,YES,42,Government,YES,NO,NO,NO,NO,NO,NO
48-93-89-78,Other in-kind transfers (excluding food),NO,,,,,,,,,
49-56-39-78,Food,YES,,Government,NO,NO,NO,NO,NO,YES,NO
49-56-39-78,Direct Cash Transfers,YES,3,Government,NO,NO,NO,NO,NO,YES,NO
49-56-39-78,Other in-kind transfers (excluding food),NO,,,,,,,,,
50-20-51-46,Food,NO,,,,,,,,,
50-20-51-46,Direct Cash Transfers,YES,14,Government,YES,NO,NO,NO,NO,NO,NO
50-20-51-46,Other in-kind transfers (excluding food),NO,,,,,,,,,
52-55-51-37,Food,NO,,,,,,,,,
52-55-51-37,Direct Cash Transfers,NO,,,,,,,,,
52-55-51-37,Other in-kind transfers (excluding food),YES,,Ngo,NO,NO,NO,NO,NO,NO,YES
53-39-73-69,Food,NO,,,,,,,,,
53-39-73-69,Direct Cash Transfers,YES,29,Government,YES,NO,NO,NO,NO,NO,NO
53-39-73-69,Other in-kind transfers (excluding food),NO,,,,,,,,,
53-53-83-12,Food,YES,,Ngo,NO,NO,NO,NO,NO,NO,YES
53-53-83-12,Direct Cash Transfers,YES,35,Government,YES,NO,NO,NO,NO,NO,NO
53-53-83-12,Other in-kind transfers (excluding food),YES,,Community organization,NO,NO,NO,NO,NO,YES,NO
54-62-44-15,Food,NO,,,,,,,,,
54-62-44-15,Direct Cash Transfers,YES,44,Government,YES,NO,NO,NO,NO,NO,NO
54-62-44-15,Other in-kind transfers (excluding food),NO,,,,,,,,,
55-36-37-79,Food,YES,,Ngo,NO,NO,NO,NO,NO,NO,YES
55-36-37-79,Direct Cash Transfers,YES,2,Ngo,NO,NO,NO,NO,NO,NO,YES
55-36-37-79,Other in-kind transfers (excluding food),NO,,,,,,,,,
56-40-85-48,Food,NO,,,,,,,,,
56-40-85-48,Direct Cash Transfers,YES,36,Government,YES,NO,NO,NO,NO,NO,NO
56-40-85-48,Other in-kind transfers (excluding food),NO,,,,,,,,,
56-72-91-26,Food,YES,,Government,NO,NO,NO,NO,NO,YES,NO
56-72-91-26,Direct Cash Transfers,NO,,,,,,,,,
56-72-91-26,Other in-kind transfers (excluding food),NO,,,,,,,,,
56-89-63-74,Food,NO,,,,,,,,,
56-89-63-74,Direct Cash Transfers,YES,40,Government,YES,NO,NO,NO,NO,NO,NO
56-89-63-74,Other in-kind transfers (excluding food),NO,,,,,,,,,
56-97-03-00,Food,YES,,Ngo,NO,NO,NO,NO,NO,NO,YES
56-97-03-00,Direct Cash Transfers,YES,26,Government,YES,NO,NO,NO,NO,NO,NO
56-97-03-00,Other in-kind transfers (excluding food),NO,,,,,,,,,
57-62-74-67,Food,NO,,,,,,,,,
57-62-74-67,Direct Cash Transfers,YES,38,Government,YES,NO,NO,NO,NO,NO,NO
57-62-74-67,Other in-kind transfers (excluding food),NO,,,,,,,,,
57-69-89-87,Food,NO,,,,,,,,,
57-69-89-87,Direct Cash Transfers,YES,42,Government,YES,NO,NO,NO,NO,NO,NO
57-69-89-87,Other in-kind transfers (excluding food),NO,,,,,,,,,
57-77-48-16,Food,NO,,,,,,,,,
57-77-48-16,Direct Cash Transfers,YES,34,Government,YES,NO,NO,NO,NO,NO,NO
57-77-48-16,Other in-kind transfers (excluding food),NO,,,,,,,,,
58-12-98-81,Food,NO,,,,,,,,,
58-12-98-81,Direct Cash Transfers,YES,32,Government,YES,NO,NO,NO,NO,NO,NO
58-12-98-81,Other in-kind transfers (excluding food),NO,,,,,,,,,
58-43-50-28,Food,YES,,Government,NO,NO,NO,NO,NO,NO,YES
58-43-50-28,Direct Cash Transfers,NO,,,,,,,,,
58-43-50-28,Other in-kind transfers (excluding food),YES,,Government,NO,NO,NO,NO,NO,NO,YES
58-99-58-80,Food,NO,,,,,,,,,
58-99-58-80,Direct Cash Transfers,YES,32,Government,YES,NO,NO,NO,NO,NO,NO
58-99-58-80,Other in-kind transfers (excluding food),NO,,,,,,,,,
59-79-57-21,Food,NO,,,,,,,,,
59-79-57-21,Direct Cash Transfers,YES,16,Community organization,NO,NO,NO,YES,NO,NO,NO
59-79-57-21,Other in-kind transfers (excluding food),NO,,,,,,,,,
60-73-43-19,Food,NO,,,,,,,,,
60-73-43-19,Direct Cash Transfers,YES,33,Government,YES,NO,NO,NO,NO,NO,NO
60-73-43-19,Other in-kind transfers (excluding food),NO,,,,,,,,,
60-91-47-86,Food,NO,,,,,,,,,
60-91-47-86,Direct Cash Transfers,YES,54,Government,YES,NO,NO,NO,NO,NO,NO
60-91-47-86,Other in-kind transfers (excluding food),NO,,,,,,,,,
61-09-80-29,Food,NO,,,,,,,,,
61-09-80-29,Direct Cash Transfers,YES,34,Government,YES,NO,NO,NO,NO,NO,NO
61-09-80-29,Other in-kind transfers (excluding food),NO,,,,,,,,,
63-48-07-95,Food,NO,,,,,,,,,
63-48-07-95,Direct Cash Transfers,YES,30,Government,YES,NO,NO,NO,NO,NO,NO
63-48-07-95,Other in-kind transfers (excluding food),NO,,,,,,,,,
63-85-72-79,Food,NO,,,,,,,,,
63-85-72-79,Direct Cash Transfers,YES,24,Government,YES,NO,NO,NO,NO,NO,NO
63-85-72-79,Other in-kind transfers (excluding food),NO,,,,,,,,,
64-29-61-57,Food,NO,,,,,,,,,
64-29-61-57,Direct Cash Transfers,YES,33,Government,YES,NO,NO,NO,NO,NO,NO
64-29-61-57,Other in-kind transfers (excluding food),NO,,,,,,,,,
65-14-28-12,Food,NO,,,,,,,,,
65-14-28-12,Direct Cash Transfers,YES,32,Government,YES,NO,NO,NO,NO,NO,NO
65-14-28-12,Other in-kind transfers (excluding food),NO,,,,,,,,,
65-15-70-94,Food,NO,,,,,,,,,
65-15-70-94,Direct Cash Transfers,YES,29,Government,YES,NO,NO,NO,NO,NO,NO
65-15-70-94,Other in-kind transfers (excluding food),NO,,,,,,,,,
65-42-12-59,Food,NO,,,,,,,,,
65-42-12-59,Direct Cash Transfers,YES,56,Government,YES,NO,NO,NO,NO,NO,NO
65-42-12-59,Other in-kind transfers (excluding food),YES,,Religious body,NO,NO,NO,NO,NO,YES,NO
65-60-80-72,Food,NO,,,,,,,,,
65-60-80-72,Direct Cash Transfers,YES,22,Government,YES,NO,NO,NO,NO,NO,NO
65-60-80-72,Other in-kind transfers (excluding food),NO,,,,,,,,,
66-09-95-16,Food,NO,,,,,,,,,
66-09-95-16,Direct Cash Transfers,YES,22,Government,YES,NO,NO,NO,NO,NO,NO
66-09-95-16,Other in-kind transfers (excluding food),NO,,,,,,,,,
67-89-30-52,Food,YES,,Government,NO,NO,NO,NO,NO,YES,NO
67-89-30-52,Direct Cash Transfers,YES,42,Government,YES,NO,NO,NO,NO,NO,NO
67-89-30-52,Other in-kind transfers (excluding food),NO,,,,,,,,,
68-45-34-74,Food,NO,,,,,,,,,
68-45-34-74,Direct Cash Transfers,NO,,,,,,,,,
68-45-34-74,Other in-kind transfers (excluding food),YES,,Religious body,NO,NO,NO,NO,NO,NO,YES
69-03-20-16,Food,NO,,,,,,,,,
69-03-20-16,Direct Cash Transfers,YES,44,Government,YES,NO,NO,NO,NO,NO,NO
69-03-20-16,Other in-kind transfers (excluding food),NO,,,,,,,,,
69-06-28-03,Food,NO,,,,,,,,,
69-06-28-03,Direct Cash Transfers,YES,14,Government,YES,NO,NO,NO,NO,NO,NO
69-06-28-03,Other in-kind transfers (excluding food),NO,,,,,,,,,
69-08-19-24,Food,NO,,,,,,,,,
69-08-19-24,Direct Cash Transfers,NO,,,,,,,,,
69-08-19-24,Other in-kind transfers (excluding food),YES,,Ngo,NO,NO,NO,NO,NO,NO,YES
69-45-68-23,Food,NO,,,,,,,,,
69-45-68-23,Direct Cash Transfers,YES,18,Government,YES,NO,NO,NO,NO,NO,NO
69-45-68-23,Other in-kind transfers (excluding food),NO,,,,,,,,,
70-81-55-76,Food,NO,,,,,,,,,
70-81-55-76,Direct Cash Transfers,NO,,,,,,,,,
70-81-55-76,Other in-kind transfers (excluding food),YES,,Government,NO,NO,NO,NO,NO,YES,NO
72-68-27-38,Food,YES,,Government,NO,NO,NO,NO,NO,YES,NO
72-68-27-38,Direct Cash Transfers,NO,,,,,,,,,
72-68-27-38,Other in-kind transfers (excluding food),NO,,,,,,,,,
73-14-02-84,Food,NO,,,,,,,,,
73-14-02-84,Direct Cash Transfers,YES,30,Government,YES,NO,NO,YES,NO,NO,NO
73-14-02-84,Other in-kind transfers (excluding food),NO,,,,,,,,,
73-39-29-63,Food,NO,,,,,,,,,
73-39-29-63,Direct Cash Transfers,YES,22,Government,YES,NO,NO,NO,NO,NO,NO
73-39-29-63,Other in-kind transfers (excluding food),NO,,,,,,,,,
76-22-55-80,Food,NO,,,,,,,,,
76-22-55-80,Direct Cash Transfers,YES,34,Government,YES,NO,NO,NO,NO,NO,NO
76-22-55-80,Other in-kind transfers (excluding food),NO,,,,,,,,,
79-51-56-38,Food,NO,,,,,,,,,
79-51-56-38,Direct Cash Transfers,YES,32,Government,YES,NO,NO,NO,NO,NO,NO
79-51-56-38,Other in-kind transfers (excluding food),NO,,,,,,,,,
80-58-14-70,Food,NO,,,,,,,,,
80-58-14-70,Direct Cash Transfers,YES,32,Government,YES,YES,NO,NO,NO,NO,NO
80-58-14-70,Other in-kind transfers (excluding food),NO,,,,,,,,,
82-16-53-06,Food,NO,,,,,,,,,
82-16-53-06,Direct Cash Transfers,YES,19,Government,YES,NO,NO,NO,NO,NO,NO
82-16-53-06,Other in-kind transfers (excluding food),NO,,,,,,,,,
83-15-19-66,Food,NO,,,,,,,,,
83-15-19-66,Direct Cash Transfers,YES,28,Government,YES,NO,NO,NO,NO,NO,NO
83-15-19-66,Other in-kind transfers (excluding food),NO,,,,,,,,,
84-26-72-24,Food,NO,,,,,,,,,
84-26-72-24,Direct Cash Transfers,YES,12,Government,YES,NO,NO,NO,NO,NO,NO
84-26-72-24,Other in-kind transfers (excluding food),NO,,,,,,,,,
84-70-29-25,Food,NO,,,,,,,,,
84-70-29-25,Direct Cash Transfers,YES,40,Government,YES,NO,NO,NO,NO,NO,NO
84-70-29-25,Other in-kind transfers (excluding food),NO,,,,,,,,,
84-79-70-97,Food,NO,,,,,,,,,
84-79-70-97,Direct Cash Transfers,YES,48,Government,YES,NO,NO,NO,NO,NO,NO
84-79-70-97,Other in-kind transfers (excluding food),NO,,,,,,,,,
85-16-54-30,Food,NO,,,,,,,,,
85-16-54-30,Direct Cash Transfers,YES,49,Government,YES,NO,NO,NO,NO,NO,NO
85-16-54-30,Other in-kind transfers (excluding food),NO,,,,,,,,,
85-69-58-56,Food,NO,,,,,,,,,
85-69-58-56,Direct Cash Transfers,YES,14,Ngo,NO,NO,NO,NO,NO,NO,YES
85-69-58-56,Other in-kind transfers (excluding food),NO,,,,,,,,,
85-73-97-33,Food,YES,,Other,NO,NO,NO,NO,NO,NO,YES
85-73-97-33,Direct Cash Transfers,YES,25,Government,YES,NO,NO,NO,NO,NO,YES
85-73-97-33,Other in-kind transfers (excluding food),NO,,,,,,,,,
87-52-91-38,Food,NO,,,,,,,,,
87-52-91-38,Direct Cash Transfers,YES,22,Government,YES,NO,NO,NO,NO,NO,NO
87-52-91-38,Other in-kind transfers (excluding food),NO,,,,,,,,,
87-58-41-57,Food,YES,,Ngo,NO,NO,NO,NO,NO,NO,YES
87-58-41-57,Direct Cash Transfers,YES,5,Ngo,NO,NO,NO,NO,NO,NO,YES
87-58-41-57,Other in-kind transfers (excluding food),YES,,Ngo,NO,NO,NO,NO,NO,NO,YES
87-64-17-69,Food,NO,,,,,,,,,
87-64-17-69,Direct Cash Transfers,YES,60,Government,NO,NO,NO,NO,NO,YES,NO
87-64-17-69,Other in-kind transfers (excluding food),NO,,,,,,,,,
89-51-49-68,Food,NO,,,,,,,,,
89-51-49-68,Direct Cash Transfers,YES,30,Government,NO,YES,NO,NO,NO,NO,NO
89-51-49-68,Other in-kind transfers (excluding food),NO,,,,,,,,,
89-56-07-85,Food,NO,,,,,,,,,
89-56-07-85,Direct Cash Transfers,YES,19,Government,YES,YES,NO,NO,NO,NO,NO
89-56-07-85,Other in-kind transfers (excluding food),NO,,,,,,,,,
90-49-69-32,Food,NO,,,,,,,,,
90-49-69-32,Direct Cash Transfers,YES,32,Government,YES,NO,NO,NO,NO,NO,NO
90-49-69-32,Other in-kind transfers (excluding food),NO,,,,,,,,,
90-98-61-29,Food,NO,,,,,,,,,
90-98-61-29,Direct Cash Transfers,YES,49,Government,YES,NO,NO,NO,NO,NO,NO
90-98-61-29,Other in-kind transfers (excluding food),NO,,,,,,,,,
91-26-98-02,Food,NO,,,,,,,,,
91-26-98-02,Direct Cash Transfers,YES,30,Government,YES,NO,NO,NO,NO,NO,NO
91-26-98-02,Other in-kind transfers (excluding food),NO,,,,,,,,,
91-32-31-35,Food,YES,,Government,NO,NO,NO,NO,NO,YES,NO
91-32-31-35,Direct Cash Transfers,YES,28,Government,YES,NO,NO,NO,NO,NO,NO
91-32-31-35,Other in-kind transfers (excluding food),NO,,,,,,,,,
91-75-84-89,Food,NO,,,,,,,,,
91-75-84-89,Direct Cash Transfers,YES,46,Government,YES,NO,NO,NO,NO,NO,NO
91-75-84-89,Other in-kind transfers (excluding food),NO,,,,,,,,,
94-77-00-60,Food,NO,,,,,,,,,
94-77-00-60,Direct Cash Transfers,YES,40,Government,YES,NO,NO,NO,NO,NO,NO
94-77-00-60,Other in-kind transfers (excluding food),NO,,,,,,,,,
95-56-74-69,Food,YES,,Government,NO,NO,NO,NO,NO,NO,YES
95-56-74-69,Direct Cash Transfers,NO,,,,,,,,,
95-56-74-69,Other in-kind transfers (excluding food),NO,,,,,,,,,
95-62-65-76,Food,NO,,,,,,,,,
95-62-65-76,Direct Cash Transfers,YES,15,Government,YES,NO,NO,NO,NO,NO,NO
95-62-65-76,Other in-kind transfers (excluding food),NO,,,,,,,,,
95-89-65-41,Food,YES,,Government,NO,NO,NO,NO,NO,YES,NO
95-89-65-41,Direct Cash Transfers,YES,40,Government,YES,NO,NO,NO,NO,NO,NO
95-89-65-41,Other in-kind transfers (excluding food),NO,,,,,,,,,
98-66-84-72,Food,YES,,Ngo,NO,NO,NO,NO,NO,NO,YES
98-66-84-72,Direct Cash Transfers,YES,25,Government,YES,NO,NO,NO,NO,NO,NO
98-66-84-72,Other in-kind transfers (excluding food),NO,,,,,,,,,
98-90-99-04,Food,NO,,,,,,,,,
98-90-99-04,Direct Cash Transfers,YES,48,Government,YES,NO,NO,NO,NO,NO,NO
98-90-99-04,Other in-kind transfers (excluding food),NO,,,,,,,,,
99-02-91-63,Food,NO,,,,,,,,,
99-02-91-63,Direct Cash Transfers,YES,64,Government,YES,NO,NO,NO,NO,NO,NO
99-02-91-63,Other in-kind transfers (excluding food),NO,,,,,,,,,
99-51-79-01,Food,YES,,Community organization,NO,NO,NO,NO,NO,YES,NO
99-51-79-01,Direct Cash Transfers,YES,34,Government,YES,NO,NO,NO,NO,NO,NO
99-51-79-01,Other in-kind transfers (excluding food),NO,,,,,,,,,
