interview__key,s13q1__1,s13q1__2,s13q1__3,s13q1__4,s13q2__1,s13q2__2,s13q2__3,s13q2__4,s13q2__5,s13q3__1,s13q3__2,s13q3__3,s13q3__4,s13q4
00-18-15-60,NO,NO,NO,YES,NO,NO,NO,YES,NO,NO,YES,NO,NO,
00-28-98-16,NO,NO,NO,YES,NO,NO,NO,NO,YES,,,,,They are too difficult to use
00-40-34-48,NO,NO,NO,YES,NO,NO,NO,NO,YES,,,,,They are too difficult to use
00-45-00-37,NO,NO,NO,YES,NO,NO,NO,YES,NO,NO,YES,NO,NO,
00-54-36-13,NO,NO,NO,YES,NO,NO,NO,NO,YES,,,,,They are too expensive
01-32-06-48,NO,NO,NO,YES,NO,NO,NO,NO,YES,,,,,OTHER (SPECIFY)
02-11-13-92,NO,NO,NO,YES,NO,NO,NO,NO,YES,,,,,OTHER (SPECIFY)
02-89-30-22,NO,NO,NO,YES,NO,NO,NO,YES,NO,NO,YES,NO,NO,
02-96-12-77,NO,NO,NO,YES,NO,NO,NO,YES,NO,NO,YES,NO,NO,
03-57-84-60,YES,NO,NO,NO,YES,NO,NO,NO,NO,YES,NO,NO,NO,
03-77-64-79,NO,NO,NO,YES,NO,NO,NO,NO,YES,,,,,I don’t trust the technology
03-81-33-62,YES,NO,NO,NO,NO,YES,NO,NO,NO,NO,YES,NO,YES,
03-84-81-65,NO,NO,NO,YES,NO,NO,NO,YES,NO,YES,YES,NO,NO,
04-13-23-41,NO,NO,NO,YES,NO,NO,NO,NO,YES,,,,,They are too difficult to use
04-17-01-55,NO,NO,NO,YES,NO,NO,NO,NO,YES,,,,,They are too difficult to use
05-00-24-69,NO,NO,NO,YES,NO,NO,NO,NO,YES,,,,,They are too difficult to use
05-81-85-24,NO,NO,NO,YES,NO,NO,NO,YES,NO,YES,YES,NO,NO,
06-38-45-14,NO,NO,NO,YES,NO,NO,NO,NO,YES,,,,,They are too difficult to use
06-58-76-54,YES,NO,NO,NO,YES,NO,NO,NO,NO,YES,YES,NO,NO,
06-65-48-93,NO,NO,NO,YES,NO,NO,NO,NO,YES,,,,,They are too difficult to use
06-89-25-87,NO,NO,NO,YES,NO,NO,NO,NO,YES,,,,,They are too difficult to use
07-07-39-43,NO,NO,NO,YES,NO,NO,NO,NO,YES,,,,,They are too difficult to use
07-90-82-24,NO,NO,NO,YES,NO,NO,NO,NO,YES,,,,,They are too difficult to use
08-40-28-73,NO,NO,NO,YES,NO,NO,NO,NO,YES,,,,,They are too difficult to use
08-87-44-02,NO,NO,NO,YES,NO,NO,NO,YES,NO,NO,YES,NO,NO,
08-98-49-88,NO,NO,NO,YES,NO,NO,NO,NO,YES,,,,,They are too difficult to use
09-03-50-98,YES,YES,NO,NO,YES,YES,NO,NO,NO,YES,YES,NO,NO,
09-11-38-06,YES,YES,NO,NO,NO,YES,NO,NO,NO,NO,YES,NO,NO,
09-25-43-00,NO,NO,NO,YES,NO,NO,NO,NO,YES,,,,,They are too difficult to use
09-26-57-25,NO,NO,NO,YES,NO,NO,NO,NO,YES,,,,,They are too difficult to use
09-27-61-41,NO,NO,NO,YES,NO,NO,NO,NO,YES,,,,,They are too difficult to use
09-69-61-77,YES,NO,NO,NO,NO,NO,NO,YES,NO,NO,YES,NO,NO,
09-72-34-65,YES,NO,NO,NO,YES,NO,NO,NO,NO,YES,YES,NO,NO,
09-94-37-20,NO,NO,NO,YES,NO,NO,NO,NO,YES,,,,,They are too difficult to use
10-00-77-35,YES,NO,NO,NO,YES,NO,NO,NO,NO,NO,YES,NO,NO,
10-30-18-95,NO,NO,NO,YES,NO,NO,NO,NO,YES,,,,,They are too difficult to use
10-83-76-94,NO,NO,NO,YES,NO,NO,NO,NO,YES,,,,,They are too difficult to use
10-90-66-62,NO,NO,NO,YES,NO,NO,NO,NO,YES,,,,,They are too difficult to use
10-97-49-10,NO,NO,NO,YES,NO,NO,NO,NO,YES,,,,,They are too difficult to use
11-11-31-58,NO,NO,NO,YES,NO,NO,NO,NO,YES,,,,,I don’t trust the technology
11-16-10-36,NO,NO,NO,YES,NO,NO,NO,NO,YES,,,,,They are too difficult to use
11-71-06-95,YES,NO,NO,NO,YES,NO,NO,NO,NO,NO,YES,NO,NO,
11-78-09-29,YES,YES,NO,NO,YES,NO,NO,NO,NO,NO,YES,NO,NO,
11-79-71-86,NO,NO,NO,YES,NO,NO,NO,NO,YES,,,,,They are too difficult to use
12-07-23-17,NO,NO,NO,YES,NO,NO,NO,NO,YES,,,,,They are too difficult to use
12-16-17-74,NO,NO,NO,YES,NO,NO,NO,NO,YES,,,,,They are too difficult to use
12-33-47-68,NO,NO,NO,YES,NO,NO,NO,NO,YES,,,,,OTHER (SPECIFY)
12-82-57-48,NO,NO,NO,YES,NO,NO,NO,NO,YES,,,,,They are too difficult to use
13-39-71-32,NO,NO,NO,YES,NO,NO,NO,NO,YES,,,,,They are too difficult to use
13-41-36-30,NO,NO,NO,YES,NO,NO,NO,YES,NO,NO,YES,NO,NO,
13-52-02-28,NO,NO,NO,YES,NO,NO,NO,NO,YES,,,,,They are too difficult to use
13-62-04-21,NO,NO,NO,YES,NO,NO,NO,NO,YES,,,,,They are too difficult to use
13-62-51-43,NO,NO,NO,YES,NO,NO,NO,YES,NO,NO,YES,NO,NO,
13-81-20-31,NO,NO,NO,YES,NO,NO,NO,NO,YES,,,,,I don’t trust the technology
14-09-59-69,NO,NO,NO,YES,NO,NO,NO,NO,YES,,,,,They are too difficult to use
14-78-41-57,NO,NO,NO,YES,NO,NO,NO,NO,YES,,,,,They are too difficult to use
14-89-02-15,NO,NO,NO,YES,NO,NO,NO,YES,NO,YES,YES,NO,NO,
14-93-22-59,NO,NO,NO,YES,NO,NO,NO,NO,YES,,,,,OTHER (SPECIFY)
14-94-97-50,NO,NO,NO,YES,NO,NO,NO,NO,YES,,,,,They are too difficult to use
14-97-32-57,NO,NO,NO,YES,NO,NO,NO,YES,NO,NO,YES,NO,NO,
14-98-08-92,NO,NO,NO,YES,NO,NO,NO,NO,YES,,,,,They are too difficult to use
15-09-32-42,NO,NO,NO,YES,NO,NO,NO,NO,YES,,,,,They are too difficult to use
15-48-00-43,NO,NO,NO,YES,NO,NO,NO,YES,NO,YES,YES,NO,NO,
15-62-16-76,NO,NO,NO,YES,NO,NO,NO,NO,YES,,,,,They are too difficult to use
15-80-17-44,NO,NO,NO,YES,NO,NO,NO,NO,YES,,,,,OTHER (SPECIFY)
15-87-00-11,NO,NO,NO,YES,NO,NO,NO,NO,YES,,,,,They are too difficult to use
16-15-53-72,NO,NO,NO,YES,NO,NO,NO,NO,YES,,,,,They are too difficult to use
16-17-55-72,NO,NO,NO,YES,NO,NO,NO,NO,YES,,,,,They are too difficult to use
16-42-96-59,NO,NO,NO,YES,NO,NO,NO,YES,NO,NO,YES,NO,NO,
16-52-89-41,NO,NO,NO,YES,NO,NO,NO,NO,YES,,,,,They are too difficult to use
16-59-81-75,NO,NO,NO,YES,NO,NO,NO,NO,YES,,,,,They are too expensive
16-74-28-23,NO,NO,NO,YES,NO,NO,NO,NO,YES,,,,,They are too difficult to use
16-77-88-96,NO,NO,NO,YES,NO,NO,NO,NO,YES,,,,,They are too difficult to use
16-83-14-42,YES,NO,NO,NO,YES,NO,NO,NO,NO,YES,NO,NO,NO,
16-85-46-70,NO,NO,NO,YES,NO,NO,NO,NO,YES,,,,,They are too expensive
16-96-19-45,YES,YES,NO,NO,YES,YES,NO,NO,NO,YES,YES,NO,NO,
17-01-45-98,NO,NO,NO,YES,NO,NO,NO,NO,YES,,,,,They are too difficult to use
17-18-68-28,YES,NO,NO,NO,YES,NO,NO,NO,NO,NO,YES,NO,NO,
17-29-58-15,NO,NO,NO,YES,NO,NO,NO,NO,YES,,,,,They are too difficult to use
17-67-81-96,NO,NO,NO,YES,NO,NO,NO,NO,YES,,,,,OTHER (SPECIFY)
17-68-86-89,NO,YES,NO,NO,NO,YES,NO,NO,NO,NO,YES,NO,NO,
17-88-33-48,YES,NO,NO,NO,YES,NO,NO,NO,NO,YES,NO,NO,NO,
18-05-71-79,NO,NO,NO,YES,NO,NO,NO,NO,YES,,,,,I don’t trust the technology
18-83-71-39,NO,NO,NO,YES,NO,NO,NO,YES,NO,NO,YES,NO,NO,
18-91-78-21,NO,NO,NO,YES,NO,NO,NO,YES,NO,NO,YES,NO,NO,
19-02-16-28,NO,NO,NO,YES,NO,NO,NO,NO,YES,,,,,They are too difficult to use
19-20-48-23,NO,NO,NO,YES,NO,NO,NO,NO,YES,,,,,They are too difficult to use
19-39-08-63,NO,NO,NO,YES,NO,NO,NO,NO,YES,,,,,They are too difficult to use
19-72-67-09,NO,NO,NO,YES,NO,NO,NO,NO,YES,,,,,They are too difficult to use
20-05-86-82,NO,NO,NO,YES,NO,NO,NO,NO,YES,,,,,They are too difficult to use
20-20-96-41,NO,NO,NO,YES,NO,NO,NO,NO,YES,,,,,They are too difficult to use
20-28-07-52,NO,NO,NO,YES,NO,NO,NO,YES,NO,NO,YES,NO,NO,
20-39-98-99,NO,NO,NO,YES,NO,NO,NO,NO,YES,,,,,They are too difficult to use
20-73-25-13,NO,NO,NO,YES,NO,NO,NO,NO,YES,,,,,They are too difficult to use
20-76-11-93,NO,NO,NO,YES,NO,NO,NO,NO,YES,,,,,They are too difficult to use
20-80-17-46,NO,NO,NO,YES,NO,NO,NO,YES,NO,NO,YES,NO,NO,
20-82-62-78,YES,NO,NO,NO,NO,NO,NO,YES,NO,NO,YES,NO,NO,
21-09-64-49,NO,YES,NO,NO,NO,YES,NO,NO,NO,YES,YES,NO,NO,
21-28-36-64,NO,NO,NO,YES,NO,NO,NO,NO,YES,,,,,I don’t trust the technology
21-33-55-76,NO,NO,NO,YES,NO,NO,NO,NO,YES,,,,,They are too difficult to use
21-82-19-65,NO,NO,NO,YES,NO,NO,NO,NO,YES,,,,,They are too difficult to use
22-06-96-95,NO,NO,NO,YES,NO,NO,NO,NO,YES,,,,,They are too difficult to use
22-27-53-02,NO,NO,NO,YES,NO,NO,NO,NO,YES,,,,,OTHER (SPECIFY)
22-34-46-74,NO,NO,NO,YES,NO,NO,NO,NO,YES,,,,,They are too expensive
22-80-62-03,NO,NO,NO,YES,NO,NO,NO,NO,YES,,,,,They are too difficult to use
22-89-95-50,NO,NO,NO,YES,NO,NO,NO,YES,NO,NO,YES,NO,NO,
22-91-55-07,NO,YES,NO,NO,NO,NO,NO,YES,NO,NO,YES,NO,NO,
23-84-75-04,NO,NO,NO,YES,NO,NO,NO,YES,NO,NO,YES,NO,NO,
23-95-76-25,NO,NO,NO,YES,NO,NO,NO,NO,YES,,,,,They are too difficult to use
24-50-42-93,NO,NO,NO,YES,NO,NO,NO,NO,YES,,,,,They are too difficult to use
24-54-99-87,NO,NO,NO,YES,NO,NO,NO,NO,YES,,,,,They are too difficult to use
24-78-94-60,NO,NO,NO,YES,NO,NO,NO,NO,YES,,,,,They are too difficult to use
24-82-80-64,NO,NO,NO,YES,NO,NO,NO,YES,NO,NO,YES,NO,NO,
25-17-44-91,NO,NO,NO,YES,NO,NO,NO,NO,YES,,,,,OTHER (SPECIFY)
25-42-18-96,NO,YES,NO,NO,NO,YES,NO,NO,NO,NO,YES,NO,NO,
25-91-93-59,NO,NO,NO,YES,NO,NO,NO,NO,YES,,,,,They are too difficult to use
26-18-30-56,YES,NO,NO,NO,YES,NO,NO,NO,NO,YES,YES,NO,NO,
26-47-81-10,NO,NO,NO,YES,NO,NO,NO,NO,YES,,,,,They are too difficult to use
26-92-52-70,NO,NO,NO,YES,NO,NO,NO,NO,YES,,,,,They are too difficult to use
27-08-88-11,NO,NO,NO,YES,NO,NO,NO,NO,YES,,,,,They are too difficult to use
27-21-36-53,NO,NO,NO,YES,NO,NO,NO,NO,YES,,,,,They are too expensive
27-29-97-73,NO,NO,NO,YES,NO,NO,NO,NO,YES,,,,,They are too difficult to use
27-33-92-06,NO,NO,NO,YES,NO,NO,NO,NO,YES,,,,,They are too difficult to use
27-55-59-49,NO,NO,NO,YES,NO,NO,NO,NO,YES,,,,,They are too difficult to use
28-71-17-92,NO,NO,NO,YES,NO,NO,NO,NO,YES,,,,,They are too difficult to use
28-88-05-65,NO,YES,NO,NO,NO,YES,NO,NO,NO,NO,YES,NO,NO,
28-94-48-29,NO,NO,NO,YES,NO,NO,NO,NO,YES,,,,,They are too expensive
28-99-21-75,YES,NO,NO,NO,YES,NO,NO,NO,NO,NO,YES,NO,NO,
29-53-69-61,NO,NO,NO,YES,NO,NO,NO,NO,YES,,,,,They are too difficult to use
29-56-08-14,NO,NO,NO,YES,NO,NO,NO,NO,YES,,,,,OTHER (SPECIFY)
29-65-13-28,NO,NO,NO,YES,NO,NO,NO,NO,YES,,,,,They are too difficult to use
29-94-26-51,NO,NO,NO,YES,NO,NO,NO,NO,YES,,,,,They are too difficult to use
29-96-85-38,YES,NO,NO,NO,YES,NO,NO,NO,NO,NO,NO,NO,YES,
30-10-22-60,NO,NO,NO,YES,NO,NO,NO,NO,YES,,,,,I don’t trust the technology
30-10-29-94,NO,NO,NO,YES,NO,NO,NO,NO,YES,,,,,I don’t trust the institutions
30-19-77-63,NO,NO,NO,YES,NO,NO,NO,NO,YES,,,,,They are too difficult to use
30-25-79-75,NO,NO,NO,YES,NO,NO,NO,NO,YES,,,,,They are too difficult to use
30-57-28-29,YES,NO,NO,NO,NO,NO,NO,YES,NO,NO,YES,NO,NO,
30-74-60-19,NO,NO,NO,YES,NO,NO,NO,NO,YES,,,,,They are too difficult to use
30-84-11-52,NO,NO,NO,YES,NO,NO,NO,NO,YES,,,,,They are too difficult to use
30-93-30-28,NO,NO,NO,YES,NO,NO,NO,YES,NO,YES,YES,NO,NO,
31-08-08-05,NO,NO,NO,YES,NO,NO,NO,YES,NO,YES,YES,NO,NO,
31-16-02-60,NO,NO,NO,YES,NO,NO,NO,NO,YES,,,,,They are too expensive
31-29-31-74,NO,NO,NO,YES,NO,NO,NO,NO,YES,,,,,They are too difficult to use
31-31-68-97,NO,NO,NO,YES,NO,NO,NO,YES,NO,NO,NO,YES,NO,
31-52-38-21,NO,NO,NO,YES,NO,NO,NO,NO,YES,,,,,I don’t trust the technology
31-72-86-88,YES,NO,NO,NO,YES,NO,NO,NO,NO,NO,YES,NO,NO,
31-74-01-25,NO,YES,NO,NO,NO,YES,NO,NO,NO,NO,YES,NO,NO,
31-91-94-57,NO,YES,NO,NO,NO,NO,NO,YES,NO,NO,YES,NO,NO,
31-99-66-16,YES,NO,NO,NO,YES,NO,NO,NO,NO,NO,YES,NO,NO,
32-04-34-69,NO,NO,NO,YES,NO,NO,NO,NO,YES,,,,,They are too difficult to use
32-46-48-90,NO,NO,NO,YES,NO,NO,NO,NO,YES,,,,,They are too difficult to use
32-55-09-04,NO,NO,NO,YES,NO,NO,NO,NO,YES,,,,,They are too difficult to use
32-66-22-66,NO,NO,NO,YES,NO,NO,NO,YES,NO,NO,YES,NO,NO,
32-76-20-27,YES,NO,NO,NO,NO,NO,NO,YES,NO,NO,YES,NO,NO,
33-13-27-35,YES,NO,NO,NO,YES,YES,NO,NO,NO,YES,YES,NO,NO,
33-80-37-22,NO,NO,NO,YES,NO,NO,NO,YES,NO,NO,YES,NO,NO,
33-87-89-92,NO,NO,NO,YES,NO,NO,NO,NO,YES,,,,,They are too expensive
34-35-77-48,NO,NO,NO,YES,NO,NO,NO,NO,YES,,,,,They are too difficult to use
34-60-80-61,NO,NO,NO,YES,NO,NO,NO,YES,NO,YES,NO,NO,NO,
34-91-88-56,NO,NO,NO,YES,NO,NO,NO,NO,YES,,,,,They are too difficult to use
34-93-90-02,NO,NO,NO,YES,NO,NO,NO,YES,NO,NO,YES,NO,NO,
35-34-74-29,NO,NO,NO,YES,NO,NO,NO,NO,YES,,,,,OTHER (SPECIFY)
35-62-73-83,YES,NO,NO,NO,NO,YES,NO,NO,NO,NO,YES,YES,NO,
35-74-11-78,NO,NO,NO,YES,NO,NO,NO,NO,YES,,,,,They are too difficult to use
35-77-62-41,NO,NO,NO,YES,NO,NO,NO,NO,YES,,,,,They are too difficult to use
35-94-54-03,YES,NO,NO,NO,YES,NO,NO,NO,NO,YES,NO,NO,NO,
36-00-88-95,NO,NO,NO,YES,NO,NO,NO,NO,YES,,,,,They are too difficult to use
36-07-99-01,NO,NO,NO,YES,NO,NO,NO,NO,YES,,,,,They are too difficult to use
36-15-16-16,NO,NO,NO,YES,NO,NO,NO,NO,YES,,,,,They are too difficult to use
36-23-84-47,NO,NO,NO,YES,NO,NO,NO,NO,YES,,,,,They are too difficult to use
36-42-27-64,NO,NO,NO,YES,NO,NO,NO,NO,YES,,,,,They are too difficult to use
36-57-06-71,NO,NO,NO,YES,NO,NO,NO,NO,YES,,,,,They are too difficult to use
36-73-22-03,NO,NO,NO,YES,NO,NO,NO,NO,YES,,,,,They are too difficult to use
36-81-17-19,NO,NO,NO,YES,NO,NO,NO,NO,YES,,,,,They are too difficult to use
37-00-39-57,NO,NO,NO,YES,NO,NO,NO,NO,YES,,,,,They are too difficult to use
37-80-84-96,NO,NO,NO,YES,NO,NO,NO,NO,YES,,,,,They are too difficult to use
37-89-40-83,YES,NO,NO,NO,YES,NO,NO,NO,NO,YES,NO,NO,NO,
38-13-46-95,NO,NO,NO,YES,NO,NO,NO,NO,YES,,,,,They are too expensive
38-13-82-86,NO,NO,NO,YES,NO,NO,NO,NO,YES,,,,,They are too difficult to use
38-26-45-97,NO,NO,NO,YES,NO,NO,NO,NO,YES,,,,,They are too difficult to use
38-84-61-98,NO,NO,NO,YES,NO,NO,NO,NO,YES,,,,,They are too difficult to use
39-07-91-55,NO,NO,NO,YES,NO,NO,NO,NO,YES,,,,,They are too difficult to use
39-32-76-16,NO,NO,NO,YES,NO,NO,NO,YES,NO,YES,NO,NO,NO,
39-44-97-01,YES,NO,NO,NO,NO,NO,NO,YES,NO,YES,NO,NO,NO,
39-51-55-58,NO,NO,NO,YES,NO,NO,NO,NO,YES,,,,,OTHER (SPECIFY)
39-70-52-15,NO,NO,NO,YES,NO,NO,NO,NO,YES,,,,,They are too difficult to use
39-73-01-24,NO,NO,NO,YES,NO,NO,NO,NO,YES,,,,,They are too difficult to use
39-96-43-92,NO,NO,NO,YES,NO,NO,NO,NO,YES,,,,,They are too difficult to use
40-15-27-64,NO,NO,NO,YES,NO,NO,NO,YES,NO,NO,YES,NO,NO,
40-48-45-57,NO,NO,NO,YES,NO,NO,NO,YES,NO,NO,YES,NO,NO,
40-56-73-24,NO,NO,NO,YES,NO,NO,NO,YES,NO,NO,YES,NO,NO,
40-86-31-68,NO,NO,NO,YES,NO,NO,NO,YES,NO,NO,YES,NO,NO,
41-13-72-49,NO,NO,NO,YES,NO,NO,NO,NO,YES,,,,,They are too difficult to use
41-19-13-76,NO,NO,NO,YES,NO,NO,NO,YES,NO,NO,YES,NO,NO,
41-41-86-33,YES,NO,NO,NO,NO,YES,NO,NO,NO,YES,YES,NO,NO,
41-85-41-75,YES,NO,NO,NO,NO,NO,NO,YES,NO,NO,YES,NO,NO,
42-16-33-90,NO,NO,NO,YES,NO,NO,NO,NO,YES,,,,,They are too expensive
42-21-50-32,NO,NO,NO,YES,NO,NO,NO,NO,YES,,,,,They are too difficult to use
42-34-68-53,NO,NO,NO,YES,NO,NO,NO,NO,YES,,,,,They are too difficult to use
42-39-53-16,NO,NO,NO,YES,NO,NO,NO,NO,YES,,,,,They are too difficult to use
42-49-42-16,NO,NO,NO,YES,NO,NO,NO,NO,YES,,,,,I don’t trust the institutions
42-93-36-93,NO,NO,NO,YES,NO,NO,NO,YES,NO,NO,YES,NO,NO,
43-20-92-64,YES,YES,NO,NO,YES,YES,NO,NO,NO,YES,YES,NO,NO,
43-39-89-28,NO,NO,NO,YES,NO,NO,NO,NO,YES,,,,,OTHER (SPECIFY)
43-44-56-34,NO,NO,NO,YES,NO,NO,NO,YES,NO,YES,YES,NO,NO,
43-85-90-89,NO,NO,NO,YES,NO,NO,NO,NO,YES,,,,,They are too difficult to use
44-19-05-48,NO,NO,NO,YES,NO,NO,NO,NO,YES,,,,,They are too difficult to use
44-19-40-06,NO,NO,NO,YES,NO,NO,NO,YES,NO,NO,YES,NO,NO,
44-21-01-09,NO,NO,NO,YES,NO,NO,NO,YES,NO,NO,YES,NO,NO,
44-26-93-67,NO,NO,NO,YES,NO,NO,NO,NO,YES,,,,,They are too difficult to use
45-75-02-10,NO,NO,NO,YES,NO,NO,NO,NO,YES,,,,,They are too difficult to use
46-39-07-37,NO,NO,NO,YES,NO,NO,NO,NO,YES,,,,,They are too difficult to use
46-62-54-88,NO,NO,NO,YES,NO,NO,NO,YES,NO,YES,NO,NO,NO,
46-68-42-16,NO,NO,NO,YES,NO,NO,NO,NO,YES,,,,,They are too difficult to use
46-76-50-60,NO,NO,NO,YES,NO,NO,NO,NO,YES,,,,,They are too difficult to use
46-88-89-87,YES,NO,NO,NO,YES,NO,NO,NO,NO,YES,NO,NO,NO,
47-20-31-38,NO,NO,NO,YES,NO,NO,NO,NO,YES,,,,,They are too difficult to use
48-29-09-53,NO,NO,NO,YES,NO,NO,NO,NO,YES,,,,,They are too difficult to use
48-80-07-91,NO,NO,NO,YES,NO,NO,NO,NO,YES,,,,,They are too difficult to use
48-89-20-22,NO,NO,NO,YES,NO,NO,NO,NO,YES,,,,,They are too difficult to use
48-93-89-78,NO,NO,NO,YES,NO,NO,NO,NO,YES,,,,,They are too difficult to use
49-13-03-02,NO,NO,NO,YES,NO,NO,NO,NO,YES,,,,,They are too difficult to use
49-56-39-78,NO,NO,NO,YES,NO,NO,NO,NO,YES,,,,,They are too difficult to use
50-17-92-80,NO,NO,NO,YES,NO,NO,NO,NO,YES,,,,,They are too difficult to use
50-19-59-77,NO,NO,NO,YES,NO,NO,NO,YES,NO,NO,YES,NO,NO,
50-20-51-46,NO,NO,NO,YES,NO,NO,NO,NO,YES,,,,,They are too difficult to use
50-26-41-60,NO,NO,NO,YES,NO,NO,NO,NO,YES,,,,,They are too difficult to use
50-42-56-85,NO,NO,NO,YES,NO,NO,NO,NO,YES,,,,,OTHER (SPECIFY)
50-54-33-12,NO,NO,NO,YES,NO,NO,NO,YES,NO,NO,YES,NO,NO,
50-85-43-67,NO,NO,NO,YES,NO,NO,NO,YES,NO,NO,YES,NO,NO,
50-86-46-86,NO,NO,NO,YES,NO,NO,NO,NO,YES,,,,,They are too difficult to use
51-51-35-80,NO,NO,NO,YES,NO,NO,NO,NO,YES,,,,,OTHER (SPECIFY)
51-80-19-87,NO,NO,NO,YES,NO,NO,NO,NO,YES,,,,,They are too difficult to use
52-13-89-92,NO,NO,NO,YES,NO,NO,NO,NO,YES,,,,,They are too difficult to use
52-25-31-84,NO,NO,NO,YES,NO,NO,NO,NO,YES,,,,,OTHER (SPECIFY)
52-55-51-37,NO,NO,NO,YES,NO,NO,NO,NO,YES,,,,,They are too difficult to use
52-73-66-11,NO,NO,NO,YES,NO,NO,NO,NO,YES,,,,,They are too difficult to use
52-74-11-63,NO,NO,NO,YES,NO,NO,NO,NO,YES,,,,,They are too difficult to use
52-80-53-09,NO,NO,NO,YES,NO,NO,NO,YES,NO,NO,YES,NO,NO,
52-89-90-66,NO,NO,NO,YES,NO,NO,NO,NO,YES,,,,,They are too difficult to use
53-01-23-41,NO,NO,NO,YES,NO,NO,NO,YES,NO,YES,YES,NO,NO,
53-39-73-69,NO,NO,NO,YES,NO,NO,NO,NO,YES,,,,,They are too difficult to use
53-53-83-12,NO,NO,NO,YES,NO,NO,NO,NO,YES,,,,,They are too difficult to use
53-65-29-69,NO,NO,NO,YES,NO,NO,NO,NO,YES,,,,,They are too difficult to use
53-79-32-75,NO,NO,NO,YES,NO,NO,NO,NO,YES,,,,,They are too expensive
54-16-50-08,NO,NO,NO,YES,NO,NO,NO,NO,YES,,,,,They are too difficult to use
54-55-17-76,NO,NO,NO,YES,NO,NO,NO,NO,YES,,,,,They are too difficult to use
54-62-44-15,NO,NO,NO,YES,NO,NO,NO,NO,YES,,,,,They are too difficult to use
55-08-38-92,NO,NO,NO,YES,NO,NO,NO,YES,NO,NO,YES,NO,NO,
55-36-37-79,YES,NO,NO,NO,YES,NO,NO,NO,NO,YES,YES,NO,NO,
55-37-45-75,YES,NO,NO,NO,YES,YES,NO,NO,NO,YES,YES,NO,NO,
55-45-00-38,YES,NO,NO,NO,YES,NO,NO,NO,NO,YES,YES,NO,NO,
55-64-14-58,NO,YES,NO,NO,NO,NO,YES,NO,NO,YES,NO,NO,NO,
55-83-48-37,NO,NO,NO,YES,NO,NO,NO,NO,YES,,,,,They are too difficult to use
56-40-85-48,NO,NO,NO,YES,NO,NO,NO,NO,YES,,,,,They are too difficult to use
56-42-87-09,NO,NO,NO,YES,NO,NO,NO,NO,YES,,,,,They are too difficult to use
56-72-91-26,NO,NO,NO,YES,NO,NO,NO,NO,YES,,,,,They are too difficult to use
56-89-63-74,NO,NO,NO,YES,NO,NO,NO,NO,YES,,,,,OTHER (SPECIFY)
56-97-03-00,NO,NO,NO,YES,NO,NO,NO,NO,YES,,,,,They are too difficult to use
57-09-50-11,NO,NO,NO,YES,NO,NO,NO,NO,YES,,,,,OTHER (SPECIFY)
57-25-12-92,NO,NO,NO,YES,NO,NO,NO,NO,YES,,,,,They are too difficult to use
57-30-44-34,NO,NO,NO,YES,NO,NO,NO,NO,YES,,,,,They are too difficult to use
57-36-10-30,NO,NO,NO,YES,NO,NO,NO,NO,YES,,,,,They are too difficult to use
57-39-04-44,NO,NO,NO,YES,NO,NO,NO,YES,NO,NO,YES,NO,NO,
57-57-92-44,NO,NO,NO,YES,NO,NO,NO,NO,YES,,,,,They are too difficult to use
57-62-74-67,NO,NO,NO,YES,NO,NO,NO,YES,NO,NO,YES,NO,NO,
57-69-89-87,NO,NO,NO,YES,NO,NO,NO,NO,YES,,,,,They are too difficult to use
57-77-48-16,NO,NO,NO,YES,NO,NO,NO,NO,YES,,,,,They are too difficult to use
58-12-98-81,NO,NO,NO,YES,NO,NO,NO,YES,NO,YES,YES,NO,NO,
58-13-62-89,YES,NO,NO,NO,NO,NO,NO,YES,NO,NO,YES,NO,NO,
58-29-75-58,NO,NO,NO,YES,NO,NO,NO,NO,YES,,,,,They are too difficult to use
58-43-50-28,NO,NO,NO,YES,NO,NO,NO,NO,YES,,,,,They are too expensive
58-73-10-11,NO,NO,NO,YES,NO,NO,NO,NO,YES,,,,,They are too difficult to use
58-99-58-80,NO,NO,NO,YES,NO,NO,NO,NO,YES,,,,,They are too difficult to use
59-05-04-32,NO,NO,NO,YES,NO,NO,NO,NO,YES,,,,,They are too difficult to use
59-14-09-40,NO,NO,NO,YES,NO,NO,NO,NO,YES,,,,,They are too difficult to use
59-18-03-22,NO,NO,NO,YES,NO,NO,NO,NO,YES,,,,,They are too difficult to use
59-27-43-88,NO,NO,NO,YES,NO,NO,NO,NO,YES,,,,,They are too difficult to use
59-70-72-12,NO,NO,NO,YES,NO,NO,NO,NO,YES,,,,,They are too difficult to use
59-79-57-21,NO,NO,NO,YES,NO,NO,NO,NO,YES,,,,,They are too difficult to use
59-90-62-65,NO,NO,NO,YES,NO,NO,NO,NO,YES,,,,,They are too difficult to use
60-19-83-04,NO,NO,NO,YES,NO,NO,NO,YES,NO,NO,YES,NO,NO,
60-48-87-43,NO,NO,NO,YES,NO,NO,NO,NO,YES,,,,,They are too difficult to use
60-73-43-19,NO,NO,NO,YES,NO,NO,NO,NO,YES,,,,,They are too expensive
60-91-47-86,NO,NO,NO,YES,NO,NO,NO,NO,YES,,,,,They are too difficult to use
60-94-02-94,NO,NO,NO,YES,NO,NO,NO,YES,NO,YES,YES,NO,NO,
61-09-80-29,NO,NO,NO,YES,NO,NO,NO,NO,YES,,,,,They are too expensive
63-08-92-92,NO,NO,NO,YES,NO,NO,NO,NO,YES,,,,,They are too difficult to use
63-19-74-12,NO,NO,NO,YES,NO,NO,NO,NO,YES,,,,,They are too difficult to use
63-26-65-91,NO,NO,NO,YES,NO,NO,NO,YES,NO,NO,YES,NO,NO,
63-48-07-95,NO,NO,NO,YES,NO,NO,NO,NO,YES,,,,,They are too difficult to use
63-56-10-69,NO,NO,NO,YES,NO,NO,NO,NO,YES,,,,,They are too difficult to use
63-85-72-79,NO,NO,NO,YES,NO,NO,NO,NO,YES,,,,,They are too difficult to use
64-29-61-57,NO,NO,NO,YES,NO,NO,NO,NO,YES,,,,,They are too difficult to use
64-48-28-24,NO,NO,NO,YES,NO,NO,NO,NO,YES,,,,,They are too difficult to use
64-71-22-76,NO,NO,NO,YES,NO,NO,NO,NO,YES,,,,,They are too difficult to use
64-87-88-01,NO,NO,NO,YES,NO,NO,NO,YES,NO,NO,YES,NO,NO,
65-03-40-91,NO,NO,NO,YES,NO,NO,NO,YES,NO,YES,YES,NO,NO,
65-14-28-12,NO,NO,NO,YES,NO,NO,NO,NO,YES,,,,,They are too difficult to use
65-15-70-94,NO,NO,NO,YES,NO,NO,NO,NO,YES,,,,,OTHER (SPECIFY)
65-26-06-23,NO,NO,NO,YES,NO,NO,NO,NO,YES,,,,,They are too difficult to use
65-42-12-59,NO,YES,NO,NO,NO,NO,NO,YES,NO,NO,YES,NO,NO,
65-57-01-02,NO,NO,NO,YES,NO,NO,NO,NO,YES,,,,,They are too difficult to use
65-60-80-72,NO,NO,NO,YES,NO,NO,NO,NO,YES,,,,,They are too difficult to use
65-62-93-31,NO,NO,NO,YES,NO,NO,NO,NO,YES,,,,,OTHER (SPECIFY)
65-65-50-55,NO,NO,NO,YES,NO,NO,NO,NO,YES,,,,,They are too difficult to use
65-85-43-35,YES,YES,NO,NO,YES,YES,NO,NO,NO,YES,YES,NO,NO,
66-09-77-42,NO,NO,NO,YES,NO,NO,NO,NO,YES,,,,,I don’t trust the technology
66-09-95-16,NO,NO,NO,YES,NO,NO,NO,NO,YES,,,,,They are too difficult to use
66-41-98-09,YES,NO,NO,NO,YES,NO,NO,NO,NO,YES,YES,NO,NO,
66-72-46-34,NO,NO,NO,YES,NO,NO,NO,NO,YES,,,,,OTHER (SPECIFY)
66-73-72-28,NO,NO,NO,YES,NO,NO,NO,NO,YES,,,,,They are too difficult to use
66-98-68-75,NO,NO,NO,YES,NO,NO,NO,NO,YES,,,,,They are too difficult to use
67-04-29-75,YES,NO,NO,NO,YES,NO,NO,NO,NO,YES,YES,NO,NO,
67-06-49-60,NO,NO,NO,YES,NO,NO,NO,NO,YES,,,,,They are too difficult to use
67-43-18-76,NO,NO,NO,YES,NO,NO,NO,NO,YES,,,,,They are too difficult to use
67-59-04-59,NO,NO,NO,YES,NO,NO,NO,NO,YES,,,,,They are too difficult to use
67-60-15-46,NO,NO,NO,YES,NO,NO,NO,NO,YES,,,,,They are too difficult to use
67-80-47-65,NO,NO,NO,YES,NO,NO,NO,NO,YES,,,,,They are too difficult to use
67-89-30-52,NO,NO,NO,YES,NO,NO,NO,NO,YES,,,,,They are too expensive
67-91-61-84,NO,NO,NO,YES,NO,NO,NO,NO,YES,,,,,They are too difficult to use
68-34-61-83,YES,NO,NO,NO,NO,NO,NO,YES,NO,YES,YES,NO,NO,
68-38-01-69,NO,NO,NO,YES,NO,NO,NO,YES,NO,NO,YES,NO,NO,
68-45-34-74,NO,NO,NO,YES,NO,NO,NO,NO,YES,,,,,OTHER (SPECIFY)
69-00-14-35,NO,NO,NO,YES,NO,NO,NO,NO,YES,,,,,They are too difficult to use
69-03-20-16,NO,NO,NO,YES,NO,NO,NO,NO,YES,,,,,They are too difficult to use
69-06-28-03,NO,NO,NO,YES,NO,NO,NO,NO,YES,,,,,They are too difficult to use
69-08-19-24,NO,NO,NO,YES,NO,NO,NO,NO,YES,,,,,OTHER (SPECIFY)
69-21-58-74,NO,NO,NO,YES,NO,NO,NO,NO,YES,,,,,They are too difficult to use
69-30-44-27,NO,NO,NO,YES,NO,NO,NO,NO,YES,,,,,They are too difficult to use
69-45-68-23,NO,NO,NO,YES,NO,NO,NO,NO,YES,,,,,They are too difficult to use
69-46-48-50,NO,NO,NO,YES,NO,NO,NO,NO,YES,,,,,They are too difficult to use
69-88-71-37,NO,NO,NO,YES,NO,NO,NO,YES,NO,NO,YES,NO,NO,
69-96-21-12,NO,NO,NO,YES,NO,NO,NO,NO,YES,,,,,OTHER (SPECIFY)
70-05-55-27,NO,NO,NO,YES,NO,NO,NO,YES,NO,YES,YES,NO,NO,
70-11-22-03,NO,NO,NO,YES,NO,NO,NO,NO,YES,,,,,OTHER (SPECIFY)
70-11-55-43,NO,NO,NO,YES,NO,NO,NO,NO,YES,,,,,I don’t trust the technology
70-34-49-84,NO,NO,NO,YES,NO,NO,NO,NO,YES,,,,,OTHER (SPECIFY)
70-69-66-16,NO,NO,NO,YES,NO,NO,NO,NO,YES,,,,,They are too difficult to use
70-81-55-76,NO,NO,NO,YES,NO,NO,NO,NO,YES,,,,,They are too difficult to use
70-97-59-22,NO,NO,NO,YES,NO,NO,NO,NO,YES,,,,,I don’t trust the technology
71-09-53-26,NO,NO,NO,YES,NO,NO,NO,NO,YES,,,,,OTHER (SPECIFY)
71-71-37-89,NO,NO,NO,YES,NO,NO,NO,NO,YES,,,,,They are too difficult to use
71-97-83-07,NO,NO,NO,YES,NO,NO,NO,NO,YES,,,,,They are too difficult to use
72-37-13-33,NO,NO,NO,YES,NO,NO,NO,NO,YES,,,,,They are too difficult to use
72-45-65-29,YES,NO,NO,NO,YES,YES,NO,NO,NO,YES,NO,NO,NO,
72-68-27-38,NO,NO,NO,YES,NO,NO,NO,NO,YES,,,,,They are too difficult to use
72-86-90-07,YES,NO,NO,NO,NO,YES,NO,NO,NO,NO,YES,NO,NO,
72-92-01-02,NO,NO,NO,YES,NO,NO,NO,NO,YES,,,,,They are too difficult to use
73-05-97-72,YES,NO,NO,NO,NO,YES,NO,NO,NO,NO,YES,NO,NO,
73-14-02-84,NO,NO,NO,YES,NO,NO,NO,NO,YES,,,,,OTHER (SPECIFY)
73-17-81-25,NO,NO,NO,YES,NO,NO,NO,NO,YES,,,,,They are too difficult to use
73-36-22-94,NO,NO,NO,YES,NO,NO,NO,NO,YES,,,,,They are too difficult to use
73-39-29-63,NO,NO,NO,YES,NO,NO,NO,NO,YES,,,,,They are too difficult to use
73-70-46-99,NO,NO,NO,YES,NO,NO,NO,YES,NO,NO,YES,NO,NO,
74-57-17-75,NO,NO,NO,YES,NO,NO,NO,NO,YES,,,,,They are too difficult to use
74-63-83-49,YES,NO,NO,NO,YES,NO,NO,NO,NO,NO,YES,NO,NO,
74-67-51-83,NO,NO,NO,YES,NO,NO,NO,NO,YES,,,,,They are too difficult to use
74-81-56-83,NO,NO,NO,YES,NO,NO,NO,NO,YES,,,,,They are too difficult to use
74-86-45-86,NO,NO,NO,YES,NO,NO,NO,YES,NO,NO,YES,NO,NO,
76-21-65-16,YES,NO,NO,NO,YES,NO,NO,NO,NO,YES,YES,NO,NO,
76-22-55-80,NO,NO,NO,YES,NO,NO,NO,NO,YES,,,,,They are too difficult to use
76-56-99-54,NO,NO,NO,YES,NO,NO,NO,NO,YES,,,,,They are too difficult to use
76-57-84-06,YES,NO,NO,NO,YES,NO,NO,NO,NO,YES,NO,NO,YES,
76-95-05-44,NO,NO,NO,YES,NO,NO,NO,NO,YES,,,,,OTHER (SPECIFY)
77-03-40-90,NO,NO,NO,YES,NO,NO,NO,NO,YES,,,,,They are too difficult to use
77-18-77-96,YES,NO,NO,NO,YES,NO,NO,NO,NO,YES,NO,NO,NO,
77-60-01-54,NO,NO,NO,YES,NO,NO,NO,NO,YES,,,,,They are too difficult to use
77-70-84-36,NO,NO,NO,YES,NO,NO,NO,NO,YES,,,,,They are too difficult to use
77-71-94-82,NO,NO,NO,YES,NO,NO,NO,NO,YES,,,,,They are too difficult to use
78-69-73-86,NO,NO,NO,YES,NO,NO,NO,YES,NO,NO,YES,NO,NO,
79-51-56-38,NO,NO,NO,YES,NO,NO,NO,NO,YES,,,,,OTHER (SPECIFY)
79-65-65-94,NO,NO,NO,YES,NO,NO,NO,YES,NO,NO,YES,NO,NO,
79-72-98-96,NO,NO,NO,YES,NO,NO,NO,NO,YES,,,,,They are too difficult to use
79-85-65-98,NO,NO,NO,YES,NO,NO,NO,NO,YES,,,,,They are too difficult to use
79-90-83-59,NO,NO,NO,YES,NO,NO,NO,NO,YES,,,,,They are too difficult to use
79-96-97-70,NO,NO,NO,YES,NO,NO,NO,YES,NO,YES,NO,NO,NO,
80-40-93-12,NO,NO,NO,YES,NO,NO,NO,NO,YES,,,,,They are too difficult to use
80-49-06-34,NO,NO,NO,YES,NO,NO,NO,NO,YES,,,,,They are too difficult to use
80-49-49-04,NO,NO,NO,YES,NO,NO,NO,NO,YES,,,,,They are too expensive
80-58-14-70,NO,NO,NO,YES,NO,NO,NO,NO,YES,,,,,They are too difficult to use
80-72-64-44,NO,NO,NO,YES,NO,NO,NO,NO,YES,,,,,They are too expensive
81-20-01-76,NO,NO,NO,YES,NO,NO,NO,NO,YES,,,,,They are too difficult to use
81-36-68-15,NO,NO,NO,YES,NO,NO,NO,NO,YES,,,,,They are too difficult to use
81-48-88-00,NO,NO,NO,YES,NO,NO,NO,NO,YES,,,,,They are too difficult to use
82-16-53-06,NO,NO,NO,YES,NO,NO,NO,NO,YES,,,,,They are too difficult to use
82-82-33-85,NO,NO,NO,YES,NO,NO,NO,NO,YES,,,,,They are too difficult to use
83-15-19-66,NO,NO,NO,YES,NO,NO,NO,NO,YES,,,,,OTHER (SPECIFY)
83-24-97-14,NO,NO,NO,YES,NO,NO,NO,NO,YES,,,,,They are too difficult to use
83-62-66-29,NO,YES,NO,NO,NO,NO,YES,NO,NO,YES,YES,NO,NO,
83-78-78-49,YES,NO,NO,NO,YES,YES,NO,NO,NO,YES,YES,NO,NO,
83-82-40-74,YES,NO,NO,NO,YES,YES,NO,NO,NO,YES,YES,NO,NO,
84-26-72-24,NO,NO,NO,YES,NO,NO,NO,NO,YES,,,,,They are too difficult to use
84-31-44-97,NO,NO,NO,YES,NO,NO,NO,NO,YES,,,,,They are too difficult to use
84-37-56-77,NO,NO,NO,YES,NO,NO,NO,YES,NO,NO,YES,NO,NO,
84-65-10-22,NO,NO,NO,YES,NO,NO,NO,YES,NO,NO,YES,NO,NO,
84-70-29-25,NO,NO,NO,YES,NO,NO,NO,NO,YES,,,,,They are too difficult to use
84-79-70-97,NO,NO,NO,YES,NO,NO,NO,YES,NO,NO,YES,NO,NO,
85-01-15-29,NO,NO,NO,YES,NO,NO,NO,NO,YES,,,,,They are too difficult to use
85-03-27-87,NO,NO,NO,YES,NO,NO,NO,NO,YES,,,,,They are too difficult to use
85-06-62-86,NO,NO,NO,YES,NO,NO,NO,NO,YES,,,,,OTHER (SPECIFY)
85-16-54-30,NO,NO,NO,YES,NO,NO,NO,NO,YES,,,,,They are too difficult to use
85-25-56-55,NO,NO,NO,YES,NO,NO,NO,NO,YES,,,,,They are too difficult to use
85-69-58-56,NO,NO,NO,YES,NO,NO,NO,NO,YES,,,,,They are too difficult to use
85-73-20-42,NO,NO,NO,YES,NO,NO,NO,NO,YES,,,,,They are too expensive
85-73-97-33,NO,NO,NO,YES,NO,NO,NO,NO,YES,,,,,They are too difficult to use
86-42-22-29,NO,NO,NO,YES,NO,NO,NO,NO,YES,,,,,They are too difficult to use
86-62-31-38,NO,NO,NO,YES,NO,NO,NO,NO,YES,,,,,They are too difficult to use
86-88-12-40,NO,NO,NO,YES,NO,NO,NO,NO,YES,,,,,They are too difficult to use
87-41-40-78,YES,NO,NO,NO,YES,YES,NO,NO,NO,YES,YES,NO,NO,
87-52-91-38,NO,NO,NO,YES,NO,NO,NO,NO,YES,,,,,They are too difficult to use
87-58-41-57,NO,NO,NO,YES,NO,NO,NO,NO,YES,,,,,They are too difficult to use
87-60-75-90,NO,NO,NO,YES,NO,NO,NO,NO,YES,,,,,They are too difficult to use
87-64-17-69,NO,NO,NO,YES,NO,NO,NO,NO,YES,,,,,They are too difficult to use
87-76-07-29,NO,NO,NO,YES,NO,NO,NO,NO,YES,,,,,They are too difficult to use
87-83-02-60,NO,NO,NO,YES,NO,NO,NO,NO,YES,,,,,They are too difficult to use
87-93-61-92,NO,NO,NO,YES,NO,NO,NO,NO,YES,,,,,They are too difficult to use
88-05-51-96,NO,NO,NO,YES,NO,NO,NO,NO,YES,,,,,They are too difficult to use
88-21-21-87,NO,NO,NO,YES,NO,NO,NO,NO,YES,,,,,OTHER (SPECIFY)
88-32-05-81,NO,NO,NO,YES,NO,NO,NO,YES,NO,NO,YES,NO,NO,
88-52-19-69,NO,NO,NO,YES,NO,NO,NO,YES,NO,NO,YES,NO,NO,
88-55-90-62,NO,NO,NO,YES,NO,NO,NO,NO,YES,,,,,They are too expensive
89-00-81-23,NO,NO,NO,YES,NO,NO,NO,NO,YES,,,,,They are too difficult to use
89-18-01-05,NO,NO,NO,YES,NO,NO,NO,NO,YES,,,,,They are too expensive
89-18-79-86,NO,NO,NO,YES,NO,NO,NO,NO,YES,,,,,They are too difficult to use
89-30-53-74,NO,NO,NO,YES,NO,NO,NO,YES,NO,NO,YES,NO,NO,
89-51-49-68,NO,NO,NO,YES,NO,NO,NO,NO,YES,,,,,They are too difficult to use
89-56-07-85,NO,NO,NO,YES,NO,NO,NO,NO,YES,,,,,They are too difficult to use
89-93-50-24,NO,NO,NO,YES,NO,NO,NO,NO,YES,,,,,They are too difficult to use
90-22-35-16,NO,NO,NO,YES,NO,NO,NO,NO,YES,,,,,They are too difficult to use
90-49-69-32,YES,NO,NO,NO,YES,NO,NO,NO,NO,NO,YES,NO,NO,
90-50-18-25,NO,NO,NO,YES,NO,NO,NO,NO,YES,,,,,They are too difficult to use
90-70-32-77,NO,NO,NO,YES,NO,NO,NO,NO,YES,,,,,They are too difficult to use
90-72-63-71,NO,NO,NO,YES,NO,NO,NO,NO,YES,,,,,They are too difficult to use
90-90-59-67,YES,NO,NO,NO,YES,NO,NO,NO,NO,YES,YES,NO,NO,
90-98-61-29,NO,NO,NO,YES,NO,NO,NO,NO,YES,,,,,They are too difficult to use
91-12-21-18,NO,NO,NO,YES,NO,NO,NO,YES,NO,NO,YES,NO,NO,
91-26-98-02,NO,NO,NO,YES,NO,NO,NO,NO,YES,,,,,They are too difficult to use
91-32-31-35,NO,NO,NO,YES,NO,NO,NO,NO,YES,,,,,They are too difficult to use
91-47-37-79,NO,NO,NO,YES,NO,NO,NO,YES,NO,YES,YES,NO,NO,
91-64-79-49,NO,NO,NO,YES,NO,NO,NO,YES,NO,NO,YES,NO,NO,
91-75-84-89,NO,NO,NO,YES,NO,NO,NO,NO,YES,,,,,They are too difficult to use
91-92-90-54,NO,NO,NO,YES,NO,NO,NO,NO,YES,,,,,They are too expensive
92-52-64-60,NO,NO,NO,YES,NO,NO,NO,NO,YES,,,,,They are too difficult to use
92-54-15-40,NO,NO,NO,YES,NO,NO,NO,NO,YES,,,,,I don’t trust the technology
92-90-62-95,YES,NO,NO,NO,YES,NO,NO,NO,NO,YES,YES,NO,NO,
93-07-64-20,NO,NO,NO,YES,NO,NO,NO,NO,YES,,,,,They are too expensive
93-34-63-42,NO,NO,NO,YES,NO,NO,NO,NO,YES,,,,,They are too difficult to use
93-71-89-46,NO,NO,NO,YES,NO,NO,NO,NO,YES,,,,,They are too difficult to use
94-77-00-60,NO,NO,NO,YES,NO,NO,NO,NO,YES,,,,,They are too difficult to use
94-82-96-77,NO,NO,NO,YES,NO,NO,NO,NO,YES,,,,,They are too difficult to use
94-95-85-94,NO,NO,NO,YES,NO,NO,NO,NO,YES,,,,,They are too difficult to use
95-04-09-29,NO,NO,NO,YES,NO,NO,NO,NO,YES,,,,,They are too difficult to use
95-47-06-74,YES,NO,NO,NO,YES,NO,NO,NO,NO,YES,NO,NO,NO,
95-56-74-69,NO,NO,NO,YES,NO,NO,NO,NO,YES,,,,,OTHER (SPECIFY)
95-62-65-76,YES,NO,NO,NO,YES,NO,NO,NO,NO,NO,YES,NO,NO,
95-65-40-38,NO,NO,NO,YES,NO,NO,NO,NO,YES,,,,,They are too difficult to use
95-72-64-75,NO,NO,NO,YES,NO,NO,NO,YES,NO,YES,NO,NO,NO,
95-80-09-27,NO,NO,NO,YES,NO,NO,NO,NO,YES,,,,,They are too difficult to use
95-89-65-41,NO,NO,NO,YES,NO,NO,NO,NO,YES,,,,,They are too difficult to use
96-06-20-32,YES,YES,NO,NO,YES,YES,NO,NO,NO,YES,YES,NO,NO,
96-43-59-47,YES,NO,NO,NO,YES,NO,NO,NO,NO,YES,YES,NO,NO,
96-72-01-47,NO,NO,NO,YES,NO,NO,NO,NO,YES,,,,,They are too difficult to use
96-84-49-20,NO,NO,NO,YES,NO,NO,NO,NO,YES,,,,,They are too difficult to use
97-19-44-22,YES,NO,NO,NO,NO,YES,NO,NO,NO,YES,YES,NO,NO,
97-23-41-88,YES,NO,NO,NO,NO,YES,NO,NO,NO,YES,YES,NO,NO,
97-56-15-57,NO,NO,NO,YES,NO,NO,NO,NO,YES,,,,,They are too difficult to use
97-63-33-82,NO,NO,NO,YES,NO,NO,NO,NO,YES,,,,,I don’t trust the technology
97-67-52-97,YES,NO,NO,NO,YES,NO,NO,NO,NO,YES,YES,NO,NO,
98-07-47-63,NO,NO,NO,YES,NO,NO,NO,NO,YES,,,,,They are too difficult to use
98-57-95-05,NO,NO,NO,YES,NO,NO,NO,YES,NO,NO,YES,NO,NO,
98-59-09-34,NO,NO,NO,YES,NO,NO,NO,NO,YES,,,,,OTHER (SPECIFY)
98-66-84-72,NO,NO,NO,YES,NO,NO,NO,NO,YES,,,,,OTHER (SPECIFY)
98-90-99-04,NO,NO,NO,YES,NO,NO,NO,NO,YES,,,,,They are too difficult to use
98-91-03-89,YES,NO,NO,NO,YES,NO,NO,NO,NO,YES,NO,NO,NO,
98-93-03-74,NO,YES,NO,NO,NO,YES,NO,NO,NO,NO,YES,NO,NO,
99-02-91-63,NO,NO,NO,YES,NO,NO,NO,NO,YES,,,,,They are too difficult to use
99-51-79-01,NO,NO,NO,YES,NO,NO,NO,NO,YES,,,,,They are too difficult to use
99-86-73-41,NO,NO,NO,YES,NO,NO,NO,YES,NO,NO,YES,NO,NO,
99-98-60-29,NO,NO,NO,YES,NO,NO,NO,NO,YES,,,,,They are too difficult to use
