interview__key,s11q8_r2,s11aq0,s11aq1,s11aq2,s11aq3,s11aq4,s11aq5,s11aq6,s11aq7,s11aq8,s11aq9,s11aq10,s11aq11,s11aq12__1,s11aq12__2,s11aq12__3,s11aq12__4,s11aq13,s11aq14,s11aq22,s11aq16,s11aq17,s11aq18,s11aq19,s11aq20,s11aq21
00-18-15-60,No,No,,,,,,,,,,,,,,,,,,,3,,,No,,
00-28-98-16,No,No,,,,,,,,,,,,,,,,,,,3,,,No,,
00-40-34-48,No,No,,,,,,,,,,,,,,,,,,,3,,,No,,
00-45-00-37,Yes,Yes,2,38,Village chief,30,Wing agents,NO,,YES,Don't know,NO,,NO,YES,NO,NO,YES,,1,YES,,Registered late,Yes,To the commune chief,Received the transfer
00-54-36-13,Yes,No,,,,,,,,,,,,,,,,,,,3,,,Yes,To the village chief,Others (specify)
01-32-06-48,No,No,,,,,,,,,,,,,,,,,,,3,,,No,,
02-11-13-92,No,No,,,,,,,,,,,,,,,,,,,3,,,No,,
02-89-30-22,No,No,,,,,,,,,,,,,,,,,,,3,,,No,,
02-96-12-77,No,Yes,4,56,Village chief,5,Wing agents,NO,,YES,NO,NO,,YES,NO,NO,NO,YES,,2,,,,,,
03-57-84-60,No,No,,,,,,,,,,,,,,,,,,,3,,,No,,
03-77-64-79,No,No,,,,,,,,,,,,,,,,,,,3,,,No,,
03-81-33-62,No,No,,,,,,,,,,,,,,,,,,,3,,,No,,
03-84-81-65,No,Yes,4,80,Village chief,10,Wing agents,NO,,YES,YES,YES,The need for money will be more in the future,YES,YES,NO,NO,YES,,4,,,,,,
04-13-23-41,No,No,,,,,,,,,,,,,,,,,,,3,,,No,,
04-17-01-55,No,No,,,,,,,,,,,,,,,,,,,3,,,No,,
05-00-24-69,No,No,,,,,,,,,,,,,,,,,,,3,,,No,,
05-81-85-24,No,No,,,,,,,,,,,,,,,,,,,3,,,No,,
06-38-45-14,No,No,,,,,,,,,,,,,,,,,,,YES,,Others (Specify),Yes,To the village chief,No action
06-58-76-54,No,No,,,,,,,,,,,,,,,,,,,3,,,No,,
06-65-48-93,No,No,,,,,,,,,,,,,,,,,,,3,,,No,,
06-89-25-87,No,No,,,,,,,,,,,,,,,,,,,3,,,No,,
07-07-39-43,No,Yes,3,51,Other village members,15,Wing agents,NO,,YES,Don't know,NO,,YES,NO,NO,NO,YES,,1,,,,,,
07-90-82-24,No,Yes,3,72,Village chief,10,Wing agents,NO,,YES,Don't know,NO,,YES,NO,NO,NO,YES,,7,,,,,,
08-40-28-73,No,Yes,3,67,Village chief,30,Wing agents,NO,,YES,Don't know,NO,,YES,YES,YES,NO,YES,,2,,,,,,
08-87-44-02,No,No,,,,,,,,,,,,,,,,,,,3,,,No,,
08-98-49-88,No,No,,,,,,,,,,,,,,,,,,,3,,,No,,
09-03-50-98,No,No,,,,,,,,,,,,,,,,,,,3,,,No,,
09-11-38-06,No,No,,,,,,,,,,,,,,,,,,,3,,,No,,
09-25-43-00,No,No,,,,,,,,,,,,,,,,,,,3,,,No,,
09-26-57-25,No,No,,,,,,,,,,,,,,,,,,,3,,,No,,
09-27-61-41,No,No,,,,,,,,,,,,,,,,,,,3,,,No,,
09-69-61-77,No,No,,,,,,,,,,,,,,,,,,,3,,,No,,
09-72-34-65,No,No,,,,,,,,,,,,,,,,,,,3,,,No,,
09-94-37-20,No,No,,,,,,,,,,,,,,,,,,,3,,,No,,
10-00-77-35,No,No,,,,,,,,,,,,,,,,,,,3,,,No,,
10-30-18-95,No,No,,,,,,,,,,,,,,,,,,,3,,,Yes,To the village chief,No action
10-83-76-94,No,No,,,,,,,,,,,,,,,,,,,3,,,No,,
10-90-66-62,No,No,,,,,,,,,,,,,,,,,,,3,,,No,,
10-97-49-10,No,No,,,,,,,,,,,,,,,,,,,3,,,No,,
11-11-31-58,No,No,,,,,,,,,,,,,,,,,,,3,,,No,,
11-16-10-36,No,No,,,,,,,,,,,,,,,,,,,3,,,No,,
11-71-06-95,No,No,,,,,,,,,,,,,,,,,,,3,,,No,,
11-78-09-29,No,No,,,,,,,,,,,,,,,,,,,3,,,No,,
11-79-71-86,No,No,,,,,,,,,,,,,,,,,,,3,,,No,,
12-07-23-17,Yes,Yes,3,41,Village chief,5,Wing agents,NO,,YES,Don't know,NO,,YES,NO,NO,NO,YES,,1,YES,,Registered late,No,,
12-16-17-74,No,No,,,,,,,,,,,,,,,,,,,3,,,No,,
12-33-47-68,No,No,,,,,,,,,,,,,,,,,,,3,,,No,,
12-82-57-48,No,No,,,,,,,,,,,,,,,,,,,3,,,No,,
13-39-71-32,No,No,,,,,,,,,,,,,,,,,,,3,,,No,,
13-41-36-30,No,No,,,,,,,,,,,,,,,,,,,3,,,No,,
13-52-02-28,No,No,,,,,,,,,,,,,,,,,,,3,,,No,,
13-62-04-21,No,Yes,4,48,Commune council members,20,Wing agents,NO,,YES,Don't know,NO,,YES,NO,NO,NO,YES,,2,,,,,,
13-62-51-43,No,Yes,1,24,Village chief,15,Wing agents,NO,,YES,NO,YES,The need for money will be more in the future,YES,NO,YES,NO,YES,,2,,,,,,
13-81-20-31,No,No,,,,,,,,,,,,,,,,,,,3,,,No,,
14-09-59-69,No,No,,,,,,,,,,,,,,,,,,,3,,,No,,
14-78-41-57,No,No,,,,,,,,,,,,,,,,,,,3,,,No,,
14-89-02-15,No,No,,,,,,,,,,,,,,,,,,,3,,,No,,
14-93-22-59,No,No,,,,,,,,,,,,,,,,,,,3,,,No,,
14-94-97-50,No,No,,,,,,,,,,,,,,,,,,,3,,,No,,
14-97-32-57,No,No,,,,,,,,,,,,,,,,,,,3,,,No,,
14-98-08-92,No,No,,,,,,,,,,,,,,,,,,,3,,,No,,
15-09-32-42,No,No,,,,,,,,,,,,,,,,,,,3,,,No,,
15-48-00-43,No,No,,,,,,,,,,,,,,,,,,,3,,,No,,
15-62-16-76,No,No,,,,,,,,,,,,,,,,,,,3,,,No,,
15-80-17-44,No,No,,,,,,,,,,,,,,,,,,,3,,,No,,
15-87-00-11,No,No,,,,,,,,,,,,,,,,,,,3,,,No,,
16-15-53-72,No,Yes,4,64,Other village members,30,Wing agents,NO,,YES,NO,YES,The need for money will be more in the future,YES,NO,NO,NO,YES,,3,,,,,,
16-17-55-72,No,No,,,,,,,,,,,,,,,,,,,3,,,No,,
16-42-96-59,No,Yes,4,96,Village chief,5,Wing agents,NO,,YES,NO,NO,,YES,YES,NO,NO,YES,,1,,,,,,
16-52-89-41,No,No,,,,,,,,,,,,,,,,,,,3,,,No,,
16-59-81-75,No,Yes,3,54,Village chief,30,Wing agents,NO,,YES,Don't know,NO,,YES,YES,NO,NO,YES,,2,,,,,,
16-74-28-23,No,Yes,4,58,Village chief,30,Wing agents,NO,,YES,Don't know,YES,Not safe to keep at home,YES,YES,NO,NO,YES,,2,,,,,,
16-77-88-96,No,No,,,,,,,,,,,,,,,,,,,3,,,No,,
16-83-14-42,No,No,,,,,,,,,,,,,,,,,,,3,,,No,,
16-85-46-70,No,No,,,,,,,,,,,,,,,,,,,3,,,No,,
16-96-19-45,No,No,,,,,,,,,,,,,,,,,,,3,,,No,,
17-01-45-98,No,No,,,,,,,,,,,,,,,,,,,3,,,No,,
17-18-68-28,No,No,,,,,,,,,,,,,,,,,,,3,,,No,,
17-29-58-15,No,No,,,,,,,,,,,,,,,,,,,3,,,No,,
17-67-81-96,No,Yes,2,36,Commune council members,45,Wing agents,NO,,YES,Don't know,NO,,YES,YES,NO,YES,YES,,1,,,,,,
17-68-86-89,No,No,,,,,,,,,,,,,,,,,,,3,,,No,,
17-88-33-48,No,No,,,,,,,,,,,,,,,,,,,3,,,No,,
18-05-71-79,No,No,,,,,,,,,,,,,,,,,,,3,,,No,,
18-83-71-39,No,No,,,,,,,,,,,,,,,,,,,3,,,No,,
18-91-78-21,No,No,,,,,,,,,,,,,,,,,,,3,,,No,,
19-02-16-28,No,No,,,,,,,,,,,,,,,,,,,3,,,No,,
19-20-48-23,No,No,,,,,,,,,,,,,,,,,,,3,,,No,,
19-39-08-63,No,No,,,,,,,,,,,,,,,,,,,3,,,No,,
19-72-67-09,No,No,,,,,,,,,,,,,,,,,,,3,,,No,,
20-05-86-82,No,Yes,3,43,Village chief,60,Wing agents,NO,,YES,Don't know,NO,,YES,NO,NO,NO,YES,,2,,,,,,
20-20-96-41,No,Yes,3,66,Village chief,30,Wing agents,NO,,YES,Don't know,NO,,YES,NO,NO,NO,YES,,1,,,,,,
20-28-07-52,No,No,,,,,,,,,,,,,,,,,,,3,,,No,,
20-39-98-99,No,No,,,,,,,,,,,,,,,,,,,3,,,No,,
20-73-25-13,Yes,No,,,,,,,,,,,,,,,,,,,YES,,Did not meet the criteria,No,,
20-76-11-93,No,No,,,,,,,,,,,,,,,,,,,3,,,No,,
20-80-17-46,No,Yes,4,58,Village chief,5,Wing agents,YES,4000,YES,NO,NO,,YES,YES,NO,NO,YES,,2,,,,,,
20-82-62-78,No,No,,,,,,,,,,,,,,,,,,,3,,,No,,
21-09-64-49,No,No,,,,,,,,,,,,,,,,,,,3,,,No,,
21-28-36-64,No,No,,,,,,,,,,,,,,,,,,,3,,,No,,
21-33-55-76,No,No,,,,,,,,,,,,,,,,,,,3,,,No,,
21-82-19-65,No,Yes,4,50,Village chief,30,Wing agents,NO,,YES,YES,NO,,NO,NO,NO,YES,YES,,1,,,,,,
22-06-96-95,No,No,,,,,,,,,,,,,,,,,,,3,,,No,,
22-27-53-02,No,No,,,,,,,,,,,,,,,,,,,3,,,No,,
22-34-46-74,No,No,,,,,,,,,,,,,,,,,,,3,,,No,,
22-80-62-03,No,Yes,3,52,Village chief,5,Wing agents,NO,,YES,Don't know,NO,,YES,NO,NO,NO,YES,,5,,,,,,
22-89-95-50,No,No,,,,,,,,,,,,,,,,,,,3,,,No,,
22-91-55-07,No,No,,,,,,,,,,,,,,,,,,,3,,,No,,
23-84-75-04,No,No,,,,,,,,,,,,,,,,,,,3,,,No,,
23-95-76-25,No,No,,,,,,,,,,,,,,,,,,,3,,,No,,
24-50-42-93,No,No,,,,,,,,,,,,,,,,,,,3,,,No,,
24-54-99-87,No,No,,,,,,,,,,,,,,,,,,,3,,,No,,
24-78-94-60,No,No,,,,,,,,,,,,,,,,,,,3,,,No,,
24-82-80-64,No,No,,,,,,,,,,,,,,,,,,,3,,,No,,
25-17-44-91,No,No,,,,,,,,,,,,,,,,,,,3,,,No,,
25-42-18-96,No,No,,,,,,,,,,,,,,,,,,,3,,,No,,
25-91-93-59,No,No,,,,,,,,,,,,,,,,,,,3,,,No,,
26-18-30-56,No,No,,,,,,,,,,,,,,,,,,,3,,,No,,
26-47-81-10,No,No,,,,,,,,,,,,,,,,,,,3,,,No,,
26-92-52-70,No,No,,,,,,,,,,,,,,,,,,,3,,,No,,
27-08-88-11,No,No,,,,,,,,,,,,,,,,,,,3,,,Yes,To the village chief,No action
27-21-36-53,No,No,,,,,,,,,,,,,,,,,,,3,,,No,,
27-29-97-73,No,No,,,,,,,,,,,,,,,,,,,3,,,No,,
27-33-92-06,No,No,,,,,,,,,,,,,,,,,,,3,,,No,,
27-55-59-49,No,No,,,,,,,,,,,,,,,,,,,3,,,No,,
28-71-17-92,No,No,,,,,,,,,,,,,,,,,,,3,,,No,,
28-88-05-65,No,No,,,,,,,,,,,,,,,,,,,3,,,No,,
28-94-48-29,No,No,,,,,,,,,,,,,,,,,,,3,,,No,,
28-99-21-75,No,No,,,,,,,,,,,,,,,,,,,3,,,No,,
29-53-69-61,No,No,,,,,,,,,,,,,,,,,,,3,,,No,,
29-56-08-14,No,No,,,,,,,,,,,,,,,,,,,3,,,No,,
29-65-13-28,No,No,,,,,,,,,,,,,,,,,,,3,,,No,,
29-94-26-51,No,No,,,,,,,,,,,,,,,,,,,3,,,No,,
29-96-85-38,No,No,,,,,,,,,,,,,,,,,,,3,,,No,,
30-10-22-60,No,No,,,,,,,,,,,,,,,,,,,3,,,No,,
30-10-29-94,No,No,,,,,,,,,,,,,,,,,,,3,,,No,,
30-19-77-63,No,Yes,4,50,Commune council members,60,Wing agents,NO,,YES,NO,NO,,YES,YES,NO,NO,YES,,1,,,,,,
30-25-79-75,No,No,,,,,,,,,,,,,,,,,,,3,,,No,,
30-57-28-29,No,No,,,,,,,,,,,,,,,,,,,3,,,No,,
30-74-60-19,No,No,,,,,,,,,,,,,,,,,,,3,,,No,,
30-84-11-52,No,No,,,,,,,,,,,,,,,,,,,3,,,No,,
30-93-30-28,No,No,,,,,,,,,,,,,,,,,,,3,,,No,,
31-08-08-05,No,No,,,,,,,,,,,,,,,,,,,3,,,No,,
31-16-02-60,No,No,,,,,,,,,,,,,,,,,,,3,,,No,,
31-29-31-74,No,No,,,,,,,,,,,,,,,,,,,3,,,No,,
31-31-68-97,No,No,,,,,,,,,,,,,,,,,,,3,,,No,,
31-52-38-21,No,Yes,2,40,Village chief,180,Wing agents,NO,,YES,Don't know,NO,,YES,YES,NO,NO,YES,,3,,,,,,
31-72-86-88,No,No,,,,,,,,,,,,,,,,,,,3,,,No,,
31-74-01-25,No,No,,,,,,,,,,,,,,,,,,,3,,,No,,
31-91-94-57,No,No,,,,,,,,,,,,,,,,,,,3,,,No,,
31-99-66-16,No,No,,,,,,,,,,,,,,,,,,,3,,,No,,
32-04-34-69,No,No,,,,,,,,,,,,,,,,,,,3,,,No,,
32-46-48-90,No,Yes,3,60,Village chief,60,Wing agents,NO,,YES,NO,NO,,YES,NO,NO,NO,YES,,1,,,,,,
32-55-09-04,No,No,,,,,,,,,,,,,,,,,,,3,,,No,,
32-66-22-66,No,No,,,,,,,,,,,,,,,,,,,3,,,No,,
32-76-20-27,No,No,,,,,,,,,,,,,,,,,,,3,,,No,,
33-13-27-35,No,No,,,,,,,,,,,,,,,,,,,3,,,No,,
33-80-37-22,No,Yes,4,80,Village chief,5,Wing agents,NO,,YES,NO,NO,,YES,NO,YES,NO,YES,,9,,,,,,
33-87-89-92,No,No,,,,,,,,,,,,,,,,,,,3,,,No,,
34-35-77-48,No,Yes,4,64,Village chief,30,Wing agents,NO,,YES,Don't know,NO,,YES,NO,NO,NO,YES,,2,,,,,,
34-60-80-61,No,No,,,,,,,,,,,,,,,,,,,3,,,No,,
34-91-88-56,No,Yes,3,75,Village chief,60,Wing agents,NO,,YES,Don't know,NO,,YES,YES,NO,NO,YES,,1,,,,,,
34-93-90-02,No,No,,,,,,,,,,,,,,,,,,,3,,,Yes,To the village chief,No action
35-34-74-29,No,No,,,,,,,,,,,,,,,,,,,3,,,No,,
35-62-73-83,No,No,,,,,,,,,,,,,,,,,,,3,,,No,,
35-74-11-78,No,No,,,,,,,,,,,,,,,,,,,3,,,No,,
35-77-62-41,No,No,,,,,,,,,,,,,,,,,,,3,,,No,,
35-94-54-03,No,No,,,,,,,,,,,,,,,,,,,3,,,No,,
36-00-88-95,No,No,,,,,,,,,,,,,,,,,,,3,,,No,,
36-07-99-01,No,No,,,,,,,,,,,,,,,,,,,3,,,No,,
36-15-16-16,No,No,,,,,,,,,,,,,,,,,,,3,,,No,,
36-23-84-47,No,No,,,,,,,,,,,,,,,,,,,3,,,No,,
36-42-27-64,No,No,,,,,,,,,,,,,,,,,,,3,,,No,,
36-57-06-71,No,No,,,,,,,,,,,,,,,,,,,3,,,No,,
36-73-22-03,No,Yes,3,72,Village chief,20,Wing agents,NO,,YES,Don't know,NO,,YES,NO,NO,NO,YES,,3,,,,,,
36-81-17-19,No,No,,,,,,,,,,,,,,,,,,,3,,,No,,
37-00-39-57,Yes,No,,,,,,,,,,,,,,,,,,,3,,,No,,
37-80-84-96,No,No,,,,,,,,,,,,,,,,,,,3,,,No,,
37-89-40-83,No,No,,,,,,,,,,,,,,,,,,,3,,,No,,
38-13-46-95,No,No,,,,,,,,,,,,,,,,,,,3,,,No,,
38-13-82-86,No,No,,,,,,,,,,,,,,,,,,,3,,,No,,
38-26-45-97,No,No,,,,,,,,,,,,,,,,,,,3,,,No,,
38-84-61-98,No,No,,,,,,,,,,,,,,,,,,,3,,,No,,
39-07-91-55,No,No,,,,,,,,,,,,,,,,,,,3,,,No,,
39-32-76-16,No,No,,,,,,,,,,,,,,,,,,,3,,,No,,
39-44-97-01,No,No,,,,,,,,,,,,,,,,,,,3,,,No,,
39-51-55-58,No,Yes,4,80,Village chief,20,Wing agents,NO,,YES,NO,NO,,YES,NO,NO,NO,YES,,1,,,,,,
39-70-52-15,No,Yes,4,50,Village chief,4,Wing agents,NO,,YES,YES,NO,,YES,NO,NO,YES,YES,,1,,,,,,
39-73-01-24,No,No,,,,,,,,,,,,,,,,,,,3,,,No,,
39-96-43-92,No,No,,,,,,,,,,,,,,,,,,,3,,,No,,
40-15-27-64,No,Yes,4,60,Village chief,15,Wing agents,NO,,YES,Don't know,NO,,YES,YES,NO,NO,YES,,2,,,,,,
40-48-45-57,No,No,,,,,,,,,,,,,,,,,,,3,,,No,,
40-56-73-24,No,No,,,,,,,,,,,,,,,,,,,3,,,No,,
40-86-31-68,No,No,,,,,,,,,,,,,,,,,,,3,,,No,,
41-13-72-49,No,No,,,,,,,,,,,,,,,,,,,3,,,No,,
41-19-13-76,No,No,,,,,,,,,,,,,,,,,,,3,,,No,,
41-41-86-33,No,No,,,,,,,,,,,,,,,,,,,3,,,No,,
41-85-41-75,No,Yes,2,32,Village chief,30,Wing agents,NO,,YES,Don't know,NO,,YES,NO,NO,NO,YES,,1,,,,,,
42-16-33-90,No,No,,,,,,,,,,,,,,,,,,,NO,Other (specify),,No,,
42-21-50-32,No,No,,,,,,,,,,,,,,,,,,,3,,,No,,
42-34-68-53,No,No,,,,,,,,,,,,,,,,,,,3,,,No,,
42-39-53-16,No,No,,,,,,,,,,,,,,,,,,,3,,,No,,
42-49-42-16,No,No,,,,,,,,,,,,,,,,,,,3,,,No,,
42-93-36-93,No,No,,,,,,,,,,,,,,,,,,,3,,,No,,
43-20-92-64,No,No,,,,,,,,,,,,,,,,,,,3,,,No,,
43-39-89-28,No,No,,,,,,,,,,,,,,,,,,,3,,,No,,
43-44-56-34,No,No,,,,,,,,,,,,,,,,,,,3,,,No,,
43-85-90-89,No,No,,,,,,,,,,,,,,,,,,,3,,,No,,
44-19-05-48,No,No,,,,,,,,,,,,,,,,,,,3,,,No,,
44-19-40-06,No,No,,,,,,,,,,,,,,,,,,,3,,,No,,
44-21-01-09,No,Yes,4,50,Village chief,10,Wing agents,NO,,YES,Don't know,NO,,YES,YES,NO,NO,YES,,2,,,,,,
44-26-93-67,No,No,,,,,,,,,,,,,,,,,,,3,,,No,,
45-75-02-10,No,No,,,,,,,,,,,,,,,,,,,3,,,No,,
46-39-07-37,No,No,,,,,,,,,,,,,,,,,,,3,,,No,,
46-62-54-88,No,No,,,,,,,,,,,,,,,,,,,3,,,No,,
46-68-42-16,No,No,,,,,,,,,,,,,,,,,,,3,,,No,,
46-76-50-60,No,Yes,2,32,Village chief,15,Wing agents,NO,,YES,Don't know,NO,,YES,YES,NO,NO,YES,,2,,,,,,
46-88-89-87,No,No,,,,,,,,,,,,,,,,,,,3,,,No,,
47-20-31-38,No,No,,,,,,,,,,,,,,,,,,,3,,,No,,
48-29-09-53,No,No,,,,,,,,,,,,,,,,,,,3,,,No,,
48-80-07-91,No,Yes,4,56,Village chief,10,Wing agents,NO,,YES,Don't know,NO,,YES,YES,NO,NO,YES,,1,,,,,,
48-89-20-22,No,No,,,,,,,,,,,,,,,,,,,3,,,No,,
48-93-89-78,No,Yes,4,83,Village chief,20,Wing agents,NO,,YES,NO,NO,,YES,NO,NO,YES,YES,,1,,,,,,
49-13-03-02,No,No,,,,,,,,,,,,,,,,,,,3,,,No,,
49-56-39-78,Yes,No,,,,,,,,,,,,,,,,,,,3,,,No,,
50-17-92-80,No,No,,,,,,,,,,,,,,,,,,,3,,,No,,
50-19-59-77,No,No,,,,,,,,,,,,,,,,,,,3,,,No,,
50-20-51-46,Yes,Yes,1,14,Village chief,30,Wing agents,NO,,YES,NO,NO,,YES,NO,NO,NO,YES,,2,YES,,Registered late,Yes,To the village chief,Received the transfer
50-26-41-60,No,No,,,,,,,,,,,,,,,,,,,3,,,No,,
50-42-56-85,No,No,,,,,,,,,,,,,,,,,,,3,,,No,,
50-54-33-12,No,No,,,,,,,,,,,,,,,,,,,3,,,No,,
50-85-43-67,No,No,,,,,,,,,,,,,,,,,,,3,,,No,,
50-86-46-86,No,No,,,,,,,,,,,,,,,,,,,3,,,No,,
51-51-35-80,No,No,,,,,,,,,,,,,,,,,,,3,,,No,,
51-80-19-87,No,No,,,,,,,,,,,,,,,,,,,3,,,Yes,To the commune council,Complain ignored by authorities
52-13-89-92,No,No,,,,,,,,,,,,,,,,,,,3,,,No,,
52-25-31-84,No,No,,,,,,,,,,,,,,,,,,,3,,,No,,
52-55-51-37,No,No,,,,,,,,,,,,,,,,,,,3,,,No,,
52-73-66-11,No,No,,,,,,,,,,,,,,,,,,,3,,,No,,
52-74-11-63,No,No,,,,,,,,,,,,,,,,,,,3,,,No,,
52-80-53-09,No,No,,,,,,,,,,,,,,,,,,,3,,,No,,
52-89-90-66,No,No,,,,,,,,,,,,,,,,,,,3,,,No,,
53-01-23-41,No,No,,,,,,,,,,,,,,,,,,,3,,,No,,
53-39-73-69,No,Yes,4,57,Village chief,60,Wing agents,NO,,YES,Don't know,NO,,YES,YES,NO,NO,YES,,2,,,,,,
53-53-83-12,Yes,Yes,3,53,Village chief,10,Wing agents,NO,,YES,Don't know,NO,,YES,NO,NO,YES,YES,,2,YES,,Registered late,No,,
53-65-29-69,No,No,,,,,,,,,,,,,,,,,,,3,,,No,,
53-79-32-75,No,No,,,,,,,,,,,,,,,,,,,3,,,No,,
54-16-50-08,No,No,,,,,,,,,,,,,,,,,,,3,,,No,,
54-55-17-76,No,No,,,,,,,,,,,,,,,,,,,3,,,No,,
54-62-44-15,No,Yes,4,88,Village chief,10,Wing agents,NO,,YES,Don't know,NO,,YES,YES,NO,NO,YES,,2,,,,,,
55-08-38-92,No,No,,,,,,,,,,,,,,,,,,,3,,,No,,
55-36-37-79,No,No,,,,,,,,,,,,,,,,,,,3,,,No,,
55-37-45-75,No,No,,,,,,,,,,,,,,,,,,,3,,,No,,
55-45-00-38,No,No,,,,,,,,,,,,,,,,,,,3,,,No,,
55-64-14-58,Yes,No,,,,,,,,,,,,,,,,,,,3,,,No,,
55-83-48-37,No,No,,,,,,,,,,,,,,,,,,,3,,,No,,
56-40-85-48,No,Yes,4,72,Village chief,20,Wing agents,NO,,YES,NO,YES,The need for money will be more in the future,YES,YES,NO,NO,YES,,5,,,,,,
56-42-87-09,No,No,,,,,,,,,,,,,,,,,,,3,,,No,,
56-72-91-26,No,No,,,,,,,,,,,,,,,,,,,3,,,No,,
56-89-63-74,No,Yes,4,80,Village chief,10,Wing agents,NO,,YES,NO,NO,,YES,YES,NO,NO,YES,,5,,,,,,
56-97-03-00,No,Yes,4,104,Village chief,10,Wing agents,NO,,YES,Don't know,NO,,YES,YES,YES,NO,YES,,3,,,,,,
57-09-50-11,No,No,,,,,,,,,,,,,,,,,,,3,,,No,,
57-25-12-92,No,No,,,,,,,,,,,,,,,,,,,3,,,No,,
57-30-44-34,No,No,,,,,,,,,,,,,,,,,,,3,,,No,,
57-36-10-30,No,No,,,,,,,,,,,,,,,,,,,3,,,No,,
57-39-04-44,No,No,,,,,,,,,,,,,,,,,,,3,,,No,,
57-57-92-44,No,No,,,,,,,,,,,,,,,,,,,3,,,No,,
57-62-74-67,No,Yes,4,76,Village chief,15,Wing agents,NO,,YES,NO,NO,,YES,YES,NO,NO,YES,,1,,,,,,
57-69-89-87,No,Yes,4,83,Commune council members,30,Wing agents,NO,,YES,NO,NO,,YES,NO,NO,NO,YES,,1,,,,,,
57-77-48-16,No,Yes,4,68,Village chief,10,Wing agents,NO,,YES,NO,NO,,YES,NO,NO,NO,YES,,7,,,,,,
58-12-98-81,No,Yes,4,64,Village chief,30,Wing agents,NO,,YES,Don't know,NO,,YES,YES,NO,NO,YES,,2,,,,,,
58-13-62-89,No,No,,,,,,,,,,,,,,,,,,,3,,,No,,
58-29-75-58,No,No,,,,,,,,,,,,,,,,,,,3,,,No,,
58-43-50-28,No,No,,,,,,,,,,,,,,,,,,,3,,,No,,
58-73-10-11,No,No,,,,,,,,,,,,,,,,,,,3,,,No,,
58-99-58-80,No,Yes,4,64,Village chief,20,Wing agents,NO,,YES,Don't know,NO,,YES,NO,NO,NO,YES,,1,,,,,,
59-05-04-32,No,No,,,,,,,,,,,,,,,,,,,3,,,No,,
59-14-09-40,No,No,,,,,,,,,,,,,,,,,,,3,,,No,,
59-18-03-22,No,No,,,,,,,,,,,,,,,,,,,3,,,No,,
59-27-43-88,No,No,,,,,,,,,,,,,,,,,,,3,,,No,,
59-70-72-12,No,No,,,,,,,,,,,,,,,,,,,3,,,No,,
59-79-57-21,No,No,,,,,,,,,,,,,,,,,,,3,,,No,,
59-90-62-65,No,No,,,,,,,,,,,,,,,,,,,3,,,No,,
60-19-83-04,No,No,,,,,,,,,,,,,,,,,,,3,,,No,,
60-48-87-43,No,No,,,,,,,,,,,,,,,,,,,3,,,No,,
60-73-43-19,No,Yes,2,33,Village chief,90,Wing agents,NO,,YES,NO,NO,,YES,YES,NO,NO,YES,,2,,,,,,
60-91-47-86,No,Yes,4,108,Commune council members,10,Wing agents,NO,,YES,Don't know,NO,,YES,YES,NO,NO,YES,,1,,,,,,
60-94-02-94,No,No,,,,,,,,,,,,,,,,,,,3,,,No,,
61-09-80-29,No,Yes,4,68,Village chief,120,Wing agents,NO,,YES,YES,YES,The need for money will be more in the future,YES,YES,NO,NO,YES,,1,,,,,,
63-08-92-92,No,No,,,,,,,,,,,,,,,,,,,3,,,No,,
63-19-74-12,No,No,,,,,,,,,,,,,,,,,,,3,,,No,,
63-26-65-91,No,No,,,,,,,,,,,,,,,,,,,3,,,No,,
63-48-07-95,No,Yes,3,45,Village chief,10,Wing agents,NO,,YES,Don't know,NO,,YES,NO,NO,NO,YES,,8,,,,,,
63-56-10-69,No,No,,,,,,,,,,,,,,,,,,,3,,,No,,
63-85-72-79,Yes,Yes,2,24,Mobile phone call,3,Wing agents,NO,,YES,Don't know,NO,,YES,YES,NO,NO,YES,,2,YES,,Registered late,No,,
64-29-61-57,No,Yes,4,65,Village chief,10,Wing agents,NO,,YES,NO,NO,,YES,NO,NO,NO,YES,,1,,,,,,
64-48-28-24,No,No,,,,,,,,,,,,,,,,,,,3,,,No,,
64-71-22-76,No,No,,,,,,,,,,,,,,,,,,,3,,,No,,
64-87-88-01,No,No,,,,,,,,,,,,,,,,,,,3,,,No,,
65-03-40-91,No,No,,,,,,,,,,,,,,,,,,,3,,,No,,
65-14-28-12,No,Yes,3,48,Commune council members,5,Wing agents,NO,,YES,Don't know,NO,,YES,NO,YES,NO,YES,,2,,,,,,
65-15-70-94,No,Yes,4,58,Village chief,30,Wing agents,NO,,YES,NO,NO,,YES,YES,NO,NO,YES,,1,,,,,,
65-26-06-23,No,No,,,,,,,,,,,,,,,,,,,3,,,No,,
65-42-12-59,No,Yes,4,113,Village chief,15,Wing agents,NO,12000,YES,YES,NO,,YES,NO,NO,YES,YES,,1,,,,,,
65-57-01-02,Yes,No,,,,,,,,,,,,,,,,,,,3,,,No,,
65-60-80-72,No,Yes,4,45,Village chief,1,Wing agents,NO,,YES,Don't know,NO,,YES,NO,NO,NO,YES,,1,,,,,,
65-62-93-31,No,No,,,,,,,,,,,,,,,,,,,3,,,No,,
65-65-50-55,No,No,,,,,,,,,,,,,,,,,,,3,,,No,,
65-85-43-35,No,No,,,,,,,,,,,,,,,,,,,3,,,No,,
66-09-77-42,No,No,,,,,,,,,,,,,,,,,,,3,,,No,,
66-09-95-16,No,Yes,4,45,Village chief,12,Wing agents,NO,,YES,Don't know,NO,,YES,NO,NO,NO,YES,,1,,,,,,
66-41-98-09,No,No,,,,,,,,,,,,,,,,,,,3,,,No,,
66-72-46-34,No,No,,,,,,,,,,,,,,,,,,,3,,,No,,
66-73-72-28,No,No,,,,,,,,,,,,,,,,,,,3,,,No,,
66-98-68-75,No,No,,,,,,,,,,,,,,,,,,,3,,,No,,
67-04-29-75,No,No,,,,,,,,,,,,,,,,,,,3,,,No,,
67-06-49-60,No,No,,,,,,,,,,,,,,,,,,,3,,,No,,
67-43-18-76,No,No,,,,,,,,,,,,,,,,,,,3,,,No,,
67-59-04-59,No,No,,,,,,,,,,,,,,,,,,,3,,,No,,
67-60-15-46,No,No,,,,,,,,,,,,,,,,,,,3,,,No,,
67-80-47-65,No,No,,,,,,,,,,,,,,,,,,,3,,,No,,
67-89-30-52,No,Yes,4,84,Village chief,10,Wing agents,NO,,YES,Don't know,NO,,YES,YES,NO,NO,YES,,2,,,,,,
67-91-61-84,No,No,,,,,,,,,,,,,,,,,,,3,,,No,,
68-34-61-83,No,No,,,,,,,,,,,,,,,,,,,3,,,No,,
68-38-01-69,No,No,,,,,,,,,,,,,,,,,,,3,,,No,,
68-45-34-74,No,No,,,,,,,,,,,,,,,,,,,3,,,No,,
69-00-14-35,No,No,,,,,,,,,,,,,,,,,,,3,,,No,,
69-03-20-16,No,Yes,3,66,Village chief,10,Wing agents,NO,,YES,Don't know,NO,,YES,YES,NO,NO,YES,,1,,,,,,
69-06-28-03,No,Yes,3,42,Village chief,60,Wing agents,NO,,YES,Don't know,NO,,YES,NO,NO,NO,YES,,2,,,,,,
69-08-19-24,No,No,,,,,,,,,,,,,,,,,,,3,,,No,,
69-21-58-74,No,No,,,,,,,,,,,,,,,,,,,3,,,No,,
69-30-44-27,No,No,,,,,,,,,,,,,,,,,,,3,,,No,,
69-45-68-23,No,Yes,3,54,Village chief,15,Wing agents,NO,,YES,YES,NO,,YES,NO,NO,NO,YES,,2,,,,,,
69-46-48-50,No,No,,,,,,,,,,,,,,,,,,,3,,,No,,
69-88-71-37,No,No,,,,,,,,,,,,,,,,,,,3,,,No,,
69-96-21-12,No,No,,,,,,,,,,,,,,,,,,,3,,,No,,
70-05-55-27,No,No,,,,,,,,,,,,,,,,,,,3,,,No,,
70-11-22-03,No,No,,,,,,,,,,,,,,,,,,,3,,,No,,
70-11-55-43,No,No,,,,,,,,,,,,,,,,,,,3,,,No,,
70-34-49-84,No,No,,,,,,,,,,,,,,,,,,,3,,,No,,
70-69-66-16,No,No,,,,,,,,,,,,,,,,,,,3,,,No,,
70-81-55-76,No,No,,,,,,,,,,,,,,,,,,,3,,,No,,
70-97-59-22,No,No,,,,,,,,,,,,,,,,,,,3,,,No,,
71-09-53-26,No,No,,,,,,,,,,,,,,,,,,,3,,,No,,
71-71-37-89,No,No,,,,,,,,,,,,,,,,,,,3,,,No,,
71-97-83-07,Yes,No,,,,,,,,,,,,,,,,,,,3,,,No,,
72-37-13-33,No,No,,,,,,,,,,,,,,,,,,,3,,,No,,
72-45-65-29,No,No,,,,,,,,,,,,,,,,,,,3,,,No,,
72-68-27-38,No,No,,,,,,,,,,,,,,,,,,,3,,,No,,
72-86-90-07,No,No,,,,,,,,,,,,,,,,,,,3,,,No,,
72-92-01-02,No,No,,,,,,,,,,,,,,,,,,,3,,,No,,
73-05-97-72,No,No,,,,,,,,,,,,,,,,,,,3,,,No,,
73-14-02-84,No,Yes,4,44,Other village members,20,Wing agents,NO,,YES,YES,YES,The need for money will be more in the future,YES,NO,NO,YES,YES,,2,,,,,,
73-17-81-25,No,No,,,,,,,,,,,,,,,,,,,3,,,No,,
73-36-22-94,No,No,,,,,,,,,,,,,,,,,,,3,,,No,,
73-39-29-63,Yes,Yes,3,34,Village chief,3,Wing agents,NO,,YES,NO,NO,,YES,NO,NO,NO,YES,,1,YES,,Registered late,No,,
73-70-46-99,No,No,,,,,,,,,,,,,,,,,,,3,,,No,,
74-57-17-75,No,No,,,,,,,,,,,,,,,,,,,3,,,No,,
74-63-83-49,No,No,,,,,,,,,,,,,,,,,,,3,,,No,,
74-67-51-83,No,No,,,,,,,,,,,,,,,,,,,3,,,No,,
74-81-56-83,No,No,,,,,,,,,,,,,,,,,,,3,,,No,,
74-86-45-86,No,No,,,,,,,,,,,,,,,,,,,NO,Unaware of the program,,No,,
76-21-65-16,No,No,,,,,,,,,,,,,,,,,,,3,,,No,,
76-22-55-80,No,Yes,4,68,Village chief,10,Wing agents,NO,,YES,Don't know,NO,,YES,NO,NO,NO,YES,,2,,,,,,
76-56-99-54,No,No,,,,,,,,,,,,,,,,,,,3,,,No,,
76-57-84-06,No,No,,,,,,,,,,,,,,,,,,,3,,,No,,
76-95-05-44,No,No,,,,,,,,,,,,,,,,,,,3,,,No,,
77-03-40-90,No,No,,,,,,,,,,,,,,,,,,,3,,,No,,
77-18-77-96,No,No,,,,,,,,,,,,,,,,,,,3,,,No,,
77-60-01-54,No,No,,,,,,,,,,,,,,,,,,,3,,,No,,
77-70-84-36,No,No,,,,,,,,,,,,,,,,,,,3,,,No,,
77-71-94-82,No,No,,,,,,,,,,,,,,,,,,,3,,,No,,
78-69-73-86,No,No,,,,,,,,,,,,,,,,,,,3,,,No,,
79-51-56-38,No,Yes,4,64,Village chief,20,Wing agents,NO,,YES,YES,NO,,YES,NO,NO,NO,YES,,2,,,,,,
79-65-65-94,No,No,,,,,,,,,,,,,,,,,,,3,,,No,,
79-72-98-96,No,No,,,,,,,,,,,,,,,,,,,3,,,No,,
79-85-65-98,No,No,,,,,,,,,,,,,,,,,,,3,,,Yes,To the village chief,Explain the reason for not getting the transfer
79-90-83-59,No,No,,,,,,,,,,,,,,,,,,,3,,,No,,
79-96-97-70,No,No,,,,,,,,,,,,,,,,,,,3,,,No,,
80-40-93-12,No,No,,,,,,,,,,,,,,,,,,,3,,,No,,
80-49-06-34,No,No,,,,,,,,,,,,,,,,,,,3,,,No,,
80-49-49-04,No,No,,,,,,,,,,,,,,,,,,,3,,,Yes,To the commune chief,Complain ignored by authorities
80-58-14-70,No,Yes,4,44,Village chief,20,Wing agents,NO,,YES,Don't know,NO,,YES,NO,NO,NO,YES,,1,,,,,,
80-72-64-44,No,No,,,,,,,,,,,,,,,,,,,3,,,No,,
81-20-01-76,No,No,,,,,,,,,,,,,,,,,,,3,,,No,,
81-36-68-15,No,No,,,,,,,,,,,,,,,,,,,3,,,No,,
81-48-88-00,No,No,,,,,,,,,,,,,,,,,,,3,,,No,,
82-16-53-06,No,Yes,3,58,Village chief,15,Wing agents,NO,,YES,Don't know,NO,,YES,NO,NO,NO,YES,,2,,,,,,
82-82-33-85,No,No,,,,,,,,,,,,,,,,,,,3,,,No,,
83-15-19-66,No,Yes,4,56,Village chief,40,Wing agents,NO,,YES,YES,NO,,YES,YES,NO,NO,YES,,2,,,,,,
83-24-97-14,No,No,,,,,,,,,,,,,,,,,,,NO,,,No,,
83-62-66-29,No,No,,,,,,,,,,,,,,,,,,,3,,,No,,
83-78-78-49,No,No,,,,,,,,,,,,,,,,,,,3,,,No,,
83-82-40-74,No,No,,,,,,,,,,,,,,,,,,,3,,,No,,
84-26-72-24,No,Yes,4,48,Village chief,3,Wing agents,NO,,YES,Don't know,NO,,YES,NO,NO,NO,YES,,4,,,,,,
84-31-44-97,No,No,,,,,,,,,,,,,,,,,,,3,,,No,,
84-37-56-77,No,No,,,,,,,,,,,,,,,,,,,3,,,No,,
84-65-10-22,No,No,,,,,,,,,,,,,,,,,,,3,,,No,,
84-70-29-25,No,Yes,4,80,Village chief,30,Wing agents,NO,,YES,Don't know,NO,,YES,YES,NO,NO,YES,,4,,,,,,
84-79-70-97,No,Yes,4,96,Village chief,30,Wing agents,NO,,YES,NO,NO,,YES,YES,NO,NO,YES,,5,,,,,,
85-01-15-29,No,No,,,,,,,,,,,,,,,,,,,3,,,No,,
85-03-27-87,No,No,,,,,,,,,,,,,,,,,,,3,,,No,,
85-06-62-86,No,No,,,,,,,,,,,,,,,,,,,3,,,No,,
85-16-54-30,No,Yes,4,99,Village chief,5,Wing agents,NO,,YES,Don't know,NO,,YES,NO,NO,NO,YES,,1,,,,,,
85-25-56-55,No,No,,,,,,,,,,,,,,,,,,,3,,,No,,
85-69-58-56,No,No,,,,,,,,,,,,,,,,,,,3,,,No,,
85-73-20-42,No,No,,,,,,,,,,,,,,,,,,,3,,,No,,
85-73-97-33,No,Yes,2,20,Village chief,30,Wing agents,NO,,YES,Don't know,NO,,YES,NO,NO,NO,YES,,1,,,,,,
86-42-22-29,No,No,,,,,,,,,,,,,,,,,,,3,,,Yes,To the village chief,Explain the reason for not getting the transfer
86-62-31-38,No,No,,,,,,,,,,,,,,,,,,,3,,,No,,
86-88-12-40,No,No,,,,,,,,,,,,,,,,,,,3,,,No,,
87-41-40-78,No,No,,,,,,,,,,,,,,,,,,,3,,,No,,
87-52-91-38,No,Yes,3,34,Village chief,60,Wing agents,NO,,YES,NO,NO,,YES,YES,NO,NO,YES,,1,,,,,,
87-58-41-57,No,No,,,,,,,,,,,,,,,,,,,3,,,No,,
87-60-75-90,No,No,,,,,,,,,,,,,,,,,,,3,,,No,,
87-64-17-69,No,No,,,,,,,,,,,,,,,,,,,3,,,No,,
87-76-07-29,No,No,,,,,,,,,,,,,,,,,,,3,,,No,,
87-83-02-60,No,No,,,,,,,,,,,,,,,,,,,3,,,No,,
87-93-61-92,No,No,,,,,,,,,,,,,,,,,,,YES,,Was disqualified from the program,Yes,To the village chief,Explain the reason for not getting the transfer
88-05-51-96,No,No,,,,,,,,,,,,,,,,,,,3,,,No,,
88-21-21-87,No,No,,,,,,,,,,,,,,,,,,,3,,,No,,
88-32-05-81,No,No,,,,,,,,,,,,,,,,,,,3,,,No,,
88-52-19-69,No,No,,,,,,,,,,,,,,,,,,,3,,,No,,
88-55-90-62,No,No,,,,,,,,,,,,,,,,,,,3,,,No,,
89-00-81-23,No,No,,,,,,,,,,,,,,,,,,,3,,,No,,
89-18-01-05,No,No,,,,,,,,,,,,,,,,,,,3,,,No,,
89-18-79-86,No,No,,,,,,,,,,,,,,,,,,,3,,,No,,
89-30-53-74,No,No,,,,,,,,,,,,,,,,,,,3,,,No,,
89-51-49-68,No,No,,,,,,,,,,,,,,,,,,,3,,,No,,
89-56-07-85,No,Yes,4,60,Village chief,30,Wing agents,NO,,YES,Don't know,NO,,YES,YES,NO,NO,YES,,2,,,,,,
89-93-50-24,No,No,,,,,,,,,,,,,,,,,,,3,,,No,,
90-22-35-16,No,No,,,,,,,,,,,,,,,,,,,3,,,No,,
90-49-69-32,No,Yes,3,48,Village chief,30,Wing agents,NO,,YES,Don't know,NO,,YES,YES,NO,NO,YES,,4,,,,,,
90-50-18-25,No,No,,,,,,,,,,,,,,,,,,,3,,,No,,
90-70-32-77,No,No,,,,,,,,,,,,,,,,,,,3,,,No,,
90-72-63-71,No,No,,,,,,,,,,,,,,,,,,,3,,,No,,
90-90-59-67,No,No,,,,,,,,,,,,,,,,,,,3,,,No,,
90-98-61-29,No,Yes,2,49,Village chief,20,Wing agents,NO,,YES,Don't know,NO,,YES,NO,NO,NO,YES,,1,,,,,,
91-12-21-18,No,No,,,,,,,,,,,,,,,,,,,3,,,No,,
91-26-98-02,No,Yes,3,45,Village chief,20,Wing agents,NO,,YES,YES,NO,,YES,YES,NO,NO,YES,,3,,,,,,
91-32-31-35,No,Yes,4,56,Village chief,30,Wing agents,NO,,YES,Don't know,NO,,YES,YES,NO,NO,YES,,2,,,,,,
91-47-37-79,No,No,,,,,,,,,,,,,,,,,,,3,,,No,,
91-64-79-49,No,No,,,,,,,,,,,,,,,,,,,3,,,No,,
91-75-84-89,No,Yes,3,69,Commune council members,5,Wing agents,NO,,YES,NO,NO,,YES,NO,NO,NO,YES,,1,,,,,,
91-92-90-54,No,No,,,,,,,,,,,,,,,,,,,YES,,Did not meet the criteria,Yes,To the village chief,Explain the reason for not getting the transfer
92-52-64-60,No,No,,,,,,,,,,,,,,,,,,,3,,,No,,
92-54-15-40,No,No,,,,,,,,,,,,,,,,,,,3,,,No,,
92-90-62-95,No,No,,,,,,,,,,,,,,,,,,,3,,,No,,
93-07-64-20,No,No,,,,,,,,,,,,,,,,,,,3,,,No,,
93-34-63-42,No,No,,,,,,,,,,,,,,,,,,,3,,,No,,
93-71-89-46,No,No,,,,,,,,,,,,,,,,,,,3,,,No,,
94-77-00-60,Yes,Yes,2,40,Village chief,30,Wing agents,NO,,YES,Don't know,NO,,YES,NO,NO,NO,YES,,1,YES,,Registered late,Yes,To the village chief,Received the transfer
94-82-96-77,No,No,,,,,,,,,,,,,,,,,,,3,,,No,,
94-95-85-94,No,No,,,,,,,,,,,,,,,,,,,3,,,No,,
95-04-09-29,No,No,,,,,,,,,,,,,,,,,,,3,,,No,,
95-47-06-74,No,No,,,,,,,,,,,,,,,,,,,3,,,No,,
95-56-74-69,No,No,,,,,,,,,,,,,,,,,,,3,,,No,,
95-62-65-76,No,Yes,3,44,Other village members,20,Wing agents,NO,,YES,YES,NO,,YES,YES,NO,NO,YES,,3,,,,,,
95-65-40-38,No,No,,,,,,,,,,,,,,,,,,,3,,,No,,
95-72-64-75,No,No,,,,,,,,,,,,,,,,,,,3,,,No,,
95-80-09-27,No,No,,,,,,,,,,,,,,,,,,,3,,,No,,
95-89-65-41,Yes,Yes,4,60,Mobile phone call,20,Wing agents,NO,,YES,Don't know,NO,,YES,NO,NO,NO,YES,,1,,,,,,
96-06-20-32,No,No,,,,,,,,,,,,,,,,,,,3,,,No,,
96-43-59-47,No,No,,,,,,,,,,,,,,,,,,,3,,,No,,
96-72-01-47,No,No,,,,,,,,,,,,,,,,,,,3,,,Yes,To the village chief,Complain ignored by authorities
96-84-49-20,No,No,,,,,,,,,,,,,,,,,,,3,,,No,,
97-19-44-22,No,No,,,,,,,,,,,,,,,,,,,3,,,No,,
97-23-41-88,No,No,,,,,,,,,,,,,,,,,,,3,,,No,,
97-56-15-57,No,No,,,,,,,,,,,,,,,,,,,3,,,No,,
97-63-33-82,No,No,,,,,,,,,,,,,,,,,,,3,,,No,,
97-67-52-97,No,No,,,,,,,,,,,,,,,,,,,3,,,No,,
98-07-47-63,Yes,No,,,,,,,,,,,,,,,,,,,YES,,Was disqualified from the program,Yes,To the commune chief,No action
98-57-95-05,No,No,,,,,,,,,,,,,,,,,,,3,,,No,,
98-59-09-34,No,No,,,,,,,,,,,,,,,,,,,3,,,No,,
98-66-84-72,No,Yes,4,50,Village chief,30,Wing agents,NO,,YES,YES,YES,The need for money will be more in the future,YES,YES,NO,NO,YES,,1,,,,,,
98-90-99-04,No,Yes,4,96,Village chief,40,Wing agents,NO,,YES,Don't know,NO,,YES,YES,NO,NO,YES,,2,,,,,,
98-91-03-89,No,No,,,,,,,,,,,,,,,,,,,3,,,No,,
98-93-03-74,No,No,,,,,,,,,,,,,,,,,,,3,,,No,,
99-02-91-63,No,Yes,4,128,Commune council members,5,Wing agents,NO,,YES,Don't know,NO,,YES,YES,YES,NO,YES,,2,,,,,,
99-51-79-01,No,Yes,4,68,Village chief,5,Wing agents,NO,,YES,NO,NO,,YES,YES,NO,NO,YES,,1,,,,,,
99-86-73-41,No,No,,,,,,,,,,,,,,,,,,,3,,,No,,
99-98-60-29,No,No,,,,,,,,,,,,,,,,,,,3,,,No,,
