interview__key,s3q3__1,s3q3__2,s3q3__3,s3q3__4,s3q3__5,s3q3__6,s3q3__7,s3q3__8,s3q3__9,s3q3__10,s3q3__11,s3q3__12,s3q4,s3q5__1,s3q5__2,s3q5__3,s3q5__4,s3q5__5
00-18-15-60,YES,NO,NO,NO,NO,NO,NO,NO,NO,YES,NO,NO,Yes,,,,,
00-28-98-16,NO,NO,NO,NO,NO,NO,NO,NO,NO,YES,NO,NO,Yes,,,,,
00-40-34-48,NO,NO,NO,NO,NO,NO,NO,NO,NO,YES,NO,NO,Yes,,,,,
00-45-00-37,YES,NO,NO,NO,NO,NO,NO,NO,NO,YES,NO,NO,Yes,,,,,
00-54-36-13,NO,NO,NO,NO,NO,NO,NO,NO,NO,YES,NO,NO,Yes,,,,,
01-32-06-48,NO,NO,NO,NO,NO,NO,NO,NO,NO,YES,NO,NO,Yes,,,,,
02-11-13-92,NO,NO,NO,NO,NO,NO,NO,NO,NO,YES,NO,NO,Yes,,,,,
02-89-30-22,NO,NO,NO,NO,NO,NO,NO,NO,NO,YES,NO,NO,Yes,,,,,
02-96-12-77,NO,NO,NO,NO,NO,NO,NO,NO,NO,YES,NO,NO,Yes,,,,,
03-57-84-60,NO,NO,NO,NO,NO,NO,NO,NO,NO,YES,NO,NO,Yes,,,,,
03-77-64-79,NO,NO,NO,NO,NO,NO,NO,NO,NO,YES,NO,NO,Yes,,,,,
03-81-33-62,YES,NO,NO,NO,NO,NO,NO,NO,NO,YES,NO,NO,Yes,,,,,
03-84-81-65,NO,NO,NO,NO,NO,NO,NO,NO,NO,YES,NO,NO,Yes,,,,,
04-13-23-41,NO,NO,NO,NO,NO,NO,NO,NO,NO,YES,NO,NO,Yes,,,,,
04-17-01-55,NO,NO,NO,NO,NO,NO,NO,NO,NO,YES,NO,NO,Yes,,,,,
05-00-24-69,NO,NO,NO,NO,NO,NO,NO,NO,NO,YES,NO,NO,Yes,,,,,
05-81-85-24,NO,NO,NO,NO,NO,NO,NO,NO,NO,YES,NO,NO,Yes,,,,,
06-38-45-14,NO,NO,NO,NO,NO,NO,NO,NO,NO,YES,NO,NO,Yes,,,,,
06-58-76-54,NO,NO,NO,NO,NO,NO,NO,NO,NO,YES,NO,NO,Yes,,,,,
06-65-48-93,YES,NO,NO,YES,NO,NO,NO,NO,NO,YES,NO,NO,Yes,,,,,
06-89-25-87,NO,NO,NO,NO,NO,NO,NO,NO,NO,YES,NO,NO,Yes,,,,,
07-07-39-43,NO,NO,NO,NO,NO,NO,NO,NO,NO,YES,NO,NO,Yes,,,,,
07-90-82-24,YES,NO,NO,NO,NO,NO,NO,NO,NO,YES,NO,NO,Yes,,,,,
08-40-28-73,NO,NO,NO,NO,NO,NO,NO,NO,NO,YES,NO,NO,Yes,,,,,
08-87-44-02,YES,YES,NO,NO,NO,NO,NO,NO,NO,YES,NO,NO,Yes,,,,,
08-98-49-88,NO,NO,NO,NO,NO,NO,NO,NO,NO,YES,NO,NO,Yes,,,,,
09-03-50-98,NO,NO,NO,NO,NO,NO,NO,NO,NO,YES,NO,NO,Yes,,,,,
09-11-38-06,YES,NO,NO,YES,NO,NO,NO,NO,NO,YES,NO,NO,Yes,,,,,
09-25-43-00,NO,NO,NO,NO,NO,NO,NO,NO,NO,YES,NO,NO,Yes,,,,,
09-26-57-25,NO,NO,NO,NO,NO,NO,NO,NO,NO,YES,NO,NO,Yes,,,,,
09-27-61-41,NO,NO,NO,NO,NO,NO,NO,NO,NO,YES,NO,NO,Yes,,,,,
09-69-61-77,YES,NO,NO,NO,NO,NO,NO,NO,NO,YES,NO,NO,Yes,,,,,
09-72-34-65,NO,NO,NO,NO,NO,NO,NO,NO,NO,YES,NO,NO,Yes,,,,,
09-94-37-20,NO,NO,NO,NO,NO,NO,NO,NO,NO,YES,NO,NO,Yes,,,,,
10-00-77-35,NO,NO,NO,NO,NO,NO,NO,NO,NO,YES,NO,NO,Yes,,,,,
10-30-18-95,YES,NO,NO,YES,NO,NO,NO,NO,NO,YES,NO,NO,Yes,,,,,
10-83-76-94,YES,NO,NO,NO,NO,NO,NO,NO,NO,YES,NO,NO,Yes,,,,,
10-90-66-62,NO,NO,NO,NO,NO,NO,NO,NO,NO,YES,NO,NO,Yes,,,,,
10-97-49-10,NO,NO,NO,NO,NO,NO,NO,NO,NO,YES,NO,NO,Yes,,,,,
11-11-31-58,NO,NO,NO,NO,NO,NO,NO,NO,NO,YES,NO,NO,Yes,,,,,
11-16-10-36,NO,NO,NO,NO,NO,NO,NO,NO,NO,YES,NO,NO,Yes,,,,,
11-71-06-95,NO,NO,NO,NO,NO,NO,NO,NO,NO,YES,NO,NO,Yes,,,,,
11-78-09-29,NO,NO,NO,NO,NO,NO,NO,NO,NO,YES,NO,NO,Yes,,,,,
11-79-71-86,NO,NO,YES,NO,NO,NO,NO,NO,NO,YES,NO,NO,Yes,,,,,
12-07-23-17,NO,NO,NO,NO,NO,NO,NO,NO,NO,YES,NO,NO,Yes,,,,,
12-16-17-74,NO,NO,NO,YES,NO,NO,NO,NO,NO,YES,NO,NO,Yes,,,,,
12-33-47-68,YES,NO,NO,NO,NO,NO,NO,NO,NO,YES,NO,NO,Yes,,,,,
12-82-57-48,NO,NO,NO,NO,NO,NO,NO,NO,NO,YES,NO,NO,Yes,,,,,
13-39-71-32,NO,YES,NO,NO,NO,NO,NO,NO,NO,YES,NO,NO,Yes,,,,,
13-41-36-30,NO,NO,NO,NO,NO,NO,NO,NO,NO,YES,NO,NO,Yes,,,,,
13-52-02-28,NO,NO,NO,NO,NO,NO,NO,NO,NO,YES,NO,NO,Yes,,,,,
13-62-04-21,NO,NO,NO,NO,NO,NO,NO,NO,NO,YES,NO,NO,Yes,,,,,
13-62-51-43,NO,NO,NO,NO,NO,NO,NO,NO,NO,YES,NO,NO,Yes,,,,,
13-81-20-31,NO,NO,NO,NO,NO,NO,NO,NO,NO,YES,NO,NO,Yes,,,,,
14-09-59-69,NO,NO,NO,NO,NO,NO,NO,NO,NO,YES,NO,NO,Yes,,,,,
14-78-41-57,NO,NO,NO,NO,NO,NO,NO,NO,NO,YES,NO,NO,Yes,,,,,
14-89-02-15,NO,NO,NO,NO,NO,NO,NO,NO,NO,YES,NO,NO,Yes,,,,,
14-93-22-59,NO,NO,NO,NO,NO,NO,NO,NO,NO,YES,NO,NO,Yes,,,,,
14-94-97-50,NO,NO,NO,NO,NO,NO,NO,NO,NO,YES,NO,NO,Yes,,,,,
14-97-32-57,NO,NO,NO,NO,NO,NO,NO,NO,NO,YES,NO,NO,Yes,,,,,
14-98-08-92,NO,NO,NO,NO,NO,NO,NO,NO,NO,YES,NO,NO,Yes,,,,,
15-09-32-42,YES,NO,NO,NO,NO,NO,NO,NO,NO,YES,NO,NO,Yes,,,,,
15-48-00-43,NO,NO,NO,NO,NO,NO,NO,NO,NO,YES,NO,NO,Yes,,,,,
15-62-16-76,NO,NO,NO,NO,NO,NO,NO,NO,NO,YES,NO,NO,Yes,,,,,
15-80-17-44,NO,NO,NO,NO,NO,NO,NO,NO,NO,YES,NO,NO,Yes,,,,,
15-87-00-11,NO,NO,NO,NO,NO,NO,NO,NO,NO,YES,NO,NO,Yes,,,,,
16-15-53-72,NO,NO,NO,NO,NO,NO,NO,NO,NO,YES,NO,NO,Yes,,,,,
16-17-55-72,NO,NO,NO,NO,NO,NO,NO,NO,NO,YES,NO,NO,Yes,,,,,
16-42-96-59,NO,NO,NO,NO,NO,NO,NO,NO,NO,YES,NO,NO,Yes,,,,,
16-52-89-41,NO,NO,NO,NO,NO,NO,NO,NO,NO,YES,NO,NO,Yes,,,,,
16-59-81-75,NO,NO,NO,NO,NO,NO,NO,NO,NO,YES,NO,NO,Yes,,,,,
16-74-28-23,YES,NO,NO,NO,NO,NO,NO,NO,NO,YES,NO,NO,Yes,,,,,
16-77-88-96,NO,NO,NO,NO,NO,NO,NO,NO,NO,YES,NO,NO,Yes,,,,,
16-83-14-42,NO,NO,NO,NO,NO,NO,NO,NO,NO,YES,NO,NO,Yes,,,,,
16-85-46-70,NO,NO,NO,NO,NO,NO,NO,NO,NO,YES,NO,NO,Yes,,,,,
16-96-19-45,NO,NO,NO,NO,NO,NO,NO,NO,NO,YES,NO,NO,Yes,,,,,
17-01-45-98,NO,NO,NO,NO,NO,NO,NO,NO,NO,YES,NO,NO,Yes,,,,,
17-18-68-28,YES,NO,NO,YES,YES,NO,NO,NO,NO,YES,NO,NO,Yes,,,,,
17-29-58-15,NO,NO,NO,NO,NO,NO,NO,NO,NO,YES,NO,NO,Yes,,,,,
17-67-81-96,YES,NO,NO,NO,NO,NO,NO,NO,NO,YES,NO,NO,Yes,,,,,
17-68-86-89,NO,NO,NO,NO,NO,NO,NO,NO,NO,YES,NO,NO,Yes,,,,,
17-88-33-48,NO,NO,NO,NO,NO,NO,NO,NO,NO,YES,NO,NO,Yes,,,,,
18-05-71-79,NO,NO,NO,NO,NO,NO,NO,NO,NO,YES,NO,NO,Yes,,,,,
18-83-71-39,NO,NO,NO,NO,NO,NO,NO,NO,NO,YES,NO,NO,Yes,,,,,
18-91-78-21,NO,NO,NO,NO,NO,NO,NO,NO,NO,YES,NO,NO,Yes,,,,,
19-02-16-28,YES,NO,NO,NO,NO,NO,NO,NO,NO,YES,NO,NO,Yes,,,,,
19-20-48-23,NO,NO,NO,NO,NO,NO,NO,NO,NO,YES,NO,NO,Yes,,,,,
19-39-08-63,NO,NO,NO,NO,NO,NO,NO,NO,NO,YES,NO,NO,Yes,,,,,
19-72-67-09,YES,NO,NO,NO,NO,NO,NO,NO,NO,YES,NO,NO,Yes,,,,,
20-05-86-82,NO,NO,NO,NO,NO,NO,NO,NO,NO,YES,NO,NO,Yes,,,,,
20-20-96-41,NO,NO,NO,NO,NO,NO,NO,NO,NO,YES,NO,NO,Yes,,,,,
20-28-07-52,NO,NO,NO,NO,NO,NO,NO,NO,NO,YES,NO,NO,Yes,,,,,
20-39-98-99,NO,NO,NO,NO,NO,NO,NO,NO,NO,YES,NO,NO,Yes,,,,,
20-73-25-13,NO,NO,NO,NO,NO,NO,NO,NO,NO,YES,NO,NO,Yes,,,,,
20-76-11-93,NO,NO,NO,NO,NO,NO,NO,NO,NO,YES,NO,NO,Yes,,,,,
20-80-17-46,YES,NO,NO,NO,NO,NO,NO,NO,NO,YES,NO,NO,Yes,,,,,
20-82-62-78,NO,NO,NO,NO,NO,NO,NO,NO,NO,YES,NO,NO,Yes,,,,,
21-09-64-49,NO,NO,NO,NO,NO,NO,NO,NO,NO,YES,NO,NO,Yes,,,,,
21-28-36-64,YES,NO,NO,NO,NO,NO,NO,NO,NO,YES,NO,NO,Yes,,,,,
21-33-55-76,NO,NO,NO,NO,NO,NO,NO,NO,NO,YES,NO,NO,Yes,,,,,
21-82-19-65,NO,NO,NO,NO,NO,NO,NO,NO,NO,YES,NO,NO,Yes,,,,,
22-06-96-95,NO,NO,NO,NO,NO,NO,NO,NO,NO,YES,NO,NO,Yes,,,,,
22-27-53-02,NO,NO,NO,NO,NO,NO,NO,NO,NO,YES,NO,NO,Yes,,,,,
22-34-46-74,YES,NO,NO,NO,NO,NO,NO,NO,NO,YES,NO,NO,Yes,,,,,
22-80-62-03,NO,NO,NO,YES,NO,NO,NO,NO,NO,YES,NO,NO,Yes,,,,,
22-89-95-50,NO,NO,NO,NO,NO,NO,NO,NO,NO,YES,NO,NO,Yes,,,,,
22-91-55-07,NO,NO,NO,NO,NO,NO,NO,NO,NO,YES,NO,NO,Yes,,,,,
23-84-75-04,NO,NO,NO,NO,NO,NO,NO,NO,NO,YES,NO,NO,Yes,,,,,
23-95-76-25,NO,NO,NO,YES,NO,NO,NO,NO,NO,YES,NO,NO,Yes,,,,,
24-50-42-93,NO,NO,NO,NO,NO,NO,NO,NO,NO,YES,NO,NO,Yes,,,,,
24-54-99-87,YES,NO,NO,NO,NO,NO,NO,NO,NO,YES,NO,NO,Yes,,,,,
24-78-94-60,NO,NO,NO,NO,NO,NO,NO,NO,NO,YES,NO,NO,Yes,,,,,
24-82-80-64,NO,NO,NO,NO,NO,NO,NO,NO,NO,YES,NO,NO,Yes,,,,,
25-17-44-91,NO,NO,NO,NO,NO,NO,NO,NO,NO,YES,NO,NO,Yes,,,,,
25-42-18-96,NO,NO,NO,NO,NO,NO,NO,NO,NO,YES,NO,NO,Yes,,,,,
25-91-93-59,NO,NO,NO,NO,NO,NO,NO,NO,NO,YES,NO,NO,Yes,,,,,
26-18-30-56,NO,NO,NO,NO,NO,NO,NO,NO,NO,YES,NO,NO,Yes,,,,,
26-47-81-10,YES,NO,NO,NO,NO,NO,NO,NO,NO,YES,NO,NO,Yes,,,,,
26-92-52-70,YES,NO,NO,NO,NO,NO,NO,NO,NO,YES,NO,NO,Yes,,,,,
27-08-88-11,YES,NO,NO,NO,NO,NO,NO,NO,NO,YES,NO,NO,Yes,,,,,
27-21-36-53,YES,NO,NO,NO,NO,NO,NO,NO,NO,YES,NO,NO,No,NO,NO,NO,NO,YES
27-29-97-73,NO,NO,NO,NO,NO,NO,NO,NO,NO,YES,NO,NO,Yes,,,,,
27-33-92-06,NO,NO,NO,NO,NO,NO,NO,NO,NO,YES,NO,NO,Yes,,,,,
27-55-59-49,YES,NO,NO,YES,NO,NO,NO,NO,NO,YES,NO,NO,Yes,,,,,
28-71-17-92,NO,NO,NO,NO,NO,NO,NO,NO,NO,YES,NO,NO,Yes,,,,,
28-88-05-65,NO,NO,NO,NO,NO,NO,NO,NO,NO,YES,NO,NO,Yes,,,,,
28-94-48-29,YES,YES,NO,NO,NO,NO,NO,NO,NO,YES,NO,NO,Yes,,,,,
28-99-21-75,NO,NO,NO,NO,NO,NO,NO,NO,NO,YES,NO,NO,Yes,,,,,
29-53-69-61,YES,NO,NO,NO,NO,NO,NO,NO,NO,YES,NO,NO,Yes,,,,,
29-56-08-14,NO,NO,NO,NO,NO,NO,NO,NO,NO,YES,NO,NO,Yes,,,,,
29-65-13-28,NO,NO,NO,NO,NO,NO,NO,NO,NO,YES,NO,NO,Yes,,,,,
29-94-26-51,NO,NO,NO,NO,NO,NO,NO,NO,NO,YES,NO,NO,Yes,,,,,
29-96-85-38,YES,NO,NO,NO,NO,NO,NO,NO,NO,YES,NO,NO,Yes,,,,,
30-10-22-60,YES,YES,NO,NO,NO,NO,NO,NO,NO,YES,NO,NO,Yes,,,,,
30-10-29-94,NO,NO,NO,NO,NO,NO,NO,NO,NO,YES,NO,NO,Yes,,,,,
30-19-77-63,NO,NO,NO,NO,NO,NO,NO,NO,NO,YES,NO,NO,Yes,,,,,
30-25-79-75,NO,NO,NO,NO,NO,NO,NO,NO,NO,YES,NO,NO,Yes,,,,,
30-57-28-29,NO,NO,NO,NO,NO,NO,NO,NO,NO,YES,NO,NO,Yes,,,,,
30-74-60-19,NO,NO,NO,NO,NO,NO,NO,NO,NO,YES,NO,NO,Yes,,,,,
30-84-11-52,NO,NO,NO,NO,NO,NO,NO,NO,NO,YES,NO,NO,Yes,,,,,
30-93-30-28,NO,NO,NO,NO,NO,NO,NO,NO,NO,YES,NO,NO,Yes,,,,,
31-08-08-05,NO,NO,NO,NO,NO,NO,NO,NO,NO,YES,NO,NO,Yes,,,,,
31-16-02-60,NO,NO,NO,NO,NO,NO,NO,NO,NO,YES,NO,NO,Yes,,,,,
31-29-31-74,NO,NO,NO,NO,NO,NO,NO,NO,NO,YES,NO,NO,Yes,,,,,
31-31-68-97,YES,NO,NO,NO,NO,NO,NO,NO,NO,YES,NO,NO,Yes,,,,,
31-52-38-21,YES,NO,NO,NO,NO,NO,NO,NO,NO,YES,NO,NO,Yes,,,,,
31-72-86-88,NO,NO,NO,NO,NO,NO,NO,NO,NO,YES,NO,NO,Yes,,,,,
31-74-01-25,NO,NO,NO,NO,NO,NO,NO,NO,NO,YES,NO,NO,Yes,,,,,
31-91-94-57,NO,NO,NO,NO,NO,NO,NO,NO,NO,YES,NO,NO,Yes,,,,,
31-99-66-16,YES,NO,NO,NO,NO,NO,NO,NO,NO,YES,NO,NO,Yes,,,,,
32-04-34-69,NO,NO,NO,NO,NO,NO,NO,NO,NO,YES,NO,NO,Yes,,,,,
32-46-48-90,NO,NO,NO,NO,NO,NO,NO,NO,NO,YES,NO,NO,Yes,,,,,
32-55-09-04,NO,NO,NO,NO,NO,NO,NO,NO,NO,YES,NO,NO,Yes,,,,,
32-66-22-66,NO,NO,NO,NO,NO,NO,NO,YES,NO,YES,NO,NO,Yes,,,,,
32-76-20-27,YES,NO,NO,NO,NO,NO,NO,NO,NO,YES,NO,NO,Yes,,,,,
33-13-27-35,NO,NO,NO,NO,NO,NO,NO,NO,NO,YES,NO,NO,Yes,,,,,
33-80-37-22,NO,NO,NO,NO,NO,NO,NO,NO,NO,YES,NO,NO,Yes,,,,,
33-87-89-92,YES,NO,NO,NO,NO,NO,NO,NO,NO,YES,NO,NO,Yes,,,,,
34-35-77-48,NO,NO,NO,NO,NO,NO,NO,NO,NO,YES,NO,NO,Yes,,,,,
34-60-80-61,NO,NO,NO,NO,NO,NO,NO,NO,NO,YES,NO,NO,Yes,,,,,
34-91-88-56,NO,NO,NO,NO,NO,NO,NO,NO,NO,YES,NO,NO,Yes,,,,,
34-93-90-02,YES,NO,NO,NO,NO,NO,NO,NO,NO,YES,NO,NO,Yes,,,,,
35-34-74-29,NO,NO,NO,NO,NO,NO,NO,NO,NO,YES,NO,NO,Yes,,,,,
35-62-73-83,NO,NO,NO,NO,NO,NO,NO,NO,NO,YES,NO,NO,Yes,,,,,
35-74-11-78,NO,NO,NO,NO,NO,NO,NO,NO,NO,NO,NO,YES,No,NO,NO,YES,NO,NO
35-77-62-41,NO,NO,NO,NO,NO,NO,NO,NO,NO,YES,NO,NO,Yes,,,,,
35-94-54-03,NO,NO,NO,NO,NO,NO,NO,NO,NO,YES,NO,NO,Yes,,,,,
36-00-88-95,NO,NO,NO,NO,NO,NO,NO,NO,NO,YES,NO,NO,Yes,,,,,
36-07-99-01,NO,NO,NO,NO,NO,NO,NO,NO,NO,YES,NO,NO,Yes,,,,,
36-15-16-16,NO,NO,NO,NO,NO,NO,NO,NO,NO,YES,NO,NO,Yes,,,,,
36-23-84-47,NO,NO,NO,NO,NO,NO,NO,NO,NO,YES,NO,NO,Yes,,,,,
36-42-27-64,NO,NO,NO,NO,NO,NO,NO,NO,NO,YES,NO,NO,Yes,,,,,
36-57-06-71,NO,NO,NO,NO,NO,NO,NO,YES,NO,YES,NO,NO,Yes,,,,,
36-73-22-03,NO,NO,NO,NO,NO,NO,NO,YES,NO,NO,NO,NO,Yes,,,,,
36-81-17-19,NO,NO,NO,NO,NO,NO,NO,NO,NO,YES,NO,NO,Yes,,,,,
37-00-39-57,NO,NO,NO,NO,NO,NO,NO,NO,NO,YES,NO,NO,Yes,,,,,
37-80-84-96,NO,NO,NO,NO,NO,NO,NO,NO,NO,YES,NO,NO,Yes,,,,,
37-89-40-83,NO,NO,NO,NO,NO,NO,NO,NO,NO,YES,NO,NO,Yes,,,,,
38-13-46-95,YES,NO,NO,NO,NO,NO,NO,NO,NO,YES,NO,NO,Yes,,,,,
38-13-82-86,YES,NO,NO,NO,NO,NO,NO,NO,NO,NO,NO,NO,Yes,,,,,
38-26-45-97,NO,NO,NO,NO,NO,NO,NO,NO,NO,YES,NO,NO,Yes,,,,,
38-84-61-98,NO,NO,NO,NO,NO,NO,NO,NO,NO,YES,NO,NO,Yes,,,,,
39-07-91-55,NO,NO,NO,NO,NO,NO,NO,NO,NO,YES,NO,NO,Yes,,,,,
39-32-76-16,NO,NO,NO,NO,NO,NO,NO,NO,NO,YES,NO,NO,Yes,,,,,
39-44-97-01,NO,NO,NO,NO,NO,NO,NO,NO,NO,YES,NO,NO,Yes,,,,,
39-51-55-58,NO,NO,NO,NO,NO,NO,NO,NO,NO,YES,NO,NO,Yes,,,,,
39-70-52-15,NO,NO,NO,NO,NO,NO,NO,NO,NO,YES,NO,NO,Yes,,,,,
39-73-01-24,NO,NO,NO,NO,NO,NO,NO,NO,NO,YES,NO,NO,Yes,,,,,
39-96-43-92,NO,NO,NO,NO,NO,NO,NO,NO,NO,YES,NO,NO,Yes,,,,,
40-15-27-64,NO,NO,NO,NO,NO,NO,NO,NO,NO,YES,NO,NO,Yes,,,,,
40-48-45-57,NO,NO,NO,NO,NO,NO,NO,NO,NO,YES,NO,NO,Yes,,,,,
40-56-73-24,NO,NO,NO,NO,NO,NO,NO,NO,NO,YES,NO,NO,Yes,,,,,
40-86-31-68,NO,NO,NO,NO,NO,NO,NO,NO,NO,YES,NO,NO,Yes,,,,,
41-13-72-49,NO,NO,NO,NO,NO,NO,NO,NO,NO,YES,NO,NO,Yes,,,,,
41-19-13-76,YES,NO,NO,NO,NO,NO,NO,NO,NO,YES,NO,NO,Yes,,,,,
41-41-86-33,YES,NO,NO,NO,NO,NO,YES,NO,NO,YES,NO,NO,Yes,,,,,
41-85-41-75,NO,NO,NO,NO,NO,NO,NO,NO,NO,YES,NO,NO,Yes,,,,,
42-16-33-90,NO,NO,NO,NO,NO,NO,NO,NO,NO,YES,NO,NO,Yes,,,,,
42-21-50-32,NO,NO,NO,NO,NO,NO,NO,NO,NO,YES,NO,NO,Yes,,,,,
42-34-68-53,NO,NO,NO,NO,NO,NO,NO,NO,NO,YES,NO,NO,Yes,,,,,
42-39-53-16,NO,NO,NO,NO,NO,NO,NO,NO,NO,YES,NO,NO,Yes,,,,,
42-49-42-16,YES,NO,NO,NO,NO,NO,NO,NO,NO,YES,NO,NO,Yes,,,,,
42-93-36-93,NO,NO,NO,NO,NO,NO,NO,NO,NO,YES,NO,NO,Yes,,,,,
43-20-92-64,NO,NO,NO,NO,NO,NO,NO,NO,NO,YES,NO,NO,Yes,,,,,
43-39-89-28,NO,NO,NO,NO,NO,NO,NO,NO,NO,YES,NO,NO,Yes,,,,,
43-44-56-34,YES,NO,NO,NO,NO,NO,NO,NO,NO,YES,NO,NO,Yes,,,,,
43-85-90-89,YES,YES,NO,NO,NO,NO,NO,NO,NO,YES,NO,NO,Yes,,,,,
44-19-05-48,NO,NO,NO,NO,NO,NO,NO,NO,NO,YES,NO,NO,Yes,,,,,
44-19-40-06,NO,NO,NO,NO,NO,NO,NO,NO,NO,YES,NO,NO,Yes,,,,,
44-21-01-09,YES,NO,NO,NO,NO,NO,NO,NO,NO,YES,NO,NO,Yes,,,,,
44-26-93-67,NO,NO,NO,NO,NO,NO,NO,NO,NO,YES,NO,NO,Yes,,,,,
45-75-02-10,NO,NO,NO,NO,NO,NO,NO,NO,NO,YES,NO,NO,Yes,,,,,
46-39-07-37,NO,NO,NO,NO,NO,NO,NO,NO,NO,YES,NO,NO,Yes,,,,,
46-62-54-88,YES,NO,NO,NO,NO,NO,NO,NO,NO,YES,NO,NO,Yes,,,,,
46-68-42-16,NO,NO,NO,NO,NO,NO,NO,NO,NO,YES,NO,NO,Yes,,,,,
46-76-50-60,NO,NO,NO,NO,NO,NO,NO,NO,NO,YES,NO,NO,Yes,,,,,
46-88-89-87,NO,NO,NO,NO,NO,NO,NO,NO,NO,YES,NO,NO,Yes,,,,,
47-20-31-38,NO,NO,NO,NO,NO,NO,NO,NO,NO,YES,NO,NO,Yes,,,,,
48-29-09-53,NO,NO,NO,NO,NO,NO,NO,NO,NO,YES,NO,NO,Yes,,,,,
48-80-07-91,NO,NO,NO,NO,NO,NO,NO,NO,NO,YES,NO,NO,Yes,,,,,
48-89-20-22,YES,NO,NO,NO,NO,NO,NO,NO,NO,YES,NO,NO,Yes,,,,,
48-93-89-78,NO,NO,NO,NO,NO,NO,NO,NO,NO,YES,NO,NO,Yes,,,,,
49-13-03-02,NO,NO,NO,NO,NO,NO,NO,NO,NO,YES,NO,NO,Yes,,,,,
49-56-39-78,NO,NO,NO,NO,NO,NO,NO,YES,NO,YES,NO,NO,Yes,,,,,
50-17-92-80,NO,NO,NO,NO,NO,NO,NO,NO,NO,NO,NO,YES,No,NO,NO,YES,NO,NO
50-19-59-77,NO,NO,NO,NO,NO,NO,NO,NO,NO,YES,NO,NO,Yes,,,,,
50-20-51-46,NO,NO,NO,NO,NO,NO,NO,NO,NO,YES,NO,NO,Yes,,,,,
50-26-41-60,NO,NO,NO,NO,NO,NO,NO,NO,NO,YES,NO,NO,Yes,,,,,
50-42-56-85,YES,NO,NO,NO,NO,NO,NO,NO,NO,YES,NO,NO,Yes,,,,,
50-54-33-12,NO,NO,NO,NO,NO,NO,NO,NO,NO,YES,NO,NO,Yes,,,,,
50-85-43-67,NO,NO,NO,NO,NO,NO,NO,NO,NO,YES,NO,NO,Yes,,,,,
50-86-46-86,YES,NO,NO,NO,NO,NO,NO,NO,NO,YES,NO,NO,Yes,,,,,
51-51-35-80,NO,NO,NO,NO,NO,NO,NO,NO,NO,YES,NO,NO,Yes,,,,,
51-80-19-87,NO,NO,NO,NO,NO,NO,NO,YES,NO,YES,NO,NO,Yes,,,,,
52-13-89-92,NO,NO,NO,NO,NO,NO,NO,NO,NO,YES,NO,NO,Yes,,,,,
52-25-31-84,NO,NO,NO,NO,NO,NO,NO,NO,NO,YES,NO,NO,Yes,,,,,
52-55-51-37,NO,NO,NO,NO,NO,NO,NO,NO,NO,YES,NO,NO,Yes,,,,,
52-73-66-11,NO,NO,NO,NO,NO,NO,NO,NO,NO,YES,NO,NO,Yes,,,,,
52-74-11-63,NO,NO,NO,NO,NO,NO,NO,NO,NO,YES,NO,NO,Yes,,,,,
52-80-53-09,YES,NO,NO,NO,NO,NO,NO,NO,NO,YES,NO,NO,Yes,,,,,
52-89-90-66,YES,NO,NO,YES,NO,NO,NO,NO,NO,YES,NO,NO,Yes,,,,,
53-01-23-41,YES,NO,NO,NO,NO,NO,NO,NO,NO,YES,NO,NO,No,NO,NO,NO,NO,YES
53-39-73-69,YES,NO,NO,NO,NO,NO,NO,NO,NO,YES,NO,NO,Yes,,,,,
53-53-83-12,NO,NO,NO,YES,NO,NO,NO,NO,NO,YES,NO,NO,Yes,,,,,
53-65-29-69,NO,NO,NO,NO,NO,NO,NO,NO,NO,YES,NO,NO,Yes,,,,,
53-79-32-75,YES,NO,NO,NO,NO,NO,NO,NO,NO,YES,NO,NO,Yes,,,,,
54-16-50-08,NO,NO,NO,NO,NO,NO,NO,NO,NO,YES,NO,NO,Yes,,,,,
54-55-17-76,NO,NO,NO,NO,NO,NO,NO,NO,NO,YES,NO,NO,Yes,,,,,
54-62-44-15,NO,NO,NO,NO,NO,NO,NO,NO,NO,YES,NO,NO,Yes,,,,,
55-08-38-92,NO,NO,NO,NO,NO,NO,NO,NO,NO,YES,NO,NO,Yes,,,,,
55-36-37-79,NO,NO,NO,NO,NO,NO,NO,NO,NO,YES,NO,NO,Yes,,,,,
55-37-45-75,NO,NO,NO,NO,NO,NO,NO,NO,NO,YES,NO,NO,Yes,,,,,
55-45-00-38,NO,NO,NO,NO,NO,NO,NO,NO,NO,YES,NO,NO,Yes,,,,,
55-64-14-58,NO,NO,NO,NO,NO,NO,NO,NO,NO,YES,NO,NO,Yes,,,,,
55-83-48-37,NO,NO,NO,NO,NO,NO,NO,NO,NO,YES,NO,NO,Yes,,,,,
56-40-85-48,NO,NO,NO,NO,NO,NO,NO,NO,NO,YES,NO,NO,Yes,,,,,
56-42-87-09,NO,NO,NO,NO,NO,NO,NO,NO,NO,YES,NO,NO,Yes,,,,,
56-72-91-26,NO,NO,NO,NO,NO,NO,NO,NO,NO,YES,NO,NO,Yes,,,,,
56-89-63-74,YES,NO,NO,NO,NO,NO,NO,NO,NO,YES,NO,NO,Yes,,,,,
56-97-03-00,NO,NO,NO,NO,NO,NO,NO,NO,NO,YES,NO,NO,Yes,,,,,
57-09-50-11,NO,NO,NO,NO,NO,NO,NO,NO,NO,YES,NO,NO,Yes,,,,,
57-25-12-92,YES,YES,NO,NO,YES,NO,NO,NO,NO,YES,NO,NO,Yes,,,,,
57-30-44-34,NO,NO,NO,NO,NO,NO,NO,NO,NO,YES,NO,NO,Yes,,,,,
57-36-10-30,NO,NO,NO,NO,NO,NO,NO,NO,NO,YES,NO,NO,Yes,,,,,
57-39-04-44,NO,NO,NO,NO,NO,NO,NO,NO,NO,YES,NO,NO,Yes,,,,,
57-57-92-44,NO,NO,NO,NO,NO,NO,NO,NO,NO,YES,NO,NO,Yes,,,,,
57-62-74-67,NO,NO,NO,NO,NO,NO,NO,NO,NO,YES,NO,NO,Yes,,,,,
57-69-89-87,NO,NO,NO,YES,NO,NO,NO,NO,NO,YES,NO,NO,Yes,,,,,
57-77-48-16,NO,NO,NO,NO,NO,NO,NO,NO,NO,YES,NO,NO,Yes,,,,,
58-12-98-81,NO,NO,NO,NO,NO,NO,NO,NO,NO,YES,NO,NO,Yes,,,,,
58-13-62-89,YES,NO,NO,NO,NO,NO,NO,NO,NO,YES,NO,NO,Yes,,,,,
58-29-75-58,YES,NO,NO,NO,NO,NO,NO,NO,NO,YES,NO,NO,Yes,,,,,
58-43-50-28,YES,NO,NO,NO,NO,NO,NO,NO,NO,YES,NO,NO,Yes,,,,,
58-73-10-11,YES,NO,NO,NO,NO,NO,NO,NO,NO,YES,NO,NO,Yes,,,,,
58-99-58-80,YES,NO,NO,NO,NO,NO,NO,NO,NO,YES,NO,NO,Yes,,,,,
59-05-04-32,NO,NO,NO,NO,NO,NO,NO,NO,NO,YES,NO,NO,Yes,,,,,
59-14-09-40,NO,NO,NO,NO,NO,NO,NO,NO,NO,YES,NO,NO,Yes,,,,,
59-18-03-22,NO,NO,NO,NO,NO,NO,NO,NO,NO,YES,NO,NO,Yes,,,,,
59-27-43-88,NO,NO,NO,NO,NO,NO,NO,NO,NO,YES,NO,NO,Yes,,,,,
59-70-72-12,NO,NO,NO,NO,NO,NO,NO,NO,NO,YES,NO,NO,Yes,,,,,
59-79-57-21,NO,NO,NO,NO,NO,NO,NO,YES,NO,YES,NO,NO,Yes,,,,,
59-90-62-65,NO,NO,NO,NO,NO,NO,NO,NO,NO,YES,NO,NO,Yes,,,,,
60-19-83-04,NO,NO,NO,NO,NO,NO,NO,NO,NO,YES,NO,NO,Yes,,,,,
60-48-87-43,NO,NO,NO,NO,NO,NO,NO,NO,NO,YES,NO,NO,Yes,,,,,
60-73-43-19,NO,NO,NO,NO,NO,NO,NO,NO,NO,YES,NO,NO,Yes,,,,,
60-91-47-86,NO,NO,NO,NO,NO,NO,NO,NO,NO,YES,NO,NO,Yes,,,,,
60-94-02-94,NO,NO,NO,NO,NO,NO,NO,NO,NO,YES,NO,NO,Yes,,,,,
61-09-80-29,NO,NO,NO,NO,NO,NO,NO,NO,NO,YES,NO,NO,Yes,,,,,
63-08-92-92,YES,NO,YES,NO,NO,NO,NO,NO,NO,YES,NO,NO,Yes,,,,,
63-19-74-12,NO,NO,NO,NO,NO,NO,NO,NO,NO,YES,NO,NO,Yes,,,,,
63-26-65-91,NO,NO,NO,NO,NO,NO,NO,NO,NO,YES,NO,NO,Yes,,,,,
63-48-07-95,NO,NO,NO,NO,NO,NO,NO,NO,NO,YES,NO,NO,Yes,,,,,
63-56-10-69,NO,NO,NO,NO,NO,NO,NO,NO,NO,YES,NO,NO,Yes,,,,,
63-85-72-79,YES,NO,YES,YES,NO,NO,NO,NO,NO,YES,NO,NO,Yes,,,,,
64-29-61-57,NO,NO,NO,NO,NO,NO,NO,NO,NO,YES,NO,NO,Yes,,,,,
64-48-28-24,NO,NO,NO,NO,NO,NO,NO,NO,NO,YES,NO,NO,Yes,,,,,
64-71-22-76,NO,NO,NO,NO,NO,NO,NO,NO,NO,YES,NO,NO,Yes,,,,,
64-87-88-01,NO,NO,NO,NO,NO,NO,NO,NO,NO,YES,NO,NO,Yes,,,,,
65-03-40-91,NO,NO,NO,NO,NO,NO,NO,NO,NO,YES,NO,NO,Yes,,,,,
65-14-28-12,NO,NO,NO,NO,NO,NO,NO,NO,NO,YES,NO,NO,Yes,,,,,
65-15-70-94,NO,NO,NO,NO,NO,NO,NO,NO,NO,YES,NO,NO,Yes,,,,,
65-26-06-23,NO,NO,NO,NO,NO,NO,NO,NO,NO,YES,NO,NO,Yes,,,,,
65-42-12-59,NO,NO,NO,NO,NO,NO,NO,NO,NO,YES,NO,NO,Yes,,,,,
65-57-01-02,NO,NO,NO,NO,NO,NO,NO,NO,NO,YES,NO,NO,Yes,,,,,
65-60-80-72,NO,NO,NO,NO,NO,NO,NO,NO,NO,YES,NO,NO,Yes,,,,,
65-62-93-31,NO,NO,NO,NO,NO,NO,NO,NO,NO,YES,NO,NO,Yes,,,,,
65-65-50-55,NO,NO,NO,YES,NO,NO,NO,NO,NO,YES,NO,NO,Yes,,,,,
65-85-43-35,NO,NO,NO,NO,NO,NO,NO,NO,NO,YES,NO,NO,Yes,,,,,
66-09-77-42,NO,NO,NO,NO,NO,NO,NO,NO,NO,YES,NO,NO,Yes,,,,,
66-09-95-16,NO,NO,NO,NO,NO,NO,NO,NO,NO,YES,NO,NO,Yes,,,,,
66-41-98-09,NO,NO,NO,NO,NO,NO,NO,NO,NO,YES,NO,NO,Yes,,,,,
66-72-46-34,NO,NO,NO,NO,NO,NO,NO,NO,NO,YES,NO,NO,Yes,,,,,
66-73-72-28,NO,NO,NO,NO,NO,NO,NO,NO,NO,YES,NO,NO,Yes,,,,,
66-98-68-75,YES,NO,NO,NO,NO,NO,NO,NO,NO,YES,NO,NO,Yes,,,,,
67-04-29-75,NO,NO,NO,NO,NO,NO,NO,NO,NO,YES,NO,NO,Yes,,,,,
67-06-49-60,YES,NO,NO,YES,NO,NO,NO,NO,NO,YES,NO,NO,Yes,,,,,
67-43-18-76,NO,NO,NO,NO,NO,NO,NO,NO,NO,YES,NO,NO,Yes,,,,,
67-59-04-59,NO,NO,NO,NO,NO,NO,NO,NO,NO,YES,NO,NO,Yes,,,,,
67-60-15-46,NO,NO,NO,NO,NO,NO,NO,NO,NO,YES,NO,NO,Yes,,,,,
67-80-47-65,NO,NO,NO,NO,NO,NO,NO,NO,NO,YES,NO,NO,Yes,,,,,
67-89-30-52,YES,NO,NO,NO,NO,NO,NO,YES,NO,YES,NO,NO,Yes,,,,,
67-91-61-84,NO,NO,NO,NO,NO,NO,NO,NO,NO,YES,NO,NO,Yes,,,,,
68-34-61-83,NO,NO,NO,NO,NO,NO,NO,NO,NO,YES,NO,NO,Yes,,,,,
68-38-01-69,NO,NO,NO,NO,NO,NO,NO,NO,NO,YES,NO,NO,Yes,,,,,
68-45-34-74,YES,NO,NO,NO,NO,NO,NO,NO,NO,NO,NO,NO,Yes,,,,,
69-00-14-35,NO,NO,NO,NO,NO,NO,NO,NO,NO,YES,NO,NO,Yes,,,,,
69-03-20-16,NO,NO,NO,NO,NO,NO,NO,NO,NO,YES,NO,NO,Yes,,,,,
69-06-28-03,NO,NO,NO,NO,NO,NO,NO,NO,NO,YES,NO,NO,Yes,,,,,
69-08-19-24,NO,NO,NO,NO,NO,NO,NO,NO,NO,YES,NO,NO,Yes,,,,,
69-21-58-74,NO,NO,NO,NO,NO,NO,NO,NO,NO,YES,NO,NO,Yes,,,,,
69-30-44-27,NO,NO,NO,NO,NO,NO,NO,NO,NO,YES,NO,NO,Yes,,,,,
69-45-68-23,NO,NO,NO,NO,NO,NO,NO,NO,NO,YES,NO,NO,Yes,,,,,
69-46-48-50,YES,NO,NO,NO,NO,NO,NO,NO,NO,YES,NO,NO,Yes,,,,,
69-88-71-37,NO,NO,NO,NO,NO,NO,NO,NO,NO,YES,NO,NO,Yes,,,,,
69-96-21-12,NO,NO,NO,NO,NO,NO,NO,NO,NO,YES,NO,NO,Yes,,,,,
70-05-55-27,NO,NO,NO,NO,NO,NO,NO,NO,NO,YES,NO,NO,Yes,,,,,
70-11-22-03,NO,NO,NO,NO,NO,NO,NO,NO,NO,YES,NO,NO,Yes,,,,,
70-11-55-43,YES,NO,NO,NO,NO,NO,NO,NO,NO,YES,NO,YES,Yes,,,,,
70-34-49-84,NO,NO,NO,NO,NO,NO,NO,NO,NO,YES,NO,NO,Yes,,,,,
70-69-66-16,NO,NO,NO,NO,NO,NO,NO,NO,NO,YES,NO,NO,Yes,,,,,
70-81-55-76,NO,NO,NO,NO,NO,NO,NO,NO,NO,YES,NO,NO,Yes,,,,,
70-97-59-22,NO,NO,NO,NO,NO,NO,NO,NO,NO,YES,NO,NO,Yes,,,,,
71-09-53-26,NO,NO,NO,NO,NO,NO,NO,NO,NO,YES,NO,NO,Yes,,,,,
71-71-37-89,YES,NO,NO,NO,NO,NO,NO,NO,NO,YES,NO,NO,Yes,,,,,
71-97-83-07,NO,NO,NO,NO,NO,NO,NO,NO,NO,YES,NO,NO,Yes,,,,,
72-37-13-33,NO,NO,NO,NO,NO,NO,NO,NO,NO,YES,NO,NO,Yes,,,,,
72-45-65-29,YES,NO,NO,NO,NO,NO,NO,NO,NO,YES,NO,NO,Yes,,,,,
72-68-27-38,NO,NO,NO,NO,NO,NO,NO,NO,NO,YES,NO,NO,Yes,,,,,
72-86-90-07,YES,NO,NO,NO,NO,NO,NO,NO,NO,YES,NO,NO,Yes,,,,,
72-92-01-02,NO,NO,NO,NO,NO,NO,NO,NO,NO,YES,NO,NO,Yes,,,,,
73-05-97-72,NO,NO,NO,NO,NO,NO,NO,NO,NO,YES,NO,NO,Yes,,,,,
73-14-02-84,NO,NO,NO,NO,NO,NO,NO,YES,NO,YES,NO,NO,No,NO,NO,NO,NO,YES
73-17-81-25,NO,NO,NO,NO,NO,NO,NO,NO,NO,YES,NO,NO,Yes,,,,,
73-36-22-94,NO,NO,NO,NO,NO,NO,NO,NO,NO,YES,NO,NO,Yes,,,,,
73-39-29-63,NO,NO,NO,NO,NO,NO,NO,NO,NO,YES,NO,NO,Yes,,,,,
73-70-46-99,NO,NO,NO,NO,NO,NO,NO,NO,NO,YES,NO,NO,Yes,,,,,
74-57-17-75,NO,NO,NO,NO,NO,NO,NO,NO,NO,YES,NO,NO,Yes,,,,,
74-63-83-49,NO,NO,NO,NO,NO,NO,NO,NO,NO,YES,NO,NO,Yes,,,,,
74-67-51-83,NO,NO,NO,NO,NO,NO,NO,NO,NO,YES,NO,NO,Yes,,,,,
74-81-56-83,NO,NO,NO,NO,NO,NO,NO,NO,NO,YES,NO,NO,Yes,,,,,
74-86-45-86,NO,NO,NO,NO,NO,NO,NO,NO,NO,YES,NO,NO,Yes,,,,,
76-21-65-16,NO,NO,NO,NO,NO,NO,NO,NO,NO,YES,NO,NO,Yes,,,,,
76-22-55-80,NO,NO,NO,NO,NO,NO,NO,NO,NO,YES,NO,NO,Yes,,,,,
76-56-99-54,YES,NO,NO,NO,NO,NO,NO,NO,NO,YES,NO,NO,Yes,,,,,
76-57-84-06,NO,NO,NO,NO,NO,NO,NO,NO,NO,YES,NO,NO,Yes,,,,,
76-95-05-44,NO,NO,NO,NO,NO,NO,NO,NO,NO,YES,NO,NO,Yes,,,,,
77-03-40-90,NO,NO,NO,NO,NO,NO,NO,NO,NO,YES,NO,NO,Yes,,,,,
77-18-77-96,NO,NO,NO,NO,NO,NO,NO,NO,NO,YES,NO,NO,Yes,,,,,
77-60-01-54,NO,NO,NO,NO,NO,NO,NO,NO,NO,YES,NO,NO,Yes,,,,,
77-70-84-36,NO,NO,NO,NO,NO,NO,NO,NO,NO,YES,NO,NO,Yes,,,,,
77-71-94-82,NO,NO,NO,NO,NO,NO,NO,NO,NO,YES,NO,NO,Yes,,,,,
78-69-73-86,NO,NO,NO,NO,NO,NO,NO,NO,NO,YES,NO,NO,Yes,,,,,
79-51-56-38,NO,NO,NO,NO,NO,NO,NO,NO,NO,YES,NO,NO,Yes,,,,,
79-65-65-94,NO,NO,NO,NO,NO,NO,NO,NO,NO,YES,NO,NO,Yes,,,,,
79-72-98-96,NO,NO,NO,YES,NO,NO,NO,NO,NO,YES,NO,NO,Yes,,,,,
79-85-65-98,NO,NO,NO,NO,NO,NO,NO,NO,NO,YES,NO,NO,Yes,,,,,
79-90-83-59,NO,NO,NO,NO,NO,NO,NO,NO,NO,YES,NO,NO,Yes,,,,,
79-96-97-70,NO,NO,NO,NO,NO,NO,NO,NO,NO,YES,NO,NO,Yes,,,,,
80-40-93-12,NO,NO,NO,NO,NO,NO,NO,NO,NO,YES,NO,NO,Yes,,,,,
80-49-06-34,NO,NO,NO,NO,NO,NO,NO,NO,NO,YES,NO,NO,Yes,,,,,
80-49-49-04,NO,NO,NO,NO,NO,NO,NO,NO,NO,YES,NO,NO,Yes,,,,,
80-58-14-70,NO,NO,NO,NO,NO,NO,NO,NO,NO,YES,NO,NO,Yes,,,,,
80-72-64-44,NO,NO,NO,NO,NO,NO,NO,NO,NO,YES,NO,NO,Yes,,,,,
81-20-01-76,NO,NO,NO,NO,NO,NO,NO,NO,NO,YES,NO,NO,Yes,,,,,
81-36-68-15,NO,NO,NO,NO,NO,NO,NO,NO,NO,YES,NO,NO,Yes,,,,,
81-48-88-00,NO,NO,NO,NO,NO,NO,NO,NO,NO,YES,NO,NO,Yes,,,,,
82-16-53-06,YES,NO,NO,NO,NO,NO,NO,NO,NO,YES,NO,NO,Yes,,,,,
82-82-33-85,YES,NO,NO,NO,NO,NO,NO,NO,NO,YES,NO,NO,Yes,,,,,
83-15-19-66,NO,NO,NO,NO,NO,NO,NO,NO,NO,YES,NO,NO,Yes,,,,,
83-24-97-14,NO,NO,NO,NO,NO,NO,NO,NO,NO,YES,NO,NO,Yes,,,,,
83-62-66-29,NO,NO,NO,NO,NO,NO,NO,NO,NO,YES,NO,NO,Yes,,,,,
83-78-78-49,NO,NO,NO,NO,NO,NO,NO,NO,NO,YES,NO,NO,Yes,,,,,
83-82-40-74,YES,NO,NO,YES,NO,NO,NO,NO,NO,YES,NO,NO,Yes,,,,,
84-26-72-24,YES,NO,NO,NO,NO,NO,NO,NO,NO,YES,NO,NO,Yes,,,,,
84-31-44-97,YES,NO,NO,NO,NO,NO,NO,NO,NO,YES,NO,NO,Yes,,,,,
84-37-56-77,NO,NO,NO,NO,NO,NO,NO,NO,NO,YES,NO,NO,Yes,,,,,
84-65-10-22,NO,NO,NO,NO,NO,NO,NO,NO,NO,YES,NO,NO,Yes,,,,,
84-70-29-25,NO,NO,NO,NO,NO,NO,NO,NO,NO,YES,NO,NO,Yes,,,,,
84-79-70-97,YES,NO,NO,NO,NO,NO,NO,NO,NO,YES,NO,NO,Yes,,,,,
85-01-15-29,NO,NO,NO,NO,NO,NO,NO,NO,NO,YES,NO,NO,Yes,,,,,
85-03-27-87,NO,NO,NO,NO,NO,NO,NO,NO,NO,YES,NO,NO,Yes,,,,,
85-06-62-86,NO,NO,NO,NO,NO,NO,NO,NO,NO,NO,NO,YES,No,NO,NO,NO,NO,YES
85-16-54-30,NO,NO,NO,NO,NO,NO,NO,NO,NO,YES,NO,NO,Yes,,,,,
85-25-56-55,NO,NO,NO,NO,NO,NO,NO,NO,NO,YES,NO,NO,Yes,,,,,
85-69-58-56,NO,NO,NO,NO,NO,NO,NO,NO,NO,YES,NO,NO,Yes,,,,,
85-73-20-42,YES,NO,NO,NO,NO,NO,NO,NO,NO,YES,NO,NO,Yes,,,,,
85-73-97-33,YES,NO,NO,NO,NO,NO,NO,NO,NO,YES,NO,NO,Yes,,,,,
86-42-22-29,NO,NO,NO,NO,NO,NO,NO,NO,NO,YES,NO,NO,Yes,,,,,
86-62-31-38,NO,NO,NO,NO,NO,NO,NO,NO,NO,YES,NO,NO,Yes,,,,,
86-88-12-40,NO,NO,NO,NO,NO,NO,NO,NO,NO,YES,NO,NO,Yes,,,,,
87-41-40-78,NO,NO,NO,NO,NO,NO,NO,NO,NO,YES,NO,NO,Yes,,,,,
87-52-91-38,NO,NO,NO,NO,NO,NO,NO,NO,NO,YES,NO,NO,Yes,,,,,
87-58-41-57,YES,NO,NO,NO,NO,NO,NO,NO,NO,YES,NO,NO,Yes,,,,,
87-60-75-90,NO,NO,NO,NO,NO,NO,NO,NO,NO,YES,NO,NO,Yes,,,,,
87-64-17-69,NO,NO,NO,NO,NO,NO,NO,NO,NO,YES,NO,NO,Yes,,,,,
87-76-07-29,NO,NO,NO,NO,NO,NO,NO,NO,NO,YES,NO,NO,Yes,,,,,
87-83-02-60,NO,NO,NO,NO,NO,NO,NO,NO,NO,YES,NO,NO,Yes,,,,,
87-93-61-92,NO,NO,NO,NO,NO,NO,NO,NO,NO,YES,NO,NO,Yes,,,,,
88-05-51-96,NO,NO,NO,NO,NO,NO,NO,NO,NO,YES,NO,NO,Yes,,,,,
88-21-21-87,NO,NO,NO,NO,NO,NO,NO,NO,NO,YES,NO,NO,Yes,,,,,
88-32-05-81,NO,NO,NO,NO,NO,NO,NO,NO,NO,YES,NO,NO,Yes,,,,,
88-52-19-69,YES,NO,NO,NO,NO,NO,NO,NO,NO,YES,NO,NO,Yes,,,,,
88-55-90-62,NO,NO,NO,NO,NO,NO,NO,NO,NO,YES,NO,NO,Yes,,,,,
89-00-81-23,YES,YES,NO,NO,NO,NO,NO,NO,NO,YES,NO,NO,Yes,,,,,
89-18-01-05,YES,NO,NO,NO,NO,NO,NO,NO,NO,YES,NO,NO,Yes,,,,,
89-18-79-86,NO,NO,NO,NO,NO,NO,NO,NO,NO,YES,NO,NO,Yes,,,,,
89-30-53-74,NO,NO,NO,NO,NO,NO,NO,NO,NO,YES,NO,NO,Yes,,,,,
89-51-49-68,NO,NO,NO,NO,NO,NO,NO,NO,NO,YES,NO,NO,Yes,,,,,
89-56-07-85,NO,NO,NO,NO,NO,NO,NO,NO,NO,NO,NO,YES,No,NO,NO,YES,NO,YES
89-93-50-24,NO,NO,NO,NO,NO,NO,NO,NO,NO,YES,NO,NO,Yes,,,,,
90-22-35-16,YES,NO,NO,NO,NO,NO,NO,NO,NO,YES,NO,NO,Yes,,,,,
90-49-69-32,NO,NO,NO,NO,NO,NO,NO,NO,NO,YES,NO,NO,Yes,,,,,
90-50-18-25,NO,NO,NO,NO,NO,NO,NO,NO,NO,YES,NO,NO,Yes,,,,,
90-70-32-77,NO,NO,NO,NO,NO,NO,NO,NO,NO,YES,NO,NO,Yes,,,,,
90-72-63-71,NO,NO,NO,NO,NO,NO,NO,NO,NO,YES,NO,NO,Yes,,,,,
90-90-59-67,YES,NO,NO,YES,YES,NO,NO,NO,NO,YES,NO,NO,Yes,,,,,
90-98-61-29,NO,NO,NO,NO,NO,NO,NO,NO,NO,YES,NO,NO,Yes,,,,,
91-12-21-18,YES,NO,NO,NO,NO,NO,NO,NO,NO,YES,NO,NO,Yes,,,,,
91-26-98-02,YES,NO,NO,NO,NO,NO,NO,NO,NO,YES,NO,NO,Yes,,,,,
91-32-31-35,NO,NO,NO,NO,NO,NO,NO,NO,NO,YES,NO,NO,Yes,,,,,
91-47-37-79,NO,NO,NO,NO,NO,NO,NO,NO,NO,YES,NO,NO,Yes,,,,,
91-64-79-49,NO,NO,NO,NO,NO,NO,NO,NO,NO,YES,NO,NO,Yes,,,,,
91-75-84-89,NO,NO,NO,NO,NO,NO,NO,NO,NO,YES,NO,NO,Yes,,,,,
91-92-90-54,NO,NO,NO,NO,NO,NO,NO,NO,NO,YES,NO,NO,Yes,,,,,
92-52-64-60,NO,NO,NO,NO,NO,NO,NO,NO,NO,YES,NO,NO,Yes,,,,,
92-54-15-40,YES,NO,NO,NO,NO,NO,NO,NO,NO,YES,NO,NO,Yes,,,,,
92-90-62-95,NO,NO,NO,NO,NO,NO,NO,NO,NO,YES,NO,NO,Yes,,,,,
93-07-64-20,YES,NO,NO,NO,NO,NO,NO,NO,NO,YES,NO,NO,Yes,,,,,
93-34-63-42,NO,NO,NO,NO,NO,NO,NO,NO,NO,YES,NO,NO,Yes,,,,,
93-71-89-46,YES,NO,NO,NO,NO,NO,NO,NO,NO,YES,NO,NO,Yes,,,,,
94-77-00-60,YES,NO,NO,NO,NO,NO,NO,NO,NO,YES,NO,NO,Yes,,,,,
94-82-96-77,NO,NO,NO,NO,NO,NO,NO,NO,NO,YES,NO,NO,Yes,,,,,
94-95-85-94,NO,NO,NO,NO,NO,NO,NO,NO,NO,YES,NO,NO,Yes,,,,,
95-04-09-29,NO,NO,NO,NO,NO,NO,NO,NO,NO,YES,NO,NO,Yes,,,,,
95-47-06-74,YES,NO,NO,NO,NO,NO,NO,NO,NO,YES,NO,NO,Yes,,,,,
95-56-74-69,YES,NO,NO,NO,NO,NO,NO,NO,NO,YES,NO,NO,Yes,,,,,
95-62-65-76,YES,NO,NO,NO,NO,NO,NO,NO,NO,YES,NO,NO,Yes,,,,,
95-65-40-38,NO,NO,NO,NO,NO,NO,NO,NO,NO,YES,NO,NO,Yes,,,,,
95-72-64-75,NO,NO,NO,NO,NO,NO,NO,NO,NO,YES,NO,NO,Yes,,,,,
95-80-09-27,NO,NO,NO,NO,NO,NO,NO,NO,NO,YES,NO,NO,Yes,,,,,
95-89-65-41,NO,NO,NO,NO,NO,NO,NO,NO,NO,YES,NO,NO,Yes,,,,,
96-06-20-32,NO,NO,NO,NO,NO,NO,NO,NO,NO,YES,NO,NO,Yes,,,,,
96-43-59-47,NO,NO,NO,NO,NO,NO,NO,NO,NO,YES,NO,NO,Yes,,,,,
96-72-01-47,NO,NO,NO,NO,NO,NO,NO,NO,NO,YES,NO,NO,Yes,,,,,
96-84-49-20,NO,NO,NO,NO,NO,NO,NO,NO,NO,YES,NO,NO,Yes,,,,,
97-19-44-22,YES,NO,NO,NO,NO,NO,NO,NO,NO,YES,NO,NO,Yes,,,,,
97-23-41-88,YES,NO,NO,NO,NO,NO,NO,NO,NO,YES,NO,NO,Yes,,,,,
97-56-15-57,NO,NO,NO,NO,NO,NO,NO,NO,NO,YES,NO,NO,Yes,,,,,
97-63-33-82,NO,NO,NO,NO,NO,NO,NO,NO,NO,YES,NO,NO,Yes,,,,,
97-67-52-97,NO,NO,NO,NO,NO,NO,NO,NO,NO,YES,NO,NO,Yes,,,,,
98-07-47-63,NO,NO,NO,NO,NO,NO,NO,NO,NO,YES,NO,NO,Yes,,,,,
98-57-95-05,NO,NO,NO,NO,NO,NO,NO,NO,NO,YES,NO,NO,Yes,,,,,
98-59-09-34,NO,NO,NO,NO,NO,NO,NO,NO,NO,YES,NO,NO,Yes,,,,,
98-66-84-72,NO,NO,NO,NO,NO,NO,NO,NO,NO,YES,NO,NO,Yes,,,,,
98-90-99-04,NO,NO,NO,NO,NO,NO,NO,NO,NO,YES,NO,NO,Yes,,,,,
98-91-03-89,NO,NO,NO,NO,NO,NO,NO,NO,NO,YES,NO,NO,Yes,,,,,
98-93-03-74,NO,NO,NO,NO,YES,NO,NO,NO,NO,YES,NO,NO,Yes,,,,,
99-02-91-63,NO,NO,NO,NO,NO,NO,NO,NO,NO,YES,NO,NO,Yes,,,,,
99-51-79-01,NO,NO,NO,NO,NO,NO,NO,NO,NO,YES,NO,NO,Yes,,,,,
99-86-73-41,NO,NO,NO,NO,NO,NO,NO,NO,NO,YES,NO,NO,Yes,,,,,
99-98-60-29,YES,NO,NO,NO,NO,NO,NO,NO,NO,YES,NO,NO,Yes,,,,,
