interview__key,s2cq1,s2cq2,s2cq3,s2cq4
00-18-15-60,5 Average,4,Reduced by a lot,Reduced by a little bit
00-28-98-16,2,2,Increased a little bit,Stayed about the same
00-40-34-48,5 Average,3,Reduced by a lot,Reduced by a little bit
00-45-00-37,5 Average,4,Reduced by a little bit,Stayed about the same
00-54-36-13,3,2,Reduced by a little bit,Reduced by a little bit
01-32-06-48,3,4,Stayed about the same,Stayed about the same
02-11-13-92,3,2,Increased a little bit,Reduced by a little bit
02-89-30-22,5 Average,5 Average,Reduced by a little bit,Reduced by a little bit
02-96-12-77,2,2,Reduced by a lot,Reduced by a lot
03-57-84-60,6,4,Stayed about the same,Reduced by a lot
03-77-64-79,3,2,Reduced by a lot,Reduced by a little bit
03-81-33-62,5 Average,5 Average,Reduced by a little bit,Reduced by a little bit
03-84-81-65,1 Poorest,1 Poorest,Reduced by a little bit,Reduced by a lot
04-13-23-41,5 Average,4,Reduced by a little bit,Stayed about the same
04-17-01-55,4,3,Reduced by a little bit,Reduced by a little bit
05-00-24-69,5 Average,4,Reduced by a little bit,Stayed about the same
05-81-85-24,5 Average,5 Average,Stayed about the same,Stayed about the same
06-38-45-14,2,1 Poorest,Reduced by a little bit,Reduced by a little bit
06-58-76-54,5 Average,5 Average,Stayed about the same,Stayed about the same
06-65-48-93,5 Average,4,Reduced by a little bit,Reduced by a little bit
06-89-25-87,5 Average,5 Average,Reduced by a little bit,Reduced by a little bit
07-07-39-43,1 Poorest,1 Poorest,Stayed about the same,Stayed about the same
07-90-82-24,2,2,Reduced by a little bit,Reduced by a little bit
08-40-28-73,1 Poorest,1 Poorest,Stayed about the same,Reduced by a lot
08-87-44-02,3,1 Poorest,Increased by a lot,Reduced by a little bit
08-98-49-88,5 Average,5 Average,Reduced by a little bit,Reduced by a little bit
09-03-50-98,7,5 Average,Reduced by a little bit,Stayed about the same
09-11-38-06,3,5 Average,Increased a little bit,Increased a little bit
09-25-43-00,4,4,Increased a little bit,Reduced by a lot
09-26-57-25,5 Average,3,Reduced by a lot,Reduced by a little bit
09-27-61-41,4,4,Reduced by a little bit,Reduced by a little bit
09-69-61-77,5 Average,5 Average,Reduced by a little bit,Stayed about the same
09-72-34-65,3,2,Reduced by a little bit,Reduced by a little bit
09-94-37-20,5 Average,3,Reduced by a lot,Stayed about the same
10-00-77-35,5 Average,5 Average,Reduced by a little bit,Stayed about the same
10-30-18-95,2,2,Reduced by a lot,Reduced by a lot
10-83-76-94,5 Average,5 Average,Reduced by a little bit,Stayed about the same
10-90-66-62,5 Average,4,Reduced by a lot,Reduced by a lot
10-97-49-10,5 Average,5 Average,Reduced by a little bit,Stayed about the same
11-11-31-58,3,3,Stayed about the same,Stayed about the same
11-16-10-36,5 Average,3,Reduced by a little bit,Stayed about the same
11-71-06-95,5 Average,4,Reduced by a little bit,Stayed about the same
11-78-09-29,5 Average,5 Average,Stayed about the same,Stayed about the same
11-79-71-86,5 Average,5 Average,Reduced by a little bit,Stayed about the same
12-07-23-17,5 Average,5 Average,Reduced by a little bit,Stayed about the same
12-16-17-74,5 Average,5 Average,Reduced by a little bit,Reduced by a little bit
12-33-47-68,3,2,Reduced by a little bit,Reduced by a little bit
12-82-57-48,5 Average,5 Average,Stayed about the same,Increased a little bit
13-39-71-32,2,1 Poorest,Reduced by a little bit,Reduced by a little bit
13-41-36-30,4,4,Reduced by a little bit,Stayed about the same
13-52-02-28,3,2,Reduced by a little bit,Reduced by a little bit
13-62-04-21,1 Poorest,1 Poorest,Increased a little bit,Stayed about the same
13-62-51-43,2,2,Stayed about the same,Stayed about the same
13-81-20-31,5 Average,4,Reduced by a lot,Reduced by a little bit
14-09-59-69,5 Average,5 Average,Stayed about the same,Stayed about the same
14-78-41-57,4,4,Stayed about the same,Stayed about the same
14-89-02-15,5 Average,5 Average,Reduced by a little bit,Stayed about the same
14-93-22-59,5 Average,5 Average,Stayed about the same,Stayed about the same
14-94-97-50,5 Average,4,Reduced by a little bit,Stayed about the same
14-97-32-57,5 Average,5 Average,Stayed about the same,Stayed about the same
14-98-08-92,3,3,Reduced by a little bit,Reduced by a lot
15-09-32-42,5 Average,5 Average,Stayed about the same,Increased a little bit
15-48-00-43,5 Average,4,Reduced by a little bit,Reduced by a little bit
15-62-16-76,5 Average,5 Average,Stayed about the same,Increased a little bit
15-80-17-44,1 Poorest,1 Poorest,Stayed about the same,Stayed about the same
15-87-00-11,5 Average,5 Average,Stayed about the same,Stayed about the same
16-15-53-72,2,2,Reduced by a lot,Stayed about the same
16-17-55-72,6,6,Increased a little bit,Stayed about the same
16-42-96-59,5 Average,4,Reduced by a little bit,Reduced by a little bit
16-52-89-41,5 Average,3,Reduced by a little bit,Reduced by a little bit
16-59-81-75,2,2,Stayed about the same,Stayed about the same
16-74-28-23,5 Average,5 Average,Stayed about the same,Stayed about the same
16-77-88-96,2,2,Reduced by a little bit,Reduced by a little bit
16-83-14-42,5 Average,4,Reduced by a little bit,Reduced by a little bit
16-85-46-70,2,2,Reduced by a lot,Reduced by a lot
16-96-19-45,5 Average,5 Average,Reduced by a little bit,Reduced by a little bit
17-01-45-98,4,3,Reduced by a little bit,Reduced by a little bit
17-18-68-28,5 Average,4,Reduced by a little bit,Reduced by a little bit
17-29-58-15,5 Average,5 Average,Stayed about the same,Reduced by a little bit
17-67-81-96,2,2,Reduced by a little bit,Stayed about the same
17-68-86-89,3,1 Poorest,Stayed about the same,Reduced by a little bit
17-88-33-48,5 Average,5 Average,Increased a little bit,Stayed about the same
18-05-71-79,5 Average,3,Reduced by a little bit,Stayed about the same
18-83-71-39,3,3,Reduced by a little bit,Reduced by a little bit
18-91-78-21,5 Average,4,Reduced by a little bit,Reduced by a little bit
19-02-16-28,5 Average,4,Reduced by a little bit,Reduced by a little bit
19-20-48-23,5 Average,2,Reduced by a lot,Reduced by a little bit
19-39-08-63,2,2,Stayed about the same,Stayed about the same
19-72-67-09,3,3,Reduced by a little bit,Reduced by a little bit
20-05-86-82,5 Average,3,Reduced by a little bit,Reduced by a little bit
20-20-96-41,5 Average,4,Reduced by a little bit,Reduced by a little bit
20-28-07-52,5 Average,5 Average,Reduced by a little bit,Reduced by a little bit
20-39-98-99,5 Average,5 Average,Reduced by a little bit,Stayed about the same
20-73-25-13,3,1 Poorest,Reduced by a lot,Stayed about the same
20-76-11-93,4,4,Stayed about the same,Stayed about the same
20-80-17-46,3,2,Reduced by a lot,Reduced by a little bit
20-82-62-78,4,4,Increased a little bit,Stayed about the same
21-09-64-49,5 Average,4,Reduced by a lot,Reduced by a little bit
21-28-36-64,5 Average,4,Reduced by a lot,Reduced by a little bit
21-33-55-76,5 Average,3,Reduced by a little bit,Reduced by a little bit
21-82-19-65,5 Average,4,Stayed about the same,Reduced by a little bit
22-06-96-95,6,3,Reduced by a lot,Reduced by a lot
22-27-53-02,2,2,Stayed about the same,Stayed about the same
22-34-46-74,5 Average,5 Average,Reduced by a little bit,Reduced by a little bit
22-80-62-03,3,3,Reduced by a little bit,Stayed about the same
22-89-95-50,5 Average,4,Reduced by a little bit,Stayed about the same
22-91-55-07,5 Average,5 Average,Stayed about the same,Stayed about the same
23-84-75-04,2,2,Reduced by a little bit,Reduced by a little bit
23-95-76-25,5 Average,5 Average,Stayed about the same,Stayed about the same
24-50-42-93,5 Average,3,Reduced by a lot,Reduced by a lot
24-54-99-87,5 Average,5 Average,Reduced by a little bit,Reduced by a little bit
24-78-94-60,4,4,Reduced by a little bit,Reduced by a little bit
24-82-80-64,5 Average,5 Average,Reduced by a little bit,Increased a little bit
25-17-44-91,1 Poorest,1 Poorest,Stayed about the same,Stayed about the same
25-42-18-96,5 Average,1 Poorest,Reduced by a lot,Reduced by a little bit
25-91-93-59,5 Average,3,Reduced by a little bit,Stayed about the same
26-18-30-56,5 Average,5 Average,Stayed about the same,Reduced by a little bit
26-47-81-10,1 Poorest,1 Poorest,Reduced by a lot,Reduced by a little bit
26-92-52-70,5 Average,4,Stayed about the same,Reduced by a lot
27-08-88-11,3,2,Reduced by a little bit,Reduced by a little bit
27-21-36-53,5 Average,3,Reduced by a little bit,Increased a little bit
27-29-97-73,2,2,Increased a little bit,Stayed about the same
27-33-92-06,2,1 Poorest,Stayed about the same,Reduced by a little bit
27-55-59-49,5 Average,5 Average,Increased a little bit,Stayed about the same
28-71-17-92,2,2,Reduced by a little bit,Stayed about the same
28-88-05-65,5 Average,5 Average,Reduced by a lot,Stayed about the same
28-94-48-29,5 Average,3,Increased a little bit,Reduced by a little bit
28-99-21-75,5 Average,3,Reduced by a lot,Reduced by a lot
29-53-69-61,4,3,Reduced by a little bit,Stayed about the same
29-56-08-14,2,2,Reduced by a little bit,Stayed about the same
29-65-13-28,5 Average,5 Average,Reduced by a little bit,Reduced by a little bit
29-94-26-51,5 Average,4,Reduced by a little bit,Stayed about the same
29-96-85-38,7,3,Reduced by a lot,Reduced by a lot
30-10-22-60,3,2,Reduced by a lot,Reduced by a lot
30-10-29-94,2,1 Poorest,Reduced by a lot,Reduced by a lot
30-19-77-63,2,3,Increased a little bit,Stayed about the same
30-25-79-75,5 Average,5 Average,Reduced by a little bit,Reduced by a little bit
30-57-28-29,7,5 Average,Reduced by a little bit,Stayed about the same
30-74-60-19,5 Average,5 Average,Reduced by a little bit,Stayed about the same
30-84-11-52,5 Average,5 Average,Stayed about the same,Stayed about the same
30-93-30-28,5 Average,5 Average,Reduced by a little bit,Stayed about the same
31-08-08-05,4,3,Reduced by a lot,Reduced by a lot
31-16-02-60,3,2,Reduced by a little bit,Stayed about the same
31-29-31-74,5 Average,5 Average,Reduced by a little bit,Reduced by a little bit
31-31-68-97,5 Average,2,Stayed about the same,Reduced by a lot
31-52-38-21,5 Average,4,Reduced by a lot,Increased a little bit
31-72-86-88,4,3,Reduced by a little bit,Reduced by a little bit
31-74-01-25,5 Average,5 Average,Stayed about the same,Stayed about the same
31-91-94-57,5 Average,5 Average,Stayed about the same,Stayed about the same
31-99-66-16,5 Average,5 Average,Increased a little bit,Increased a little bit
32-04-34-69,1 Poorest,2,Stayed about the same,Stayed about the same
32-46-48-90,1 Poorest,1 Poorest,Reduced by a lot,Reduced by a lot
32-55-09-04,4,4,Reduced by a little bit,Reduced by a little bit
32-66-22-66,4,4,Stayed about the same,Stayed about the same
32-76-20-27,5 Average,4,Reduced by a lot,Reduced by a lot
33-13-27-35,5 Average,4,Reduced by a little bit,Reduced by a little bit
33-80-37-22,1 Poorest,1 Poorest,Stayed about the same,Stayed about the same
33-87-89-92,2,4,Increased a little bit,Reduced by a little bit
34-35-77-48,5 Average,3,Reduced by a lot,Stayed about the same
34-60-80-61,5 Average,5 Average,Stayed about the same,Stayed about the same
34-91-88-56,2,1 Poorest,Reduced by a lot,Reduced by a lot
34-93-90-02,5 Average,3,Reduced by a lot,Reduced by a little bit
35-34-74-29,3,5 Average,Reduced by a little bit,Reduced by a little bit
35-62-73-83,5 Average,5 Average,Reduced by a little bit,Reduced by a little bit
35-74-11-78,3,2,Reduced by a little bit,Reduced by a little bit
35-77-62-41,1 Poorest,1 Poorest,Reduced by a little bit,Reduced by a little bit
35-94-54-03,1 Poorest,1 Poorest,Reduced by a lot,Reduced by a lot
36-00-88-95,4,4,Reduced by a little bit,Stayed about the same
36-07-99-01,5 Average,5 Average,Reduced by a little bit,Reduced by a little bit
36-15-16-16,4,4,Stayed about the same,Stayed about the same
36-23-84-47,5 Average,5 Average,Reduced by a little bit,Stayed about the same
36-42-27-64,5 Average,4,Reduced by a little bit,Stayed about the same
36-57-06-71,4,4,Stayed about the same,Stayed about the same
36-73-22-03,1 Poorest,1 Poorest,Reduced by a little bit,Reduced by a little bit
36-81-17-19,5 Average,5 Average,Increased a little bit,Reduced by a little bit
37-00-39-57,2,3,Increased a little bit,Reduced by a little bit
37-80-84-96,3,2,Reduced by a little bit,Stayed about the same
37-89-40-83,4,4,Reduced by a little bit,Reduced by a little bit
38-13-46-95,5 Average,5 Average,Stayed about the same,Stayed about the same
38-13-82-86,4,3,Reduced by a little bit,Stayed about the same
38-26-45-97,5 Average,5 Average,Reduced by a little bit,Stayed about the same
38-84-61-98,1 Poorest,1 Poorest,Stayed about the same,Stayed about the same
39-07-91-55,2,2,Stayed about the same,Reduced by a little bit
39-32-76-16,5 Average,5 Average,Reduced by a little bit,Reduced by a little bit
39-44-97-01,5 Average,5 Average,Stayed about the same,Reduced by a little bit
39-51-55-58,1 Poorest,1 Poorest,Reduced by a lot,Reduced by a lot
39-70-52-15,2,1 Poorest,Reduced by a little bit,Stayed about the same
39-73-01-24,5 Average,5 Average,Stayed about the same,Reduced by a little bit
39-96-43-92,5 Average,4,Reduced by a lot,Reduced by a little bit
40-15-27-64,5 Average,4,Reduced by a little bit,Reduced by a little bit
40-48-45-57,5 Average,5 Average,Reduced by a little bit,Stayed about the same
40-56-73-24,4,3,Reduced by a lot,Reduced by a little bit
40-86-31-68,5 Average,5 Average,Reduced by a little bit,Reduced by a little bit
41-13-72-49,5 Average,5 Average,Reduced by a lot,Reduced by a little bit
41-19-13-76,4,2,Reduced by a lot,Stayed about the same
41-41-86-33,5 Average,3,Stayed about the same,Reduced by a little bit
41-85-41-75,5 Average,5 Average,Stayed about the same,Stayed about the same
42-16-33-90,5 Average,2,Reduced by a lot,Reduced by a lot
42-21-50-32,5 Average,5 Average,Increased a little bit,Stayed about the same
42-34-68-53,5 Average,4,Stayed about the same,Reduced by a little bit
42-39-53-16,6,2,Reduced by a little bit,Stayed about the same
42-49-42-16,5 Average,5 Average,Stayed about the same,Stayed about the same
42-93-36-93,3,2,Reduced by a lot,Reduced by a little bit
43-20-92-64,5 Average,5 Average,Stayed about the same,Stayed about the same
43-39-89-28,3,2,Reduced by a lot,Reduced by a little bit
43-44-56-34,5 Average,6,Stayed about the same,Increased a little bit
43-85-90-89,1 Poorest,1 Poorest,Stayed about the same,Stayed about the same
44-19-05-48,2,2,Reduced by a little bit,Reduced by a little bit
44-19-40-06,4,4,Reduced by a little bit,Reduced by a little bit
44-21-01-09,1 Poorest,1 Poorest,Reduced by a little bit,Stayed about the same
44-26-93-67,5 Average,4,Reduced by a lot,Stayed about the same
45-75-02-10,5 Average,5 Average,Stayed about the same,Reduced by a little bit
46-39-07-37,2,2,Stayed about the same,Reduced by a little bit
46-62-54-88,2,2,Reduced by a little bit,Stayed about the same
46-68-42-16,5 Average,3,Reduced by a little bit,Stayed about the same
46-76-50-60,2,1 Poorest,Reduced by a lot,Reduced by a little bit
46-88-89-87,5 Average,4,Reduced by a little bit,Reduced by a little bit
47-20-31-38,3,3,Stayed about the same,Reduced by a little bit
48-29-09-53,5 Average,5 Average,Reduced by a little bit,Reduced by a little bit
48-80-07-91,2,2,Reduced by a little bit,Reduced by a little bit
48-89-20-22,2,2,Stayed about the same,Stayed about the same
48-93-89-78,2,2,Reduced by a little bit,Stayed about the same
49-13-03-02,5 Average,4,Reduced by a little bit,Stayed about the same
49-56-39-78,1 Poorest,1 Poorest,Reduced by a little bit,Reduced by a little bit
50-17-92-80,4,4,Stayed about the same,Stayed about the same
50-19-59-77,3,3,Reduced by a little bit,Reduced by a lot
50-20-51-46,5 Average,3,Reduced by a lot,Stayed about the same
50-26-41-60,5 Average,4,Reduced by a lot,Reduced by a little bit
50-42-56-85,3,3,Stayed about the same,Reduced by a little bit
50-54-33-12,3,2,Reduced by a little bit,Reduced by a little bit
50-85-43-67,5 Average,5 Average,Stayed about the same,Stayed about the same
50-86-46-86,5 Average,4,Reduced by a little bit,Reduced by a little bit
51-51-35-80,3,2,Stayed about the same,Stayed about the same
51-80-19-87,3,3,Reduced by a little bit,Stayed about the same
52-13-89-92,5 Average,5 Average,Reduced by a little bit,Stayed about the same
52-25-31-84,5 Average,3,Stayed about the same,Stayed about the same
52-55-51-37,5 Average,5 Average,Reduced by a little bit,Stayed about the same
52-73-66-11,1 Poorest,1 Poorest,Increased a little bit,Reduced by a little bit
52-74-11-63,5 Average,5 Average,Reduced by a little bit,Stayed about the same
52-80-53-09,5 Average,4,Reduced by a little bit,Reduced by a little bit
52-89-90-66,7,5 Average,Increased a little bit,Reduced by a little bit
53-01-23-41,3,3,Reduced by a lot,Reduced by a little bit
53-39-73-69,2,2,Stayed about the same,Reduced by a little bit
53-53-83-12,2,1 Poorest,Stayed about the same,Reduced by a lot
53-65-29-69,5 Average,5 Average,Stayed about the same,Stayed about the same
53-79-32-75,4,3,Increased a little bit,Reduced by a lot
54-16-50-08,5 Average,5 Average,Stayed about the same,Reduced by a little bit
54-55-17-76,1 Poorest,2,Stayed about the same,Stayed about the same
54-62-44-15,3,2,Reduced by a lot,Reduced by a little bit
55-08-38-92,3,3,Reduced by a little bit,Reduced by a little bit
55-36-37-79,4,3,Stayed about the same,Reduced by a little bit
55-37-45-75,5 Average,5 Average,Reduced by a little bit,Reduced by a little bit
55-45-00-38,5 Average,5 Average,Reduced by a little bit,Reduced by a little bit
55-64-14-58,2,2,Increased a little bit,Stayed about the same
55-83-48-37,3,3,Reduced by a lot,Reduced by a little bit
56-40-85-48,2,2,Stayed about the same,Stayed about the same
56-42-87-09,1 Poorest,1 Poorest,Reduced by a lot,Reduced by a lot
56-72-91-26,5 Average,5 Average,Stayed about the same,Stayed about the same
56-89-63-74,3,2,Reduced by a little bit,Reduced by a little bit
56-97-03-00,5 Average,5 Average,Reduced by a little bit,Stayed about the same
57-09-50-11,5 Average,4,Reduced by a lot,Reduced by a little bit
57-25-12-92,5 Average,5 Average,Stayed about the same,Stayed about the same
57-30-44-34,5 Average,5 Average,Reduced by a little bit,Stayed about the same
57-36-10-30,5 Average,4,Stayed about the same,Reduced by a little bit
57-39-04-44,5 Average,4,Reduced by a lot,Reduced by a little bit
57-57-92-44,4,3,Reduced by a little bit,Stayed about the same
57-62-74-67,3,3,Reduced by a little bit,Reduced by a little bit
57-69-89-87,1 Poorest,2,Stayed about the same,Stayed about the same
57-77-48-16,5 Average,3,Reduced by a little bit,Reduced by a little bit
58-12-98-81,4,4,Reduced by a little bit,Stayed about the same
58-13-62-89,5 Average,4,Reduced by a little bit,Stayed about the same
58-29-75-58,5 Average,5 Average,Reduced by a little bit,Reduced by a little bit
58-43-50-28,5 Average,5 Average,Stayed about the same,Reduced by a little bit
58-73-10-11,5 Average,5 Average,Stayed about the same,Stayed about the same
58-99-58-80,2,2,Reduced by a little bit,Reduced by a little bit
59-05-04-32,5 Average,5 Average,Stayed about the same,Stayed about the same
59-14-09-40,5 Average,3,Reduced by a little bit,Stayed about the same
59-18-03-22,4,4,Stayed about the same,Reduced by a little bit
59-27-43-88,3,2,Reduced by a little bit,Reduced by a little bit
59-70-72-12,5 Average,5 Average,Stayed about the same,Stayed about the same
59-79-57-21,4,3,Reduced by a little bit,Reduced by a little bit
59-90-62-65,5 Average,5 Average,Stayed about the same,Stayed about the same
60-19-83-04,3,2,Stayed about the same,Reduced by a little bit
60-48-87-43,5 Average,4,Reduced by a little bit,Reduced by a little bit
60-73-43-19,3,3,Increased a little bit,Increased a little bit
60-91-47-86,1 Poorest,1 Poorest,Reduced by a little bit,Stayed about the same
60-94-02-94,5 Average,4,Reduced by a lot,Stayed about the same
61-09-80-29,1 Poorest,1 Poorest,Stayed about the same,Stayed about the same
63-08-92-92,5 Average,5 Average,Reduced by a little bit,Reduced by a little bit
63-19-74-12,5 Average,4,Reduced by a little bit,Reduced by a little bit
63-26-65-91,2,2,Reduced by a little bit,Stayed about the same
63-48-07-95,5 Average,5 Average,Stayed about the same,Stayed about the same
63-56-10-69,5 Average,5 Average,Stayed about the same,Stayed about the same
63-85-72-79,5 Average,5 Average,Increased a little bit,Reduced by a lot
64-29-61-57,5 Average,5 Average,Reduced by a little bit,Reduced by a little bit
64-48-28-24,3,3,Reduced by a little bit,Stayed about the same
64-71-22-76,1 Poorest,1 Poorest,Reduced by a little bit,Reduced by a little bit
64-87-88-01,5 Average,4,Reduced by a lot,Reduced by a little bit
65-03-40-91,6,3,Reduced by a little bit,Reduced by a little bit
65-14-28-12,2,2,Reduced by a little bit,Stayed about the same
65-15-70-94,1 Poorest,1 Poorest,Reduced by a little bit,Reduced by a little bit
65-26-06-23,6,3,Reduced by a lot,Reduced by a little bit
65-42-12-59,1 Poorest,2,Increased a little bit,Reduced by a little bit
65-57-01-02,5 Average,5 Average,Reduced by a little bit,Reduced by a little bit
65-60-80-72,3,3,Stayed about the same,Stayed about the same
65-62-93-31,3,2,Reduced by a lot,Reduced by a lot
65-65-50-55,5 Average,5 Average,Stayed about the same,Stayed about the same
65-85-43-35,5 Average,5 Average,Reduced by a little bit,Stayed about the same
66-09-77-42,1 Poorest,1 Poorest,Stayed about the same,Stayed about the same
66-09-95-16,5 Average,5 Average,Stayed about the same,Stayed about the same
66-41-98-09,6,5 Average,Increased a little bit,Stayed about the same
66-72-46-34,5 Average,5 Average,Reduced by a little bit,Reduced by a little bit
66-73-72-28,5 Average,5 Average,Increased a little bit,Stayed about the same
66-98-68-75,4,3,Stayed about the same,Reduced by a little bit
67-04-29-75,5 Average,5 Average,Reduced by a little bit,Stayed about the same
67-06-49-60,5 Average,5 Average,Stayed about the same,Stayed about the same
67-43-18-76,3,3,Stayed about the same,Stayed about the same
67-59-04-59,5 Average,5 Average,Reduced by a little bit,Reduced by a little bit
67-60-15-46,5 Average,5 Average,Reduced by a little bit,Stayed about the same
67-80-47-65,5 Average,4,Reduced by a little bit,Stayed about the same
67-89-30-52,1 Poorest,2,Increased a little bit,Stayed about the same
67-91-61-84,5 Average,5 Average,Reduced by a little bit,Reduced by a little bit
68-34-61-83,5 Average,6,Stayed about the same,Increased a little bit
68-38-01-69,5 Average,5 Average,Increased a little bit,Stayed about the same
68-45-34-74,3,3,Reduced by a lot,Reduced by a lot
69-00-14-35,3,2,Stayed about the same,Stayed about the same
69-03-20-16,1 Poorest,1 Poorest,Stayed about the same,Stayed about the same
69-06-28-03,1 Poorest,1 Poorest,Stayed about the same,Stayed about the same
69-08-19-24,1 Poorest,1 Poorest,Reduced by a lot,Reduced by a lot
69-21-58-74,5 Average,5 Average,Stayed about the same,Stayed about the same
69-30-44-27,1 Poorest,1 Poorest,Stayed about the same,Stayed about the same
69-45-68-23,5 Average,4,Reduced by a little bit,Reduced by a little bit
69-46-48-50,5 Average,5 Average,Reduced by a little bit,Stayed about the same
69-88-71-37,5 Average,5 Average,Reduced by a little bit,Reduced by a little bit
69-96-21-12,5 Average,5 Average,Stayed about the same,Stayed about the same
70-05-55-27,5 Average,5 Average,Stayed about the same,Stayed about the same
70-11-22-03,5 Average,5 Average,Reduced by a little bit,Reduced by a little bit
70-11-55-43,5 Average,4,Reduced by a lot,Reduced by a little bit
70-34-49-84,1 Poorest,1 Poorest,Reduced by a lot,Reduced by a lot
70-69-66-16,5 Average,5 Average,Reduced by a little bit,Stayed about the same
70-81-55-76,4,4,Stayed about the same,Stayed about the same
70-97-59-22,3,3,Reduced by a little bit,Stayed about the same
71-09-53-26,3,3,Stayed about the same,Stayed about the same
71-71-37-89,5 Average,4,Reduced by a little bit,Reduced by a little bit
71-97-83-07,2,2,Reduced by a little bit,Reduced by a little bit
72-37-13-33,3,3,Stayed about the same,Stayed about the same
72-45-65-29,2,2,Reduced by a little bit,Stayed about the same
72-68-27-38,5 Average,4,Reduced by a little bit,Reduced by a little bit
72-86-90-07,5 Average,5 Average,Increased a little bit,Stayed about the same
72-92-01-02,5 Average,3,Reduced by a little bit,Reduced by a little bit
73-05-97-72,5 Average,5 Average,Stayed about the same,Stayed about the same
73-14-02-84,1 Poorest,1 Poorest,Reduced by a lot,Reduced by a lot
73-17-81-25,2,2,Increased a little bit,Stayed about the same
73-36-22-94,4,4,Stayed about the same,Stayed about the same
73-39-29-63,2,2,Stayed about the same,Stayed about the same
73-70-46-99,5 Average,5 Average,Reduced by a lot,Reduced by a little bit
74-57-17-75,5 Average,5 Average,Reduced by a little bit,Stayed about the same
74-63-83-49,7,7,Reduced by a little bit,Stayed about the same
74-67-51-83,5 Average,3,Reduced by a little bit,Stayed about the same
74-81-56-83,2,2,Reduced by a little bit,Reduced by a little bit
74-86-45-86,5 Average,5 Average,Stayed about the same,Stayed about the same
76-21-65-16,5 Average,5 Average,Reduced by a little bit,Stayed about the same
76-22-55-80,4,3,Reduced by a lot,Reduced by a little bit
76-56-99-54,5 Average,5 Average,Stayed about the same,Stayed about the same
76-57-84-06,4,3,Reduced by a little bit,Reduced by a little bit
76-95-05-44,5 Average,5 Average,Stayed about the same,Stayed about the same
77-03-40-90,3,2,Reduced by a lot,Reduced by a little bit
77-18-77-96,5 Average,4,Reduced by a little bit,Reduced by a little bit
77-60-01-54,5 Average,5 Average,Reduced by a little bit,Reduced by a little bit
77-70-84-36,1 Poorest,1 Poorest,Reduced by a little bit,Reduced by a little bit
77-71-94-82,5 Average,3,Reduced by a lot,Reduced by a little bit
78-69-73-86,2,2,Stayed about the same,Stayed about the same
79-51-56-38,5 Average,5 Average,Stayed about the same,Stayed about the same
79-65-65-94,5 Average,5 Average,Increased a little bit,Increased a little bit
79-72-98-96,8,9,Increased a little bit,Stayed about the same
79-85-65-98,5 Average,4,Reduced by a little bit,Stayed about the same
79-90-83-59,2,2,Stayed about the same,Stayed about the same
79-96-97-70,5 Average,3,Reduced by a little bit,Reduced by a little bit
80-40-93-12,5 Average,4,Reduced by a little bit,Reduced by a little bit
80-49-06-34,5 Average,5 Average,Reduced by a little bit,Stayed about the same
80-49-49-04,1 Poorest,1 Poorest,Reduced by a little bit,Reduced by a little bit
80-58-14-70,5 Average,3,Reduced by a little bit,Stayed about the same
80-72-64-44,3,2,Reduced by a little bit,Stayed about the same
81-20-01-76,2,2,Stayed about the same,Stayed about the same
81-36-68-15,1 Poorest,5 Average,Reduced by a lot,Increased a little bit
81-48-88-00,5 Average,5 Average,Stayed about the same,Reduced by a little bit
82-16-53-06,2,2,Reduced by a little bit,Reduced by a little bit
82-82-33-85,3,2,Reduced by a little bit,Reduced by a little bit
83-15-19-66,2,2,Reduced by a lot,Reduced by a little bit
83-24-97-14,5 Average,4,Reduced by a lot,Reduced by a little bit
83-62-66-29,5 Average,5 Average,Increased a little bit,Stayed about the same
83-78-78-49,5 Average,5 Average,Stayed about the same,Increased a little bit
83-82-40-74,5 Average,5 Average,Reduced by a little bit,Reduced by a little bit
84-26-72-24,5 Average,5 Average,Stayed about the same,Stayed about the same
84-31-44-97,5 Average,5 Average,Stayed about the same,Stayed about the same
84-37-56-77,5 Average,5 Average,Reduced by a little bit,Reduced by a little bit
84-65-10-22,5 Average,5 Average,Reduced by a little bit,Stayed about the same
84-70-29-25,5 Average,4,Reduced by a little bit,Stayed about the same
84-79-70-97,2,2,Stayed about the same,Stayed about the same
85-01-15-29,5 Average,5 Average,Stayed about the same,Reduced by a little bit
85-03-27-87,4,3,Reduced by a lot,Reduced by a little bit
85-06-62-86,5 Average,5 Average,Reduced by a lot,Reduced by a little bit
85-16-54-30,1 Poorest,1 Poorest,Reduced by a little bit,Reduced by a lot
85-25-56-55,5 Average,4,Stayed about the same,Stayed about the same
85-69-58-56,4,2,Reduced by a little bit,Reduced by a lot
85-73-20-42,4,3,Stayed about the same,Reduced by a little bit
85-73-97-33,1 Poorest,1 Poorest,Reduced by a lot,Reduced by a lot
86-42-22-29,5 Average,5 Average,Increased a little bit,Reduced by a little bit
86-62-31-38,5 Average,3,Reduced by a little bit,Reduced by a little bit
86-88-12-40,3,3,Stayed about the same,Stayed about the same
87-41-40-78,5 Average,5 Average,Reduced by a little bit,Reduced by a little bit
87-52-91-38,5 Average,5 Average,Stayed about the same,Stayed about the same
87-58-41-57,1 Poorest,1 Poorest,Reduced by a lot,Stayed about the same
87-60-75-90,5 Average,3,Reduced by a little bit,Reduced by a little bit
87-64-17-69,5 Average,5 Average,Reduced by a little bit,Stayed about the same
87-76-07-29,3,2,Stayed about the same,Stayed about the same
87-83-02-60,5 Average,5 Average,Reduced by a little bit,Stayed about the same
87-93-61-92,2,3,Stayed about the same,Stayed about the same
88-05-51-96,5 Average,5 Average,Reduced by a little bit,Reduced by a little bit
88-21-21-87,5 Average,5 Average,Reduced by a little bit,Reduced by a little bit
88-32-05-81,5 Average,3,Reduced by a lot,Stayed about the same
88-52-19-69,5 Average,5 Average,Reduced by a little bit,Reduced by a little bit
88-55-90-62,2,2,Reduced by a lot,Stayed about the same
89-00-81-23,5 Average,4,Reduced by a little bit,Reduced by a little bit
89-18-01-05,3,2,Reduced by a lot,Reduced by a little bit
89-18-79-86,2,2,Stayed about the same,Stayed about the same
89-30-53-74,5 Average,5 Average,Reduced by a little bit,Reduced by a little bit
89-51-49-68,5 Average,4,Reduced by a little bit,Reduced by a lot
89-56-07-85,5 Average,5 Average,Reduced by a little bit,Stayed about the same
89-93-50-24,5 Average,4,Reduced by a little bit,Stayed about the same
90-22-35-16,5 Average,3,Reduced by a lot,Reduced by a lot
90-49-69-32,5 Average,5 Average,Reduced by a little bit,Stayed about the same
90-50-18-25,5 Average,2,Reduced by a lot,Stayed about the same
90-70-32-77,5 Average,5 Average,Reduced by a little bit,Reduced by a little bit
90-72-63-71,5 Average,5 Average,Reduced by a little bit,Reduced by a little bit
90-90-59-67,5 Average,4,Reduced by a lot,Stayed about the same
90-98-61-29,5 Average,3,Reduced by a lot,Reduced by a little bit
91-12-21-18,5 Average,5 Average,Stayed about the same,Stayed about the same
91-26-98-02,4,4,Stayed about the same,Reduced by a lot
91-32-31-35,5 Average,4,Reduced by a little bit,Stayed about the same
91-47-37-79,5 Average,4,Reduced by a little bit,Reduced by a little bit
91-64-79-49,4,4,Reduced by a little bit,Reduced by a little bit
91-75-84-89,1 Poorest,1 Poorest,Stayed about the same,Stayed about the same
91-92-90-54,1 Poorest,1 Poorest,Reduced by a little bit,Reduced by a little bit
92-52-64-60,1 Poorest,1 Poorest,Stayed about the same,Stayed about the same
92-54-15-40,3,2,Reduced by a lot,Reduced by a lot
92-90-62-95,4,4,Reduced by a little bit,Reduced by a little bit
93-07-64-20,5 Average,5 Average,Stayed about the same,Stayed about the same
93-34-63-42,3,3,Stayed about the same,Stayed about the same
93-71-89-46,5 Average,3,Reduced by a little bit,Stayed about the same
94-77-00-60,3,2,Reduced by a little bit,Reduced by a little bit
94-82-96-77,4,3,Reduced by a little bit,Stayed about the same
94-95-85-94,5 Average,5 Average,Stayed about the same,Stayed about the same
95-04-09-29,5 Average,3,Reduced by a lot,Stayed about the same
95-47-06-74,5 Average,4,Stayed about the same,Increased a little bit
95-56-74-69,5 Average,1 Poorest,Reduced by a lot,Reduced by a lot
95-62-65-76,2,2,Stayed about the same,Stayed about the same
95-65-40-38,5 Average,5 Average,Stayed about the same,Stayed about the same
95-72-64-75,5 Average,3,Reduced by a little bit,Reduced by a little bit
95-80-09-27,3,2,Stayed about the same,Reduced by a little bit
95-89-65-41,6,4,Stayed about the same,Reduced by a lot
96-06-20-32,7,5 Average,Reduced by a little bit,Stayed about the same
96-43-59-47,5 Average,5 Average,Stayed about the same,Stayed about the same
96-72-01-47,4,2,Stayed about the same,Reduced by a lot
96-84-49-20,8,1 Poorest,Reduced by a little bit,Reduced by a lot
97-19-44-22,5 Average,5 Average,Reduced by a little bit,Stayed about the same
97-23-41-88,5 Average,5 Average,Stayed about the same,Stayed about the same
97-56-15-57,3,3,Reduced by a lot,Reduced by a little bit
97-63-33-82,5 Average,5 Average,Reduced by a little bit,Reduced by a little bit
97-67-52-97,5 Average,5 Average,Stayed about the same,Stayed about the same
98-07-47-63,1 Poorest,1 Poorest,Stayed about the same,Reduced by a lot
98-57-95-05,5 Average,5 Average,Reduced by a little bit,Reduced by a little bit
98-59-09-34,5 Average,5 Average,Stayed about the same,Stayed about the same
98-66-84-72,5 Average,5 Average,Reduced by a little bit,Reduced by a little bit
98-90-99-04,3,3,Reduced by a lot,Reduced by a little bit
98-91-03-89,2,1 Poorest,Increased a little bit,Stayed about the same
98-93-03-74,5 Average,5 Average,Stayed about the same,Stayed about the same
99-02-91-63,1 Poorest,1 Poorest,Stayed about the same,Stayed about the same
99-51-79-01,5 Average,5 Average,Stayed about the same,Increased a little bit
99-86-73-41,5 Average,4,Reduced by a little bit,Stayed about the same
99-98-60-29,5 Average,5 Average,Stayed about the same,Stayed about the same
