interview__key,Sec11_SafetyNets__id,payment_method__id,s11q9
00-45-00-37,2,Covid-19 relief program from the central government,Cash from wing agents
02-96-12-77,2,Covid-19 relief program from the central government,Cash from wing agents
03-84-81-65,3,Other program (SPECIFY),
03-84-81-65,2,Covid-19 relief program from the central government,Cash from wing agents
07-07-39-43,2,Covid-19 relief program from the central government,Cash from wing agents
07-90-82-24,2,Covid-19 relief program from the central government,Cash from wing agents
08-40-28-73,2,Covid-19 relief program from the central government,Cash from wing agents
12-07-23-17,2,Covid-19 relief program from the central government,Cash from wing agents
13-62-04-21,2,Covid-19 relief program from the central government,Cash from wing agents
13-62-51-43,1,Relief program from the local government,
13-62-51-43,2,Covid-19 relief program from the central government,Cash from wing agents
16-15-53-72,2,Covid-19 relief program from the central government,Cash from wing agents
16-42-96-59,2,Covid-19 relief program from the central government,Cash from wing agents
16-59-81-75,2,Covid-19 relief program from the central government,Cash from wing agents
16-74-28-23,2,Covid-19 relief program from the central government,Cash from wing agents
17-67-81-96,2,Covid-19 relief program from the central government,Cash from wing agents
20-05-86-82,2,Covid-19 relief program from the central government,Cash from wing agents
20-20-96-41,2,Covid-19 relief program from the central government,Cash from wing agents
20-73-25-13,2,Cash transfer program for pregnant women and children under,Cash from wing agents
20-80-17-46,2,Covid-19 relief program from the central government,Cash from wing agents
21-82-19-65,2,Covid-19 relief program from the central government,Cash from wing agents
22-80-62-03,2,Covid-19 relief program from the central government,Cash from wing agents
22-80-62-03,1,Other program (SPECIFY),
28-88-05-65,2,Government cash relief for garment worker,Cash from wing agents
30-19-77-63,2,Covid-19 relief program from the central government,Cash from wing agents
30-19-77-63,3,Relief program from the local government,
31-52-38-21,2,Covid-19 relief program from the central government,Cash from wing agents
32-46-48-90,2,Covid-19 relief program from the central government,Cash from wing agents
33-80-37-22,2,Covid-19 relief program from the central government,Cash from wing agents
33-80-37-22,1,Other program (SPECIFY),
34-35-77-48,2,Covid-19 relief program from the central government,Cash from wing agents
34-91-88-56,2,Covid-19 relief program from the central government,Cash from wing agents
36-73-22-03,2,Covid-19 relief program from the central government,Cash from wing agents
39-51-55-58,2,Covid-19 relief program from the central government,Cash from wing agents
39-70-52-15,2,Covid-19 relief program from the central government,Cash from wing agents
40-15-27-64,2,Covid-19 relief program from the central government,Cash from wing agents
41-85-41-75,2,Covid-19 relief program from the central government,Cash from wing agents
44-21-01-09,2,Covid-19 relief program from the central government,Cash from wing agents
46-76-50-60,2,Covid-19 relief program from the central government,Cash from wing agents
48-80-07-91,2,Covid-19 relief program from the central government,Cash from wing agents
48-93-89-78,2,Covid-19 relief program from the central government,Cash from wing agents
49-56-39-78,2,Relief program from the local government,Cash from government office
49-56-39-78,1,Relief program from the local government,
50-20-51-46,2,Covid-19 relief program from the central government,Cash from wing agents
53-39-73-69,2,Covid-19 relief program from the central government,Cash from wing agents
53-53-83-12,3,Relief program from the local government,
53-53-83-12,1,Other program (SPECIFY),
53-53-83-12,2,Covid-19 relief program from the central government,Cash from wing agents
54-62-44-15,2,Covid-19 relief program from the central government,Cash from wing agents
55-36-37-79,2,Other program (SPECIFY),Other (SPECIFY)
55-36-37-79,1,Other program (SPECIFY),
56-40-85-48,2,Covid-19 relief program from the central government,Cash from wing agents
56-89-63-74,2,Covid-19 relief program from the central government,Cash from wing agents
56-97-03-00,2,Covid-19 relief program from the central government,Cash from wing agents
56-97-03-00,1,Other program (SPECIFY),
57-62-74-67,2,Covid-19 relief program from the central government,Cash from wing agents
57-69-89-87,2,Covid-19 relief program from the central government,Cash from wing agents
57-77-48-16,2,Covid-19 relief program from the central government,Cash from wing agents
58-12-98-81,2,Covid-19 relief program from the central government,Cash from wing agents
58-99-58-80,2,Covid-19 relief program from the central government,Cash from wing agents
59-79-57-21,2,Scholarship program,Cash from government office
60-73-43-19,2,Covid-19 relief program from the central government,Cash from wing agents
60-91-47-86,2,Covid-19 relief program from the central government,Cash from wing agents
61-09-80-29,2,Covid-19 relief program from the central government,Cash from wing agents
63-48-07-95,2,Covid-19 relief program from the central government,Cash from wing agents
63-85-72-79,2,Covid-19 relief program from the central government,Cash from wing agents
64-29-61-57,2,Covid-19 relief program from the central government,Cash from wing agents
65-14-28-12,2,Covid-19 relief program from the central government,Cash from wing agents
65-15-70-94,2,Covid-19 relief program from the central government,Cash from wing agents
65-42-12-59,3,Relief program from the local government,
65-42-12-59,2,Covid-19 relief program from the central government,Cash from wing agents
65-60-80-72,2,Covid-19 relief program from the central government,Cash from wing agents
66-09-95-16,2,Covid-19 relief program from the central government,Cash from wing agents
67-89-30-52,2,Covid-19 relief program from the central government,Cash from wing agents
67-89-30-52,1,Relief program from the local government,
69-03-20-16,2,Covid-19 relief program from the central government,Cash from wing agents
69-06-28-03,2,Covid-19 relief program from the central government,Cash from wing agents
69-45-68-23,2,Covid-19 relief program from the central government,Cash from wing agents
73-14-02-84,2,Scholarship program,Other (SPECIFY)
73-14-02-84,2,Covid-19 relief program from the central government,Cash from wing agents
73-39-29-63,2,Covid-19 relief program from the central government,Cash from wing agents
76-22-55-80,2,Covid-19 relief program from the central government,Cash from wing agents
79-51-56-38,2,Covid-19 relief program from the central government,Cash from wing agents
80-58-14-70,2,Cash transfer program for pregnant women and children under,Cash from wing agents
80-58-14-70,2,Covid-19 relief program from the central government,Cash from wing agents
82-16-53-06,2,Covid-19 relief program from the central government,Cash from wing agents
83-15-19-66,2,Covid-19 relief program from the central government,Cash from wing agents
84-26-72-24,2,Covid-19 relief program from the central government,Cash from wing agents
84-70-29-25,2,Covid-19 relief program from the central government,Cash from wing agents
84-79-70-97,2,Covid-19 relief program from the central government,Cash from wing agents
85-16-54-30,2,Covid-19 relief program from the central government,Cash from wing agents
85-69-58-56,2,Other program (SPECIFY),Cash from government office
85-73-97-33,2,Covid-19 relief program from the central government,Cash from wing agents
85-73-97-33,1,Other program (SPECIFY),
85-73-97-33,2,Other program (SPECIFY),Other (SPECIFY)
87-52-91-38,2,Covid-19 relief program from the central government,Cash from wing agents
87-58-41-57,1,Other program (SPECIFY),
87-58-41-57,2,Other program (SPECIFY),Cash from government office
87-58-41-57,3,Other program (SPECIFY),
87-64-17-69,2,Relief program from the local government,Cash from government office
89-51-49-68,2,Cash transfer program for pregnant women and children under,Cash from wing agents
89-56-07-85,2,Cash transfer program for pregnant women and children under,Other (SPECIFY)
89-56-07-85,2,Covid-19 relief program from the central government,Cash from wing agents
90-49-69-32,2,Covid-19 relief program from the central government,Cash from wing agents
90-98-61-29,2,Covid-19 relief program from the central government,Cash from wing agents
91-26-98-02,2,Covid-19 relief program from the central government,Cash from wing agents
91-32-31-35,1,Relief program from the local government,
91-32-31-35,2,Covid-19 relief program from the central government,Cash from wing agents
91-75-84-89,2,Covid-19 relief program from the central government,Cash from wing agents
94-77-00-60,2,Covid-19 relief program from the central government,Cash from wing agents
95-62-65-76,2,Covid-19 relief program from the central government,Cash from wing agents
95-89-65-41,2,Covid-19 relief program from the central government,Cash from wing agents
95-89-65-41,1,Relief program from the local government,
98-66-84-72,1,Other program (SPECIFY),
98-66-84-72,2,Covid-19 relief program from the central government,Cash from wing agents
98-90-99-04,2,Covid-19 relief program from the central government,Cash from wing agents
99-02-91-63,2,Covid-19 relief program from the central government,Cash from wing agents
99-51-79-01,1,Relief program from the local government,
99-51-79-01,2,Covid-19 relief program from the central government,Cash from wing agents
