interview__key,s8q1,s8q2,s8q3,s8q4,s8q5,s8q6,s8q7,s8q8,s8q9,s8q10
00-18-15-60,NO,NO,NO,NO,NO,NO,NO,NO,NO,Not at all
00-28-98-16,NO,NO,NO,NO,NO,NO,NO,NO,NO,Not at all
00-40-34-48,NO,NO,NO,NO,NO,NO,NO,NO,NO,Not at all
00-45-00-37,YES,NO,YES,NO,NO,NO,NO,NO,NO,A little
00-54-36-13,YES,NO,NO,NO,NO,NO,NO,NO,NO,A lot
01-32-06-48,NO,NO,NO,NO,NO,NO,NO,NO,NO,Not at all
02-11-13-92,YES,NO,NO,NO,NO,NO,NO,NO,NO,A little
02-89-30-22,YES,NO,NO,NO,NO,NO,NO,NO,NO,A little
02-96-12-77,YES,YES,YES,NO,NO,YES,YES,NO,YES,A lot
03-57-84-60,NO,NO,NO,NO,NO,NO,NO,NO,NO,A little
03-77-64-79,YES,YES,NO,NO,YES,NO,YES,NO,NO,A lot
03-81-33-62,YES,NO,NO,NO,NO,NO,NO,NO,NO,A little
03-84-81-65,YES,YES,YES,YES,YES,NO,YES,YES,YES,A lot
04-13-23-41,NO,NO,NO,NO,NO,NO,NO,NO,NO,A little
04-17-01-55,YES,YES,YES,NO,YES,NO,NO,NO,NO,A lot
05-00-24-69,NO,NO,NO,NO,NO,NO,NO,NO,NO,Not at all
05-81-85-24,NO,NO,NO,NO,NO,NO,NO,NO,NO,Not at all
06-38-45-14,YES,NO,NO,NO,NO,NO,NO,NO,NO,A lot
06-58-76-54,YES,NO,NO,NO,NO,NO,NO,NO,NO,A little
06-65-48-93,YES,NO,NO,NO,NO,NO,NO,NO,NO,A little
06-89-25-87,YES,NO,NO,NO,NO,NO,NO,NO,NO,A little
07-07-39-43,YES,YES,YES,NO,YES,NO,YES,NO,NO,A lot
07-90-82-24,YES,NO,NO,NO,NO,YES,NO,NO,YES,A little
08-40-28-73,YES,YES,NO,NO,NO,NO,NO,NO,YES,Extremely
08-87-44-02,YES,NO,YES,NO,YES,NO,NO,NO,YES,A lot
08-98-49-88,YES,NO,NO,NO,NO,NO,NO,NO,YES,A little
09-03-50-98,NO,NO,NO,NO,NO,NO,NO,NO,NO,Not at all
09-11-38-06,NO,NO,NO,NO,NO,NO,NO,NO,NO,A little
09-25-43-00,YES,YES,YES,YES,NO,YES,NO,NO,NO,A lot
09-26-57-25,YES,YES,YES,NO,YES,NO,NO,NO,YES,A lot
09-27-61-41,YES,YES,YES,NO,YES,NO,YES,NO,NO,A little
09-69-61-77,NO,NO,NO,NO,NO,NO,NO,NO,NO,Not at all
09-72-34-65,YES,NO,NO,NO,NO,NO,NO,NO,NO,A little
09-94-37-20,NO,NO,NO,NO,NO,NO,NO,NO,NO,Not at all
10-00-77-35,YES,NO,NO,NO,NO,NO,YES,NO,NO,A little
10-30-18-95,YES,NO,NO,NO,NO,NO,NO,NO,YES,A lot
10-83-76-94,YES,NO,NO,NO,NO,NO,NO,NO,NO,A little
10-90-66-62,YES,YES,YES,NO,YES,NO,NO,NO,NO,A lot
10-97-49-10,YES,NO,NO,NO,NO,NO,NO,NO,NO,A little
11-11-31-58,YES,YES,NO,NO,NO,NO,NO,NO,NO,A little
11-16-10-36,YES,NO,NO,NO,NO,NO,NO,NO,NO,A lot
11-71-06-95,YES,NO,NO,NO,NO,NO,NO,NO,NO,A little
11-78-09-29,NO,NO,NO,NO,NO,NO,NO,NO,NO,Not at all
11-79-71-86,YES,YES,YES,NO,NO,NO,NO,NO,NO,A little
12-07-23-17,YES,YES,YES,NO,NO,NO,NO,NO,YES,A lot
12-16-17-74,YES,NO,NO,NO,NO,NO,NO,NO,NO,A little
12-33-47-68,YES,NO,NO,NO,NO,NO,NO,NO,NO,A lot
12-82-57-48,NO,NO,NO,YES,NO,NO,YES,YES,YES,Extremely
13-39-71-32,YES,NO,YES,NO,NO,YES,YES,NO,NO,A lot
13-41-36-30,NO,NO,NO,NO,NO,NO,YES,NO,NO,Not at all
13-52-02-28,YES,NO,NO,NO,NO,NO,NO,NO,NO,A lot
13-62-04-21,YES,NO,YES,YES,YES,NO,NO,NO,YES,Extremely
13-62-51-43,YES,NO,YES,NO,YES,NO,NO,NO,NO,A little
13-81-20-31,YES,NO,YES,NO,NO,NO,NO,NO,YES,A lot
14-09-59-69,YES,NO,YES,NO,YES,NO,NO,NO,NO,A little
14-78-41-57,YES,NO,NO,NO,NO,NO,YES,NO,YES,A little
14-89-02-15,YES,NO,NO,NO,NO,NO,NO,NO,NO,A little
14-93-22-59,NO,NO,NO,NO,NO,NO,NO,NO,NO,Not at all
14-94-97-50,YES,NO,NO,NO,NO,NO,NO,NO,NO,A little
14-97-32-57,NO,NO,NO,NO,NO,NO,NO,NO,NO,Not at all
14-98-08-92,YES,NO,YES,NO,YES,NO,NO,NO,YES,A little
15-09-32-42,YES,YES,NO,YES,YES,NO,NO,NO,YES,A little
15-48-00-43,YES,NO,NO,NO,NO,NO,NO,NO,NO,A lot
15-62-16-76,NO,NO,NO,NO,NO,NO,NO,NO,NO,Not at all
15-80-17-44,NO,NO,NO,NO,NO,NO,NO,NO,NO,Not at all
15-87-00-11,NO,NO,NO,NO,NO,NO,NO,NO,NO,Not at all
16-15-53-72,YES,NO,NO,NO,NO,NO,YES,NO,YES,A lot
16-17-55-72,YES,NO,NO,NO,NO,NO,NO,NO,NO,A little
16-42-96-59,NO,NO,NO,NO,YES,NO,NO,NO,NO,A little
16-52-89-41,YES,NO,NO,NO,NO,NO,NO,NO,NO,A little
16-59-81-75,YES,NO,NO,NO,NO,NO,NO,NO,NO,A little
16-74-28-23,YES,NO,YES,YES,NO,NO,NO,NO,YES,A lot
16-77-88-96,NO,NO,NO,NO,YES,NO,NO,NO,NO,Not at all
16-83-14-42,YES,NO,NO,NO,NO,NO,NO,NO,NO,A little
16-85-46-70,YES,NO,NO,NO,NO,NO,NO,NO,YES,A lot
16-96-19-45,NO,NO,NO,NO,NO,NO,NO,NO,NO,Not at all
17-01-45-98,YES,NO,YES,NO,NO,NO,YES,NO,NO,A lot
17-18-68-28,NO,NO,NO,NO,NO,NO,NO,NO,NO,A little
17-29-58-15,NO,NO,NO,NO,NO,NO,NO,NO,NO,Not at all
17-67-81-96,YES,YES,NO,NO,YES,NO,YES,NO,YES,A lot
17-68-86-89,YES,YES,YES,YES,YES,NO,YES,NO,YES,A lot
17-88-33-48,YES,NO,NO,NO,NO,NO,NO,NO,NO,A little
18-05-71-79,YES,NO,NO,NO,NO,NO,NO,NO,NO,A little
18-83-71-39,YES,NO,NO,NO,YES,NO,NO,NO,NO,A little
18-91-78-21,YES,YES,NO,YES,YES,YES,YES,YES,NO,A lot
19-02-16-28,NO,NO,NO,NO,NO,NO,NO,NO,NO,Not at all
19-20-48-23,YES,NO,NO,NO,NO,NO,YES,NO,NO,A lot
19-39-08-63,YES,NO,NO,NO,NO,NO,NO,NO,YES,A little
19-72-67-09,YES,YES,YES,YES,YES,NO,NO,NO,YES,Extremely
20-05-86-82,YES,NO,YES,YES,NO,NO,NO,NO,NO,A lot
20-20-96-41,YES,NO,YES,NO,YES,NO,NO,NO,NO,A little
20-28-07-52,YES,YES,YES,YES,YES,NO,YES,NO,NO,A little
20-39-98-99,NO,NO,NO,NO,NO,NO,NO,NO,NO,Not at all
20-73-25-13,YES,NO,YES,NO,YES,NO,NO,NO,NO,A lot
20-76-11-93,YES,NO,NO,NO,NO,NO,NO,NO,NO,A little
20-80-17-46,NO,NO,NO,NO,NO,NO,NO,NO,YES,A little
20-82-62-78,NO,NO,NO,NO,NO,NO,NO,NO,NO,A little
21-09-64-49,YES,NO,YES,NO,YES,NO,NO,NO,NO,A lot
21-28-36-64,YES,NO,NO,NO,YES,NO,YES,NO,NO,A little
21-33-55-76,NO,NO,YES,YES,YES,NO,YES,NO,NO,A lot
21-82-19-65,YES,NO,NO,NO,NO,NO,NO,NO,NO,A little
22-06-96-95,YES,NO,NO,NO,NO,NO,YES,NO,NO,A lot
22-27-53-02,YES,NO,YES,NO,NO,NO,NO,NO,NO,A little
22-34-46-74,YES,NO,NO,NO,NO,NO,NO,NO,NO,A lot
22-80-62-03,NO,NO,NO,NO,NO,NO,NO,NO,YES,A little
22-89-95-50,NO,NO,NO,NO,NO,NO,NO,NO,NO,A little
22-91-55-07,YES,NO,NO,NO,NO,NO,NO,NO,NO,A little
23-84-75-04,YES,YES,NO,NO,YES,YES,NO,NO,YES,A lot
23-95-76-25,NO,NO,NO,NO,NO,NO,NO,NO,NO,Not at all
24-50-42-93,YES,NO,NO,NO,NO,NO,NO,NO,NO,A little
24-54-99-87,NO,NO,YES,NO,YES,NO,NO,NO,NO,Not at all
24-78-94-60,NO,NO,NO,NO,NO,NO,NO,NO,NO,Not at all
24-82-80-64,NO,NO,NO,NO,NO,NO,NO,NO,NO,Not at all
25-17-44-91,YES,NO,NO,NO,NO,NO,NO,NO,NO,A little
25-42-18-96,YES,YES,YES,YES,YES,YES,YES,YES,NO,Extremely
25-91-93-59,NO,NO,NO,NO,NO,NO,NO,NO,NO,Not at all
26-18-30-56,NO,NO,NO,NO,NO,NO,NO,NO,NO,Not at all
26-47-81-10,YES,NO,NO,NO,YES,NO,YES,NO,YES,Extremely
26-92-52-70,YES,YES,YES,YES,NO,YES,NO,NO,YES,Extremely
27-08-88-11,YES,NO,YES,NO,NO,NO,NO,NO,NO,A lot
27-21-36-53,YES,YES,YES,YES,NO,NO,YES,NO,NO,Extremely
27-29-97-73,YES,YES,NO,NO,NO,NO,NO,NO,YES,A lot
27-33-92-06,YES,YES,YES,YES,YES,NO,NO,NO,YES,A lot
27-55-59-49,NO,NO,NO,NO,NO,NO,NO,NO,NO,Not at all
28-71-17-92,YES,NO,NO,NO,NO,NO,NO,NO,NO,A little
28-88-05-65,YES,NO,NO,NO,NO,NO,NO,NO,NO,A lot
28-94-48-29,NO,NO,NO,NO,NO,NO,NO,NO,NO,Not at all
28-99-21-75,YES,YES,YES,YES,YES,NO,YES,NO,YES,A lot
29-53-69-61,YES,YES,YES,YES,NO,NO,YES,NO,NO,Extremely
29-56-08-14,YES,YES,NO,NO,NO,NO,NO,NO,NO,A little
29-65-13-28,NO,NO,NO,NO,NO,NO,NO,NO,NO,Not at all
29-94-26-51,NO,NO,NO,NO,NO,NO,NO,NO,NO,A little
29-96-85-38,NO,NO,NO,NO,NO,NO,NO,NO,NO,Not at all
30-10-22-60,YES,YES,YES,YES,YES,NO,YES,NO,YES,A lot
30-10-29-94,YES,NO,YES,NO,NO,NO,NO,NO,YES,Extremely
30-19-77-63,YES,NO,NO,NO,NO,NO,NO,NO,NO,A little
30-25-79-75,YES,NO,NO,NO,NO,NO,NO,NO,NO,A little
30-57-28-29,NO,NO,NO,NO,NO,NO,NO,NO,NO,Not at all
30-74-60-19,YES,NO,NO,NO,NO,NO,NO,NO,NO,A little
30-84-11-52,NO,NO,NO,NO,NO,NO,NO,NO,NO,Not at all
30-93-30-28,YES,NO,NO,NO,NO,NO,NO,NO,NO,A little
31-08-08-05,YES,NO,YES,YES,YES,NO,YES,NO,YES,A lot
31-16-02-60,YES,NO,NO,NO,NO,NO,NO,NO,NO,A little
31-29-31-74,YES,NO,NO,NO,NO,NO,NO,NO,NO,A little
31-31-68-97,YES,YES,YES,YES,NO,YES,NO,NO,YES,A lot
31-52-38-21,YES,YES,YES,YES,YES,NO,YES,NO,NO,A lot
31-72-86-88,NO,NO,NO,NO,NO,NO,NO,NO,NO,Not at all
31-74-01-25,YES,NO,NO,NO,NO,NO,NO,NO,NO,A little
31-91-94-57,YES,NO,NO,NO,NO,NO,NO,NO,NO,A little
31-99-66-16,NO,NO,NO,NO,NO,NO,NO,NO,NO,Not at all
32-04-34-69,YES,YES,NO,NO,YES,NO,NO,NO,YES,A lot
32-46-48-90,YES,YES,YES,YES,YES,NO,NO,NO,YES,Extremely
32-55-09-04,YES,NO,NO,NO,NO,NO,NO,NO,NO,A little
32-66-22-66,YES,NO,NO,NO,NO,NO,NO,NO,NO,A little
32-76-20-27,YES,NO,NO,NO,NO,NO,NO,NO,NO,A little
33-13-27-35,NO,NO,NO,NO,NO,NO,NO,NO,NO,Not at all
33-80-37-22,YES,NO,NO,YES,YES,NO,YES,NO,YES,A lot
33-87-89-92,NO,NO,NO,NO,NO,NO,NO,NO,NO,Not at all
34-35-77-48,YES,NO,YES,NO,YES,NO,NO,NO,NO,A lot
34-60-80-61,NO,NO,NO,NO,NO,NO,NO,NO,NO,Not at all
34-91-88-56,YES,NO,NO,NO,NO,NO,NO,NO,NO,A lot
34-93-90-02,YES,NO,NO,NO,NO,NO,NO,NO,NO,A little
35-34-74-29,NO,NO,NO,NO,NO,NO,NO,NO,NO,Not at all
35-62-73-83,NO,NO,NO,NO,NO,NO,NO,NO,NO,Not at all
35-74-11-78,YES,NO,NO,NO,NO,NO,NO,NO,NO,A little
35-77-62-41,NO,NO,NO,NO,NO,NO,NO,NO,NO,Not at all
35-94-54-03,YES,NO,NO,NO,NO,NO,NO,NO,YES,A lot
36-00-88-95,YES,NO,NO,NO,NO,NO,NO,NO,YES,A little
36-07-99-01,YES,NO,NO,NO,NO,NO,NO,NO,NO,A little
36-15-16-16,NO,NO,NO,NO,NO,NO,NO,NO,NO,Not at all
36-23-84-47,YES,NO,NO,NO,NO,NO,NO,NO,NO,A lot
36-42-27-64,YES,NO,YES,NO,YES,NO,NO,NO,NO,A lot
36-57-06-71,YES,NO,YES,YES,NO,NO,NO,NO,YES,A little
36-73-22-03,YES,NO,YES,YES,NO,NO,NO,NO,NO,A little
36-81-17-19,NO,NO,NO,NO,NO,NO,NO,NO,NO,Not at all
37-00-39-57,YES,NO,NO,NO,NO,NO,NO,NO,NO,A little
37-80-84-96,YES,NO,NO,NO,NO,NO,NO,NO,NO,A little
37-89-40-83,YES,YES,YES,NO,NO,NO,YES,NO,NO,A lot
38-13-46-95,YES,NO,NO,NO,NO,NO,NO,NO,NO,A little
38-13-82-86,NO,NO,NO,NO,NO,NO,NO,NO,NO,A little
38-26-45-97,NO,NO,NO,NO,NO,NO,NO,NO,NO,Not at all
38-84-61-98,YES,YES,YES,NO,YES,NO,NO,NO,YES,Extremely
39-07-91-55,YES,NO,YES,NO,YES,NO,NO,NO,NO,A lot
39-32-76-16,NO,NO,NO,NO,NO,NO,NO,NO,NO,Not at all
39-44-97-01,NO,NO,NO,NO,NO,NO,NO,NO,NO,Not at all
39-51-55-58,NO,YES,YES,NO,YES,NO,YES,NO,YES,A little
39-70-52-15,YES,YES,NO,NO,NO,NO,NO,NO,YES,A lot
39-73-01-24,YES,NO,YES,NO,NO,NO,NO,NO,NO,Extremely
39-96-43-92,YES,YES,NO,NO,YES,NO,YES,NO,NO,A lot
40-15-27-64,YES,NO,NO,NO,NO,NO,NO,NO,NO,A little
40-48-45-57,NO,NO,NO,NO,NO,NO,NO,NO,NO,Not at all
40-56-73-24,YES,YES,YES,NO,YES,NO,YES,NO,NO,A lot
40-86-31-68,YES,YES,NO,NO,YES,NO,NO,NO,NO,A little
41-13-72-49,YES,NO,NO,NO,NO,NO,NO,NO,NO,A little
41-19-13-76,YES,YES,YES,YES,YES,NO,NO,NO,NO,A little
41-41-86-33,NO,NO,NO,NO,NO,NO,NO,NO,NO,Not at all
41-85-41-75,NO,NO,YES,NO,NO,NO,NO,NO,NO,A little
42-16-33-90,YES,YES,NO,NO,NO,NO,NO,NO,NO,A lot
42-21-50-32,NO,NO,NO,NO,NO,NO,NO,NO,NO,Not at all
42-34-68-53,NO,NO,NO,NO,NO,NO,NO,NO,NO,A little
42-39-53-16,NO,NO,NO,NO,NO,NO,NO,NO,NO,Not at all
42-49-42-16,YES,NO,NO,NO,NO,NO,NO,NO,NO,Not at all
42-93-36-93,YES,NO,YES,NO,YES,NO,NO,NO,YES,A lot
43-20-92-64,NO,NO,NO,NO,NO,NO,NO,NO,NO,Not at all
43-39-89-28,YES,YES,YES,NO,YES,NO,YES,NO,NO,A lot
43-44-56-34,NO,NO,NO,NO,NO,NO,NO,NO,NO,Not at all
43-85-90-89,NO,YES,YES,YES,YES,YES,YES,YES,YES,Extremely
44-19-05-48,YES,YES,YES,NO,NO,NO,NO,NO,NO,Extremely
44-19-40-06,YES,YES,YES,YES,YES,NO,NO,NO,NO,A lot
44-21-01-09,YES,NO,NO,NO,NO,NO,NO,NO,YES,Extremely
44-26-93-67,YES,NO,NO,NO,NO,NO,NO,NO,NO,A lot
45-75-02-10,YES,YES,YES,NO,NO,NO,NO,NO,YES,A lot
46-39-07-37,YES,NO,NO,NO,YES,NO,NO,NO,NO,A little
46-62-54-88,YES,NO,NO,NO,NO,NO,NO,NO,NO,A little
46-68-42-16,YES,NO,YES,NO,YES,NO,NO,NO,NO,A little
46-76-50-60,YES,YES,YES,NO,NO,NO,NO,NO,NO,A lot
46-88-89-87,YES,NO,NO,NO,NO,NO,YES,NO,NO,A lot
47-20-31-38,YES,YES,NO,NO,NO,NO,NO,NO,NO,A little
48-29-09-53,NO,NO,NO,NO,NO,NO,NO,NO,NO,Not at all
48-80-07-91,NO,NO,NO,NO,NO,NO,NO,NO,NO,A little
48-89-20-22,YES,YES,YES,NO,NO,NO,NO,NO,YES,A little
48-93-89-78,YES,YES,NO,NO,NO,NO,NO,NO,YES,A little
49-13-03-02,YES,NO,NO,NO,NO,NO,NO,NO,NO,A little
49-56-39-78,YES,NO,YES,NO,YES,NO,YES,NO,YES,A lot
50-17-92-80,YES,NO,YES,NO,NO,NO,NO,NO,NO,A little
50-19-59-77,YES,YES,NO,YES,YES,NO,YES,NO,YES,A lot
50-20-51-46,YES,YES,YES,NO,YES,NO,NO,NO,YES,A lot
50-26-41-60,YES,NO,NO,NO,NO,NO,NO,NO,NO,A lot
50-42-56-85,YES,NO,YES,NO,YES,NO,NO,NO,NO,A lot
50-54-33-12,NO,NO,NO,NO,NO,NO,NO,NO,NO,Not at all
50-85-43-67,NO,NO,NO,NO,NO,NO,NO,NO,NO,Not at all
50-86-46-86,YES,YES,YES,NO,NO,NO,YES,NO,YES,A little
51-51-35-80,YES,YES,YES,YES,YES,NO,NO,NO,YES,A lot
51-80-19-87,YES,YES,YES,NO,YES,NO,NO,NO,NO,A little
52-13-89-92,YES,NO,NO,NO,YES,NO,NO,NO,NO,A little
52-25-31-84,YES,NO,NO,NO,NO,NO,NO,NO,NO,A little
52-55-51-37,NO,NO,NO,NO,NO,NO,NO,NO,NO,Not at all
52-73-66-11,YES,YES,YES,NO,YES,NO,YES,NO,YES,A little
52-74-11-63,YES,NO,NO,NO,NO,NO,NO,NO,NO,A little
52-80-53-09,YES,NO,NO,YES,YES,NO,NO,NO,NO,A little
52-89-90-66,NO,NO,NO,NO,NO,NO,NO,NO,NO,Not at all
53-01-23-41,YES,NO,YES,NO,NO,NO,YES,NO,NO,A little
53-39-73-69,YES,YES,NO,NO,YES,NO,NO,NO,NO,A lot
53-53-83-12,YES,YES,YES,NO,YES,YES,YES,NO,YES,A lot
53-65-29-69,YES,NO,NO,NO,NO,NO,NO,NO,NO,A little
53-79-32-75,YES,NO,YES,YES,NO,NO,NO,NO,YES,A lot
54-16-50-08,YES,NO,NO,NO,NO,NO,NO,NO,NO,A lot
54-55-17-76,YES,YES,NO,NO,NO,NO,NO,NO,NO,A lot
54-62-44-15,YES,NO,NO,NO,NO,NO,NO,NO,YES,A lot
55-08-38-92,YES,NO,NO,NO,NO,NO,NO,NO,NO,A lot
55-36-37-79,YES,NO,NO,NO,NO,NO,NO,NO,NO,A little
55-37-45-75,NO,NO,NO,NO,NO,NO,NO,NO,NO,Not at all
55-45-00-38,NO,NO,NO,NO,NO,NO,NO,NO,NO,Not at all
55-64-14-58,YES,NO,NO,NO,YES,NO,NO,NO,NO,A lot
55-83-48-37,YES,NO,NO,NO,NO,NO,YES,NO,NO,A little
56-40-85-48,YES,NO,YES,NO,YES,NO,NO,NO,NO,A little
56-42-87-09,YES,NO,YES,YES,YES,NO,NO,NO,YES,A lot
56-72-91-26,NO,NO,NO,NO,NO,NO,NO,NO,NO,Not at all
56-89-63-74,YES,YES,NO,YES,YES,NO,NO,NO,NO,A little
56-97-03-00,YES,NO,NO,NO,NO,NO,NO,NO,NO,A little
57-09-50-11,YES,NO,NO,NO,NO,NO,YES,NO,YES,A little
57-25-12-92,NO,NO,NO,NO,NO,NO,NO,NO,NO,Not at all
57-30-44-34,YES,NO,NO,NO,NO,NO,NO,NO,NO,A little
57-36-10-30,YES,NO,YES,NO,NO,NO,NO,NO,YES,A little
57-39-04-44,YES,NO,NO,NO,NO,NO,NO,NO,NO,A lot
57-57-92-44,NO,NO,NO,NO,NO,NO,NO,NO,NO,Not at all
57-62-74-67,YES,NO,NO,NO,NO,NO,NO,NO,YES,A little
57-69-89-87,NO,NO,NO,NO,NO,NO,NO,NO,NO,Not at all
57-77-48-16,NO,NO,NO,NO,NO,NO,NO,NO,NO,Not at all
58-12-98-81,YES,NO,NO,NO,NO,NO,NO,NO,YES,A lot
58-13-62-89,YES,NO,NO,NO,NO,NO,NO,NO,NO,A little
58-29-75-58,YES,NO,NO,NO,NO,NO,NO,NO,NO,A little
58-43-50-28,YES,NO,YES,NO,NO,NO,NO,NO,NO,A little
58-73-10-11,YES,NO,NO,NO,NO,NO,NO,NO,NO,Not at all
58-99-58-80,YES,NO,NO,NO,NO,NO,NO,NO,NO,A little
59-05-04-32,YES,NO,NO,NO,NO,NO,NO,NO,NO,A little
59-14-09-40,NO,NO,NO,NO,NO,NO,NO,NO,NO,Not at all
59-18-03-22,YES,NO,YES,NO,NO,NO,YES,NO,YES,A lot
59-27-43-88,YES,YES,YES,YES,YES,NO,YES,NO,YES,A lot
59-70-72-12,YES,YES,NO,NO,NO,NO,NO,NO,NO,A little
59-79-57-21,YES,NO,NO,NO,NO,NO,NO,NO,NO,A little
59-90-62-65,YES,NO,NO,NO,NO,NO,NO,NO,NO,A little
60-19-83-04,NO,NO,NO,NO,NO,NO,NO,NO,NO,Not at all
60-48-87-43,NO,NO,NO,NO,NO,NO,NO,NO,NO,A little
60-73-43-19,YES,NO,NO,NO,YES,NO,YES,NO,NO,A lot
60-91-47-86,YES,NO,NO,NO,NO,NO,NO,NO,NO,A little
60-94-02-94,NO,NO,NO,NO,NO,NO,NO,NO,NO,Not at all
61-09-80-29,YES,YES,YES,YES,YES,YES,NO,NO,YES,Extremely
63-08-92-92,NO,NO,NO,NO,NO,NO,NO,NO,NO,Not at all
63-19-74-12,YES,NO,YES,NO,NO,NO,YES,NO,NO,A little
63-26-65-91,YES,NO,NO,NO,YES,NO,YES,NO,NO,A lot
63-48-07-95,YES,NO,NO,NO,NO,NO,NO,NO,NO,A little
63-56-10-69,YES,NO,NO,NO,NO,NO,NO,NO,NO,A little
63-85-72-79,YES,YES,YES,YES,YES,NO,YES,NO,YES,A lot
64-29-61-57,NO,YES,NO,NO,YES,NO,NO,NO,YES,A little
64-48-28-24,NO,NO,NO,NO,NO,NO,NO,NO,NO,Not at all
64-71-22-76,YES,NO,NO,NO,NO,NO,NO,NO,NO,A lot
64-87-88-01,YES,YES,NO,NO,NO,NO,YES,NO,NO,A lot
65-03-40-91,YES,NO,NO,NO,NO,NO,NO,NO,NO,A little
65-14-28-12,YES,YES,NO,NO,NO,NO,YES,NO,NO,Extremely
65-15-70-94,NO,YES,YES,NO,YES,NO,NO,NO,YES,A little
65-26-06-23,YES,NO,YES,NO,YES,NO,YES,NO,YES,A little
65-42-12-59,YES,NO,YES,NO,YES,NO,NO,NO,YES,A lot
65-57-01-02,NO,NO,NO,NO,NO,NO,NO,NO,NO,A little
65-60-80-72,YES,NO,NO,NO,YES,NO,YES,NO,NO,A little
65-62-93-31,YES,YES,YES,NO,YES,NO,YES,NO,NO,A little
65-65-50-55,YES,NO,NO,NO,NO,NO,NO,NO,NO,A little
65-85-43-35,NO,NO,NO,NO,NO,NO,NO,NO,NO,Not at all
66-09-77-42,NO,NO,NO,NO,NO,NO,NO,NO,NO,Not at all
66-09-95-16,YES,NO,NO,NO,YES,NO,NO,NO,NO,A lot
66-41-98-09,YES,NO,NO,NO,NO,NO,NO,NO,NO,Not at all
66-72-46-34,NO,NO,NO,NO,NO,NO,NO,NO,NO,Not at all
66-73-72-28,NO,NO,NO,NO,NO,NO,NO,NO,NO,Not at all
66-98-68-75,NO,NO,NO,NO,NO,NO,NO,NO,NO,Extremely
67-04-29-75,NO,NO,NO,NO,NO,NO,NO,NO,NO,Not at all
67-06-49-60,YES,NO,NO,NO,NO,NO,NO,NO,NO,A little
67-43-18-76,YES,NO,NO,NO,NO,NO,NO,NO,NO,A little
67-59-04-59,NO,NO,NO,NO,NO,NO,NO,NO,NO,Not at all
67-60-15-46,NO,NO,NO,NO,NO,NO,NO,NO,NO,Not at all
67-80-47-65,NO,NO,NO,NO,NO,NO,NO,NO,NO,Not at all
67-89-30-52,NO,NO,NO,YES,NO,YES,NO,NO,NO,A little
67-91-61-84,YES,NO,YES,NO,YES,NO,YES,NO,NO,A little
68-34-61-83,NO,NO,NO,NO,NO,NO,NO,NO,NO,Not at all
68-38-01-69,NO,NO,NO,NO,NO,NO,NO,NO,NO,Not at all
68-45-34-74,YES,YES,YES,YES,YES,YES,YES,NO,NO,A lot
69-00-14-35,NO,NO,NO,NO,NO,NO,NO,NO,NO,A little
69-03-20-16,YES,YES,NO,NO,NO,NO,NO,NO,YES,A lot
69-06-28-03,YES,NO,NO,YES,YES,YES,YES,NO,NO,A lot
69-08-19-24,YES,YES,YES,YES,YES,NO,YES,NO,YES,A lot
69-21-58-74,YES,NO,NO,NO,YES,NO,NO,NO,NO,A little
69-30-44-27,YES,NO,NO,YES,YES,NO,NO,NO,YES,A little
69-45-68-23,YES,YES,NO,NO,NO,NO,NO,NO,NO,A lot
69-46-48-50,NO,NO,NO,NO,NO,NO,NO,NO,NO,A little
69-88-71-37,NO,NO,NO,NO,NO,NO,NO,NO,NO,Not at all
69-96-21-12,NO,NO,NO,NO,NO,NO,NO,NO,NO,Not at all
70-05-55-27,NO,NO,NO,NO,NO,NO,NO,NO,NO,Not at all
70-11-22-03,YES,YES,YES,NO,NO,NO,NO,NO,NO,A little
70-11-55-43,YES,NO,NO,NO,YES,NO,YES,NO,YES,A lot
70-34-49-84,YES,YES,NO,NO,NO,NO,YES,NO,YES,A lot
70-69-66-16,YES,NO,NO,NO,NO,NO,NO,NO,NO,A little
70-81-55-76,NO,NO,NO,NO,NO,NO,NO,NO,NO,Not at all
70-97-59-22,NO,NO,YES,NO,NO,NO,NO,NO,NO,A lot
71-09-53-26,YES,NO,NO,YES,NO,NO,NO,NO,YES,A little
71-71-37-89,YES,NO,NO,NO,NO,NO,NO,NO,NO,A little
71-97-83-07,YES,NO,NO,NO,NO,NO,NO,NO,NO,A little
72-37-13-33,YES,YES,NO,NO,NO,NO,YES,NO,NO,A lot
72-45-65-29,NO,NO,NO,NO,NO,NO,NO,NO,NO,Not at all
72-68-27-38,YES,NO,NO,NO,NO,NO,NO,NO,YES,A little
72-86-90-07,NO,NO,NO,NO,NO,NO,NO,NO,NO,Not at all
72-92-01-02,YES,NO,NO,NO,NO,NO,NO,NO,NO,A little
73-05-97-72,NO,NO,NO,NO,NO,NO,NO,NO,NO,Not at all
73-14-02-84,YES,YES,YES,YES,NO,NO,NO,NO,NO,Extremely
73-17-81-25,YES,NO,NO,NO,NO,NO,YES,NO,YES,A little
73-36-22-94,YES,NO,NO,NO,NO,YES,YES,NO,YES,A little
73-39-29-63,YES,YES,YES,NO,NO,NO,NO,NO,NO,A little
73-70-46-99,YES,NO,NO,NO,NO,NO,NO,NO,NO,A little
74-57-17-75,YES,NO,NO,NO,NO,NO,NO,NO,NO,A little
74-63-83-49,YES,NO,NO,NO,NO,NO,NO,NO,NO,A little
74-67-51-83,YES,YES,YES,NO,YES,NO,NO,NO,NO,A little
74-81-56-83,YES,NO,YES,NO,YES,NO,YES,NO,YES,A lot
74-86-45-86,YES,YES,YES,YES,YES,NO,YES,NO,NO,A lot
76-21-65-16,NO,NO,NO,NO,NO,NO,NO,NO,NO,Not at all
76-22-55-80,YES,YES,NO,YES,NO,NO,NO,NO,YES,Extremely
76-56-99-54,YES,NO,NO,NO,NO,NO,NO,NO,NO,A little
76-57-84-06,YES,YES,NO,NO,NO,NO,NO,NO,NO,A little
76-95-05-44,NO,NO,NO,NO,NO,NO,NO,NO,NO,Not at all
77-03-40-90,YES,YES,YES,NO,YES,NO,YES,NO,NO,A lot
77-18-77-96,NO,NO,NO,NO,NO,NO,NO,NO,NO,Not at all
77-60-01-54,NO,NO,NO,NO,NO,NO,NO,NO,NO,A little
77-70-84-36,YES,NO,NO,NO,NO,NO,NO,NO,NO,A lot
77-71-94-82,YES,NO,NO,NO,YES,NO,YES,NO,YES,A lot
78-69-73-86,YES,YES,YES,YES,YES,NO,NO,NO,NO,A lot
79-51-56-38,NO,NO,NO,NO,NO,NO,NO,NO,NO,Not at all
79-65-65-94,YES,NO,NO,NO,NO,NO,NO,NO,NO,Not at all
79-72-98-96,NO,NO,NO,NO,NO,NO,NO,NO,NO,Not at all
79-85-65-98,YES,NO,NO,NO,NO,NO,NO,NO,NO,A little
79-90-83-59,YES,NO,NO,NO,NO,NO,NO,NO,NO,A little
79-96-97-70,YES,NO,YES,NO,YES,NO,NO,YES,NO,A lot
80-40-93-12,YES,NO,NO,NO,NO,NO,NO,NO,NO,A little
80-49-06-34,NO,NO,NO,NO,NO,NO,NO,NO,NO,Not at all
80-49-49-04,YES,YES,YES,YES,YES,NO,YES,NO,NO,Extremely
80-58-14-70,YES,NO,YES,YES,YES,NO,NO,NO,YES,A lot
80-72-64-44,YES,NO,NO,NO,NO,NO,NO,NO,NO,A lot
81-20-01-76,YES,NO,NO,NO,NO,NO,NO,NO,YES,A lot
81-36-68-15,YES,NO,NO,NO,NO,NO,NO,NO,NO,A little
81-48-88-00,YES,YES,NO,NO,NO,NO,NO,NO,NO,A little
82-16-53-06,YES,NO,NO,NO,NO,NO,NO,NO,YES,A lot
82-82-33-85,YES,NO,YES,NO,YES,NO,NO,NO,NO,A lot
83-15-19-66,YES,YES,YES,YES,YES,NO,YES,NO,NO,A lot
83-24-97-14,YES,NO,NO,NO,NO,NO,NO,NO,YES,A little
83-62-66-29,NO,NO,NO,NO,NO,NO,NO,NO,NO,Not at all
83-78-78-49,NO,NO,NO,NO,NO,NO,NO,NO,NO,Not at all
83-82-40-74,NO,NO,NO,NO,NO,NO,NO,NO,NO,Not at all
84-26-72-24,YES,YES,NO,NO,NO,NO,NO,NO,NO,A lot
84-31-44-97,NO,NO,NO,NO,NO,NO,NO,NO,NO,Not at all
84-37-56-77,YES,NO,NO,NO,NO,NO,NO,NO,NO,A little
84-65-10-22,YES,NO,NO,NO,NO,NO,NO,NO,NO,A little
84-70-29-25,YES,NO,NO,NO,NO,NO,NO,NO,NO,A little
84-79-70-97,YES,YES,YES,NO,YES,NO,YES,NO,NO,A lot
85-01-15-29,YES,NO,NO,NO,NO,NO,NO,NO,NO,A little
85-03-27-87,NO,NO,NO,NO,NO,NO,NO,NO,NO,Not at all
85-06-62-86,NO,NO,NO,NO,NO,NO,NO,NO,NO,A little
85-16-54-30,YES,YES,YES,YES,YES,YES,NO,NO,NO,Extremely
85-25-56-55,YES,NO,NO,NO,NO,NO,NO,NO,NO,A little
85-69-58-56,YES,YES,YES,NO,NO,NO,NO,NO,YES,A lot
85-73-20-42,YES,YES,YES,YES,YES,YES,YES,NO,YES,Extremely
85-73-97-33,YES,YES,YES,YES,YES,NO,NO,NO,YES,Extremely
86-42-22-29,YES,NO,NO,NO,NO,NO,NO,NO,NO,A little
86-62-31-38,YES,NO,YES,NO,NO,NO,NO,NO,NO,Extremely
86-88-12-40,YES,NO,YES,NO,NO,NO,NO,NO,YES,A little
87-41-40-78,NO,NO,NO,NO,NO,NO,NO,NO,NO,Not at all
87-52-91-38,YES,YES,YES,NO,NO,YES,NO,NO,YES,A little
87-58-41-57,YES,YES,YES,YES,YES,NO,YES,NO,YES,Extremely
87-60-75-90,YES,YES,NO,NO,NO,NO,NO,NO,NO,A lot
87-64-17-69,YES,NO,NO,NO,NO,NO,YES,NO,NO,A lot
87-76-07-29,YES,NO,NO,NO,NO,NO,NO,NO,NO,A little
87-83-02-60,YES,NO,NO,NO,NO,NO,NO,NO,NO,A little
87-93-61-92,YES,YES,YES,NO,NO,NO,NO,NO,YES,Extremely
88-05-51-96,NO,NO,YES,NO,NO,NO,NO,NO,NO,A little
88-21-21-87,NO,NO,NO,NO,NO,NO,NO,NO,NO,Not at all
88-32-05-81,YES,NO,NO,NO,NO,NO,NO,NO,NO,A little
88-52-19-69,NO,YES,YES,NO,NO,NO,NO,NO,NO,A little
88-55-90-62,YES,YES,NO,YES,NO,NO,NO,NO,NO,A lot
89-00-81-23,YES,NO,NO,NO,NO,NO,NO,NO,NO,A little
89-18-01-05,YES,NO,NO,NO,NO,NO,NO,NO,NO,A lot
89-18-79-86,YES,NO,YES,NO,YES,NO,NO,NO,NO,A lot
89-30-53-74,YES,NO,NO,NO,NO,NO,NO,NO,NO,A little
89-51-49-68,YES,YES,YES,NO,NO,NO,NO,NO,NO,A lot
89-56-07-85,YES,NO,NO,NO,NO,NO,NO,NO,NO,A little
89-93-50-24,NO,NO,NO,NO,NO,NO,NO,NO,NO,A little
90-22-35-16,YES,NO,YES,NO,NO,NO,NO,NO,NO,A lot
90-49-69-32,NO,NO,NO,NO,NO,NO,NO,NO,NO,Not at all
90-50-18-25,NO,NO,NO,NO,NO,NO,NO,NO,NO,Not at all
90-70-32-77,YES,YES,YES,YES,NO,NO,NO,NO,YES,A lot
90-72-63-71,NO,NO,NO,NO,NO,NO,NO,NO,NO,Not at all
90-90-59-67,NO,NO,NO,NO,NO,NO,NO,NO,NO,Not at all
90-98-61-29,YES,YES,YES,NO,NO,NO,NO,NO,YES,A lot
91-12-21-18,YES,NO,NO,NO,NO,NO,NO,NO,NO,A little
91-26-98-02,YES,YES,YES,YES,YES,YES,YES,YES,YES,A lot
91-32-31-35,YES,NO,NO,NO,NO,NO,NO,NO,YES,A lot
91-47-37-79,YES,YES,NO,NO,NO,NO,NO,NO,YES,A little
91-64-79-49,NO,NO,NO,NO,NO,NO,NO,NO,NO,Not at all
91-75-84-89,NO,NO,NO,NO,NO,NO,NO,NO,NO,Not at all
91-92-90-54,YES,NO,NO,NO,NO,NO,NO,NO,NO,A lot
92-52-64-60,YES,NO,YES,NO,NO,NO,NO,NO,NO,A little
92-54-15-40,YES,NO,YES,NO,YES,NO,NO,NO,NO,A lot
92-90-62-95,YES,NO,NO,NO,NO,NO,NO,NO,NO,A little
93-07-64-20,NO,NO,YES,NO,NO,NO,NO,NO,NO,A little
93-34-63-42,YES,NO,NO,NO,NO,NO,NO,NO,NO,A lot
93-71-89-46,NO,NO,NO,NO,NO,NO,NO,NO,NO,Not at all
94-77-00-60,YES,NO,NO,YES,YES,NO,NO,NO,NO,A little
94-82-96-77,YES,YES,YES,NO,YES,NO,NO,NO,YES,A lot
94-95-85-94,NO,NO,NO,NO,NO,NO,NO,NO,NO,Not at all
95-04-09-29,YES,NO,NO,NO,NO,NO,NO,NO,NO,A little
95-47-06-74,NO,NO,NO,NO,NO,NO,NO,NO,NO,Not at all
95-56-74-69,YES,YES,YES,NO,YES,NO,NO,NO,YES,A little
95-62-65-76,YES,NO,YES,NO,NO,NO,NO,NO,NO,A lot
95-65-40-38,YES,YES,NO,NO,NO,NO,NO,NO,NO,A little
95-72-64-75,YES,NO,NO,NO,YES,NO,YES,NO,NO,A little
95-80-09-27,YES,NO,NO,NO,NO,NO,NO,NO,NO,A little
95-89-65-41,YES,YES,YES,NO,YES,YES,NO,NO,YES,A lot
96-06-20-32,NO,NO,NO,NO,NO,NO,NO,NO,NO,Not at all
96-43-59-47,NO,NO,NO,NO,NO,NO,NO,NO,NO,Not at all
96-72-01-47,YES,YES,YES,NO,YES,NO,NO,NO,YES,A lot
96-84-49-20,NO,NO,NO,NO,NO,NO,NO,NO,NO,A lot
97-19-44-22,NO,NO,NO,NO,NO,NO,NO,NO,NO,Not at all
97-23-41-88,NO,NO,NO,NO,NO,NO,NO,NO,NO,Not at all
97-56-15-57,YES,NO,NO,NO,NO,NO,YES,NO,NO,A little
97-63-33-82,NO,NO,NO,NO,NO,NO,NO,NO,NO,Not at all
97-67-52-97,YES,NO,NO,NO,NO,NO,NO,NO,NO,A little
98-07-47-63,YES,NO,NO,NO,NO,NO,NO,NO,NO,A little
98-57-95-05,NO,NO,NO,NO,NO,NO,NO,NO,NO,Not at all
98-59-09-34,NO,NO,NO,NO,NO,NO,NO,NO,NO,Not at all
98-66-84-72,NO,NO,YES,YES,YES,NO,YES,NO,NO,A little
98-90-99-04,YES,NO,NO,NO,YES,NO,NO,NO,YES,A lot
98-91-03-89,YES,YES,NO,NO,NO,NO,NO,NO,YES,A lot
98-93-03-74,NO,NO,NO,NO,YES,NO,NO,NO,NO,A little
99-02-91-63,YES,YES,YES,YES,NO,NO,NO,NO,YES,Extremely
99-51-79-01,YES,NO,NO,NO,NO,NO,NO,NO,NO,Not at all
99-86-73-41,YES,NO,NO,NO,NO,NO,NO,NO,YES,A little
99-98-60-29,NO,NO,YES,NO,NO,NO,NO,NO,NO,A little
