interview__key,s6q1,s6q2,s6q3,s6q4,s6q4a,s6q4b,s6q4c,s6q5,s6q6,s6q7,s6q8,s6q8a,s6q8b__1,s6q8b__2,s6q8c,s6q9,s6q10__0,s6q10__1,s6q10__2,s6q10__3,s6q10__4,s6q10__5,s6q11,s6q12,s6q13,s6q14,s6q15,s6q16,s6q17__1,s6q17__2,s6q17__3,s6q17__4,s6q17__5,s6q17__6,s6q17__7
00-18-15-60,NO,YES,Not farming season,"AGRICULTURE, HUNTING, FISHING",,,,,,,,,,,,3,,,,,,,YES,BUYING AND SELLING,Less,Seasonal closure,YES,YES,,,,,,,
00-28-98-16,YES,,,,YES,,,CONSTRUCTION,In your own business,,,,,,,NO,,,,,,,YES,CONSTRUCTION,Less,No customers/few customers,YES,YES,,,,,,,
00-40-34-48,YES,,,,YES,,,"AGRICULTURE, HUNTING, FISHING","In a family farm, raising family livestock, or fishing",,,,,,,NO,,,,,,,YES,BUYING AND SELLING,Less,No customers/few customers,YES,YES,,,,,,,
00-45-00-37,NO,YES,Seasonal worker,"AGRICULTURE, HUNTING, FISHING",,,,,,,,,,,,3,,,,,,,NO,,,,YES,NO,NO,NO,NO,NO,NO,NO,YES
00-54-36-13,YES,,,,YES,,,BUYING AND SELLING,In your own business,,,,,,,YES,1,,,,,,YES,BUYING AND SELLING,Less,Can't travel/transport goods for trade,NO,,,,,,,,
01-32-06-48,YES,,,,YES,,,MANUFACTURING,As an employee for someone else,YES,,,YES,YES,Yes,NO,,,,,,,NO,,,,NO,,,,,,,,
02-11-13-92,YES,,,,YES,,,MANUFACTURING,As an employee for someone else,YES,,,YES,YES,Yes,NO,,,,,,,NO,,,,YES,YES,,,,,,,
02-89-30-22,YES,,,,YES,,,CONSTRUCTION,As an employee for someone else,YES,,,NO,NO,No,3,,,,,,,NO,,,,NO,,,,,,,,
02-96-12-77,NO,NO,,,,,,,,,,,,,,NO,,,,,,,NO,,,,YES,YES,,,,,,,
03-57-84-60,YES,,,,YES,,,BUYING AND SELLING,In your own business,,,,,,,NO,,,,,,,YES,BUYING AND SELLING,Less,No customers/few customers,NO,,,,,,,,
03-77-64-79,NO,NO,,,,,,,,,,,,,,NO,,,,,,,NO,,,,NO,,,,,,,,
03-81-33-62,YES,,,,YES,,,PROFESSIONAL/ SCIENTIFIC/TECHNICAL ACTIVITIES,As an employee for someone else,YES,,,YES,YES,Yes,3,,,,,,,NO,,,,NO,,,,,,,,
03-84-81-65,YES,,,,YES,,,"AGRICULTURE, HUNTING, FISHING","In a family farm, raising family livestock, or fishing",,,,,,,YES,2,3,4,5,6,,NO,,,,YES,YES,,,,,,,
04-13-23-41,YES,,,,YES,,,"AGRICULTURE, HUNTING, FISHING","In a family farm, raising family livestock, or fishing",,,,,,,NO,,,,,,,NO,,,,YES,YES,,,,,,,
04-17-01-55,NO,YES,Other,CONSTRUCTION,,,,,,,,,,,,3,,,,,,,NO,,,,NO,,,,,,,,
05-00-24-69,YES,,,,YES,,,"AGRICULTURE, HUNTING, FISHING","In a family farm, raising family livestock, or fishing",,,,,,,NO,,,,,,,NO,,,,YES,YES,,,,,,,
05-81-85-24,YES,,,,YES,,,PROFESSIONAL/ SCIENTIFIC/TECHNICAL ACTIVITIES,In your own business,,,,,,,3,,,,,,,YES,PROFESSIONAL/ SCIENTIFIC/TECHNICAL ACTIVITIES,The same,,YES,YES,,,,,,,
06-38-45-14,NO,YES,Not farming season,"AGRICULTURE, HUNTING, FISHING",,,,,,,,,,,,YES,3,,,,,,NO,,,,YES,NO,NO,NO,NO,NO,NO,NO,YES
06-58-76-54,YES,,,,YES,,,"AGRICULTURE, HUNTING, FISHING","In a family farm, raising family livestock, or fishing",,,,,,,YES,2,,,,,,NO,,,,YES,YES,,,,,,,
06-65-48-93,YES,,,,YES,,,BUYING AND SELLING,In your own business,,,,,,,NO,,,,,,,YES,BUYING AND SELLING,Less,No customers/few customers,YES,YES,,,,,,,
06-89-25-87,YES,,,,YES,,,BUYING AND SELLING,In a business operated by a household member,,,,,,,NO,,,,,,,YES,BUYING AND SELLING,Less,No customers/few customers,YES,YES,,,,,,,
07-07-39-43,YES,,,,YES,,,"AGRICULTURE, HUNTING, FISHING","In a family farm, raising family livestock, or fishing",,,,,,,3,,,,,,,NO,,,,YES,YES,,,,,,,
07-90-82-24,NO,YES,Seasonal worker,"AGRICULTURE, HUNTING, FISHING",,,,,,,,,,,,3,,,,,,,NO,,,,NO,,,,,,,,
08-40-28-73,NO,YES,Not farming season,"AGRICULTURE, HUNTING, FISHING",,,,,,,,,,,,3,,,,,,,NO,,,,YES,YES,,,,,,,
08-87-44-02,NO,NO,,,,,,,,,,,,,,NO,,,,,,,NO,,,,YES,YES,,,,,,,
08-98-49-88,YES,,,,YES,,,"AGRICULTURE, HUNTING, FISHING","In a family farm, raising family livestock, or fishing",,,,,,,NO,,,,,,,YES,BUYING AND SELLING,Less,No customers/few customers,YES,YES,,,,,,,
09-03-50-98,YES,,,,YES,,,BUYING AND SELLING,In your own business,,,,,,,3,,,,,,,YES,BUYING AND SELLING,The same,,NO,,,,,,,,
09-11-38-06,NO,NO,,,,,,,,,,,,,,YES,8,,,,,,YES,BUYING AND SELLING,The same,,YES,YES,,,,,,,
09-25-43-00,YES,,,,YES,,,MANUFACTURING,In your own business,,,,,,,NO,,,,,,,YES,MANUFACTURING,Less,No customers/few customers,YES,YES,,,,,,,
09-26-57-25,NO,NO,,,,,,,,,,,,,,NO,,,,,,,NO,,,,NO,,,,,,,,
09-27-61-41,NO,NO,,,,,,,,,,,,,,3,,,,,,,NO,,,,YES,YES,,,,,,,
09-69-61-77,YES,,,,YES,,,BUYING AND SELLING,In your own business,,,,,,,3,,,,,,,YES,BUYING AND SELLING,Less,No customers/few customers,YES,YES,,,,,,,
09-72-34-65,YES,,,,YES,,,"AGRICULTURE, HUNTING, FISHING","In a family farm, raising family livestock, or fishing",,,,,,,YES,4,,,,,,YES,PERSONAL SERVICES,The same,,YES,YES,,,,,,,
09-94-37-20,NO,NO,,,,,,,,,,,,,,NO,,,,,,,YES,CONSTRUCTION,The same,,NO,,,,,,,,
10-00-77-35,YES,,,,YES,,,MANUFACTURING,As an employee for someone else,YES,,,YES,NO,Yes,NO,,,,,,,NO,,,,YES,YES,,,,,,,
10-30-18-95,YES,,,,YES,,,BUYING AND SELLING,In your own business,,,,,,,YES,2,,,,,,YES,BUYING AND SELLING,Less,No customers/few customers,YES,YES,,,,,,,
10-83-76-94,YES,,,,YES,,,"AGRICULTURE, HUNTING, FISHING","In a family farm, raising family livestock, or fishing",,,,,,,3,,,,,,,NO,,,,YES,YES,,,,,,,
10-90-66-62,YES,,,,YES,,,BUYING AND SELLING,In a business operated by a household member,,,,,,,3,,,,,,,YES,BUYING AND SELLING,Less,No customers/few customers,NO,,,,,,,,
10-97-49-10,NO,YES,Other,CONSTRUCTION,,,,,,,,,,,,NO,,,,,,,NO,,,,YES,YES,,,,,,,
11-11-31-58,YES,,,,YES,,,"AGRICULTURE, HUNTING, FISHING","In a family farm, raising family livestock, or fishing",,,,,,,NO,,,,,,,NO,,,,YES,YES,,,,,,,
11-16-10-36,NO,NO,,,,,,,,,,,,,,3,,,,,,,YES,BUYING AND SELLING,The same,,NO,,,,,,,,
11-71-06-95,YES,,,,YES,,,MANUFACTURING,As an employee for someone else,YES,,,YES,YES,Yes,NO,,,,,,,YES,BUYING AND SELLING,The same,,YES,YES,,,,,,,
11-78-09-29,YES,,,,YES,,,PERSONAL SERVICES,As an employee for someone else,YES,,,NO,NO,No,NO,,,,,,,NO,,,,NO,,,,,,,,
11-79-71-86,YES,,,,YES,,,"AGRICULTURE, HUNTING, FISHING","In a family farm, raising family livestock, or fishing",,,,,,,YES,3,4,2,5,6,,NO,,,,YES,YES,,,,,,,
12-07-23-17,YES,,,,YES,,,MANUFACTURING,As an employee for someone else,YES,,,YES,YES,Yes,YES,1,,,,,,NO,,,,YES,YES,,,,,,,
12-16-17-74,YES,,,,YES,,,"AGRICULTURE, HUNTING, FISHING","In a family farm, raising family livestock, or fishing",,,,,,,3,,,,,,,NO,,,,YES,YES,,,,,,,
12-33-47-68,YES,,,,YES,,,BUYING AND SELLING,In your own business,,,,,,,3,,,,,,,YES,BUYING AND SELLING,Less,No customers/few customers,NO,,,,,,,,
12-82-57-48,YES,,,,YES,,,"AGRICULTURE, HUNTING, FISHING","In a family farm, raising family livestock, or fishing",,,,,,,3,,,,,,,NO,,,,YES,YES,,,,,,,
13-39-71-32,YES,,,,YES,,,CONSTRUCTION,As an employee for someone else,YES,,,NO,NO,No,NO,,,,,,,YES,BUYING AND SELLING,Less,Seasonal closure,YES,YES,,,,,,,
13-41-36-30,YES,,,,YES,,,PUBLIC ADMINISTRATION,"As an apprentice, trainee, intern",YES,,,NO,YES,No,3,,,,,,,NO,,,,YES,YES,,,,,,,
13-52-02-28,YES,,,,YES,,,BUYING AND SELLING,In a business operated by a household member,,,,,,,YES,7,6,,,,,YES,BUYING AND SELLING,Less,No customers/few customers,NO,,,,,,,,
13-62-04-21,NO,NO,,,,,,,,,,,,,,NO,,,,,,,NO,,,,NO,,,,,,,,
13-62-51-43,YES,,,,YES,,,MANUFACTURING,In a business operated by a household member,,,,,,,3,,,,,,,YES,MANUFACTURING,The same,,NO,,,,,,,,
13-81-20-31,NO,YES,Seasonal worker,"AGRICULTURE, HUNTING, FISHING",,,,,,,,,,,,NO,,,,,,,NO,,,,NO,,,,,,,,
14-09-59-69,YES,,,,YES,,,"AGRICULTURE, HUNTING, FISHING","In a family farm, raising family livestock, or fishing",,,,,,,NO,,,,,,,NO,,,,YES,YES,,,,,,,
14-78-41-57,NO,YES,Ill/quarantined,BUYING AND SELLING,,,,,,,,,,,,NO,,,,,,,YES,BUYING AND SELLING,No revenue,Ill/quarantined due to corovirus,YES,YES,,,,,,,
14-89-02-15,YES,,,,YES,,,"AGRICULTURE, HUNTING, FISHING","In a family farm, raising family livestock, or fishing",,,,,,,NO,,,,,,,NO,,,,YES,YES,,,,,,,
14-93-22-59,NO,NO,,,,,,,,,,,,,,3,,,,,,,NO,,,,YES,YES,,,,,,,
14-94-97-50,YES,,,,YES,,,"AGRICULTURE, HUNTING, FISHING","In a family farm, raising family livestock, or fishing",,,,,,,YES,6,,,,,,NO,,,,YES,YES,,,,,,,
14-97-32-57,YES,,,,YES,,,BUYING AND SELLING,In a business operated by a household member,,,,,,,3,,,,,,,YES,BUYING AND SELLING,The same,,YES,YES,,,,,,,
14-98-08-92,YES,,,,YES,,,"AGRICULTURE, HUNTING, FISHING","In a family farm, raising family livestock, or fishing",,,,,,,YES,4,,,,,,NO,,,,YES,YES,,,,,,,
15-09-32-42,NO,NO,,,,,,,,,,,,,,YES,8,,,,,,NO,,,,NO,,,,,,,,
15-48-00-43,NO,YES,Other,CONSTRUCTION,,,,,,,,,,,,3,,,,,,,NO,,,,YES,YES,,,,,,,
15-62-16-76,YES,,,,YES,,,PERSONAL SERVICES,In your own business,,,,,,,3,,,,,,,YES,PERSONAL SERVICES,The same,,YES,YES,,,,,,,
15-80-17-44,YES,,,,YES,,,"AGRICULTURE, HUNTING, FISHING","In a family farm, raising family livestock, or fishing",,,,,,,NO,,,,,,,NO,,,,YES,YES,,,,,,,
15-87-00-11,NO,NO,,,,,,,,,,,,,,NO,,,,,,,NO,,,,NO,,,,,,,,
16-15-53-72,YES,,,,YES,,,CONSTRUCTION,As an employee for someone else,YES,,,NO,NO,No,NO,,,,,,,NO,,,,NO,,,,,,,,
16-17-55-72,YES,,,,NO,Other,"AGRICULTURE, HUNTING, FISHING","AGRICULTURE, HUNTING, FISHING",As an employee for someone else,YES,,,NO,NO,No,3,,,,,,,NO,,,,YES,YES,,,,,,,
16-42-96-59,NO,NO,,,,,,,,,,,,,,3,,,,,,,NO,,,,YES,YES,,,,,,,
16-52-89-41,YES,,,,YES,,,BUYING AND SELLING,In your own business,,,,,,,NO,,,,,,,YES,BUYING AND SELLING,Less,No customers/few customers,NO,,,,,,,,
16-59-81-75,NO,NO,,,,,,,,,,,,,,NO,,,,,,,NO,,,,YES,YES,,,,,,,
16-74-28-23,YES,,,,YES,,,PERSONAL SERVICES,As an employee for someone else,YES,,,NO,NO,No,NO,,,,,,,NO,,,,NO,,,,,,,,
16-77-88-96,YES,,,,NO,Other,TRANSPORTATION,BUYING AND SELLING,In a business operated by a household member,,,,,,,3,,,,,,,YES,BUYING AND SELLING,Less,No customers/few customers,NO,,,,,,,,
16-83-14-42,YES,,,,YES,,,BUYING AND SELLING,In your own business,,,,,,,3,,,,,,,YES,BUYING AND SELLING,The same,,NO,,,,,,,,
16-85-46-70,NO,YES,Seasonal worker,"AGRICULTURE, HUNTING, FISHING",,,,,,,,,,,,3,,,,,,,NO,,,,NO,,,,,,,,
16-96-19-45,YES,,,,YES,,,BUYING AND SELLING,In your own business,,,,,,,3,,,,,,,YES,BUYING AND SELLING,Less,No customers/few customers,NO,,,,,,,,
17-01-45-98,YES,,,,YES,,,"AGRICULTURE, HUNTING, FISHING","In a family farm, raising family livestock, or fishing",,,,,,,3,,,,,,,NO,,,,YES,YES,,,,,,,
17-18-68-28,YES,,,,YES,,,PROFESSIONAL/ SCIENTIFIC/TECHNICAL ACTIVITIES,As an employee for someone else,YES,,,YES,YES,No,NO,,,,,,,YES,BUYING AND SELLING,The same,,NO,,,,,,,,
17-29-58-15,YES,,,,YES,,,"AGRICULTURE, HUNTING, FISHING","In a family farm, raising family livestock, or fishing",,,,,,,3,,,,,,,NO,,,,YES,YES,,,,,,,
17-67-81-96,YES,,,,YES,,,"AGRICULTURE, HUNTING, FISHING","In a family farm, raising family livestock, or fishing",,,,,,,NO,,,,,,,NO,,,,YES,YES,,,,,,,
17-68-86-89,NO,NO,,,,,,,,,,,,,,3,,,,,,,NO,,,,NO,,,,,,,,
17-88-33-48,NO,NO,,,,,,,,,,,,,,3,,,,,,,YES,PROFESSIONAL/ SCIENTIFIC/TECHNICAL ACTIVITIES,The same,,YES,YES,,,,,,,
18-05-71-79,YES,,,,YES,,,PROFESSIONAL/ SCIENTIFIC/TECHNICAL ACTIVITIES,As an employee for someone else,YES,,,NO,NO,No,3,,,,,,,NO,,,,YES,YES,,,,,,,
18-83-71-39,YES,,,,YES,,,"AGRICULTURE, HUNTING, FISHING","In a family farm, raising family livestock, or fishing",,,,,,,3,,,,,,,NO,,,,YES,YES,,,,,,,
18-91-78-21,NO,NO,,,,,,,,,,,,,,NO,,,,,,,NO,,,,NO,,,,,,,,
19-02-16-28,NO,YES,Retired,PUBLIC ADMINISTRATION,,,,,,,,,,,,3,,,,,,,NO,,,,YES,NO,NO,NO,NO,NO,YES,NO,NO
19-20-48-23,NO,YES,Not farming season,"AGRICULTURE, HUNTING, FISHING",,,,,,,,,,,,YES,4,5,,,,,NO,,,,YES,YES,,,,,,,
19-39-08-63,YES,,,,YES,,,"AGRICULTURE, HUNTING, FISHING","In a family farm, raising family livestock, or fishing",,,,,,,3,,,,,,,NO,,,,YES,YES,,,,,,,
19-72-67-09,YES,,,,YES,,,"AGRICULTURE, HUNTING, FISHING","In a family farm, raising family livestock, or fishing",,,,,,,NO,,,,,,,NO,,,,YES,YES,,,,,,,
20-05-86-82,YES,,,,YES,,,"AGRICULTURE, HUNTING, FISHING","In a family farm, raising family livestock, or fishing",,,,,,,3,,,,,,,NO,,,,YES,YES,,,,,,,
20-20-96-41,YES,,,,YES,,,BUYING AND SELLING,In a business operated by a household member,,,,,,,3,,,,,,,YES,BUYING AND SELLING,Less,No customers/few customers,NO,,,,,,,,
20-28-07-52,YES,,,,YES,,,PROFESSIONAL/ SCIENTIFIC/TECHNICAL ACTIVITIES,In a business operated by a household member,,,,,,,3,,,,,,,YES,PROFESSIONAL/ SCIENTIFIC/TECHNICAL ACTIVITIES,The same,,NO,,,,,,,,
20-39-98-99,YES,,,,YES,,,EDUCATION,As an employee for someone else,YES,,,YES,YES,No,NO,,,,,,,YES,BUYING AND SELLING,Less,No customers/few customers,NO,,,,,,,,
20-73-25-13,YES,,,,YES,,,"AGRICULTURE, HUNTING, FISHING","In a family farm, raising family livestock, or fishing",,,,,,,3,,,,,,,NO,,,,YES,YES,,,,,,,
20-76-11-93,YES,,,,YES,,,"AGRICULTURE, HUNTING, FISHING","In a family farm, raising family livestock, or fishing",,,,,,,NO,,,,,,,NO,,,,YES,YES,,,,,,,
20-80-17-46,YES,,,,YES,,,"AGRICULTURE, HUNTING, FISHING","In a family farm, raising family livestock, or fishing",,,,,,,NO,,,,,,,NO,,,,YES,YES,,,,,,,
20-82-62-78,YES,,,,YES,,,PROFESSIONAL/ SCIENTIFIC/TECHNICAL ACTIVITIES,As an employee for someone else,YES,,,NO,YES,Yes,NO,,,,,,,NO,,,,YES,YES,,,,,,,
21-09-64-49,YES,,,,YES,,,BUYING AND SELLING,In your own business,,,,,,,NO,,,,,,,YES,BUYING AND SELLING,Less,No customers/few customers,NO,,,,,,,,
21-28-36-64,YES,,,,YES,,,"AGRICULTURE, HUNTING, FISHING","In a family farm, raising family livestock, or fishing",,,,,,,3,,,,,,,NO,,,,YES,YES,,,,,,,
21-33-55-76,YES,,,,YES,,,BUYING AND SELLING,In your own business,,,,,,,3,,,,,,,YES,BUYING AND SELLING,Less,No customers/few customers,NO,,,,,,,,
21-82-19-65,NO,NO,,,,,,,,,,,,,,3,,,,,,,NO,,,,NO,,,,,,,,
22-06-96-95,YES,,,,YES,,,"AGRICULTURE, HUNTING, FISHING","In a family farm, raising family livestock, or fishing",,,,,,,YES,2,,,,,,NO,,,,YES,YES,,,,,,,
22-27-53-02,YES,,,,YES,,,PERSONAL SERVICES,In a business operated by a household member,,,,,,,NO,,,,,,,YES,PERSONAL SERVICES,The same,,YES,YES,,,,,,,
22-34-46-74,YES,,,,YES,,,"AGRICULTURE, HUNTING, FISHING","In a family farm, raising family livestock, or fishing",,,,,,,YES,2,,,,,,NO,,,,YES,YES,,,,,,,
22-80-62-03,YES,,,,YES,,,PROFESSIONAL/ SCIENTIFIC/TECHNICAL ACTIVITIES,As an employee for someone else,YES,,,NO,YES,Yes,YES,2,,,,,,YES,BUYING AND SELLING,Less,No customers/few customers,NO,,,,,,,,
22-89-95-50,YES,,,,YES,,,BUYING AND SELLING,In your own business,,,,,,,3,,,,,,,YES,BUYING AND SELLING,The same,,NO,,,,,,,,
22-91-55-07,YES,,,,YES,,,PROFESSIONAL/ SCIENTIFIC/TECHNICAL ACTIVITIES,As an employee for someone else,YES,,,NO,NO,No,NO,,,,,,,NO,,,,NO,,,,,,,,
23-84-75-04,NO,NO,,,,,,,,,,,,,,NO,,,,,,,NO,,,,YES,YES,,,,,,,
23-95-76-25,YES,,,,YES,,,PUBLIC ADMINISTRATION,As an employee for someone else,YES,,,YES,YES,Yes,3,,,,,,,NO,,,,NO,,,,,,,,
24-50-42-93,NO,YES,Not farming season,"AGRICULTURE, HUNTING, FISHING",,,,,,,,,,,,NO,,,,,,,NO,,,,NO,,,,,,,,
24-54-99-87,YES,,,,YES,,,BUYING AND SELLING,In a business operated by a household member,,,,,,,NO,,,,,,,YES,BUYING AND SELLING,The same,,NO,,,,,,,,
24-78-94-60,YES,,,,YES,,,BUYING AND SELLING,In a business operated by a household member,,,,,,,3,,,,,,,YES,BUYING AND SELLING,Less,No customers/few customers,YES,YES,,,,,,,
24-82-80-64,YES,,,,YES,,,BUYING AND SELLING,In a business operated by a household member,,,,,,,3,,,,,,,YES,BUYING AND SELLING,Higher,,NO,,,,,,,,
25-17-44-91,NO,NO,,,,,,,,,,,,,,YES,2,,,,,,NO,,,,YES,YES,,,,,,,
25-42-18-96,NO,NO,,,,,,,,,,,,,,NO,,,,,,,NO,,,,YES,YES,,,,,,,
25-91-93-59,YES,,,,YES,,,CONSTRUCTION,As an employee for someone else,YES,,,NO,NO,No,NO,,,,,,,NO,,,,YES,YES,,,,,,,
26-18-30-56,YES,,,,YES,,,HEALTH,As an employee for someone else,YES,,,YES,YES,No,NO,,,,,,,YES,BUYING AND SELLING,The same,,YES,YES,,,,,,,
26-47-81-10,NO,NO,,,,,,,,,,,,,,3,,,,,,,NO,,,,NO,,,,,,,,
26-92-52-70,YES,,,,YES,,,"AGRICULTURE, HUNTING, FISHING",As an employee for someone else,YES,,,NO,NO,No,NO,,,,,,,NO,,,,YES,YES,,,,,,,
27-08-88-11,NO,NO,,,,,,,,,,,,,,3,,,,,,,NO,,,,YES,YES,,,,,,,
27-21-36-53,YES,,,,NO,Business/office closed due to coronavirus legal restrictions,"AGRICULTURE, HUNTING, FISHING",BUYING AND SELLING,In a business operated by a household member,,,,,,,YES,3,,,,,,YES,BUYING AND SELLING,The same,,NO,,,,,,,,
27-29-97-73,YES,,,,YES,,,BUYING AND SELLING,In your own business,,,,,,,3,,,,,,,YES,BUYING AND SELLING,The same,,NO,,,,,,,,
27-33-92-06,NO,NO,,,,,,,,,,,,,,3,,,,,,,NO,,,,NO,,,,,,,,
27-55-59-49,YES,,,,YES,,,BUYING AND SELLING,In your own business,,,,,,,YES,3,,,,,,YES,BUYING AND SELLING,Less,No customers/few customers,YES,YES,,,,,,,
28-71-17-92,NO,NO,,,,,,,,,,,,,,3,,,,,,,NO,,,,YES,YES,,,,,,,
28-88-05-65,NO,NO,,,,,,,,,,,,,,NO,,,,,,,NO,,,,YES,YES,,,,,,,
28-94-48-29,YES,,,,YES,,,CONSTRUCTION,As an employee for someone else,YES,,,NO,NO,No,NO,,,,,,,NO,,,,YES,YES,,,,,,,
28-99-21-75,NO,YES,Other,TRANSPORTATION,,,,,,,,,,,,3,,,,,,,YES,TRANSPORTATION,No revenue,Other,NO,,,,,,,,
29-53-69-61,NO,YES,Seasonal worker,CONSTRUCTION,,,,,,,,,,,,NO,,,,,,,NO,,,,NO,,,,,,,,
29-56-08-14,NO,NO,,,,,,,,,,,,,,YES,2,,,,,,NO,,,,NO,,,,,,,,
29-65-13-28,YES,,,,YES,,,"AGRICULTURE, HUNTING, FISHING","In a family farm, raising family livestock, or fishing",,,,,,,3,,,,,,,NO,,,,YES,YES,,,,,,,
29-94-26-51,NO,YES,Other,BUYING AND SELLING,,,,,,,,,,,,3,,,,,,,YES,BUYING AND SELLING,The same,,YES,YES,,,,,,,
29-96-85-38,YES,,,,YES,,,HEALTH,As an employee for someone else,YES,,,NO,NO,No,3,,,,,,,NO,,,,NO,,,,,,,,
30-10-22-60,NO,YES,Seasonal worker,"AGRICULTURE, HUNTING, FISHING",,,,,,,,,,,,NO,,,,,,,NO,,,,NO,,,,,,,,
30-10-29-94,NO,YES,Ill/quarantined,"AGRICULTURE, HUNTING, FISHING",,,,,,,,,,,,NO,,,,,,,NO,,,,YES,NO,NO,NO,NO,NO,NO,NO,YES
30-19-77-63,YES,,,,YES,,,MANUFACTURING,In a business operated by a household member,,,,,,,3,,,,,,,YES,MANUFACTURING,The same,,YES,YES,,,,,,,
30-25-79-75,NO,YES,Retired,PUBLIC ADMINISTRATION,,,,,,,,,,,,NO,,,,,,,NO,,,,YES,YES,,,,,,,
30-57-28-29,YES,,,,YES,,,MANUFACTURING,In a business operated by a household member,,,,,,,3,,,,,,,YES,MANUFACTURING,The same,,NO,,,,,,,,
30-74-60-19,YES,,,,YES,,,"AGRICULTURE, HUNTING, FISHING","In a family farm, raising family livestock, or fishing",,,,,,,3,,,,,,,NO,,,,YES,YES,,,,,,,
30-84-11-52,NO,YES,Not farming season,"AGRICULTURE, HUNTING, FISHING",,,,,,,,,,,,NO,,,,,,,NO,,,,YES,YES,,,,,,,
30-93-30-28,YES,,,,YES,,,PERSONAL SERVICES,In your own business,,,,,,,3,,,,,,,YES,PERSONAL SERVICES,The same,,NO,,,,,,,,
31-08-08-05,NO,YES,Other,"AGRICULTURE, HUNTING, FISHING",,,,,,,,,,,,3,,,,,,,NO,,,,YES,YES,,,,,,,
31-16-02-60,YES,,,,YES,,,"AGRICULTURE, HUNTING, FISHING","In a family farm, raising family livestock, or fishing",,,,,,,NO,,,,,,,YES,BUYING AND SELLING,The same,,YES,YES,,,,,,,
31-29-31-74,YES,,,,YES,,,PROFESSIONAL/ SCIENTIFIC/TECHNICAL ACTIVITIES,As an employee for someone else,YES,,,YES,YES,No,NO,,,,,,,NO,,,,YES,YES,,,,,,,
31-31-68-97,YES,,,,YES,,,MANUFACTURING,In your own business,,,,,,,NO,,,,,,,YES,MANUFACTURING,Less,No customers/few customers,NO,,,,,,,,
31-52-38-21,YES,,,,YES,,,PUBLIC ADMINISTRATION,As an employee for someone else,YES,,,NO,YES,Yes,NO,,,,,,,NO,,,,YES,YES,,,,,,,
31-72-86-88,YES,,,,YES,,,PUBLIC ADMINISTRATION,As an employee for someone else,YES,,,NO,NO,No,NO,,,,,,,NO,,,,NO,,,,,,,,
31-74-01-25,YES,,,,YES,,,PERSONAL SERVICES,As an employee for someone else,YES,,,NO,NO,No,NO,,,,,,,NO,,,,YES,YES,,,,,,,
31-91-94-57,YES,,,,YES,,,PROFESSIONAL/ SCIENTIFIC/TECHNICAL ACTIVITIES,As an employee for someone else,YES,,,NO,NO,No,NO,,,,,,,NO,,,,NO,,,,,,,,
31-99-66-16,YES,,,,YES,,,BUYING AND SELLING,In your own business,,,,,,,NO,,,,,,,YES,BUYING AND SELLING,The same,,NO,,,,,,,,
32-04-34-69,NO,NO,,,,,,,,,,,,,,NO,,,,,,,NO,,,,YES,YES,,,,,,,
32-46-48-90,NO,YES,Seasonal worker,CONSTRUCTION,,,,,,,,,,,,3,,,,,,,NO,,,,NO,,,,,,,,
32-55-09-04,YES,,,,YES,,,"AGRICULTURE, HUNTING, FISHING","In a family farm, raising family livestock, or fishing",,,,,,,3,,,,,,,NO,,,,YES,YES,,,,,,,
32-66-22-66,YES,,,,YES,,,"AGRICULTURE, HUNTING, FISHING","In a family farm, raising family livestock, or fishing",,,,,,,NO,,,,,,,YES,BUYING AND SELLING,Less,No customers/few customers,YES,YES,,,,,,,
32-76-20-27,YES,,,,YES,,,"AGRICULTURE, HUNTING, FISHING","In a family farm, raising family livestock, or fishing",,,,,,,NO,,,,,,,YES,TRANSPORTATION,Less,No customers/few customers,YES,YES,,,,,,,
33-13-27-35,YES,,,,YES,,,EDUCATION,As an employee for someone else,YES,,,YES,YES,No,YES,3,2,4,6,,,NO,,,,NO,,,,,,,,
33-80-37-22,NO,YES,Ill/quarantined,BUYING AND SELLING,,,,,,,,,,,,YES,4,,,,,,NO,,,,NO,,,,,,,,
33-87-89-92,YES,,,,YES,,,MANUFACTURING,In your own business,,,,,,,3,,,,,,,YES,MANUFACTURING,Less,No customers/few customers,YES,YES,,,,,,,
34-35-77-48,YES,,,,YES,,,PERSONAL SERVICES,As an employee for someone else,YES,,,NO,NO,No,NO,,,,,,,NO,,,,NO,,,,,,,,
34-60-80-61,YES,,,,YES,,,PERSONAL SERVICES,As an employee for someone else,YES,,,NO,NO,No,NO,,,,,,,YES,BUYING AND SELLING,The same,,NO,,,,,,,,
34-91-88-56,YES,,,,YES,,,"AGRICULTURE, HUNTING, FISHING","In a family farm, raising family livestock, or fishing",,,,,,,NO,,,,,,,NO,,,,YES,YES,,,,,,,
34-93-90-02,YES,,,,YES,,,MANUFACTURING,In your own business,,,,,,,NO,,,,,,,YES,MANUFACTURING,Less,Can't get inputs,YES,YES,,,,,,,
35-34-74-29,YES,,,,YES,,,PERSONAL SERVICES,As an employee for someone else,YES,,,NO,NO,No,NO,,,,,,,NO,,,,NO,,,,,,,,
35-62-73-83,YES,,,,YES,,,BUYING AND SELLING,In a business operated by a household member,,,,,,,3,,,,,,,YES,BUYING AND SELLING,The same,,NO,,,,,,,,
35-74-11-78,NO,NO,,,,,,,,,,,,,,NO,,,,,,,NO,,,,NO,,,,,,,,
35-77-62-41,YES,,,,YES,,,"AGRICULTURE, HUNTING, FISHING",As an employee for someone else,YES,,,NO,NO,No,NO,,,,,,,NO,,,,YES,YES,,,,,,,
35-94-54-03,YES,,,,YES,,,"OTHER, SPECIFY",As an employee for someone else,YES,,,NO,NO,Yes,NO,,,,,,,NO,,,,YES,YES,,,,,,,
36-00-88-95,YES,,,,YES,,,"AGRICULTURE, HUNTING, FISHING","In a family farm, raising family livestock, or fishing",,,,,,,NO,,,,,,,YES,BUYING AND SELLING,The same,,YES,YES,,,,,,,
36-07-99-01,YES,,,,YES,,,BUYING AND SELLING,In your own business,,,,,,,NO,,,,,,,YES,BUYING AND SELLING,Less,No customers/few customers,NO,,,,,,,,
36-15-16-16,NO,NO,,,,,,,,,,,,,,YES,4,,,,,,NO,,,,YES,YES,,,,,,,
36-23-84-47,YES,,,,NO,Not farming season,"AGRICULTURE, HUNTING, FISHING",BUYING AND SELLING,In your own business,,,,,,,3,,,,,,,YES,BUYING AND SELLING,Higher,,YES,YES,,,,,,,
36-42-27-64,YES,,,,YES,,,BUYING AND SELLING,In your own business,,,,,,,NO,,,,,,,YES,BUYING AND SELLING,The same,,NO,,,,,,,,
36-57-06-71,YES,,,,YES,,,"AGRICULTURE, HUNTING, FISHING","In a family farm, raising family livestock, or fishing",,,,,,,3,,,,,,,NO,,,,YES,YES,,,,,,,
36-73-22-03,YES,,,,NO,Seasonal worker,"AGRICULTURE, HUNTING, FISHING","AGRICULTURE, HUNTING, FISHING","In a family farm, raising family livestock, or fishing",,,,,,,NO,,,,,,,NO,,,,YES,YES,,,,,,,
36-81-17-19,YES,,,,YES,,,PUBLIC ADMINISTRATION,As an employee for someone else,YES,,,YES,NO,No,NO,,,,,,,NO,,,,YES,YES,,,,,,,
37-00-39-57,YES,,,,YES,,,"AGRICULTURE, HUNTING, FISHING","In a family farm, raising family livestock, or fishing",,,,,,,NO,,,,,,,NO,,,,YES,YES,,,,,,,
37-80-84-96,YES,,,,YES,,,"AGRICULTURE, HUNTING, FISHING",As an employee for someone else,YES,,,NO,NO,No,NO,,,,,,,NO,,,,YES,YES,,,,,,,
37-89-40-83,YES,,,,YES,,,"AGRICULTURE, HUNTING, FISHING","In a family farm, raising family livestock, or fishing",,,,,,,3,,,,,,,NO,,,,YES,YES,,,,,,,
38-13-46-95,YES,,,,YES,,,"AGRICULTURE, HUNTING, FISHING","In a family farm, raising family livestock, or fishing",,,,,,,NO,,,,,,,NO,,,,YES,YES,,,,,,,
38-13-82-86,YES,,,,YES,,,CONSTRUCTION,As an employee for someone else,NO,No payment,"OTHER, SPECIFY",NO,NO,No,3,,,,,,,NO,,,,NO,,,,,,,,
38-26-45-97,YES,,,,YES,,,"AGRICULTURE, HUNTING, FISHING","In a family farm, raising family livestock, or fishing",,,,,,,NO,,,,,,,NO,,,,YES,YES,,,,,,,
38-84-61-98,NO,NO,,,,,,,,,,,,,,NO,,,,,,,NO,,,,YES,NO,NO,NO,NO,NO,NO,NO,YES
39-07-91-55,NO,YES,Business/office closed for another reason,BUYING AND SELLING,,,,,,,,,,,,3,,,,,,,YES,BUYING AND SELLING,Less,Usual place of business closed for another reason,NO,,,,,,,,
39-32-76-16,YES,,,,YES,,,"AGRICULTURE, HUNTING, FISHING","In a family farm, raising family livestock, or fishing",,,,,,,3,,,,,,,NO,,,,YES,YES,,,,,,,
39-44-97-01,YES,,,,YES,,,PERSONAL SERVICES,In your own business,,,,,,,3,,,,,,,YES,PERSONAL SERVICES,The same,,YES,YES,,,,,,,
39-51-55-58,NO,NO,,,,,,,,,,,,,,NO,,,,,,,NO,,,,YES,YES,,,,,,,
39-70-52-15,NO,YES,Not farming season,"AGRICULTURE, HUNTING, FISHING",,,,,,,,,,,,YES,2,,,,,,NO,,,,YES,YES,,,,,,,
39-73-01-24,YES,,,,YES,,,"AGRICULTURE, HUNTING, FISHING","In a family farm, raising family livestock, or fishing",,,,,,,3,,,,,,,NO,,,,YES,YES,,,,,,,
39-96-43-92,YES,,,,YES,,,BUYING AND SELLING,In your own business,,,,,,,NO,,,,,,,YES,BUYING AND SELLING,Less,No customers/few customers,YES,YES,,,,,,,
40-15-27-64,YES,,,,YES,,,CONSTRUCTION,As an employee for someone else,YES,,,NO,NO,No,3,,,,,,,YES,BUYING AND SELLING,Less,No customers/few customers,NO,,,,,,,,
40-48-45-57,YES,,,,YES,,,"AGRICULTURE, HUNTING, FISHING",As an employee for someone else,YES,,,NO,NO,No,NO,,,,,,,NO,,,,NO,,,,,,,,
40-56-73-24,YES,,,,YES,,,"AGRICULTURE, HUNTING, FISHING","In a family farm, raising family livestock, or fishing",,,,,,,YES,1,,,,,,NO,,,,YES,NO,NO,NO,NO,NO,NO,NO,YES
40-86-31-68,YES,,,,YES,,,"AGRICULTURE, HUNTING, FISHING","In a family farm, raising family livestock, or fishing",,,,,,,3,,,,,,,NO,,,,YES,YES,,,,,,,
41-13-72-49,YES,,,,YES,,,BUYING AND SELLING,In your own business,,,,,,,YES,2,,,,,,YES,BUYING AND SELLING,Less,No customers/few customers,YES,YES,,,,,,,
41-19-13-76,NO,YES,Business/office closed for another reason,BUYING AND SELLING,,,,,,,,,,,,3,,,,,,,YES,BUYING AND SELLING,No revenue,Usual place of business closed for another reason,YES,YES,,,,,,,
41-41-86-33,YES,,,,YES,,,PROFESSIONAL/ SCIENTIFIC/TECHNICAL ACTIVITIES,As an employee for someone else,YES,,,YES,YES,Yes,3,,,,,,,NO,,,,YES,YES,,,,,,,
41-85-41-75,YES,,,,YES,,,BUYING AND SELLING,In a business operated by a household member,,,,,,,3,,,,,,,YES,BUYING AND SELLING,The same,,NO,,,,,,,,
42-16-33-90,YES,,,,YES,,,CONSTRUCTION,As an employee for someone else,YES,,,NO,NO,No,3,,,,,,,NO,,,,NO,,,,,,,,
42-21-50-32,YES,,,,YES,,,PROFESSIONAL/ SCIENTIFIC/TECHNICAL ACTIVITIES,As an employee for someone else,YES,,,YES,YES,Yes,NO,,,,,,,NO,,,,YES,YES,,,,,,,
42-34-68-53,YES,,,,YES,,,"AGRICULTURE, HUNTING, FISHING","In a family farm, raising family livestock, or fishing",,,,,,,NO,,,,,,,NO,,,,YES,YES,,,,,,,
42-39-53-16,YES,,,,YES,,,"AGRICULTURE, HUNTING, FISHING","In a family farm, raising family livestock, or fishing",,,,,,,3,,,,,,,YES,BUYING AND SELLING,Less,No customers/few customers,YES,YES,,,,,,,
42-49-42-16,YES,,,,YES,,,PERSONAL SERVICES,In your own business,,,,,,,3,,,,,,,YES,PERSONAL SERVICES,The same,,NO,,,,,,,,
42-93-36-93,YES,,,,YES,,,"AGRICULTURE, HUNTING, FISHING","In a family farm, raising family livestock, or fishing",,,,,,,NO,,,,,,,NO,,,,YES,YES,,,,,,,
43-20-92-64,YES,,,,YES,,,HEALTH,As an employee for someone else,YES,,,NO,YES,Yes,3,,,,,,,NO,,,,NO,,,,,,,,
43-39-89-28,NO,NO,,,,,,,,,,,,,,3,,,,,,,NO,,,,YES,YES,,,,,,,
43-44-56-34,YES,,,,YES,,,BUYING AND SELLING,In a business operated by a household member,,,,,,,NO,,,,,,,YES,BUYING AND SELLING,Higher,,YES,YES,,,,,,,
43-85-90-89,YES,,,,YES,,,CONSTRUCTION,As an employee for someone else,NO,No payment,ILL /  QUARANTINED,NO,NO,No,YES,2,,,,,,NO,,,,NO,,,,,,,,
44-19-05-48,YES,,,,YES,,,"AGRICULTURE, HUNTING, FISHING","In a family farm, raising family livestock, or fishing",,,,,,,NO,,,,,,,NO,,,,YES,YES,,,,,,,
44-19-40-06,NO,YES,Other,TRANSPORTATION,,,,,,,,,,,,NO,,,,,,,NO,,,,NO,,,,,,,,
44-21-01-09,YES,,,,YES,,,"AGRICULTURE, HUNTING, FISHING","In a family farm, raising family livestock, or fishing",,,,,,,NO,,,,,,,NO,,,,YES,YES,,,,,,,
44-26-93-67,NO,NO,,,,,,,,,,,,,,NO,,,,,,,YES,PERSONAL SERVICES,Less,No customers/few customers,NO,,,,,,,,
45-75-02-10,YES,,,,YES,,,CONSTRUCTION,As an employee for someone else,YES,,,NO,NO,No,3,,,,,,,NO,,,,YES,YES,,,,,,,
46-39-07-37,YES,,,,YES,,,"AGRICULTURE, HUNTING, FISHING","In a family farm, raising family livestock, or fishing",,,,,,,NO,,,,,,,NO,,,,YES,YES,,,,,,,
46-62-54-88,YES,,,,YES,,,"AGRICULTURE, HUNTING, FISHING","In a family farm, raising family livestock, or fishing",,,,,,,NO,,,,,,,NO,,,,YES,YES,,,,,,,
46-68-42-16,YES,,,,YES,,,BUYING AND SELLING,In a business operated by a household member,,,,,,,3,,,,,,,YES,BUYING AND SELLING,The same,,NO,,,,,,,,
46-76-50-60,NO,YES,Seasonal worker,"AGRICULTURE, HUNTING, FISHING",,,,,,,,,,,,YES,2,,,,,,NO,,,,NO,,,,,,,,
46-88-89-87,YES,,,,YES,,,"AGRICULTURE, HUNTING, FISHING","In a family farm, raising family livestock, or fishing",,,,,,,NO,,,,,,,NO,,,,YES,YES,,,,,,,
47-20-31-38,NO,YES,Not farming season,"AGRICULTURE, HUNTING, FISHING",,,,,,,,,,,,3,,,,,,,NO,,,,YES,YES,,,,,,,
48-29-09-53,NO,NO,,,,,,,,,,,,,,NO,,,,,,,NO,,,,YES,YES,,,,,,,
48-80-07-91,NO,NO,,,,,,,,,,,,,,NO,,,,,,,YES,BUYING AND SELLING,Less,No customers/few customers,NO,,,,,,,,
48-89-20-22,YES,,,,YES,,,MANUFACTURING,As an employee for someone else,YES,,,YES,YES,Yes,YES,2,,,,,,NO,,,,NO,,,,,,,,
48-93-89-78,NO,NO,,,,,,,,,,,,,,3,,,,,,,NO,,,,YES,YES,,,,,,,
49-13-03-02,YES,,,,YES,,,BUYING AND SELLING,In a business operated by a household member,,,,,,,NO,,,,,,,YES,BUYING AND SELLING,Less,No customers/few customers,NO,,,,,,,,
49-56-39-78,YES,,,,YES,,,"AGRICULTURE, HUNTING, FISHING","In a family farm, raising family livestock, or fishing",,,,,,,3,,,,,,,NO,,,,YES,YES,,,,,,,
50-17-92-80,NO,NO,,,,,,,,,,,,,,NO,,,,,,,NO,,,,NO,,,,,,,,
50-19-59-77,NO,YES,Not farming season,"AGRICULTURE, HUNTING, FISHING",,,,,,,,,,,,3,,,,,,,NO,,,,YES,YES,,,,,,,
50-20-51-46,NO,NO,,,,,,,,,,,,,,NO,,,,,,,NO,,,,NO,,,,,,,,
50-26-41-60,NO,NO,,,,,,,,,,,,,,3,,,,,,,NO,,,,NO,,,,,,,,
50-42-56-85,NO,YES,Other,PROFESSIONAL/ SCIENTIFIC/TECHNICAL ACTIVITIES,,,,,,,,,,,,3,,,,,,,YES,BUYING AND SELLING,Less,No customers/few customers,NO,,,,,,,,
50-54-33-12,YES,,,,YES,,,PERSONAL SERVICES,As an employee for someone else,YES,,,NO,NO,No,YES,5,,,,,,YES,BUYING AND SELLING,Higher,,NO,,,,,,,,
50-85-43-67,YES,,,,YES,,,PUBLIC ADMINISTRATION,As an employee for someone else,YES,,,YES,YES,No,NO,,,,,,,YES,BUYING AND SELLING,The same,,NO,,,,,,,,
50-86-46-86,NO,NO,,,,,,,,,,,,,,3,,,,,,,NO,,,,YES,YES,,,,,,,
51-51-35-80,YES,,,,YES,,,PERSONAL SERVICES,As an employee for someone else,YES,,,NO,NO,No,3,,,,,,,NO,,,,NO,,,,,,,,
51-80-19-87,NO,NO,,,,,,,,,,,,,,NO,,,,,,,YES,BUYING AND SELLING,Less,No customers/few customers,YES,YES,,,,,,,
52-13-89-92,NO,NO,,,,,,,,,,,,,,3,,,,,,,YES,BUYING AND SELLING,Less,No customers/few customers,YES,YES,,,,,,,
52-25-31-84,YES,,,,YES,,,"AGRICULTURE, HUNTING, FISHING","In a family farm, raising family livestock, or fishing",,,,,,,3,,,,,,,NO,,,,YES,YES,,,,,,,
52-55-51-37,YES,,,,YES,,,TRANSPORTATION,In your own business,,,,,,,3,,,,,,,YES,BUYING AND SELLING,Less,No customers/few customers,NO,,,,,,,,
52-73-66-11,NO,NO,,,,,,,,,,,,,,NO,,,,,,,NO,,,,NO,,,,,,,,
52-74-11-63,YES,,,,YES,,,BUYING AND SELLING,In your own business,,,,,,,NO,,,,,,,YES,BUYING AND SELLING,The same,,NO,,,,,,,,
52-80-53-09,NO,YES,Not farming season,"AGRICULTURE, HUNTING, FISHING",,,,,,,,,,,,NO,,,,,,,NO,,,,YES,YES,,,,,,,
52-89-90-66,YES,,,,YES,,,PUBLIC ADMINISTRATION,As an employee for someone else,YES,,,NO,NO,No,NO,,,,,,,YES,BUYING AND SELLING,Less,No customers/few customers,YES,YES,,,,,,,
53-01-23-41,NO,NO,,,,,,,,,,,,,,3,,,,,,,YES,BUYING AND SELLING,Less,No customers/few customers,NO,,,,,,,,
53-39-73-69,NO,NO,,,,,,,,,,,,,,YES,1,,,,,,NO,,,,NO,,,,,,,,
53-53-83-12,NO,NO,,,,,,,,,,,,,,NO,,,,,,,NO,,,,NO,,,,,,,,
53-65-29-69,YES,,,,YES,,,"AGRICULTURE, HUNTING, FISHING","In a family farm, raising family livestock, or fishing",,,,,,,3,,,,,,,NO,,,,YES,YES,,,,,,,
53-79-32-75,YES,,,,YES,,,"AGRICULTURE, HUNTING, FISHING","In a family farm, raising family livestock, or fishing",,,,,,,NO,,,,,,,YES,BUYING AND SELLING,Less,No customers/few customers,YES,YES,,,,,,,
54-16-50-08,YES,,,,YES,,,"AGRICULTURE, HUNTING, FISHING","In a family farm, raising family livestock, or fishing",,,,,,,3,,,,,,,NO,,,,YES,YES,,,,,,,
54-55-17-76,YES,,,,YES,,,CONSTRUCTION,As an employee for someone else,YES,,,NO,NO,No,3,,,,,,,NO,,,,YES,YES,,,,,,,
54-62-44-15,NO,YES,Ill/quarantined,CONSTRUCTION,,,,,,,,,,,,3,,,,,,,YES,BUYING AND SELLING,Less,Can't get inputs,NO,,,,,,,,
55-08-38-92,YES,,,,YES,,,"AGRICULTURE, HUNTING, FISHING",As an employee for someone else,YES,,,NO,NO,Yes,NO,,,,,,,NO,,,,YES,YES,,,,,,,
55-36-37-79,NO,YES,Seasonal worker,"AGRICULTURE, HUNTING, FISHING",,,,,,,,,,,,YES,6,2,,,,,NO,,,,YES,YES,,,,,,,
55-37-45-75,YES,,,,YES,,,FINANCIAL/INSURANCE/ REAL EST. SERVICES,As an employee for someone else,YES,,,NO,NO,No,NO,,,,,,,NO,,,,YES,YES,,,,,,,
55-45-00-38,YES,,,,YES,,,BUYING AND SELLING,In your own business,,,,,,,NO,,,,,,,YES,BUYING AND SELLING,Less,No customers/few customers,YES,YES,,,,,,,
55-64-14-58,NO,YES,Vacation,MANUFACTURING,,,,,,,,,,,,NO,,,,,,,NO,,,,NO,,,,,,,,
55-83-48-37,NO,NO,,,,,,,,,,,,,,NO,,,,,,,NO,,,,YES,YES,,,,,,,
56-40-85-48,YES,,,,YES,,,"AGRICULTURE, HUNTING, FISHING","In a family farm, raising family livestock, or fishing",,,,,,,YES,4,,,,,,NO,,,,YES,YES,,,,,,,
56-42-87-09,YES,,,,YES,,,"AGRICULTURE, HUNTING, FISHING","In a family farm, raising family livestock, or fishing",,,,,,,YES,4,1,,,,,NO,,,,YES,YES,,,,,,,
56-72-91-26,NO,NO,,,,,,,,,,,,,,3,,,,,,,NO,,,,YES,YES,,,,,,,
56-89-63-74,NO,NO,,,,,,,,,,,,,,NO,,,,,,,NO,,,,NO,,,,,,,,
56-97-03-00,NO,NO,,,,,,,,,,,,,,NO,,,,,,,YES,PROFESSIONAL/ SCIENTIFIC/TECHNICAL ACTIVITIES,Less,No customers/few customers,NO,,,,,,,,
57-09-50-11,NO,YES,Other,"AGRICULTURE, HUNTING, FISHING",,,,,,,,,,,,NO,,,,,,,NO,,,,YES,YES,,,,,,,
57-25-12-92,YES,,,,YES,,,BUYING AND SELLING,In your own business,,,,,,,NO,,,,,,,YES,BUYING AND SELLING,Higher,,NO,,,,,,,,
57-30-44-34,YES,,,,YES,,,BUYING AND SELLING,In your own business,,,,,,,3,,,,,,,YES,BUYING AND SELLING,The same,,NO,,,,,,,,
57-36-10-30,YES,,,,YES,,,BUYING AND SELLING,In your own business,,,,,,,3,,,,,,,YES,BUYING AND SELLING,The same,,NO,,,,,,,,
57-39-04-44,NO,YES,Business/office closed for another reason,BUYING AND SELLING,,,,,,,,,,,,3,,,,,,,YES,BUYING AND SELLING,Less,No customers/few customers,YES,YES,,,,,,,
57-57-92-44,YES,,,,YES,,,"AGRICULTURE, HUNTING, FISHING","In a family farm, raising family livestock, or fishing",,,,,,,3,,,,,,,YES,BUYING AND SELLING,The same,,YES,YES,,,,,,,
57-62-74-67,YES,,,,YES,,,"AGRICULTURE, HUNTING, FISHING",As an employee for someone else,YES,,,NO,NO,No,NO,,,,,,,NO,,,,NO,,,,,,,,
57-69-89-87,YES,,,,YES,,,PERSONAL SERVICES,As an employee for someone else,YES,,,YES,YES,Yes,YES,2,3,12,,,,NO,,,,NO,,,,,,,,
57-77-48-16,YES,,,,YES,,,"AGRICULTURE, HUNTING, FISHING","In a family farm, raising family livestock, or fishing",,,,,,,YES,7,,,,,,NO,,,,YES,YES,,,,,,,
58-12-98-81,YES,,,,YES,,,"AGRICULTURE, HUNTING, FISHING","In a family farm, raising family livestock, or fishing",,,,,,,3,,,,,,,NO,,,,YES,YES,,,,,,,
58-13-62-89,YES,,,,YES,,,BUYING AND SELLING,In your own business,,,,,,,3,,,,,,,YES,BUYING AND SELLING,Less,No customers/few customers,NO,,,,,,,,
58-29-75-58,YES,,,,YES,,,BUYING AND SELLING,In a business operated by a household member,,,,,,,NO,,,,,,,YES,BUYING AND SELLING,The same,,YES,YES,,,,,,,
58-43-50-28,NO,NO,,,,,,,,,,,,,,3,,,,,,,NO,,,,YES,YES,,,,,,,
58-73-10-11,YES,,,,YES,,,"AGRICULTURE, HUNTING, FISHING","In a family farm, raising family livestock, or fishing",,,,,,,3,,,,,,,NO,,,,YES,YES,,,,,,,
58-99-58-80,NO,NO,,,,,,,,,,,,,,NO,,,,,,,NO,,,,NO,,,,,,,,
59-05-04-32,YES,,,,YES,,,"AGRICULTURE, HUNTING, FISHING","In a family farm, raising family livestock, or fishing",,,,,,,NO,,,,,,,NO,,,,YES,YES,,,,,,,
59-14-09-40,YES,,,,YES,,,TRANSPORTATION,In your own business,,,,,,,YES,1,2,7,,,,YES,TRANSPORTATION,The same,,YES,YES,,,,,,,
59-18-03-22,YES,,,,YES,,,CONSTRUCTION,As an employee for someone else,YES,,,NO,NO,No,3,,,,,,,NO,,,,YES,YES,,,,,,,
59-27-43-88,NO,YES,Seasonal worker,CONSTRUCTION,,,,,,,,,,,,YES,5,,,,,,NO,,,,NO,,,,,,,,
59-70-72-12,YES,,,,YES,,,"AGRICULTURE, HUNTING, FISHING","In a family farm, raising family livestock, or fishing",,,,,,,NO,,,,,,,NO,,,,YES,YES,,,,,,,
59-79-57-21,YES,,,,YES,,,"AGRICULTURE, HUNTING, FISHING","In a family farm, raising family livestock, or fishing",,,,,,,YES,5,10,,,,,NO,,,,YES,YES,,,,,,,
59-90-62-65,YES,,,,YES,,,"AGRICULTURE, HUNTING, FISHING",As an employee for someone else,YES,,,NO,NO,Yes,NO,,,,,,,NO,,,,YES,YES,,,,,,,
60-19-83-04,YES,,,,YES,,,BUYING AND SELLING,In your own business,,,,,,,3,,,,,,,YES,PERSONAL SERVICES,The same,,NO,,,,,,,,
60-48-87-43,NO,NO,,,,,,,,,,,,,,YES,4,5,,,,,YES,BUYING AND SELLING,Less,No customers/few customers,NO,,,,,,,,
60-73-43-19,YES,,,,YES,,,"AGRICULTURE, HUNTING, FISHING","In a family farm, raising family livestock, or fishing",,,,,,,YES,1,,,,,,NO,,,,YES,YES,,,,,,,
60-91-47-86,NO,NO,,,,,,,,,,,,,,NO,,,,,,,NO,,,,YES,YES,,,,,,,
60-94-02-94,YES,,,,YES,,,CONSTRUCTION,As an employee for someone else,YES,,,NO,NO,No,NO,,,,,,,NO,,,,NO,,,,,,,,
61-09-80-29,YES,,,,YES,,,PERSONAL SERVICES,As an employee for someone else,YES,,,NO,NO,No,NO,,,,,,,NO,,,,NO,,,,,,,,
63-08-92-92,YES,,,,YES,,,"AGRICULTURE, HUNTING, FISHING",As an employee for someone else,YES,,,YES,YES,Yes,NO,,,,,,,NO,,,,NO,,,,,,,,
63-19-74-12,NO,NO,,,,,,,,,,,,,,NO,,,,,,,YES,BUYING AND SELLING,Less,No customers/few customers,NO,,,,,,,,
63-26-65-91,NO,NO,,,,,,,,,,,,,,NO,,,,,,,NO,,,,NO,,,,,,,,
63-48-07-95,YES,,,,YES,,,CONSTRUCTION,As an employee for someone else,YES,,,NO,NO,No,3,,,,,,,NO,,,,YES,YES,,,,,,,
63-56-10-69,NO,NO,,,,,,,,,,,,,,YES,3,,,,,,NO,,,,YES,YES,,,,,,,
63-85-72-79,YES,,,,YES,,,BUYING AND SELLING,In your own business,,,,,,,3,,,,,,,YES,BUYING AND SELLING,Less,No customers/few customers,NO,,,,,,,,
64-29-61-57,NO,NO,,,,,,,,,,,,,,YES,4,,,,,,NO,,,,NO,,,,,,,,
64-48-28-24,YES,,,,YES,,,BUYING AND SELLING,In a business operated by a household member,,,,,,,NO,,,,,,,YES,BUYING AND SELLING,Less,No customers/few customers,YES,YES,,,,,,,
64-71-22-76,YES,,,,YES,,,"AGRICULTURE, HUNTING, FISHING","In a family farm, raising family livestock, or fishing",,,,,,,3,,,,,,,NO,,,,YES,YES,,,,,,,
64-87-88-01,NO,YES,Seasonal worker,PERSONAL SERVICES,,,,,,,,,,,,NO,,,,,,,NO,,,,NO,,,,,,,,
65-03-40-91,YES,,,,YES,,,BUYING AND SELLING,In your own business,,,,,,,3,,,,,,,YES,BUYING AND SELLING,Less,No customers/few customers,YES,YES,,,,,,,
65-14-28-12,NO,YES,Other,"AGRICULTURE, HUNTING, FISHING",,,,,,,,,,,,NO,,,,,,,NO,,,,YES,YES,,,,,,,
65-15-70-94,YES,,,,YES,,,"AGRICULTURE, HUNTING, FISHING","In a family farm, raising family livestock, or fishing",,,,,,,3,,,,,,,NO,,,,YES,YES,,,,,,,
65-26-06-23,YES,,,,YES,,,BUYING AND SELLING,In your own business,,,,,,,3,,,,,,,YES,BUYING AND SELLING,Less,No customers/few customers,YES,YES,,,,,,,
65-42-12-59,YES,,,,YES,,,"AGRICULTURE, HUNTING, FISHING","In a family farm, raising family livestock, or fishing",,,,,,,3,,,,,,,NO,,,,YES,YES,,,,,,,
65-57-01-02,NO,NO,,,,,,,,,,,,,,YES,2,,,,,,NO,,,,NO,,,,,,,,
65-60-80-72,NO,YES,Seasonal worker,"AGRICULTURE, HUNTING, FISHING",,,,,,,,,,,,3,,,,,,,NO,,,,NO,,,,,,,,
65-62-93-31,NO,YES,Other,PERSONAL SERVICES,,,,,,,,,,,,3,,,,,,,YES,PERSONAL SERVICES,Less,No customers/few customers,YES,YES,,,,,,,
65-65-50-55,YES,,,,YES,,,BUYING AND SELLING,In a business operated by a household member,,,,,,,3,,,,,,,YES,BUYING AND SELLING,Less,No customers/few customers,NO,,,,,,,,
65-85-43-35,YES,,,,YES,,,PUBLIC ADMINISTRATION,As an employee for someone else,YES,,,YES,NO,No,3,,,,,,,YES,BUYING AND SELLING,The same,,NO,,,,,,,,
66-09-77-42,YES,,,,YES,,,PERSONAL SERVICES,In your own business,,,,,,,3,,,,,,,YES,BUYING AND SELLING,The same,,NO,,,,,,,,
66-09-95-16,YES,,,,YES,,,"AGRICULTURE, HUNTING, FISHING","In a family farm, raising family livestock, or fishing",,,,,,,3,,,,,,,NO,,,,YES,YES,,,,,,,
66-41-98-09,YES,,,,YES,,,BUYING AND SELLING,In your own business,,,,,,,NO,,,,,,,YES,BUYING AND SELLING,The same,,YES,YES,,,,,,,
66-72-46-34,YES,,,,YES,,,BUYING AND SELLING,In your own business,,,,,,,3,,,,,,,YES,BUYING AND SELLING,Less,No customers/few customers,NO,,,,,,,,
66-73-72-28,YES,,,,YES,,,BUYING AND SELLING,In your own business,,,,,,,YES,4,,,,,,YES,BUYING AND SELLING,The same,,YES,YES,,,,,,,
66-98-68-75,YES,,,,YES,,,MANUFACTURING,In your own business,,,,,,,3,,,,,,,YES,MANUFACTURING,The same,,YES,YES,,,,,,,
67-04-29-75,YES,,,,YES,,,CONSTRUCTION,In your own business,,,,,,,NO,,,,,,,YES,CONSTRUCTION,Higher,,YES,YES,,,,,,,
67-06-49-60,NO,YES,Seasonal worker,"AGRICULTURE, HUNTING, FISHING",,,,,,,,,,,,NO,,,,,,,NO,,,,YES,YES,,,,,,,
67-43-18-76,YES,,,,YES,,,BUYING AND SELLING,In a business operated by a household member,,,,,,,YES,2,,,,,,YES,BUYING AND SELLING,Less,No customers/few customers,NO,,,,,,,,
67-59-04-59,YES,,,,YES,,,BUYING AND SELLING,In your own business,,,,,,,3,,,,,,,YES,BUYING AND SELLING,Less,No customers/few customers,NO,,,,,,,,
67-60-15-46,YES,,,,YES,,,BUYING AND SELLING,In your own business,,,,,,,3,,,,,,,YES,BUYING AND SELLING,The same,,NO,,,,,,,,
67-80-47-65,YES,,,,YES,,,HEALTH,As an employee for someone else,YES,,,YES,YES,No,NO,,,,,,,YES,PROFESSIONAL/ SCIENTIFIC/TECHNICAL ACTIVITIES,Less,No customers/few customers,YES,YES,,,,,,,
67-89-30-52,YES,,,,YES,,,PROFESSIONAL/ SCIENTIFIC/TECHNICAL ACTIVITIES,As an employee for someone else,YES,,,YES,NO,Yes,NO,,,,,,,NO,,,,YES,YES,,,,,,,
67-91-61-84,YES,,,,YES,,,"AGRICULTURE, HUNTING, FISHING","In a family farm, raising family livestock, or fishing",,,,,,,NO,,,,,,,NO,,,,YES,YES,,,,,,,
68-34-61-83,YES,,,,NO,Other,MANUFACTURING,TRANSPORTATION,As an employee for someone else,YES,,,NO,NO,Yes,NO,,,,,,,NO,,,,NO,,,,,,,,
68-38-01-69,YES,,,,YES,,,TRANSPORTATION,As an employee for someone else,YES,,,YES,YES,No,3,,,,,,,NO,,,,NO,,,,,,,,
68-45-34-74,NO,NO,,,,,,,,,,,,,,NO,,,,,,,NO,,,,YES,YES,,,,,,,
69-00-14-35,YES,,,,YES,,,"AGRICULTURE, HUNTING, FISHING","In a family farm, raising family livestock, or fishing",,,,,,,NO,,,,,,,NO,,,,YES,YES,,,,,,,
69-03-20-16,NO,NO,,,,,,,,,,,,,,NO,,,,,,,NO,,,,NO,,,,,,,,
69-06-28-03,YES,,,,YES,,,"AGRICULTURE, HUNTING, FISHING","In a family farm, raising family livestock, or fishing",,,,,,,3,,,,,,,NO,,,,YES,YES,,,,,,,
69-08-19-24,YES,,,,NO,Seasonal worker,"AGRICULTURE, HUNTING, FISHING",BUYING AND SELLING,In your own business,,,,,,,YES,5,,,,,,YES,BUYING AND SELLING,Less,Need to take care of a family member,YES,NO,NO,NO,NO,NO,NO,YES,NO
69-21-58-74,YES,,,,YES,,,"AGRICULTURE, HUNTING, FISHING","In a family farm, raising family livestock, or fishing",,,,,,,NO,,,,,,,NO,,,,YES,YES,,,,,,,
69-30-44-27,YES,,,,YES,,,"AGRICULTURE, HUNTING, FISHING","In a family farm, raising family livestock, or fishing",,,,,,,NO,,,,,,,NO,,,,YES,YES,,,,,,,
69-45-68-23,YES,,,,YES,,,MINING,As an employee for someone else,YES,,,NO,NO,No,3,,,,,,,NO,,,,YES,YES,,,,,,,
69-46-48-50,NO,YES,Not farming season,"AGRICULTURE, HUNTING, FISHING",,,,,,,,,,,,3,,,,,,,NO,,,,YES,YES,,,,,,,
69-88-71-37,YES,,,,YES,,,CONSTRUCTION,As an employee for someone else,YES,,,NO,NO,No,NO,,,,,,,NO,,,,YES,YES,,,,,,,
69-96-21-12,YES,,,,YES,,,BUYING AND SELLING,In a business operated by a household member,,,,,,,YES,3,,,,,,YES,BUYING AND SELLING,The same,,YES,YES,,,,,,,
70-05-55-27,YES,,,,YES,,,BUYING AND SELLING,In your own business,,,,,,,3,,,,,,,YES,BUYING AND SELLING,The same,,NO,,,,,,,,
70-11-22-03,YES,,,,YES,,,"AGRICULTURE, HUNTING, FISHING",As an employee for someone else,YES,,,NO,NO,No,NO,,,,,,,NO,,,,YES,YES,,,,,,,
70-11-55-43,YES,,,,YES,,,"AGRICULTURE, HUNTING, FISHING","In a family farm, raising family livestock, or fishing",,,,,,,NO,,,,,,,YES,BUYING AND SELLING,Less,No customers/few customers,YES,YES,,,,,,,
70-34-49-84,NO,NO,,,,,,,,,,,,,,YES,1,,,,,,NO,,,,NO,,,,,,,,
70-69-66-16,NO,NO,,,,,,,,,,,,,,NO,,,,,,,NO,,,,YES,YES,,,,,,,
70-81-55-76,YES,,,,YES,,,"AGRICULTURE, HUNTING, FISHING","In a family farm, raising family livestock, or fishing",,,,,,,3,,,,,,,NO,,,,YES,YES,,,,,,,
70-97-59-22,YES,,,,YES,,,PUBLIC ADMINISTRATION,As an employee for someone else,YES,,,YES,YES,Yes,NO,,,,,,,NO,,,,YES,YES,,,,,,,
71-09-53-26,NO,NO,,,,,,,,,,,,,,3,,,,,,,NO,,,,NO,,,,,,,,
71-71-37-89,YES,,,,YES,,,MANUFACTURING,As an employee for someone else,YES,,,YES,NO,Yes,3,,,,,,,YES,BUYING AND SELLING,No revenue,Other,YES,YES,,,,,,,
71-97-83-07,NO,NO,,,,,,,,,,,,,,NO,,,,,,,NO,,,,YES,YES,,,,,,,
72-37-13-33,YES,,,,YES,,,PERSONAL SERVICES,As an employee for someone else,YES,,,NO,NO,No,3,,,,,,,NO,,,,NO,,,,,,,,
72-45-65-29,YES,,,,YES,,,"AGRICULTURE, HUNTING, FISHING",As an employee for someone else,YES,,,YES,YES,Yes,3,,,,,,,NO,,,,NO,,,,,,,,
72-68-27-38,NO,YES,Other,"AGRICULTURE, HUNTING, FISHING",,,,,,,,,,,,YES,4,7,,,,,NO,,,,NO,,,,,,,,
72-86-90-07,YES,,,,YES,,,PROFESSIONAL/ SCIENTIFIC/TECHNICAL ACTIVITIES,As an employee for someone else,YES,,,YES,YES,Yes,3,,,,,,,NO,,,,YES,YES,,,,,,,
72-92-01-02,NO,NO,,,,,,,,,,,,,,NO,,,,,,,NO,,,,YES,YES,,,,,,,
73-05-97-72,YES,,,,YES,,,MANUFACTURING,As an employee for someone else,YES,,,YES,NO,Yes,NO,,,,,,,NO,,,,YES,YES,,,,,,,
73-14-02-84,NO,NO,,,,,,,,,,,,,,NO,,,,,,,NO,,,,YES,YES,,,,,,,
73-17-81-25,NO,NO,,,,,,,,,,,,,,NO,,,,,,,NO,,,,NO,,,,,,,,
73-36-22-94,YES,,,,YES,,,"AGRICULTURE, HUNTING, FISHING","In a family farm, raising family livestock, or fishing",,,,,,,NO,,,,,,,NO,,,,YES,YES,,,,,,,
73-39-29-63,NO,NO,,,,,,,,,,,,,,NO,,,,,,,NO,,,,NO,,,,,,,,
73-70-46-99,YES,,,,YES,,,CONSTRUCTION,As an employee for someone else,YES,,,NO,NO,No,3,,,,,,,NO,,,,NO,,,,,,,,
74-57-17-75,YES,,,,YES,,,"AGRICULTURE, HUNTING, FISHING","In a family farm, raising family livestock, or fishing",,,,,,,3,,,,,,,NO,,,,YES,YES,,,,,,,
74-63-83-49,YES,,,,YES,,,BUYING AND SELLING,In your own business,,,,,,,3,,,,,,,YES,BUYING AND SELLING,The same,,NO,,,,,,,,
74-67-51-83,NO,YES,Seasonal worker,"AGRICULTURE, HUNTING, FISHING",,,,,,,,,,,,YES,2,,,,,,NO,,,,YES,YES,,,,,,,
74-81-56-83,YES,,,,YES,,,BUYING AND SELLING,In your own business,,,,,,,3,,,,,,,YES,BUYING AND SELLING,The same,,YES,YES,,,,,,,
74-86-45-86,YES,,,,YES,,,"AGRICULTURE, HUNTING, FISHING","In a family farm, raising family livestock, or fishing",,,,,,,NO,,,,,,,NO,,,,YES,YES,,,,,,,
76-21-65-16,YES,,,,YES,,,PUBLIC ADMINISTRATION,As an employee for someone else,YES,,,YES,NO,Yes,3,,,,,,,YES,BUYING AND SELLING,The same,,NO,,,,,,,,
76-22-55-80,NO,YES,Not farming season,"AGRICULTURE, HUNTING, FISHING",,,,,,,,,,,,3,,,,,,,NO,,,,YES,YES,,,,,,,
76-56-99-54,YES,,,,YES,,,MANUFACTURING,As an employee for someone else,YES,,,NO,NO,No,NO,,,,,,,NO,,,,NO,,,,,,,,
76-57-84-06,YES,,,,YES,,,EDUCATION,As an employee for someone else,YES,,,NO,YES,No,NO,,,,,,,NO,,,,NO,,,,,,,,
76-95-05-44,YES,,,,YES,,,BUYING AND SELLING,In your own business,,,,,,,NO,,,,,,,YES,BUYING AND SELLING,Less,No customers/few customers,NO,,,,,,,,
77-03-40-90,YES,,,,YES,,,BUYING AND SELLING,In your own business,,,,,,,NO,,,,,,,YES,BUYING AND SELLING,Less,No customers/few customers,YES,YES,,,,,,,
77-18-77-96,YES,,,,YES,,,BUYING AND SELLING,In your own business,,,,,,,YES,3,,,,,,YES,BUYING AND SELLING,Less,No customers/few customers,NO,,,,,,,,
77-60-01-54,YES,,,,YES,,,BUYING AND SELLING,"In a family farm, raising family livestock, or fishing",,,,,,,YES,7,,,,,,YES,BUYING AND SELLING,The same,,YES,YES,,,,,,,
77-70-84-36,YES,,,,YES,,,PERSONAL SERVICES,As an employee for someone else,YES,,,NO,NO,No,3,,,,,,,NO,,,,YES,YES,,,,,,,
77-71-94-82,NO,YES,Other,TRANSPORTATION,,,,,,,,,,,,YES,4,,,,,,YES,AGRICULTURE,Less,Other,YES,YES,,,,,,,
78-69-73-86,NO,NO,,,,,,,,,,,,,,NO,,,,,,,NO,,,,NO,,,,,,,,
79-51-56-38,NO,YES,Ill/quarantined,MANUFACTURING,,,,,,,,,,,,YES,2,,,,,,NO,,,,NO,,,,,,,,
79-65-65-94,YES,,,,YES,,,BUYING AND SELLING,In your own business,,,,,,,3,,,,,,,YES,BUYING AND SELLING,The same,,NO,,,,,,,,
79-72-98-96,YES,,,,YES,,,"AGRICULTURE, HUNTING, FISHING","In a family farm, raising family livestock, or fishing",,,,,,,3,,,,,,,YES,BUYING AND SELLING,The same,,YES,YES,,,,,,,
79-85-65-98,YES,,,,YES,,,PERSONAL SERVICES,In your own business,,,,,,,NO,,,,,,,YES,PERSONAL SERVICES,The same,,YES,YES,,,,,,,
79-90-83-59,NO,YES,Seasonal worker,CONSTRUCTION,,,,,,,,,,,,YES,3,,,,,,NO,,,,YES,YES,,,,,,,
79-96-97-70,NO,NO,,,,,,,,,,,,,,YES,6,,,,,,NO,,,,YES,YES,,,,,,,
80-40-93-12,YES,,,,YES,,,BUYING AND SELLING,In a business operated by a household member,,,,,,,3,,,,,,,YES,BUYING AND SELLING,Less,No customers/few customers,NO,,,,,,,,
80-49-06-34,YES,,,,YES,,,"AGRICULTURE, HUNTING, FISHING","In a family farm, raising family livestock, or fishing",,,,,,,3,,,,,,,NO,,,,YES,YES,,,,,,,
80-49-49-04,NO,YES,Need to care for ill relative,CONSTRUCTION,,,,,,,,,,,,YES,1,,,,,,NO,,,,NO,,,,,,,,
80-58-14-70,YES,,,,YES,,,BUYING AND SELLING,In your own business,,,,,,,YES,2,,,,,,YES,BUYING AND SELLING,The same,,NO,,,,,,,,
80-72-64-44,NO,NO,,,,,,,,,,,,,,NO,,,,,,,NO,,,,YES,YES,,,,,,,
81-20-01-76,YES,,,,NO,Not farming season,"AGRICULTURE, HUNTING, FISHING",TRANSPORTATION,As an employee for someone else,YES,,,NO,NO,No,NO,,,,,,,NO,,,,YES,YES,,,,,,,
81-36-68-15,YES,,,,YES,,,"AGRICULTURE, HUNTING, FISHING","In a family farm, raising family livestock, or fishing",,,,,,,NO,,,,,,,NO,,,,YES,YES,,,,,,,
81-48-88-00,YES,,,,YES,,,"AGRICULTURE, HUNTING, FISHING","In a family farm, raising family livestock, or fishing",,,,,,,NO,,,,,,,NO,,,,YES,YES,,,,,,,
82-16-53-06,YES,,,,YES,,,"AGRICULTURE, HUNTING, FISHING","In a family farm, raising family livestock, or fishing",,,,,,,3,,,,,,,NO,,,,YES,YES,,,,,,,
82-82-33-85,YES,,,,YES,,,MANUFACTURING,As an employee for someone else,YES,,,YES,YES,Yes,NO,,,,,,,NO,,,,NO,,,,,,,,
83-15-19-66,YES,,,,YES,,,"AGRICULTURE, HUNTING, FISHING","In a family farm, raising family livestock, or fishing",,,,,,,3,,,,,,,NO,,,,YES,YES,,,,,,,
83-24-97-14,NO,YES,Other,"AGRICULTURE, HUNTING, FISHING",,,,,,,,,,,,YES,5,,,,,,NO,,,,YES,YES,,,,,,,
83-62-66-29,YES,,,,YES,,,BUYING AND SELLING,In your own business,,,,,,,NO,,,,,,,YES,BUYING AND SELLING,Higher,,YES,YES,,,,,,,
83-78-78-49,YES,,,,YES,,,"AGRICULTURE, HUNTING, FISHING","In a family farm, raising family livestock, or fishing",,,,,,,NO,,,,,,,NO,,,,YES,YES,,,,,,,
83-82-40-74,YES,,,,YES,,,PUBLIC ADMINISTRATION,As an employee for someone else,YES,,,YES,NO,Yes,NO,,,,,,,NO,,,,YES,YES,,,,,,,
84-26-72-24,YES,,,,YES,,,BUYING AND SELLING,In your own business,,,,,,,3,,,,,,,YES,BUYING AND SELLING,The same,,YES,YES,,,,,,,
84-31-44-97,YES,,,,YES,,,PERSONAL SERVICES,In your own business,,,,,,,3,,,,,,,YES,PERSONAL SERVICES,Less,No customers/few customers,NO,,,,,,,,
84-37-56-77,YES,,,,YES,,,BUYING AND SELLING,In your own business,,,,,,,3,,,,,,,YES,BUYING AND SELLING,Less,No customers/few customers,NO,,,,,,,,
84-65-10-22,NO,NO,,,,,,,,,,,,,,NO,,,,,,,NO,,,,YES,YES,,,,,,,
84-70-29-25,YES,,,,YES,,,PUBLIC ADMINISTRATION,As an employee for someone else,YES,,,YES,YES,No,YES,3,5,,,,,NO,,,,YES,YES,,,,,,,
84-79-70-97,YES,,,,YES,,,"AGRICULTURE, HUNTING, FISHING","In a family farm, raising family livestock, or fishing",,,,,,,NO,,,,,,,NO,,,,YES,YES,,,,,,,
85-01-15-29,YES,,,,YES,,,BUYING AND SELLING,In your own business,,,,,,,3,,,,,,,YES,BUYING AND SELLING,The same,,YES,YES,,,,,,,
85-03-27-87,YES,,,,YES,,,"AGRICULTURE, HUNTING, FISHING","In a family farm, raising family livestock, or fishing",,,,,,,YES,6,,,,,,NO,,,,YES,NO,NO,NO,NO,NO,NO,NO,YES
85-06-62-86,NO,NO,,,,,,,,,,,,,,3,,,,,,,YES,TRANSPORTATION,The same,,NO,,,,,,,,
85-16-54-30,NO,NO,,,,,,,,,,,,,,NO,,,,,,,NO,,,,YES,NO,NO,NO,NO,NO,NO,NO,YES
85-25-56-55,YES,,,,YES,,,"AGRICULTURE, HUNTING, FISHING","In a family farm, raising family livestock, or fishing",,,,,,,3,,,,,,,NO,,,,YES,YES,,,,,,,
85-69-58-56,NO,YES,Not farming season,"AGRICULTURE, HUNTING, FISHING",,,,,,,,,,,,3,,,,,,,NO,,,,YES,YES,,,,,,,
85-73-20-42,YES,,,,YES,,,CONSTRUCTION,As an employee for someone else,YES,,,NO,NO,No,NO,,,,,,,NO,,,,NO,,,,,,,,
85-73-97-33,YES,,,,YES,,,BUYING AND SELLING,In a business operated by a household member,,,,,,,3,,,,,,,YES,BUYING AND SELLING,Less,No customers/few customers,YES,YES,,,,,,,
86-42-22-29,YES,,,,YES,,,"AGRICULTURE, HUNTING, FISHING","In a family farm, raising family livestock, or fishing",,,,,,,NO,,,,,,,NO,,,,YES,YES,,,,,,,
86-62-31-38,NO,NO,,,,,,,,,,,,,,NO,,,,,,,NO,,,,YES,YES,,,,,,,
86-88-12-40,YES,,,,YES,,,"AGRICULTURE, HUNTING, FISHING","In a family farm, raising family livestock, or fishing",,,,,,,NO,,,,,,,YES,BUYING AND SELLING,Less,No customers/few customers,YES,YES,,,,,,,
87-41-40-78,YES,,,,YES,,,BUYING AND SELLING,In your own business,,,,,,,3,,,,,,,YES,BUYING AND SELLING,Less,No customers/few customers,NO,,,,,,,,
87-52-91-38,NO,NO,,,,,,,,,,,,,,3,,,,,,,NO,,,,YES,YES,,,,,,,
87-58-41-57,NO,YES,Other,"AGRICULTURE, HUNTING, FISHING",,,,,,,,,,,,NO,,,,,,,NO,,,,YES,YES,,,,,,,
87-60-75-90,YES,,,,YES,,,"AGRICULTURE, HUNTING, FISHING","In a family farm, raising family livestock, or fishing",,,,,,,3,,,,,,,YES,BUYING AND SELLING,Less,No customers/few customers,YES,YES,,,,,,,
87-64-17-69,YES,,,,YES,,,"AGRICULTURE, HUNTING, FISHING","In a family farm, raising family livestock, or fishing",,,,,,,3,,,,,,,NO,,,,YES,YES,,,,,,,
87-76-07-29,YES,,,,YES,,,TRANSPORTATION,As an employee for someone else,YES,,,YES,NO,Yes,NO,,,,,,,NO,,,,NO,,,,,,,,
87-83-02-60,YES,,,,YES,,,"AGRICULTURE, HUNTING, FISHING","In a family farm, raising family livestock, or fishing",,,,,,,YES,2,3,4,,,,NO,,,,YES,YES,,,,,,,
87-93-61-92,NO,YES,Not farming season,"AGRICULTURE, HUNTING, FISHING",,,,,,,,,,,,NO,,,,,,,NO,,,,YES,YES,,,,,,,
88-05-51-96,NO,NO,,,,,,,,,,,,,,NO,,,,,,,NO,,,,YES,YES,,,,,,,
88-21-21-87,NO,NO,,,,,,,,,,,,,,NO,,,,,,,NO,,,,NO,,,,,,,,
88-32-05-81,YES,,,,YES,,,MANUFACTURING,In a business operated by a household member,,,,,,,NO,,,,,,,YES,MANUFACTURING,The same,,NO,,,,,,,,
88-52-19-69,YES,,,,YES,,,BUYING AND SELLING,In your own business,,,,,,,3,,,,,,,YES,BUYING AND SELLING,Less,No customers/few customers,YES,YES,,,,,,,
88-55-90-62,NO,NO,,,,,,,,,,,,,,YES,7,,,,,,NO,,,,NO,,,,,,,,
89-00-81-23,YES,,,,YES,,,BUYING AND SELLING,In your own business,,,,,,,NO,,,,,,,YES,BUYING AND SELLING,The same,,NO,,,,,,,,
89-18-01-05,NO,NO,,,,,,,,,,,,,,YES,1,,,,,,NO,,,,NO,,,,,,,,
89-18-79-86,NO,NO,,,,,,,,,,,,,,NO,,,,,,,NO,,,,YES,YES,,,,,,,
89-30-53-74,YES,,,,YES,,,"AGRICULTURE, HUNTING, FISHING","In a family farm, raising family livestock, or fishing",,,,,,,3,,,,,,,NO,,,,YES,YES,,,,,,,
89-51-49-68,NO,YES,Not farming season,"AGRICULTURE, HUNTING, FISHING",,,,,,,,,,,,YES,7,,,,,,NO,,,,YES,YES,,,,,,,
89-56-07-85,YES,,,,YES,,,"AGRICULTURE, HUNTING, FISHING","In a family farm, raising family livestock, or fishing",,,,,,,NO,,,,,,,NO,,,,YES,YES,,,,,,,
89-93-50-24,YES,,,,YES,,,"AGRICULTURE, HUNTING, FISHING","In a family farm, raising family livestock, or fishing",,,,,,,NO,,,,,,,NO,,,,YES,YES,,,,,,,
90-22-35-16,YES,,,,YES,,,BUYING AND SELLING,In a business operated by a household member,,,,,,,3,,,,,,,YES,BUYING AND SELLING,Less,No customers/few customers,NO,,,,,,,,
90-49-69-32,NO,NO,,,,,,,,,,,,,,YES,4,5,,,,,NO,,,,YES,YES,,,,,,,
90-50-18-25,YES,,,,YES,,,PERSONAL SERVICES,In a business operated by a household member,,,,,,,3,,,,,,,YES,PERSONAL SERVICES,The same,,YES,YES,,,,,,,
90-70-32-77,NO,NO,,,,,,,,,,,,,,YES,7,,,,,,NO,,,,YES,YES,,,,,,,
90-72-63-71,NO,YES,Other,"AGRICULTURE, HUNTING, FISHING",,,,,,,,,,,,NO,,,,,,,NO,,,,YES,YES,,,,,,,
90-90-59-67,YES,,,,YES,,,PUBLIC ADMINISTRATION,As an employee for someone else,YES,,,YES,YES,Yes,NO,,,,,,,YES,BUYING AND SELLING,Less,No customers/few customers,YES,YES,,,,,,,
90-98-61-29,NO,YES,Other,PERSONAL SERVICES,,,,,,,,,,,,YES,2,,,,,,NO,,,,NO,,,,,,,,
91-12-21-18,YES,,,,YES,,,EDUCATION,As an employee for someone else,YES,,,NO,NO,No,NO,,,,,,,NO,,,,YES,YES,,,,,,,
91-26-98-02,NO,YES,Business/office closed due to coronavirus legal restrictions,BUYING AND SELLING,,,,,,,,,,,,NO,,,,,,,YES,BUYING AND SELLING,Less,No customers/few customers,YES,YES,,,,,,,
91-32-31-35,NO,NO,,,,,,,,,,,,,,NO,,,,,,,NO,,,,YES,YES,,,,,,,
91-47-37-79,NO,YES,Other,TRANSPORTATION,,,,,,,,,,,,3,,,,,,,YES,BUYING AND SELLING,Less,No customers/few customers,YES,NO,NO,NO,NO,NO,NO,NO,YES
91-64-79-49,YES,,,,YES,,,BUYING AND SELLING,In a business operated by a household member,,,,,,,3,,,,,,,YES,BUYING AND SELLING,The same,,NO,,,,,,,,
91-75-84-89,NO,NO,,,,,,,,,,,,,,3,,,,,,,NO,,,,NO,,,,,,,,
91-92-90-54,NO,YES,Other,"AGRICULTURE, HUNTING, FISHING",,,,,,,,,,,,NO,,,,,,,YES,BUYING AND SELLING,Less,Can't travel/transport goods for trade,NO,,,,,,,,
92-52-64-60,NO,YES,Ill/quarantined,BUYING AND SELLING,,,,,,,,,,,,NO,,,,,,,YES,TRANSPORTATION,Less,No customers/few customers,YES,YES,,,,,,,
92-54-15-40,YES,,,,YES,,,"AGRICULTURE, HUNTING, FISHING","In a family farm, raising family livestock, or fishing",,,,,,,YES,5,1,,,,,NO,,,,YES,YES,,,,,,,
92-90-62-95,YES,,,,YES,,,PUBLIC ADMINISTRATION,As an employee for someone else,YES,,,NO,YES,Yes,NO,,,,,,,NO,,,,YES,YES,,,,,,,
93-07-64-20,YES,,,,YES,,,"AGRICULTURE, HUNTING, FISHING","In a family farm, raising family livestock, or fishing",,,,,,,YES,3,,,,,,NO,,,,YES,YES,,,,,,,
93-34-63-42,YES,,,,YES,,,"AGRICULTURE, HUNTING, FISHING","In a family farm, raising family livestock, or fishing",,,,,,,NO,,,,,,,NO,,,,YES,YES,,,,,,,
93-71-89-46,YES,,,,YES,,,BUYING AND SELLING,In a business operated by a household member,,,,,,,NO,,,,,,,YES,BUYING AND SELLING,The same,,YES,YES,,,,,,,
94-77-00-60,YES,,,,YES,,,BUYING AND SELLING,In your own business,,,,,,,3,,,,,,,YES,BUYING AND SELLING,Less,Ill with another disease,YES,YES,,,,,,,
94-82-96-77,NO,NO,,,,,,,,,,,,,,3,,,,,,,NO,,,,NO,,,,,,,,
94-95-85-94,YES,,,,YES,,,BUYING AND SELLING,In your own business,,,,,,,3,,,,,,,YES,BUYING AND SELLING,The same,,NO,,,,,,,,
95-04-09-29,NO,YES,Not farming season,"AGRICULTURE, HUNTING, FISHING",,,,,,,,,,,,NO,,,,,,,NO,,,,YES,YES,,,,,,,
95-47-06-74,YES,,,,YES,,,MANUFACTURING,As an employee for someone else,YES,,,YES,YES,Yes,3,,,,,,,YES,BUYING AND SELLING,The same,,YES,YES,,,,,,,
95-56-74-69,YES,,,,YES,,,CONSTRUCTION,As an employee for someone else,YES,,,YES,YES,Yes,3,,,,,,,NO,,,,YES,NO,NO,NO,NO,NO,NO,NO,YES
95-62-65-76,YES,,,,YES,,,BUYING AND SELLING,"In a family farm, raising family livestock, or fishing",,,,,,,NO,,,,,,,NO,,,,YES,YES,,,,,,,
95-65-40-38,YES,,,,YES,,,BUYING AND SELLING,In your own business,,,,,,,3,,,,,,,YES,BUYING AND SELLING,Less,No customers/few customers,NO,,,,,,,,
95-72-64-75,NO,NO,,,,,,,,,,,,,,3,,,,,,,NO,,,,YES,YES,,,,,,,
95-80-09-27,YES,,,,YES,,,"AGRICULTURE, HUNTING, FISHING","In a family farm, raising family livestock, or fishing",,,,,,,3,,,,,,,NO,,,,YES,YES,,,,,,,
95-89-65-41,NO,NO,,,,,,,,,,,,,,3,,,,,,,NO,,,,YES,NO,NO,NO,NO,NO,NO,YES,YES
96-06-20-32,NO,YES,Furlough (temporarily laid off),PERSONAL SERVICES,,,,,,,,,,,,NO,,,,,,,NO,,,,NO,,,,,,,,
96-43-59-47,YES,,,,YES,,,MANUFACTURING,As an employee for someone else,YES,,,YES,NO,Yes,NO,,,,,,,NO,,,,NO,,,,,,,,
96-72-01-47,NO,YES,Not farming season,"AGRICULTURE, HUNTING, FISHING",,,,,,,,,,,,YES,3,,,,,,NO,,,,YES,YES,,,,,,,
96-84-49-20,YES,,,,YES,,,"AGRICULTURE, HUNTING, FISHING","In a family farm, raising family livestock, or fishing",,,,,,,NO,,,,,,,NO,,,,YES,YES,,,,,,,
97-19-44-22,YES,,,,YES,,,BUYING AND SELLING,In a business operated by a household member,,,,,,,3,,,,,,,YES,BUYING AND SELLING,The same,,NO,,,,,,,,
97-23-41-88,YES,,,,YES,,,ELECTRICITY/WATER/GAS /WASTE,In your own business,,,,,,,NO,,,,,,,YES,ELECTRICITY/WATER/GAS /WASTE,The same,,NO,,,,,,,,
97-56-15-57,YES,,,,YES,,,CONSTRUCTION,As an employee for someone else,YES,,,NO,NO,No,NO,,,,,,,NO,,,,YES,YES,,,,,,,
97-63-33-82,NO,YES,Other,"AGRICULTURE, HUNTING, FISHING",,,,,,,,,,,,NO,,,,,,,NO,,,,YES,NO,NO,NO,NO,NO,NO,NO,YES
97-67-52-97,YES,,,,YES,,,HEALTH,As an employee for someone else,YES,,,NO,YES,No,YES,2,3,,,,,NO,,,,YES,YES,,,,,,,
98-07-47-63,NO,YES,Other,"AGRICULTURE, HUNTING, FISHING",,,,,,,,,,,,3,,,,,,,NO,,,,YES,YES,,,,,,,
98-57-95-05,YES,,,,YES,,,BUYING AND SELLING,In your own business,,,,,,,3,,,,,,,YES,BUYING AND SELLING,Less,No customers/few customers,YES,YES,,,,,,,
98-59-09-34,NO,NO,,,,,,,,,,,,,,3,,,,,,,NO,,,,NO,,,,,,,,
98-66-84-72,YES,,,,YES,,,"AGRICULTURE, HUNTING, FISHING",As an employee for someone else,YES,,,NO,NO,No,3,,,,,,,NO,,,,YES,YES,,,,,,,
98-90-99-04,NO,NO,,,,,,,,,,,,,,NO,,,,,,,NO,,,,YES,NO,NO,NO,NO,NO,NO,NO,YES
98-91-03-89,YES,,,,YES,,,PERSONAL SERVICES,As an employee for someone else,YES,,,YES,YES,Yes,NO,,,,,,,YES,PERSONAL SERVICES,The same,,NO,,,,,,,,
98-93-03-74,YES,,,,YES,,,PERSONAL SERVICES,As an employee for someone else,YES,,,YES,YES,Yes,NO,,,,,,,NO,,,,NO,,,,,,,,
99-02-91-63,YES,,,,YES,,,BUYING AND SELLING,In a business operated by a household member,,,,,,,YES,1,,,,,,YES,BUYING AND SELLING,Higher,,NO,,,,,,,,
99-51-79-01,YES,,,,YES,,,BUYING AND SELLING,As an employee for someone else,YES,,,NO,NO,No,NO,,,,,,,YES,BUYING AND SELLING,Less,No customers/few customers,NO,,,,,,,,
99-86-73-41,YES,,,,YES,,,"AGRICULTURE, HUNTING, FISHING",As an employee for someone else,YES,,,NO,NO,No,NO,,,,,,,NO,,,,YES,YES,,,,,,,
99-98-60-29,YES,,,,YES,,,MANUFACTURING,As an employee for someone else,YES,,,YES,YES,Yes,3,,,,,,,NO,,,,NO,,,,,,,,
