interview__key,s1q1,s1q2,s1q3,s1q5,s1q6,s1q10,s1q11a,s1q11b,attempts__id,consnt,s1q9,atpout
00-18-15-60,1,2020-10-17T15:52:26,YES,YES,,YES,2020-10-19,08:00,1,"NO, NOT NOW",,CALL ME BACK LATER
00-18-15-60,1,2020-10-19T13:21:09,YES,YES,,,,,2,YES,2,GAVE CONSENT
00-28-98-16,1,2020-10-16T17:09:02,YES,YES,,,,,2,YES,4,GAVE CONSENT
00-28-98-16,1,2020-10-16T14:03:53,YES,YES,,YES,2020-10-16,17:00,1,"NO, NOT NOW",,CALL ME BACK LATER
00-40-34-48,1,2020-10-16T08:11:33,YES,YES,,,,,1,YES,1,GAVE CONSENT
00-45-00-37,1,2020-10-18T15:02:42,YES,YES,,,,,1,YES,1,GAVE CONSENT
00-54-36-13,1,2020-10-17T17:38:20,YES,YES,,,,,2,YES,2,GAVE CONSENT
00-54-36-13,1,2020-10-17T17:11:52,"NO, NOBODY ANSWERING",,,,,,1,,,NOBODY ANSWERING
01-32-06-48,2,2020-10-15T16:50:09,YES,YES,,,,,2,YES,1,GAVE CONSENT
01-32-06-48,2,2020-10-15T14:37:15,YES,YES,,YES,2020-10-15,17:00,1,"NO, NOT NOW",,CALL ME BACK LATER
02-11-13-92,1,2020-10-17T08:32:57,YES,YES,,,,,1,YES,1,GAVE CONSENT
02-89-30-22,1,2020-10-15T08:03:05,"NO, PHONE SWITCHED OFF / NOT REACHABLE",,,,,,1,,,PHONE SWITCHED OFF
02-89-30-22,1,2020-10-15T17:33:05,YES,YES,,,,,2,YES,1,GAVE CONSENT
02-96-12-77,1,2020-10-17T12:52:59,YES,YES,,,,,1,YES,2,GAVE CONSENT
03-57-84-60,1,2020-10-18T12:19:06,YES,YES,,,,,1,YES,1,GAVE CONSENT
03-77-64-79,1,2020-10-17T09:07:32,YES,YES,,YES,2020-10-17,11:30,2,"NO, NOT NOW",,CALL ME BACK LATER
03-77-64-79,1,2020-10-16T14:33:24,YES,YES,,YES,2020-10-17,09:00,1,"NO, NOT NOW",,CALL ME BACK LATER
03-77-64-79,1,2020-10-17T12:02:37,YES,YES,,,,,3,YES,1,GAVE CONSENT
03-81-33-62,1,2020-10-15T17:59:08,YES,YES,,,,,3,YES,1,GAVE CONSENT
03-81-33-62,1,2020-10-15T09:43:39,"NO, PHONE SWITCHED OFF / NOT REACHABLE",,,,,,1,,,PHONE SWITCHED OFF
03-81-33-62,1,2020-10-15T16:20:32,YES,YES,,YES,2020-10-15,18:00,2,"NO, NOT NOW",,CALL ME BACK LATER
03-84-81-65,2,2020-10-16T15:59:53,YES,YES,,,,,2,YES,1,GAVE CONSENT
03-84-81-65,2,2020-10-15T16:07:51,"NO, NOBODY ANSWERING",,,,,,1,,,NOBODY ANSWERING
04-13-23-41,1,2020-10-15T13:36:54,YES,YES,,,,,1,YES,1,GAVE CONSENT
04-17-01-55,1,2020-10-18T08:45:31,YES,YES,,,,,2,YES,1,GAVE CONSENT
04-17-01-55,1,2020-10-17T12:31:49,YES,YES,,YES,2020-10-18,08:30,1,"NO, NOT NOW",,CALL ME BACK LATER
05-00-24-69,1,2020-10-18T07:47:34,YES,YES,,YES,2020-10-18,16:00,2,"NO, NOT NOW",,CALL ME BACK LATER
05-00-24-69,1,2020-10-18T17:39:11,"NO, NOBODY ANSWERING",,,,,,4,,,NOBODY ANSWERING
05-00-24-69,1,2020-10-18T16:00:06,"NO, NOBODY ANSWERING",,,,,,3,,,NOBODY ANSWERING
05-00-24-69,1,2020-10-17T16:03:55,"NO, NOBODY ANSWERING",,,,,,1,,,NOBODY ANSWERING
05-00-24-69,1,2020-10-19T09:16:29,YES,YES,,,,,5,YES,1,GAVE CONSENT
05-81-85-24,1,2020-10-19T11:20:48,YES,YES,,,,,1,YES,1,GAVE CONSENT
06-38-45-14,1,2020-10-17T16:17:13,YES,YES,,,,,1,YES,1,GAVE CONSENT
06-58-76-54,1,2020-10-19T15:24:33,YES,YES,,,,,1,YES,1,GAVE CONSENT
06-65-48-93,1,2020-10-19T10:47:33,YES,YES,,,,,2,YES,1,GAVE CONSENT
06-65-48-93,1,2020-10-19T11:01:12,YES,YES,,,,,3,YES,1,GAVE CONSENT
06-65-48-93,1,2020-10-19T13:28:43,"NO, NOBODY ANSWERING",,,,,,4,,,NOBODY ANSWERING
06-65-48-93,1,2020-10-19T15:49:18,YES,YES,,YES,2020-10-20,09:00,5,"NO, NOT NOW",,CALL ME BACK LATER
06-65-48-93,1,2020-10-20T10:19:40,YES,YES,,,,,6,YES,1,GAVE CONSENT
06-65-48-93,1,2020-10-19T09:04:55,"NO, NOBODY ANSWERING",,,,,,1,,,NOBODY ANSWERING
06-89-25-87,1,2020-10-15T15:23:40,YES,YES,,,,,1,YES,2,GAVE CONSENT
07-07-39-43,1,2020-10-15T10:11:13,YES,YES,,,,,1,YES,1,GAVE CONSENT
07-90-82-24,1,2020-10-18T10:12:34,YES,YES,,,,,1,YES,2,GAVE CONSENT
08-40-28-73,1,2020-10-19T09:31:33,YES,YES,,,,,1,YES,2,GAVE CONSENT
08-87-44-02,1,2020-10-15T11:21:10,YES,YES,,,,,1,YES,3,GAVE CONSENT
08-98-49-88,1,2020-10-23T09:01:13,YES,YES,,,,,2,YES,1,GAVE CONSENT
08-98-49-88,1,2020-10-18T14:33:31,"NO, PHONE SWITCHED OFF / NOT REACHABLE",,,,,,1,,,PHONE SWITCHED OFF
09-03-50-98,1,2020-10-18T10:31:59,YES,YES,,,,,1,YES,1,GAVE CONSENT
09-11-38-06,1,2020-10-15T17:21:07,YES,NO,"YES, PHONE NUMBER -&gt; RECORD IN NUMBERS",,,,1,,,GAVE PHONE NUMBER
09-11-38-06,2,2020-10-15T17:20:06,YES,YES,,,,,2,YES,9,GAVE CONSENT
09-25-43-00,1,2020-10-20T07:19:27,YES,YES,,,,,1,YES,1,GAVE CONSENT
09-26-57-25,2,2020-10-20T10:01:18,YES,YES,,,,,1,YES,2,GAVE CONSENT
09-27-61-41,1,2020-10-16T14:59:51,YES,YES,,,,,2,YES,2,GAVE CONSENT
09-27-61-41,1,2020-10-16T17:58:14,YES,YES,,,,,3,YES,1,GAVE CONSENT
09-27-61-41,1,2020-10-16T12:47:11,"NO, NOBODY ANSWERING",,,,,,1,,,NOBODY ANSWERING
09-69-61-77,2,2020-10-18T12:51:13,YES,YES,,,,,2,YES,2,GAVE CONSENT
09-69-61-77,1,2020-10-17T11:53:38,"NO, PHONE SWITCHED OFF / NOT REACHABLE",,,,,,1,,,PHONE SWITCHED OFF
09-72-34-65,1,2020-10-19T09:11:53,YES,YES,,,,,5,YES,1,GAVE CONSENT
09-72-34-65,1,2020-10-18T09:01:42,YES,YES,,YES,2020-10-18,14:00,3,"NO, NOT NOW",,CALL ME BACK LATER
09-72-34-65,2,2020-10-17T11:24:34,YES,YES,,YES,2020-10-17,13:30,1,"NO, NOT NOW",,CALL ME BACK LATER
09-72-34-65,2,2020-10-17T13:49:30,YES,YES,,YES,2020-10-18,09:00,2,"NO, NOT NOW",,CALL ME BACK LATER
09-72-34-65,1,2020-10-18T14:43:34,YES,YES,,YES,2020-10-19,09:00,4,"NO, NOT NOW",,CALL ME BACK LATER
09-94-37-20,1,2020-10-17T16:10:53,YES,YES,,YES,2020-10-18,20:00,1,"NO, NOT NOW",,CALL ME BACK LATER
09-94-37-20,1,2020-10-17T17:42:53,"NO, PHONE SWITCHED OFF / NOT REACHABLE",,,,,,2,,,PHONE SWITCHED OFF
09-94-37-20,1,2020-10-18T08:57:15,"NO, PHONE SWITCHED OFF / NOT REACHABLE",,,,,,3,,,PHONE SWITCHED OFF
09-94-37-20,1,2020-10-20T14:10:31,YES,YES,,,,,7,YES,2,GAVE CONSENT
09-94-37-20,1,2020-10-19T09:13:07,"NO, PHONE SWITCHED OFF / NOT REACHABLE",,,,,,6,,,PHONE SWITCHED OFF
09-94-37-20,1,2020-10-18T14:59:22,"NO, PHONE SWITCHED OFF / NOT REACHABLE",,,,,,4,,,PHONE SWITCHED OFF
09-94-37-20,1,2020-10-18T17:33:46,"NO, PHONE SWITCHED OFF / NOT REACHABLE",,,,,,5,,,PHONE SWITCHED OFF
10-00-77-35,2,2020-10-20T15:06:00,YES,YES,,,,,7,YES,1,GAVE CONSENT
10-00-77-35,2,2020-10-15T16:27:14,"NO, PHONE SWITCHED OFF / NOT REACHABLE",,,,,,4,,,PHONE SWITCHED OFF
10-00-77-35,1,2020-10-15T16:26:44,"NO, PHONE SWITCHED OFF / NOT REACHABLE",,,,,,3,,,PHONE SWITCHED OFF
10-00-77-35,1,2020-10-15T14:24:59,"NO, NOBODY ANSWERING",,,,,,1,,,NOBODY ANSWERING
10-00-77-35,1,2020-10-16T12:08:20,"NO, PHONE SWITCHED OFF / NOT REACHABLE",,,,,,5,,,PHONE SWITCHED OFF
10-00-77-35,2,2020-10-16T12:08:53,"NO, PHONE SWITCHED OFF / NOT REACHABLE",,,,,,6,,,PHONE SWITCHED OFF
10-00-77-35,2,2020-10-15T14:26:40,"NO, PHONE SWITCHED OFF / NOT REACHABLE",,,,,,2,,,PHONE SWITCHED OFF
10-30-18-95,1,2020-10-14T16:57:47,YES,YES,,,,,1,YES,,GAVE CONSENT
10-83-76-94,1,2020-10-16T11:19:33,YES,YES,,YES,2020-10-16,17:00,1,"NO, NOT NOW",,CALL ME BACK LATER
10-83-76-94,1,2020-10-17T16:17:01,YES,YES,,,,,2,YES,1,GAVE CONSENT
10-90-66-62,1,2020-10-15T09:31:27,"NO, NOBODY ANSWERING",,,,,,3,,,NOBODY ANSWERING
10-90-66-62,1,2020-10-14T18:05:15,"NO, NOBODY ANSWERING",,,,,,2,,,NOBODY ANSWERING
10-90-66-62,1,2020-10-16T09:24:33,"NO, NOBODY ANSWERING",,,,,,6,,,NOBODY ANSWERING
10-90-66-62,1,2020-10-14T16:14:04,"NO, NOBODY ANSWERING",,,,,,1,,,NOBODY ANSWERING
10-90-66-62,1,2020-10-15T18:13:25,"NO, NOBODY ANSWERING",,,,,,5,,,NOBODY ANSWERING
10-90-66-62,1,2020-10-18T18:27:35,YES,YES,,,,,7,YES,2,GAVE CONSENT
10-90-66-62,1,2020-10-15T12:31:06,YES,YES,,YES,2020-10-15,18:00,4,"NO, NOT NOW",,CALL ME BACK LATER
10-97-49-10,1,2020-10-18T12:34:24,"NO, NOBODY ANSWERING",,,,,,4,,,NOBODY ANSWERING
10-97-49-10,1,2020-10-18T09:01:20,"NO, NOBODY ANSWERING",,,,,,3,,,NOBODY ANSWERING
10-97-49-10,1,2020-10-18T16:31:04,YES,YES,,,,,5,YES,1,GAVE CONSENT
10-97-49-10,1,2020-10-17T10:10:59,"NO, NOBODY ANSWERING",,,,,,1,,,NOBODY ANSWERING
10-97-49-10,1,2020-10-17T15:55:24,"NO, NOBODY ANSWERING",,,,,,2,,,NOBODY ANSWERING
11-11-31-58,1,2020-10-15T15:35:34,YES,YES,,,,,1,YES,2,GAVE CONSENT
11-16-10-36,1,2020-10-17T15:45:45,YES,YES,,,,,2,YES,1,GAVE CONSENT
11-16-10-36,1,2020-10-17T13:26:21,"NO, NOBODY ANSWERING",,,,,,1,,,NOBODY ANSWERING
11-71-06-95,1,2020-10-18T11:43:20,YES,YES,,,,,1,YES,2,GAVE CONSENT
11-78-09-29,1,2020-10-20T10:25:05,YES,YES,,,,,1,YES,1,GAVE CONSENT
11-79-71-86,1,2020-10-17T08:37:10,YES,YES,,YES,2020-10-17,10:00,1,"NO, NOT NOW",,CALL ME BACK LATER
11-79-71-86,1,2020-10-18T10:39:45,YES,YES,,,,,4,YES,1,GAVE CONSENT
11-79-71-86,1,2020-10-17T17:18:38,"NO, PHONE SWITCHED OFF / NOT REACHABLE",,,,,,3,,,PHONE SWITCHED OFF
11-79-71-86,1,2020-10-17T10:36:34,"NO, PHONE SWITCHED OFF / NOT REACHABLE",,,,,,2,,,PHONE SWITCHED OFF
12-07-23-17,1,2020-10-16T08:59:31,YES,YES,,YES,2020-10-16,11:00,1,"NO, NOT NOW",,CALL ME BACK LATER
12-07-23-17,1,2020-10-16T11:19:31,YES,YES,,,,,2,YES,2,GAVE CONSENT
12-16-17-74,1,2020-10-16T09:59:01,YES,YES,,,,,1,YES,1,GAVE CONSENT
12-33-47-68,1,2020-10-17T09:25:08,YES,YES,,,,,1,YES,1,GAVE CONSENT
12-33-47-68,1,2020-10-17T09:51:47,YES,YES,,,,,2,YES,1,GAVE CONSENT
12-82-57-48,1,2020-10-15T14:41:01,YES,YES,,,,,1,YES,1,GAVE CONSENT
13-39-71-32,1,2020-10-15T11:24:53,YES,YES,,,,,1,YES,1,GAVE CONSENT
13-41-36-30,1,2020-10-16T11:36:14,"NO, PHONE SWITCHED OFF / NOT REACHABLE",,,,,,4,,,PHONE SWITCHED OFF
13-41-36-30,1,2020-10-15T09:50:26,"NO, PHONE SWITCHED OFF / NOT REACHABLE",,,,,,1,,,PHONE SWITCHED OFF
13-41-36-30,1,2020-10-15T13:21:07,"NO, PHONE SWITCHED OFF / NOT REACHABLE",,,,,,2,,,PHONE SWITCHED OFF
13-41-36-30,1,2020-10-17T08:37:57,"NO, PHONE SWITCHED OFF / NOT REACHABLE",,,,,,5,,,PHONE SWITCHED OFF
13-41-36-30,1,2020-10-21T10:27:51,YES,YES,,,,,8,YES,1,GAVE CONSENT
13-41-36-30,1,2020-10-20T12:58:37,"NO, NUMBER DOES NOT EXIST",,,,,,7,,,NUMBER DOES NOT EXIST
13-41-36-30,1,2020-10-17T12:26:37,"NO, PHONE SWITCHED OFF / NOT REACHABLE",,,,,,6,,,PHONE SWITCHED OFF
13-41-36-30,1,2020-10-15T16:13:44,"NO, PHONE SWITCHED OFF / NOT REACHABLE",,,,,,3,,,PHONE SWITCHED OFF
13-52-02-28,1,2020-10-17T11:55:18,YES,YES,,,,,1,YES,2,GAVE CONSENT
13-62-04-21,1,2020-10-17T15:57:18,"NO, NOBODY ANSWERING",,,,,,1,,,NOBODY ANSWERING
13-62-04-21,1,2020-10-18T09:05:38,YES,YES,,,,,2,YES,2,GAVE CONSENT
13-62-51-43,1,2020-10-15T09:01:19,"NO, NOBODY ANSWERING",,,,,,2,,,NOBODY ANSWERING
13-62-51-43,1,2020-10-15T10:10:40,YES,YES,,,,,3,YES,2,GAVE CONSENT
13-62-51-43,1,2020-10-15T07:26:09,YES,YES,,YES,2020-10-15,09:00,1,"NO, NOT NOW",,CALL ME BACK LATER
13-81-20-31,1,2020-10-18T14:31:33,YES,YES,,,,,1,YES,2,GAVE CONSENT
14-09-59-69,1,2020-10-15T17:48:09,YES,YES,,,,,1,YES,1,GAVE CONSENT
14-78-41-57,1,2020-10-20T16:58:24,YES,YES,,,,,1,YES,1,GAVE CONSENT
14-89-02-15,1,2020-10-17T11:45:33,"NO, NOBODY ANSWERING",,,,,,1,,,NOBODY ANSWERING
14-89-02-15,1,2020-10-17T13:47:37,YES,YES,,,,,2,YES,2,GAVE CONSENT
14-93-22-59,2,2020-10-17T08:45:08,YES,YES,,,,,2,YES,1,GAVE CONSENT
14-93-22-59,1,2020-10-16T09:17:46,YES,YES,,YES,2020-10-16,11:00,1,"NO, NOT NOW",,CALL ME BACK LATER
14-94-97-50,1,2020-10-18T16:28:49,"NO, NOBODY ANSWERING",,,,,,1,,,NOBODY ANSWERING
14-94-97-50,1,2020-10-19T15:06:00,YES,YES,,,,,4,YES,2,GAVE CONSENT
14-94-97-50,1,2020-10-19T09:57:14,"NO, NOBODY ANSWERING",,,,,,3,,,NOBODY ANSWERING
14-94-97-50,1,2020-10-19T08:39:52,"NO, NOBODY ANSWERING",,,,,,2,,,NOBODY ANSWERING
14-97-32-57,1,2020-10-18T14:58:45,YES,YES,,,,,1,YES,2,GAVE CONSENT
14-98-08-92,1,2020-10-16T17:32:54,"NO, PHONE SWITCHED OFF / NOT REACHABLE",,,,,,2,,,PHONE SWITCHED OFF
14-98-08-92,1,2020-10-17T09:34:03,"NO, PHONE SWITCHED OFF / NOT REACHABLE",,,,,,3,,,PHONE SWITCHED OFF
14-98-08-92,1,2020-10-16T09:32:58,"NO, PHONE SWITCHED OFF / NOT REACHABLE",,,,,,1,,,PHONE SWITCHED OFF
14-98-08-92,1,2020-10-19T08:20:49,"NO, PHONE SWITCHED OFF / NOT REACHABLE",,,,,,4,,,PHONE SWITCHED OFF
14-98-08-92,1,2020-10-19T15:13:30,"NO, PHONE SWITCHED OFF / NOT REACHABLE",,,,,,5,,,PHONE SWITCHED OFF
14-98-08-92,1,2020-10-20T08:58:15,YES,YES,,,,,6,YES,1,GAVE CONSENT
15-09-32-42,1,2020-10-18T10:58:36,YES,YES,,,,,1,YES,10,GAVE CONSENT
15-48-00-43,1,2020-10-15T14:22:41,YES,YES,,,,,1,YES,1,GAVE CONSENT
15-62-16-76,1,2020-10-16T08:03:04,YES,YES,,,,,1,YES,1,GAVE CONSENT
15-80-17-44,1,2020-10-15T10:44:08,YES,YES,,,,,2,YES,2,GAVE CONSENT
15-80-17-44,1,2020-10-15T09:22:04,YES,YES,,YES,2020-10-15,10:00,1,"NO, NOT NOW",,CALL ME BACK LATER
15-87-00-11,1,2020-10-20T14:19:12,YES,YES,,,,,1,YES,1,GAVE CONSENT
16-15-53-72,1,2020-10-16T14:19:49,"NO, NUMBER DOES NOT EXIST",,,,,,1,,,NUMBER DOES NOT EXIST
16-15-53-72,1,2020-10-18T09:11:07,YES,YES,,,,,3,YES,1,GAVE CONSENT
16-15-53-72,1,2020-10-16T16:38:07,"NO, NUMBER DOES NOT EXIST",,,,,,2,,,NUMBER DOES NOT EXIST
16-17-55-72,1,2020-10-18T08:35:05,YES,YES,,,,,1,YES,1,GAVE CONSENT
16-42-96-59,1,2020-10-18T17:12:12,YES,YES,,,,,2,YES,1,GAVE CONSENT
16-42-96-59,1,2020-10-18T14:21:04,"NO, NOBODY ANSWERING",,,,,,1,,,NOBODY ANSWERING
16-52-89-41,1,2020-10-17T10:24:58,YES,YES,,,,,1,YES,2,GAVE CONSENT
16-59-81-75,1,2020-10-17T10:17:42,YES,YES,,,,,2,YES,2,GAVE CONSENT
16-59-81-75,1,2020-10-16T15:29:09,"NO, NOBODY ANSWERING",,,,,,1,,,NOBODY ANSWERING
16-74-28-23,1,2020-10-18T06:47:10,YES,YES,,,,,1,YES,2,GAVE CONSENT
16-77-88-96,1,2020-10-16T13:32:32,YES,YES,,YES,2020-10-16,15:00,2,"NO, NOT NOW",,CALL ME BACK LATER
16-77-88-96,1,2020-10-17T11:37:28,YES,YES,,,,,4,YES,1,GAVE CONSENT
16-77-88-96,1,2020-10-16T11:27:41,"NO, NOBODY ANSWERING",,,,,,1,,,NOBODY ANSWERING
16-77-88-96,1,2020-10-16T15:55:37,YES,YES,,YES,2020-10-17,11:00,3,"NO, NOT NOW",,CALL ME BACK LATER
16-83-14-42,1,2020-10-14T11:53:04,YES,YES,,,,,1,YES,1,GAVE CONSENT
16-85-46-70,1,2020-10-14T14:18:45,YES,YES,,,,,2,YES,1,GAVE CONSENT
16-85-46-70,1,2020-10-14T11:11:53,"NO, NOBODY ANSWERING",,,,,,1,,,NOBODY ANSWERING
16-96-19-45,1,2020-10-15T16:01:30,YES,YES,,,,,1,YES,2,GAVE CONSENT
17-01-45-98,1,2020-10-18T10:17:36,"NO, PHONE SWITCHED OFF / NOT REACHABLE",,,,,,2,,,PHONE SWITCHED OFF
17-01-45-98,1,2020-10-18T09:46:09,"NO, PHONE SWITCHED OFF / NOT REACHABLE",,,,,,1,,,PHONE SWITCHED OFF
17-01-45-98,1,2020-10-18T17:16:13,YES,YES,,,,,4,YES,1,GAVE CONSENT
17-01-45-98,1,2020-10-18T15:28:05,YES,YES,,YES,2020-10-18,17:30,3,"NO, NOT NOW",,CALL ME BACK LATER
17-18-68-28,1,2020-10-17T13:53:47,YES,YES,,,,,1,YES,1,GAVE CONSENT
17-29-58-15,1,2020-10-21T08:40:55,"NO, NOBODY ANSWERING",,,,,,1,,,NOBODY ANSWERING
17-29-58-15,1,2020-10-21T09:40:51,YES,YES,,YES,2020-10-21,11:00,2,"NO, NOT NOW",,CALL ME BACK LATER
17-29-58-15,1,2020-10-21T12:20:22,YES,YES,,,,,3,YES,1,GAVE CONSENT
17-67-81-96,1,2020-10-17T11:28:06,YES,YES,,,,,1,YES,1,GAVE CONSENT
17-68-86-89,1,2020-10-18T13:50:28,YES,YES,,,,,2,YES,1,GAVE CONSENT
17-68-86-89,1,2020-10-18T13:01:39,YES,YES,,,,,1,YES,1,GAVE CONSENT
17-88-33-48,1,2020-10-15T12:03:41,YES,YES,,,,,1,YES,1,GAVE CONSENT
18-05-71-79,1,2020-10-18T13:35:04,YES,YES,,,,,1,YES,2,GAVE CONSENT
18-83-71-39,1,2020-10-16T07:51:50,YES,YES,,,,,1,YES,2,GAVE CONSENT
18-91-78-21,1,2020-10-19T15:20:08,"NO, NOBODY ANSWERING",,,,,,1,,,NOBODY ANSWERING
18-91-78-21,2,2020-10-19T15:23:31,YES,CANNOT UNDERSTAND THEIR LANGUAGE,,,,,2,,,CANNOT UNDERSTAND THEIR LANGUAGE
18-91-78-21,2,2020-10-20T15:06:54,YES,YES,,,,,4,YES,2,GAVE CONSENT
18-91-78-21,1,2020-10-20T11:10:20,"NO, PHONE SWITCHED OFF / NOT REACHABLE",,,,,,3,,,PHONE SWITCHED OFF
19-02-16-28,1,2020-10-19T11:30:24,YES,YES,,,,,1,YES,1,GAVE CONSENT
19-20-48-23,1,2020-10-16T08:36:57,"NO, PHONE SWITCHED OFF / NOT REACHABLE",,,,,,5,,,PHONE SWITCHED OFF
19-20-48-23,1,2020-10-15T13:34:34,"NO, PHONE SWITCHED OFF / NOT REACHABLE",,,,,,3,,,PHONE SWITCHED OFF
19-20-48-23,1,2020-10-16T14:19:41,"NO, PHONE SWITCHED OFF / NOT REACHABLE",,,,,,6,,,PHONE SWITCHED OFF
19-20-48-23,1,2020-10-14T15:08:08,"NO, PHONE SWITCHED OFF / NOT REACHABLE",,,,,,1,,,PHONE SWITCHED OFF
19-20-48-23,1,2020-10-15T18:03:55,"NO, PHONE SWITCHED OFF / NOT REACHABLE",,,,,,4,,,PHONE SWITCHED OFF
19-20-48-23,1,2020-10-15T08:27:20,"NO, PHONE SWITCHED OFF / NOT REACHABLE",,,,,,2,,,PHONE SWITCHED OFF
19-20-48-23,1,2020-10-20T11:28:18,YES,YES,,,,,7,YES,1,GAVE CONSENT
19-39-08-63,1,2020-10-16T08:37:16,YES,YES,,,,,2,YES,1,GAVE CONSENT
19-39-08-63,1,2020-10-15T17:09:13,YES,YES,,YES,2020-10-15,17:40,1,"NO, NOT NOW",,CALL ME BACK LATER
19-72-67-09,1,2020-10-14T14:40:47,YES,YES,,,,,1,YES,1,GAVE CONSENT
20-05-86-82,1,2020-10-17T14:41:51,YES,YES,,,,,1,YES,2,GAVE CONSENT
20-20-96-41,1,2020-10-15T08:26:33,"NO, NOBODY ANSWERING",,,,,,2,,,NOBODY ANSWERING
20-20-96-41,1,2020-10-15T14:52:11,YES,YES,,,,,4,YES,1,GAVE CONSENT
20-20-96-41,1,2020-10-15T13:36:42,"NO, NOBODY ANSWERING",,,,,,3,,,NOBODY ANSWERING
20-20-96-41,1,2020-10-14T15:50:09,"NO, NOBODY ANSWERING",,,,,,1,,,NOBODY ANSWERING
20-28-07-52,1,2020-10-15T11:09:53,YES,YES,,,,,1,YES,1,GAVE CONSENT
20-39-98-99,1,2020-10-14T11:08:23,YES,YES,,YES,2020-10-15,08:00,1,"NO, NOT NOW",,CALL ME BACK LATER
20-39-98-99,1,2020-10-15T08:40:47,YES,YES,,,,,2,YES,1,GAVE CONSENT
20-73-25-13,1,2020-10-14T16:02:44,YES,YES,,,,,3,YES,2,GAVE CONSENT
20-73-25-13,1,2020-10-14T12:19:07,"NO, NOBODY ANSWERING",,,,,,1,,,NOBODY ANSWERING
20-73-25-13,1,2020-10-14T15:34:42,YES,YES,,YES,2020-10-14,16:00,2,"NO, NOT NOW",,CALL ME BACK LATER
20-76-11-93,1,2020-10-20T10:00:07,"NO, PHONE SWITCHED OFF / NOT REACHABLE",,,,,,1,,,PHONE SWITCHED OFF
20-76-11-93,1,2020-10-20T12:34:04,YES,YES,,,,,2,YES,2,GAVE CONSENT
20-80-17-46,1,2020-10-16T07:31:20,YES,YES,,,,,4,YES,2,GAVE CONSENT
20-80-17-46,1,2020-10-15T17:17:01,"NO, PHONE SWITCHED OFF / NOT REACHABLE",,,,,,2,,,PHONE SWITCHED OFF
20-80-17-46,1,2020-10-15T19:19:55,"NO, PHONE SWITCHED OFF / NOT REACHABLE",,,,,,3,,,PHONE SWITCHED OFF
20-80-17-46,1,2020-10-15T09:10:20,"NO, NOBODY ANSWERING",,,,,,1,,,NOBODY ANSWERING
20-82-62-78,1,2020-10-16T14:32:41,YES,YES,,,,,1,YES,1,GAVE CONSENT
21-09-64-49,1,2020-10-18T09:57:37,YES,YES,,,,,1,YES,1,GAVE CONSENT
21-28-36-64,2,2020-10-14T11:45:45,YES,YES,,YES,2020-10-16,13:30,1,"NO, NOT NOW",,CALL ME BACK LATER
21-28-36-64,2,2020-10-16T15:22:37,YES,YES,,,,,2,YES,1,GAVE CONSENT
21-33-55-76,1,2020-10-16T14:25:19,YES,YES,,,,,1,YES,1,GAVE CONSENT
21-82-19-65,1,2020-10-14T15:44:58,YES,YES,,,,,1,YES,1,GAVE CONSENT
22-06-96-95,2,2020-10-16T08:59:56,YES,NO,"YES, PHONE NUMBER -&gt; RECORD IN NUMBERS",,,,1,,,GAVE PHONE NUMBER
22-06-96-95,1,2020-10-19T09:37:28,YES,YES,,,,,4,YES,1,GAVE CONSENT
22-06-96-95,1,2020-10-16T09:03:37,YES,YES,,YES,2020-10-16,16:00,2,"NO, NOT NOW",,CALL ME BACK LATER
22-06-96-95,1,2020-10-18T16:02:38,"NO, NOBODY ANSWERING",,,,,,3,,,NOBODY ANSWERING
22-27-53-02,1,2020-10-14T12:48:14,YES,YES,,,,,1,YES,1,GAVE CONSENT
22-34-46-74,1,2020-10-15T09:14:16,YES,YES,,,,,1,YES,1,GAVE CONSENT
22-80-62-03,1,2020-10-20T10:01:27,YES,YES,,,,,1,YES,5,GAVE CONSENT
22-89-95-50,1,2020-10-16T11:03:11,YES,YES,,,,,1,YES,3,GAVE CONSENT
22-91-55-07,1,2020-10-16T11:41:36,YES,YES,,,,,1,YES,1,GAVE CONSENT
23-84-75-04,2,2020-10-18T09:03:35,YES,YES,,,,,1,YES,2,GAVE CONSENT
23-95-76-25,1,2020-10-18T10:23:00,YES,YES,,,,,1,YES,2,GAVE CONSENT
24-50-42-93,1,2020-10-15T08:27:27,YES,YES,,,,,1,YES,1,GAVE CONSENT
24-54-99-87,1,2020-10-18T09:33:00,YES,YES,,,,,1,YES,2,GAVE CONSENT
24-78-94-60,1,2020-10-16T15:54:38,YES,YES,,,,,1,YES,2,GAVE CONSENT
24-82-80-64,1,2020-10-16T10:59:57,"NO, NOBODY ANSWERING",,,,,,1,,,NOBODY ANSWERING
24-82-80-64,1,2020-10-17T08:12:37,YES,YES,,,,,2,YES,2,GAVE CONSENT
25-17-44-91,1,2020-10-14T14:21:40,"NO, NOBODY ANSWERING",,,,,,1,,,NOBODY ANSWERING
25-17-44-91,1,2020-10-14T16:53:14,"NO, NOBODY ANSWERING",,,,,,3,,,NOBODY ANSWERING
25-17-44-91,1,2020-10-14T14:56:32,"NO, NOBODY ANSWERING",,,,,,2,,,NOBODY ANSWERING
25-17-44-91,1,2020-10-15T14:57:44,YES,YES,,,,,4,YES,1,GAVE CONSENT
25-42-18-96,1,2020-10-16T13:30:01,YES,YES,,,,,1,YES,1,GAVE CONSENT
25-91-93-59,1,2020-10-17T16:11:55,YES,YES,,,,,1,YES,1,GAVE CONSENT
26-18-30-56,1,2020-10-14T16:15:19,YES,YES,,,,,1,YES,2,GAVE CONSENT
26-47-81-10,1,2020-10-15T14:12:04,"NO, NOBODY ANSWERING",,,,,,1,,,NOBODY ANSWERING
26-47-81-10,1,2020-10-15T16:07:02,"NO, NOBODY ANSWERING",,,,,,2,,,NOBODY ANSWERING
26-47-81-10,1,2020-10-19T14:41:18,YES,YES,,,,,5,YES,6,GAVE CONSENT
26-47-81-10,1,2020-10-18T16:10:48,"NO, NOBODY ANSWERING",,,,,,4,,,NOBODY ANSWERING
26-47-81-10,1,2020-10-15T16:52:57,YES,YES,,,,,3,YES,6,GAVE CONSENT
26-92-52-70,1,2020-10-14T17:34:35,YES,YES,,,,,1,YES,1,GAVE CONSENT
27-08-88-11,1,2020-10-17T07:48:09,YES,YES,,,,,1,YES,2,GAVE CONSENT
27-21-36-53,1,2020-10-14T16:01:17,YES,YES,,,,,2,YES,2,GAVE CONSENT
27-21-36-53,1,2020-10-14T12:42:26,"NO, NOBODY ANSWERING",,,,,,1,,,NOBODY ANSWERING
27-29-97-73,1,2020-10-15T18:55:33,YES,YES,,,,,2,YES,2,GAVE CONSENT
27-29-97-73,1,2020-10-15T09:41:23,YES,YES,,YES,2020-10-15,19:00,1,"NO, NOT NOW",,CALL ME BACK LATER
27-33-92-06,1,2020-10-18T09:22:39,YES,YES,,YES,2020-10-18,12:00,1,"NO, NOT NOW",,CALL ME BACK LATER
27-33-92-06,1,2020-10-18T12:08:19,YES,YES,,,,,2,YES,1,GAVE CONSENT
27-55-59-49,1,2020-10-16T13:50:53,YES,YES,,,,,2,YES,1,GAVE CONSENT
27-55-59-49,1,2020-10-16T13:40:02,YES,YES,,,,,1,YES,1,GAVE CONSENT
28-71-17-92,1,2020-10-18T09:33:39,YES,YES,,,,,1,YES,2,GAVE CONSENT
28-88-05-65,2,2020-10-18T07:53:28,YES,YES,,,,,1,YES,9,GAVE CONSENT
28-94-48-29,1,2020-10-17T07:24:00,"NO, NUMBER DOES NOT EXIST",,,,,,1,,,NUMBER DOES NOT EXIST
28-94-48-29,2,2020-10-17T07:25:51,YES,YES,,YES,2020-10-17,11:10,2,"NO, NOT NOW",,CALL ME BACK LATER
28-94-48-29,2,2020-10-18T13:33:28,YES,YES,,,,,3,YES,1,GAVE CONSENT
28-99-21-75,1,2020-10-17T09:42:15,YES,YES,,,,,1,YES,1,GAVE CONSENT
29-53-69-61,1,2020-10-15T11:51:28,"NO, PHONE SWITCHED OFF / NOT REACHABLE",,,,,,1,,,PHONE SWITCHED OFF
29-53-69-61,1,2020-10-15T13:22:00,YES,YES,,,,,2,YES,1,GAVE CONSENT
29-56-08-14,1,2020-10-18T09:30:58,YES,YES,,YES,2020-10-18,11:00,1,"NO, NOT NOW",,CALL ME BACK LATER
29-56-08-14,1,2020-10-18T11:00:48,YES,YES,,,,,2,YES,1,GAVE CONSENT
29-65-13-28,1,2020-10-18T21:54:05,YES,YES,,,,,1,YES,2,GAVE CONSENT
29-94-26-51,1,2020-10-18T16:49:10,YES,YES,,,,,1,YES,4,GAVE CONSENT
29-96-85-38,1,2020-10-20T07:49:55,YES,YES,,,,,2,YES,1,GAVE CONSENT
29-96-85-38,1,2020-10-19T08:00:07,YES,YES,,YES,2020-10-20,08:00,1,"NO, NOT NOW",,CALL ME BACK LATER
30-10-22-60,1,2020-10-15T09:02:28,YES,YES,,,,,1,YES,3,GAVE CONSENT
30-10-29-94,1,2020-10-17T13:24:35,YES,YES,,,,,1,YES,1,GAVE CONSENT
30-19-77-63,1,2020-10-15T07:32:20,YES,YES,,,,,1,YES,1,GAVE CONSENT
30-25-79-75,1,2020-10-20T09:42:26,YES,YES,,,,,1,YES,1,GAVE CONSENT
30-57-28-29,2,2020-10-15T14:20:44,YES,YES,,,,,1,YES,1,GAVE CONSENT
30-74-60-19,1,2020-10-17T10:06:59,"NO, NOBODY ANSWERING",,,,,,2,,,NOBODY ANSWERING
30-74-60-19,1,2020-10-16T14:31:41,YES,YES,,YES,2020-10-17,10:00,1,"NO, NOT NOW",,CALL ME BACK LATER
30-74-60-19,1,2020-10-17T13:28:07,YES,YES,,,,,3,YES,1,GAVE CONSENT
30-84-11-52,1,2020-10-19T11:38:38,"NO, NOBODY ANSWERING",,,,,,4,,,NOBODY ANSWERING
30-84-11-52,1,2020-10-18T15:40:46,"NO, NOBODY ANSWERING",,,,,,1,,,NOBODY ANSWERING
30-84-11-52,1,2020-10-19T08:46:23,"NO, NOBODY ANSWERING",,,,,,3,,,NOBODY ANSWERING
30-84-11-52,1,2020-10-20T12:31:00,YES,YES,,,,,6,YES,2,GAVE CONSENT
30-84-11-52,1,2020-10-18T17:22:50,"NO, NOBODY ANSWERING",,,,,,2,,,NOBODY ANSWERING
30-84-11-52,1,2020-10-19T16:42:54,YES,YES,,YES,2020-10-20,10:00,5,"NO, NOT NOW",,CALL ME BACK LATER
30-93-30-28,1,2020-10-18T11:20:53,YES,YES,,,,,2,YES,1,GAVE CONSENT
30-93-30-28,1,2020-10-18T09:03:49,"NO, NOBODY ANSWERING",,,,,,1,,,NOBODY ANSWERING
31-08-08-05,1,2020-10-15T15:47:47,"NO, NOBODY ANSWERING",,,,,,4,,,NOBODY ANSWERING
31-08-08-05,1,2020-10-15T08:53:03,"NO, NOBODY ANSWERING",,,,,,3,,,NOBODY ANSWERING
31-08-08-05,2,2020-10-16T11:35:15,YES,YES,,,,,5,YES,1,GAVE CONSENT
31-08-08-05,1,2020-10-14T15:43:43,"NO, NOBODY ANSWERING",,,,,,1,,,NOBODY ANSWERING
31-08-08-05,1,2020-10-14T16:27:51,"NO, NOBODY ANSWERING",,,,,,2,,,NOBODY ANSWERING
31-16-02-60,1,2020-10-18T09:30:38,"NO, NOBODY ANSWERING",,,,,,1,,,NOBODY ANSWERING
31-16-02-60,1,2020-10-18T11:29:36,YES,YES,,,,,2,YES,1,GAVE CONSENT
31-29-31-74,1,2020-10-18T13:56:43,YES,YES,,,,,1,YES,2,GAVE CONSENT
31-31-68-97,1,2020-10-16T10:44:24,YES,YES,,,,,1,YES,1,GAVE CONSENT
31-52-38-21,1,2020-10-15T11:08:12,YES,YES,,,,,1,YES,1,GAVE CONSENT
31-72-86-88,1,2020-10-18T14:03:01,YES,YES,,,,,1,YES,1,GAVE CONSENT
31-74-01-25,1,2020-10-16T09:20:11,YES,YES,,,,,1,YES,1,GAVE CONSENT
31-91-94-57,1,2020-10-16T18:31:51,YES,YES,,,,,1,YES,2,GAVE CONSENT
31-99-66-16,1,2020-10-19T14:59:53,YES,YES,,,,,1,YES,1,GAVE CONSENT
32-04-34-69,1,2020-10-16T09:37:12,YES,YES,,,,,1,YES,6,GAVE CONSENT
32-46-48-90,2,2020-10-16T11:56:25,YES,YES,,,,,1,YES,1,GAVE CONSENT
32-55-09-04,2,2020-10-15T10:14:40,YES,YES,,,,,3,YES,1,GAVE CONSENT
32-55-09-04,2,2020-10-15T09:07:58,YES,YES,,YES,2020-10-15,10:30,2,"NO, NOT NOW",,CALL ME BACK LATER
32-55-09-04,1,2020-10-15T09:04:04,YES,NO,"YES, PHONE NUMBER -&gt; RECORD IN NUMBERS",,,,1,,,GAVE PHONE NUMBER
32-66-22-66,1,2020-10-15T14:29:40,YES,YES,,,,,6,YES,1,GAVE CONSENT
32-66-22-66,1,2020-10-14T12:13:30,"NO, NOBODY ANSWERING",,,,,,1,,,NOBODY ANSWERING
32-66-22-66,1,2020-10-15T10:05:47,YES,YES,,YES,2020-10-15,14:00,5,"NO, NOT NOW",,CALL ME BACK LATER
32-66-22-66,1,2020-10-15T07:14:49,YES,YES,,YES,2020-10-15,10:00,4,"NO, NOT NOW",,CALL ME BACK LATER
32-66-22-66,1,2020-10-14T17:58:16,YES,YES,,YES,2020-10-15,07:00,3,"NO, NOT NOW",,CALL ME BACK LATER
32-66-22-66,1,2020-10-14T15:39:12,YES,YES,,YES,2020-10-14,18:00,2,"NO, NOT NOW",,CALL ME BACK LATER
32-76-20-27,1,2020-10-19T09:13:11,YES,YES,,YES,2020-10-19,11:30,3,"NO, NOT NOW",,CALL ME BACK LATER
32-76-20-27,1,2020-10-19T11:36:20,YES,YES,,,,,4,YES,1,GAVE CONSENT
32-76-20-27,1,2020-10-18T12:36:17,"NO, PHONE SWITCHED OFF / NOT REACHABLE",,,,,,1,,,PHONE SWITCHED OFF
32-76-20-27,1,2020-10-18T16:16:03,"NO, NOBODY ANSWERING",,,,,,2,,,NOBODY ANSWERING
33-13-27-35,1,2020-10-19T10:14:39,YES,YES,,,,,3,YES,1,GAVE CONSENT
33-13-27-35,1,2020-10-18T15:12:44,"NO, NOBODY ANSWERING",,,,,,1,,,NOBODY ANSWERING
33-13-27-35,1,2020-10-19T08:48:11,"NO, NOBODY ANSWERING",,,,,,2,,,NOBODY ANSWERING
33-80-37-22,1,2020-10-19T16:11:11,YES,YES,,,,,6,YES,3,GAVE CONSENT
33-80-37-22,3,2020-10-18T17:03:06,"NO, NOBODY ANSWERING",,,,,,3,,,NOBODY ANSWERING
33-80-37-22,1,2020-10-19T10:14:02,YES,YES,,,,,5,YES,1,GAVE CONSENT
33-80-37-22,1,2020-10-19T09:32:37,"NO, PHONE SWITCHED OFF / NOT REACHABLE",,,,,,4,,,PHONE SWITCHED OFF
33-80-37-22,3,2020-10-18T11:21:54,"NO, NOBODY ANSWERING",,,,,,1,,,NOBODY ANSWERING
33-80-37-22,3,2020-10-18T16:14:09,"NO, NOBODY ANSWERING",,,,,,2,,,NOBODY ANSWERING
33-87-89-92,1,2020-10-17T10:53:48,YES,YES,,,,,1,YES,1,GAVE CONSENT
34-35-77-48,1,2020-10-16T19:34:38,YES,YES,,,,,1,YES,2,GAVE CONSENT
34-60-80-61,1,2020-10-21T14:19:36,YES,YES,,,,,6,YES,1,GAVE CONSENT
34-60-80-61,1,2020-10-16T10:14:56,YES,YES,,YES,2020-10-16,12:30,1,"NO, NOT NOW",,CALL ME BACK LATER
34-60-80-61,1,2020-10-18T13:03:21,"NO, NOBODY ANSWERING",,,,,,2,,,NOBODY ANSWERING
34-60-80-61,1,2020-10-20T12:27:22,"NO, NOBODY ANSWERING",,,,,,5,,,NOBODY ANSWERING
34-60-80-61,1,2020-10-19T16:00:27,"NO, PHONE SWITCHED OFF / NOT REACHABLE",,,,,,3,,,PHONE SWITCHED OFF
34-60-80-61,1,2020-10-20T11:38:30,"NO, PHONE SWITCHED OFF / NOT REACHABLE",,,,,,4,,,PHONE SWITCHED OFF
34-91-88-56,1,2020-10-14T16:20:46,YES,YES,,,,,1,YES,1,GAVE CONSENT
34-93-90-02,3,2020-10-18T08:29:37,YES,YES,,,,,3,YES,4,GAVE CONSENT
34-93-90-02,1,2020-10-17T15:35:18,"NO, NOBODY ANSWERING",,,,,,1,,,NOBODY ANSWERING
34-93-90-02,1,2020-10-17T17:13:03,"NO, NOBODY ANSWERING",,,,,,2,,,NOBODY ANSWERING
35-34-74-29,1,2020-10-18T15:33:05,YES,YES,,,,,1,YES,1,GAVE CONSENT
35-62-73-83,1,2020-10-17T17:18:01,YES,YES,,,,,1,YES,3,GAVE CONSENT
35-74-11-78,1,2020-10-16T11:42:26,"NO, NOBODY ANSWERING",,,,,,6,,,NOBODY ANSWERING
35-74-11-78,1,2020-10-14T16:02:19,"NO, NOBODY ANSWERING",,,,,,1,,,NOBODY ANSWERING
35-74-11-78,1,2020-10-20T10:46:41,YES,YES,,,,,7,YES,1,GAVE CONSENT
35-74-11-78,1,2020-10-15T15:41:10,"NO, NOBODY ANSWERING",,,,,,3,,,NOBODY ANSWERING
35-74-11-78,1,2020-10-15T14:05:24,"NO, PHONE SWITCHED OFF / NOT REACHABLE",,,,,,2,,,PHONE SWITCHED OFF
35-74-11-78,1,2020-10-16T08:57:13,"NO, PHONE SWITCHED OFF / NOT REACHABLE",,,,,,5,,,PHONE SWITCHED OFF
35-74-11-78,1,2020-10-15T17:42:35,"NO, NOBODY ANSWERING",,,,,,4,,,NOBODY ANSWERING
35-77-62-41,1,2020-10-17T08:11:32,YES,YES,,YES,2020-10-17,12:00,1,"NO, NOT NOW",,CALL ME BACK LATER
35-77-62-41,1,2020-10-18T11:50:03,YES,YES,,,,,2,YES,1,GAVE CONSENT
35-94-54-03,1,2020-10-17T09:37:16,YES,YES,,,,,2,YES,1,GAVE CONSENT
35-94-54-03,1,2020-10-16T13:57:27,YES,YES,,YES,2020-10-16,17:00,1,"NO, NOT NOW",,CALL ME BACK LATER
36-00-88-95,1,2020-10-15T16:05:33,YES,YES,,,,,2,YES,1,GAVE CONSENT
36-00-88-95,1,2020-10-15T12:27:33,"NO, PHONE SWITCHED OFF / NOT REACHABLE",,,,,,1,,,PHONE SWITCHED OFF
36-07-99-01,2,2020-10-17T17:49:04,YES,YES,,,,,1,YES,2,GAVE CONSENT
36-15-16-16,1,2020-10-18T16:24:46,YES,YES,,,,,1,YES,1,GAVE CONSENT
36-23-84-47,1,2020-10-15T11:32:48,YES,YES,,,,,1,YES,2,GAVE CONSENT
36-42-27-64,1,2020-10-16T17:15:06,YES,YES,,,,,3,YES,1,GAVE CONSENT
36-42-27-64,1,2020-10-14T15:03:10,YES,YES,,NO,,,1,"NO, NOT NOW",,CALL ME BACK LATER
36-42-27-64,1,2020-10-15T18:06:13,YES,YES,,YES,2020-10-16,17:00,2,"NO, NOT NOW",,CALL ME BACK LATER
36-57-06-71,1,2020-10-16T13:22:48,"NO, NOBODY ANSWERING",,,,,,1,,,NOBODY ANSWERING
36-57-06-71,1,2020-10-17T09:29:05,YES,YES,,,,,2,YES,2,GAVE CONSENT
36-73-22-03,1,2020-10-17T11:44:52,YES,YES,,,,,5,YES,3,GAVE CONSENT
36-73-22-03,1,2020-10-17T08:43:21,"NO, PHONE SWITCHED OFF / NOT REACHABLE",,,,,,4,,,PHONE SWITCHED OFF
36-73-22-03,1,2020-10-14T12:57:15,"NO, PHONE SWITCHED OFF / NOT REACHABLE",,,,,,1,,,PHONE SWITCHED OFF
36-73-22-03,1,2020-10-15T08:06:17,"NO, NOBODY ANSWERING",,,,,,2,,,NOBODY ANSWERING
36-73-22-03,1,2020-10-16T08:06:53,"NO, PHONE SWITCHED OFF / NOT REACHABLE",,,,,,3,,,PHONE SWITCHED OFF
36-81-17-19,1,2020-10-15T11:21:16,YES,YES,,,,,1,YES,2,GAVE CONSENT
37-00-39-57,2,2020-10-15T09:03:53,YES,YES,,,,,1,YES,1,GAVE CONSENT
37-80-84-96,1,2020-10-17T09:26:35,YES,YES,,,,,1,YES,2,GAVE CONSENT
37-89-40-83,1,2020-10-18T09:54:54,YES,YES,,,,,1,YES,1,GAVE CONSENT
38-13-46-95,1,2020-10-18T14:21:50,YES,YES,,,,,3,YES,2,GAVE CONSENT
38-13-46-95,1,2020-10-17T12:13:34,"NO, NOBODY ANSWERING",,,,,,1,,,NOBODY ANSWERING
38-13-46-95,1,2020-10-18T08:18:53,"NO, PHONE SWITCHED OFF / NOT REACHABLE",,,,,,2,,,PHONE SWITCHED OFF
38-13-82-86,1,2020-10-15T08:19:01,YES,YES,,,,,1,YES,1,GAVE CONSENT
38-26-45-97,1,2020-10-18T12:53:15,"NO, NOBODY ANSWERING",,,,,,4,,,NOBODY ANSWERING
38-26-45-97,1,2020-10-17T15:54:38,"NO, NOBODY ANSWERING",,,,,,2,,,NOBODY ANSWERING
38-26-45-97,1,2020-10-18T15:32:31,"NO, NOBODY ANSWERING",,,,,,5,,,NOBODY ANSWERING
38-26-45-97,1,2020-10-19T10:32:52,YES,YES,,,,,6,YES,2,GAVE CONSENT
38-26-45-97,1,2020-10-18T09:01:50,"NO, NOBODY ANSWERING",,,,,,3,,,NOBODY ANSWERING
38-26-45-97,1,2020-10-17T09:28:19,"NO, NOBODY ANSWERING",,,,,,1,,,NOBODY ANSWERING
38-84-61-98,1,2020-10-15T11:47:24,"NO, NOBODY ANSWERING",,,,,,4,,,NOBODY ANSWERING
38-84-61-98,1,2020-10-14T15:39:31,"NO, NOBODY ANSWERING",,,,,,1,,,NOBODY ANSWERING
38-84-61-98,1,2020-10-15T15:21:18,"NO, NOBODY ANSWERING",,,,,,5,,,NOBODY ANSWERING
38-84-61-98,1,2020-10-15T18:16:44,YES,YES,,,,,6,YES,2,GAVE CONSENT
38-84-61-98,1,2020-10-15T09:30:46,"NO, NOBODY ANSWERING",,,,,,3,,,NOBODY ANSWERING
38-84-61-98,1,2020-10-14T18:04:45,"NO, NOBODY ANSWERING",,,,,,2,,,NOBODY ANSWERING
39-07-91-55,1,2020-10-18T15:40:52,YES,YES,,,,,1,YES,2,GAVE CONSENT
39-32-76-16,1,2020-10-15T14:53:34,YES,YES,,,,,1,YES,1,GAVE CONSENT
39-44-97-01,1,2020-10-18T16:20:37,YES,YES,,,,,1,YES,1,GAVE CONSENT
39-51-55-58,1,2020-10-17T09:10:21,"NO, NOBODY ANSWERING",,,,,,1,,,NOBODY ANSWERING
39-51-55-58,1,2020-10-17T10:40:17,YES,YES,,,,,2,YES,2,GAVE CONSENT
39-70-52-15,2,2020-10-14T11:13:23,YES,YES,,,,,1,YES,1,GAVE CONSENT
39-73-01-24,1,2020-10-16T09:16:11,YES,YES,,YES,2020-10-16,15:30,1,"NO, NOT NOW",,CALL ME BACK LATER
39-73-01-24,1,2020-10-16T16:15:15,YES,YES,,,,,2,YES,1,GAVE CONSENT
39-96-43-92,1,2020-10-18T09:07:06,YES,YES,,,,,1,YES,1,GAVE CONSENT
40-15-27-64,1,2020-10-15T14:22:09,YES,YES,,,,,1,YES,1,GAVE CONSENT
40-48-45-57,2,2020-10-20T14:28:42,YES,YES,,,,,2,YES,1,GAVE CONSENT
40-48-45-57,1,2020-10-20T12:05:54,YES,NO,"NO, DON'T KNOW THE HOUSEHOLD",,,,1,,,DON'T KNOW THE HOUSEHOLD
40-56-73-24,1,2020-10-16T11:10:55,YES,YES,,,,,1,YES,2,GAVE CONSENT
40-86-31-68,1,2020-10-17T10:00:22,YES,YES,,,,,1,YES,1,GAVE CONSENT
41-13-72-49,1,2020-10-16T10:32:08,"NO, PHONE SWITCHED OFF / NOT REACHABLE",,,,,,2,,,PHONE SWITCHED OFF
41-13-72-49,1,2020-10-16T13:06:31,"NO, PHONE SWITCHED OFF / NOT REACHABLE",,,,,,3,,,PHONE SWITCHED OFF
41-13-72-49,1,2020-10-16T10:04:25,YES,YES,,YES,2020-10-16,10:30,1,"NO, NOT NOW",,CALL ME BACK LATER
41-13-72-49,1,2020-10-17T16:49:02,YES,YES,,,,,4,YES,1,GAVE CONSENT
41-19-13-76,1,2020-10-17T16:50:40,YES,YES,,,,,1,YES,1,GAVE CONSENT
41-41-86-33,1,2020-10-18T18:26:11,YES,YES,,,,,3,YES,1,GAVE CONSENT
41-41-86-33,1,2020-10-18T07:36:30,YES,YES,,YES,2020-10-18,12:30,1,"NO, NOT NOW",,CALL ME BACK LATER
41-41-86-33,1,2020-10-18T12:31:27,YES,YES,,YES,2020-10-18,18:30,2,"NO, NOT NOW",,CALL ME BACK LATER
41-85-41-75,1,2020-10-15T09:31:36,YES,YES,,,,,1,YES,1,GAVE CONSENT
42-16-33-90,1,2020-10-16T10:54:22,"NO, NOBODY ANSWERING",,,,,,1,,,NOBODY ANSWERING
42-16-33-90,1,2020-10-16T12:37:06,YES,YES,,YES,2020-10-16,18:30,2,"NO, NOT NOW",,CALL ME BACK LATER
42-16-33-90,1,2020-10-16T18:27:45,YES,YES,,,,,3,YES,1,GAVE CONSENT
42-21-50-32,1,2020-10-18T14:51:02,YES,YES,,,,,1,YES,3,GAVE CONSENT
42-34-68-53,1,2020-10-18T16:49:48,YES,YES,,,,,2,YES,1,GAVE CONSENT
42-34-68-53,1,2020-10-18T14:29:48,"NO, NOBODY ANSWERING",,,,,,1,,,NOBODY ANSWERING
42-39-53-16,1,2020-10-16T10:37:50,YES,YES,,,,,1,YES,1,GAVE CONSENT
42-49-42-16,1,2020-10-18T15:25:01,YES,YES,,,,,1,YES,1,GAVE CONSENT
42-93-36-93,1,2020-10-16T09:10:43,YES,YES,,,,,1,YES,1,GAVE CONSENT
43-20-92-64,1,2020-10-16T15:55:48,YES,YES,,YES,2020-10-16,10:15,1,"NO, NOT NOW",,CALL ME BACK LATER
43-20-92-64,1,2020-10-17T10:14:41,YES,YES,,,,,2,YES,1,GAVE CONSENT
43-39-89-28,1,2020-10-18T14:52:08,YES,YES,,,,,3,YES,1,GAVE CONSENT
43-39-89-28,2,2020-10-18T08:59:36,YES,YES,,YES,2020-10-18,11:00,1,"NO, NOT NOW",,CALL ME BACK LATER
43-39-89-28,1,2020-10-18T12:00:50,"NO, NOBODY ANSWERING",,,,,,2,,,NOBODY ANSWERING
43-44-56-34,1,2020-10-15T12:38:55,YES,YES,,,,,2,YES,1,GAVE CONSENT
43-44-56-34,1,2020-10-15T11:14:47,YES,YES,,YES,2020-10-15,12:30,1,"NO, NOT NOW",,CALL ME BACK LATER
43-85-90-89,1,2020-10-14T14:30:52,YES,YES,,YES,2020-10-14,14:50,1,"NO, NOT NOW",,CALL ME BACK LATER
43-85-90-89,1,2020-10-14T15:44:48,"NO, NOBODY ANSWERING",,,,,,2,,,NOBODY ANSWERING
43-85-90-89,1,2020-10-14T16:00:05,"NO, NOBODY ANSWERING",,,,,,3,,,NOBODY ANSWERING
43-85-90-89,1,2020-10-15T08:59:55,YES,YES,,,,,4,YES,,GAVE CONSENT
44-19-05-48,1,2020-10-17T10:58:47,YES,YES,,,,,1,YES,2,GAVE CONSENT
44-19-40-06,1,2020-10-16T10:50:44,YES,YES,,,,,1,YES,1,GAVE CONSENT
44-21-01-09,1,2020-10-17T07:43:09,YES,YES,,,,,3,YES,2,GAVE CONSENT
44-21-01-09,1,2020-10-17T07:29:09,YES,NO,"YES, VISIT HOUSEHOLD / CALL BACK LATER",,2020-10-17,07:30,2,,,VISIT THE HOUSEHOLD
44-21-01-09,1,2020-10-16T08:09:14,"NO, NOBODY ANSWERING",,,,,,1,,,NOBODY ANSWERING
44-26-93-67,1,2020-10-19T10:28:52,YES,YES,,,,,1,YES,2,GAVE CONSENT
45-75-02-10,2,2020-10-19T09:27:08,"NO, PHONE SWITCHED OFF / NOT REACHABLE",,,,,,1,,,PHONE SWITCHED OFF
45-75-02-10,2,2020-10-19T11:13:08,YES,YES,,,,,2,YES,3,GAVE CONSENT
46-39-07-37,1,2020-10-18T11:26:00,YES,YES,,YES,2020-10-18,14:00,2,"NO, NOT NOW",,CALL ME BACK LATER
46-39-07-37,1,2020-10-18T13:56:53,YES,YES,,,,,3,YES,1,GAVE CONSENT
46-39-07-37,2,2020-10-18T10:08:08,"NO, NOBODY ANSWERING",,,,,,1,,,NOBODY ANSWERING
46-62-54-88,1,2020-10-14T11:40:51,"NO, NOBODY ANSWERING",,,,,,1,,,NOBODY ANSWERING
46-62-54-88,1,2020-10-14T13:30:29,YES,YES,,,,,2,YES,1,GAVE CONSENT
46-68-42-16,1,2020-10-15T08:44:08,YES,YES,,YES,2020-10-15,12:00,1,"NO, NOT NOW",,CALL ME BACK LATER
46-68-42-16,1,2020-10-15T11:52:51,YES,YES,,,,,2,YES,1,GAVE CONSENT
46-76-50-60,1,2020-10-16T15:38:46,YES,YES,,,,,1,YES,1,GAVE CONSENT
46-88-89-87,1,2020-10-21T09:27:01,YES,YES,,,,,1,YES,1,GAVE CONSENT
47-20-31-38,1,2020-10-16T09:32:40,YES,YES,,YES,2020-10-16,13:00,1,"NO, NOT NOW",,CALL ME BACK LATER
47-20-31-38,1,2020-10-16T13:46:38,YES,YES,,,,,2,YES,1,GAVE CONSENT
48-29-09-53,1,2020-10-14T15:45:53,YES,YES,,,,,1,YES,2,GAVE CONSENT
48-80-07-91,1,2020-10-16T11:06:08,YES,YES,,,,,1,YES,12,GAVE CONSENT
48-89-20-22,1,2020-10-15T08:05:28,YES,YES,,,,,2,YES,,GAVE CONSENT
48-89-20-22,1,2020-10-14T15:48:00,YES,YES,,YES,2020-10-15,19:30,1,"NO, NOT NOW",,CALL ME BACK LATER
48-93-89-78,1,2020-10-15T13:11:14,"NO, NOBODY ANSWERING",,,,,,2,,,NOBODY ANSWERING
48-93-89-78,1,2020-10-16T10:26:27,"NO, PHONE SWITCHED OFF / NOT REACHABLE",,,,,,4,,,PHONE SWITCHED OFF
48-93-89-78,1,2020-10-16T15:08:30,YES,YES,,,,,5,YES,1,GAVE CONSENT
48-93-89-78,1,2020-10-15T09:28:51,"NO, NOBODY ANSWERING",,,,,,1,,,NOBODY ANSWERING
48-93-89-78,1,2020-10-16T07:53:17,"NO, NOBODY ANSWERING",,,,,,3,,,NOBODY ANSWERING
49-13-03-02,1,2020-10-20T09:21:13,YES,YES,,,,,1,YES,1,GAVE CONSENT
49-56-39-78,1,2020-10-16T08:42:32,YES,YES,,YES,2020-10-16,16:00,1,"NO, NOT NOW",,CALL ME BACK LATER
49-56-39-78,1,2020-10-16T14:56:14,YES,YES,,,,,2,YES,2,GAVE CONSENT
50-17-92-80,1,2020-10-15T15:46:45,YES,YES,,,,,1,YES,1,GAVE CONSENT
50-19-59-77,1,2020-10-17T12:28:14,YES,YES,,,,,1,YES,1,GAVE CONSENT
50-20-51-46,1,2020-10-17T15:37:53,YES,YES,,,,,1,YES,2,GAVE CONSENT
50-26-41-60,1,2020-10-18T13:59:45,YES,YES,,,,,1,YES,1,GAVE CONSENT
50-42-56-85,1,2020-10-18T10:01:47,YES,YES,,,,,1,YES,1,GAVE CONSENT
50-54-33-12,1,2020-10-16T10:21:04,YES,YES,,,,,1,YES,3,GAVE CONSENT
50-85-43-67,1,2020-10-20T12:51:30,YES,YES,,,,,1,YES,1,GAVE CONSENT
50-86-46-86,1,2020-10-19T15:09:59,"NO, NOBODY ANSWERING",,,,,,1,,,NOBODY ANSWERING
50-86-46-86,1,2020-10-19T17:15:28,YES,YES,,,,,2,YES,1,GAVE CONSENT
51-51-35-80,2,2020-10-19T15:15:55,YES,NO,"YES, PHONE NUMBER -&gt; RECORD IN NUMBERS",,,,4,,,GAVE PHONE NUMBER
51-51-35-80,2,2020-10-18T13:39:31,"NO, NOBODY ANSWERING",,,,,,2,,,NOBODY ANSWERING
51-51-35-80,2,2020-10-18T16:31:20,"NO, NOBODY ANSWERING",,,,,,3,,,NOBODY ANSWERING
51-51-35-80,1,2020-10-19T15:21:34,"NO, PHONE SWITCHED OFF / NOT REACHABLE",,,,,,5,,,PHONE SWITCHED OFF
51-51-35-80,1,2020-10-19T16:35:29,YES,YES,,,,,6,YES,1,GAVE CONSENT
51-51-35-80,1,2020-10-18T13:38:12,"NO, PHONE SWITCHED OFF / NOT REACHABLE",,,,,,1,,,PHONE SWITCHED OFF
51-80-19-87,1,2020-10-15T09:08:55,YES,YES,,,,,1,YES,1,GAVE CONSENT
52-13-89-92,1,2020-10-15T09:43:41,YES,YES,,,,,1,YES,1,GAVE CONSENT
52-25-31-84,1,2020-10-15T08:12:20,"NO, NOBODY ANSWERING",,,,,,1,,,NOBODY ANSWERING
52-25-31-84,1,2020-10-16T08:07:44,YES,YES,,,,,2,YES,2,GAVE CONSENT
52-55-51-37,1,2020-10-16T12:37:04,"NO, NOBODY ANSWERING",,,,,,1,,,NOBODY ANSWERING
52-55-51-37,1,2020-10-16T12:45:04,YES,YES,,,,,2,YES,1,GAVE CONSENT
52-73-66-11,1,2020-10-20T16:40:05,YES,YES,,,,,1,YES,1,GAVE CONSENT
52-74-11-63,1,2020-10-16T14:44:05,"NO, NOBODY ANSWERING",,,,,,1,,,NOBODY ANSWERING
52-74-11-63,1,2020-10-16T16:32:05,YES,YES,,,,,2,YES,2,GAVE CONSENT
52-80-53-09,2,2020-10-20T14:00:09,YES,YES,,,,,1,YES,2,GAVE CONSENT
52-89-90-66,1,2020-10-19T11:08:34,YES,YES,,,,,1,YES,1,GAVE CONSENT
53-01-23-41,1,2020-10-18T10:02:05,YES,YES,,,,,4,YES,1,GAVE CONSENT
53-01-23-41,1,2020-10-15T14:06:58,"NO, PHONE SWITCHED OFF / NOT REACHABLE",,,,,,1,,,PHONE SWITCHED OFF
53-01-23-41,1,2020-10-16T08:33:56,"NO, NOBODY ANSWERING",,,,,,3,,,NOBODY ANSWERING
53-01-23-41,1,2020-10-15T16:08:00,"NO, PHONE SWITCHED OFF / NOT REACHABLE",,,,,,2,,,PHONE SWITCHED OFF
53-39-73-69,1,2020-10-18T09:29:00,YES,YES,,YES,2020-10-18,13:00,1,"NO, NOT NOW",,CALL ME BACK LATER
53-39-73-69,1,2020-10-18T13:25:27,"NO, NOBODY ANSWERING",,,,,,2,,,NOBODY ANSWERING
53-39-73-69,1,2020-10-18T17:14:44,YES,YES,,,,,3,YES,2,GAVE CONSENT
53-53-83-12,1,2020-10-19T15:51:05,YES,YES,,,,,1,YES,2,GAVE CONSENT
53-65-29-69,1,2020-10-18T18:39:16,YES,YES,,,,,2,YES,2,GAVE CONSENT
53-65-29-69,1,2020-10-18T15:36:32,YES,YES,,YES,2020-10-18,19:00,1,"NO, NOT NOW",,CALL ME BACK LATER
53-79-32-75,1,2020-10-18T15:13:40,YES,YES,,,,,4,YES,1,GAVE CONSENT
53-79-32-75,1,2020-10-18T08:25:00,YES,YES,,YES,2020-10-18,15:00,2,"NO, NOT NOW",,CALL ME BACK LATER
53-79-32-75,1,2020-10-17T12:29:19,"NO, PHONE SWITCHED OFF / NOT REACHABLE",,,,,,1,,,PHONE SWITCHED OFF
53-79-32-75,1,2020-10-18T15:06:38,YES,YES,,,,,3,YES,1,GAVE CONSENT
53-79-32-75,1,2020-10-19T15:56:10,YES,YES,,,,,5,YES,1,GAVE CONSENT
54-16-50-08,2,2020-10-16T09:24:33,YES,YES,,,,,1,YES,1,GAVE CONSENT
54-55-17-76,1,2020-10-17T16:12:33,"NO, NOBODY ANSWERING",,,,,,2,,,NOBODY ANSWERING
54-55-17-76,1,2020-10-18T09:51:43,"NO, NOBODY ANSWERING",,,,,,3,,,NOBODY ANSWERING
54-55-17-76,1,2020-10-18T13:02:52,"NO, NOBODY ANSWERING",,,,,,4,,,NOBODY ANSWERING
54-55-17-76,1,2020-10-17T11:46:15,YES,YES,,YES,2020-10-17,17:00,1,"NO, NOT NOW",,CALL ME BACK LATER
54-55-17-76,1,2020-10-18T16:17:06,YES,YES,,,,,5,YES,1,GAVE CONSENT
54-62-44-15,1,2020-10-16T10:20:16,YES,YES,,,,,1,YES,1,GAVE CONSENT
55-08-38-92,1,2020-10-15T16:04:45,"NO, PHONE SWITCHED OFF / NOT REACHABLE",,,,,,2,,,PHONE SWITCHED OFF
55-08-38-92,1,2020-10-16T16:40:06,YES,YES,,,,,5,YES,1,GAVE CONSENT
55-08-38-92,1,2020-10-16T08:30:45,"NO, PHONE SWITCHED OFF / NOT REACHABLE",,,,,,3,,,PHONE SWITCHED OFF
55-08-38-92,1,2020-10-16T14:36:01,"NO, PHONE SWITCHED OFF / NOT REACHABLE",,,,,,4,,,PHONE SWITCHED OFF
55-08-38-92,1,2020-10-15T14:18:02,"NO, PHONE SWITCHED OFF / NOT REACHABLE",,,,,,1,,,PHONE SWITCHED OFF
55-36-37-79,1,2020-10-17T12:22:57,YES,YES,,,,,1,YES,1,GAVE CONSENT
55-37-45-75,1,2020-10-15T17:43:40,YES,YES,,,,,1,YES,7,GAVE CONSENT
55-45-00-38,2,2020-10-15T13:34:58,YES,YES,,,,,2,YES,2,GAVE CONSENT
55-45-00-38,1,2020-10-14T16:05:26,"NO, NOBODY ANSWERING",,,,,,1,,,NOBODY ANSWERING
55-64-14-58,1,2020-10-15T10:55:00,YES,YES,,,,,3,YES,2,GAVE CONSENT
55-64-14-58,1,2020-10-15T08:58:15,YES,YES,,YES,2020-10-15,10:00,2,"NO, NOT NOW",,CALL ME BACK LATER
55-64-14-58,1,2020-10-14T15:41:11,"NO, PHONE SWITCHED OFF / NOT REACHABLE",,,,,,1,,,PHONE SWITCHED OFF
55-83-48-37,1,2020-10-18T16:53:26,"NO, PHONE SWITCHED OFF / NOT REACHABLE",,,,,,2,,,PHONE SWITCHED OFF
55-83-48-37,1,2020-10-18T11:29:13,"NO, PHONE SWITCHED OFF / NOT REACHABLE",,,,,,1,,,PHONE SWITCHED OFF
55-83-48-37,1,2020-10-19T11:22:57,YES,YES,,,,,3,YES,2,GAVE CONSENT
56-40-85-48,1,2020-10-15T07:28:57,YES,YES,,YES,2020-10-15,11:00,1,"NO, NOT NOW",,CALL ME BACK LATER
56-40-85-48,2,2020-10-15T11:23:47,YES,YES,,,,,2,YES,2,GAVE CONSENT
56-42-87-09,1,2020-10-16T09:17:53,YES,YES,,,,,2,YES,2,GAVE CONSENT
56-42-87-09,1,2020-10-16T08:33:14,"NO, NOBODY ANSWERING",,,,,,1,,,NOBODY ANSWERING
56-72-91-26,1,2020-10-16T12:30:24,YES,YES,,,,,1,YES,1,GAVE CONSENT
56-89-63-74,1,2020-10-21T09:51:47,YES,YES,,,,,1,YES,1,GAVE CONSENT
56-97-03-00,2,2020-10-15T09:09:16,YES,YES,,,,,2,YES,3,GAVE CONSENT
56-97-03-00,1,2020-10-14T11:18:31,YES,YES,,,,,1,YES,1,GAVE CONSENT
57-09-50-11,2,2020-10-19T11:24:40,"NO, NOBODY ANSWERING",,,,,,2,,,NOBODY ANSWERING
57-09-50-11,2,2020-10-19T09:04:11,"NO, NOBODY ANSWERING",,,,,,1,,,NOBODY ANSWERING
57-09-50-11,2,2020-10-19T15:14:51,YES,YES,,,,,3,YES,1,GAVE CONSENT
57-25-12-92,1,2020-10-18T15:31:57,YES,YES,,,,,2,YES,1,GAVE CONSENT
57-25-12-92,1,2020-10-18T14:16:51,"NO, NOBODY ANSWERING",,,,,,1,,,NOBODY ANSWERING
57-30-44-34,1,2020-10-16T16:24:34,"NO, NOBODY ANSWERING",,,,,,1,,,NOBODY ANSWERING
57-30-44-34,1,2020-10-17T08:55:41,YES,YES,,,,,2,YES,2,GAVE CONSENT
57-36-10-30,1,2020-10-16T11:45:07,YES,YES,,YES,2020-10-16,13:00,2,"NO, NOT NOW",,CALL ME BACK LATER
57-36-10-30,1,2020-10-16T12:58:09,YES,YES,,,,,3,YES,2,GAVE CONSENT
57-36-10-30,1,2020-10-16T11:38:42,"NO, NOBODY ANSWERING",,,,,,1,,,NOBODY ANSWERING
57-39-04-44,1,2020-10-18T14:58:52,YES,YES,,,,,1,YES,2,GAVE CONSENT
57-57-92-44,1,2020-10-15T16:15:57,"NO, NOBODY ANSWERING",,,,,,2,,,NOBODY ANSWERING
57-57-92-44,1,2020-10-15T13:35:12,YES,YES,,YES,2020-10-15,16:00,1,"NO, NOT NOW",,CALL ME BACK LATER
57-57-92-44,1,2020-10-15T17:29:58,YES,YES,,,,,3,YES,1,GAVE CONSENT
57-62-74-67,1,2020-10-15T15:50:32,YES,YES,,,,,1,YES,1,GAVE CONSENT
57-62-74-67,1,2020-10-15T17:19:58,YES,YES,,,,,2,YES,1,GAVE CONSENT
57-69-89-87,1,2020-10-18T13:59:54,YES,YES,,,,,4,YES,1,GAVE CONSENT
57-69-89-87,1,2020-10-17T19:01:25,YES,YES,,YES,2020-10-18,14:00,3,"NO, NOT NOW",,CALL ME BACK LATER
57-69-89-87,1,2020-10-17T15:56:15,YES,YES,,YES,2020-10-17,19:00,2,"NO, NOT NOW",,CALL ME BACK LATER
57-69-89-87,1,2020-10-17T11:30:53,"NO, PHONE SWITCHED OFF / NOT REACHABLE",,,,,,1,,,PHONE SWITCHED OFF
57-77-48-16,1,2020-10-19T11:10:44,"NO, PHONE SWITCHED OFF / NOT REACHABLE",,,,,,3,,,PHONE SWITCHED OFF
57-77-48-16,1,2020-10-19T15:25:01,YES,YES,,,,,5,YES,1,GAVE CONSENT
57-77-48-16,1,2020-10-18T16:05:26,"NO, PHONE SWITCHED OFF / NOT REACHABLE",,,,,,2,,,PHONE SWITCHED OFF
57-77-48-16,1,2020-10-19T14:37:49,"NO, NOBODY ANSWERING",,,,,,4,,,NOBODY ANSWERING
57-77-48-16,1,2020-10-18T11:33:05,"NO, PHONE SWITCHED OFF / NOT REACHABLE",,,,,,1,,,PHONE SWITCHED OFF
58-12-98-81,1,2020-10-17T12:39:48,YES,YES,,,,,2,YES,2,GAVE CONSENT
58-12-98-81,1,2020-10-17T10:14:54,"NO, NOBODY ANSWERING",,,,,,1,,,NOBODY ANSWERING
58-13-62-89,1,2020-10-17T13:51:10,"NO, NOBODY ANSWERING",,,,,,1,,,NOBODY ANSWERING
58-13-62-89,1,2020-10-19T09:01:10,"NO, PHONE SWITCHED OFF / NOT REACHABLE",,,,,,3,,,PHONE SWITCHED OFF
58-13-62-89,1,2020-10-18T15:26:35,"NO, NOBODY ANSWERING",,,,,,2,,,NOBODY ANSWERING
58-13-62-89,1,2020-10-19T11:58:07,YES,YES,,,,,4,YES,2,GAVE CONSENT
58-29-75-58,2,2020-10-14T16:18:22,YES,YES,,YES,2020-10-14,17:30,1,"NO, NOT NOW",,CALL ME BACK LATER
58-29-75-58,1,2020-10-14T16:44:32,YES,YES,,,,,2,YES,2,GAVE CONSENT
58-43-50-28,1,2020-10-20T17:26:13,YES,YES,,,,,1,YES,1,GAVE CONSENT
58-73-10-11,1,2020-10-18T09:47:32,"NO, NOBODY ANSWERING",,,,,,3,,,NOBODY ANSWERING
58-73-10-11,1,2020-10-17T16:11:03,"NO, NOBODY ANSWERING",,,,,,2,,,NOBODY ANSWERING
58-73-10-11,1,2020-10-17T10:09:06,"NO, NOBODY ANSWERING",,,,,,1,,,NOBODY ANSWERING
58-73-10-11,1,2020-10-18T13:40:57,YES,YES,,,,,4,YES,2,GAVE CONSENT
58-99-58-80,1,2020-10-16T11:26:11,YES,YES,,,,,1,YES,1,GAVE CONSENT
59-05-04-32,2,2020-10-15T13:25:05,YES,YES,,YES,2020-10-15,17:00,1,"NO, NOT NOW",,CALL ME BACK LATER
59-05-04-32,2,2020-10-16T08:24:47,YES,YES,,YES,2020-10-16,17:00,3,"NO, NOT NOW",,CALL ME BACK LATER
59-05-04-32,2,2020-10-16T17:26:12,YES,YES,,,,,4,YES,1,GAVE CONSENT
59-05-04-32,2,2020-10-15T16:52:34,"NO, NOBODY ANSWERING",,,,,,2,,,NOBODY ANSWERING
59-14-09-40,1,2020-10-18T09:56:48,YES,YES,,,,,1,YES,4,GAVE CONSENT
59-18-03-22,1,2020-10-15T09:06:22,YES,YES,,,,,1,YES,1,GAVE CONSENT
59-27-43-88,1,2020-10-15T09:37:58,"NO, NOBODY ANSWERING",,,,,,1,,,NOBODY ANSWERING
59-27-43-88,1,2020-10-15T17:41:03,YES,YES,,,,,3,YES,2,GAVE CONSENT
59-27-43-88,1,2020-10-15T14:19:08,YES,YES,,YES,2020-10-15,17:30,2,"NO, NOT NOW",,CALL ME BACK LATER
59-70-72-12,1,2020-10-15T14:46:50,YES,YES,,,,,1,YES,1,GAVE CONSENT
59-79-57-21,1,2020-10-18T08:10:53,YES,YES,,,,,1,YES,2,GAVE CONSENT
59-90-62-65,1,2020-10-15T14:21:37,YES,YES,,,,,2,YES,2,GAVE CONSENT
59-90-62-65,1,2020-10-15T10:54:30,"NO, NOBODY ANSWERING",,,,,,1,,,NOBODY ANSWERING
60-19-83-04,2,2020-10-17T09:54:05,YES,YES,,,,,1,YES,1,GAVE CONSENT
60-48-87-43,1,2020-10-19T08:44:13,"NO, NOBODY ANSWERING",,,,,,2,,,NOBODY ANSWERING
60-48-87-43,1,2020-10-19T09:25:21,YES,YES,,,,,3,YES,2,GAVE CONSENT
60-48-87-43,1,2020-10-18T15:38:43,"NO, NOBODY ANSWERING",,,,,,1,,,NOBODY ANSWERING
60-73-43-19,1,2020-10-18T14:54:36,YES,YES,,,,,2,YES,2,GAVE CONSENT
60-73-43-19,1,2020-10-18T13:55:39,YES,YES,,YES,2020-10-18,14:40,1,"NO, NOT NOW",,CALL ME BACK LATER
60-91-47-86,1,2020-10-16T13:08:03,YES,YES,,,,,1,YES,1,GAVE CONSENT
60-94-02-94,1,2020-10-18T10:39:53,"NO, NOBODY ANSWERING",,,,,,1,,,NOBODY ANSWERING
60-94-02-94,1,2020-10-18T12:28:23,YES,YES,,,,,2,YES,1,GAVE CONSENT
61-09-80-29,1,2020-10-16T07:34:24,YES,YES,,,,,1,YES,,GAVE CONSENT
63-08-92-92,1,2020-10-17T09:27:25,YES,YES,,,,,1,YES,1,GAVE CONSENT
63-19-74-12,1,2020-10-19T12:21:10,YES,YES,,,,,3,YES,2,GAVE CONSENT
63-19-74-12,1,2020-10-18T11:24:01,"NO, NOBODY ANSWERING",,,,,,1,,,NOBODY ANSWERING
63-19-74-12,1,2020-10-18T14:04:01,"NO, NOBODY ANSWERING",,,,,,2,,,NOBODY ANSWERING
63-26-65-91,1,2020-10-15T09:10:40,YES,YES,,,,,1,YES,1,GAVE CONSENT
63-48-07-95,1,2020-10-16T09:11:27,YES,YES,,YES,2020-10-16,09:29,1,"NO, NOT NOW",,CALL ME BACK LATER
63-48-07-95,1,2020-10-16T09:45:21,YES,YES,,,,,2,YES,4,GAVE CONSENT
63-56-10-69,1,2020-10-16T13:43:03,"NO, NOBODY ANSWERING",,,,,,1,,,NOBODY ANSWERING
63-56-10-69,1,2020-10-17T11:20:13,YES,YES,,,,,3,YES,6,GAVE CONSENT
63-56-10-69,1,2020-10-16T15:27:52,"NO, NOBODY ANSWERING",,,,,,2,,,NOBODY ANSWERING
63-85-72-79,1,2020-10-15T11:44:48,YES,YES,,,,,1,YES,1,GAVE CONSENT
64-29-61-57,1,2020-10-19T10:45:22,"NO, NOBODY ANSWERING",,,,,,1,,,NOBODY ANSWERING
64-29-61-57,1,2020-10-19T10:55:24,YES,YES,,,,,2,YES,1,GAVE CONSENT
64-48-28-24,1,2020-10-15T09:35:26,YES,YES,,,,,1,YES,2,GAVE CONSENT
64-71-22-76,1,2020-10-18T11:15:41,YES,YES,,,,,1,YES,1,GAVE CONSENT
64-87-88-01,2,2020-10-18T16:08:10,YES,YES,,,,,2,YES,1,GAVE CONSENT
64-87-88-01,2,2020-10-17T12:25:28,YES,YES,,YES,2020-10-17,13:00,1,"NO, NOT NOW",,CALL ME BACK LATER
65-03-40-91,1,2020-10-15T16:03:48,"NO, PHONE SWITCHED OFF / NOT REACHABLE",,,,,,2,,,PHONE SWITCHED OFF
65-03-40-91,1,2020-10-17T11:05:31,YES,YES,,,,,4,YES,1,GAVE CONSENT
65-03-40-91,1,2020-10-15T15:37:43,YES,YES,,YES,2020-10-16,08:00,1,"NO, NOT NOW",,CALL ME BACK LATER
65-03-40-91,1,2020-10-16T08:18:24,"NO, NOBODY ANSWERING",,,,,,3,,,NOBODY ANSWERING
65-14-28-12,1,2020-10-18T11:33:51,YES,YES,,,,,1,YES,1,GAVE CONSENT
65-15-70-94,1,2020-10-18T17:48:22,YES,YES,,,,,1,YES,2,GAVE CONSENT
65-26-06-23,1,2020-10-17T13:43:44,YES,YES,,,,,1,YES,2,GAVE CONSENT
65-42-12-59,1,2020-10-20T07:53:58,YES,YES,,,,,1,YES,1,GAVE CONSENT
65-57-01-02,1,2020-10-18T14:50:38,YES,YES,,,,,1,YES,1,GAVE CONSENT
65-60-80-72,1,2020-10-15T11:05:17,YES,YES,,,,,1,YES,1,GAVE CONSENT
65-62-93-31,1,2020-10-15T10:21:56,YES,YES,,,,,1,YES,1,GAVE CONSENT
65-65-50-55,1,2020-10-14T18:05:57,"NO, PHONE SWITCHED OFF / NOT REACHABLE",,,,,,2,,,PHONE SWITCHED OFF
65-65-50-55,1,2020-10-14T16:16:22,"NO, PHONE SWITCHED OFF / NOT REACHABLE",,,,,,1,,,PHONE SWITCHED OFF
65-65-50-55,1,2020-10-15T09:32:11,"NO, PHONE SWITCHED OFF / NOT REACHABLE",,,,,,3,,,PHONE SWITCHED OFF
65-65-50-55,1,2020-10-15T12:33:41,YES,YES,,,,,4,YES,1,GAVE CONSENT
65-85-43-35,1,2020-10-17T09:34:18,"NO, NOBODY ANSWERING",,,,,,1,,,NOBODY ANSWERING
65-85-43-35,1,2020-10-17T12:07:51,YES,YES,,,,,2,YES,1,GAVE CONSENT
66-09-77-42,1,2020-10-17T10:07:01,YES,YES,,,,,1,YES,1,GAVE CONSENT
66-09-95-16,1,2020-10-17T10:02:40,YES,YES,,YES,2020-10-17,14:00,1,"NO, NOT NOW",,CALL ME BACK LATER
66-09-95-16,1,2020-10-18T13:14:52,YES,YES,,,,,4,YES,1,GAVE CONSENT
66-09-95-16,1,2020-10-17T16:10:20,"NO, NOBODY ANSWERING",,,,,,2,,,NOBODY ANSWERING
66-09-95-16,1,2020-10-18T09:49:31,"NO, NOBODY ANSWERING",,,,,,3,,,NOBODY ANSWERING
66-41-98-09,1,2020-10-19T10:37:23,YES,YES,,,,,1,YES,1,GAVE CONSENT
66-72-46-34,1,2020-10-18T13:54:02,YES,YES,,,,,3,YES,1,GAVE CONSENT
66-72-46-34,1,2020-10-18T11:09:45,YES,YES,,YES,2020-10-18,13:00,2,"NO, NOT NOW",,CALL ME BACK LATER
66-72-46-34,1,2020-10-17T08:20:37,"NO, NOBODY ANSWERING",,,,,,1,,,NOBODY ANSWERING
66-73-72-28,1,2020-10-14T11:52:18,YES,YES,,,,,1,YES,1,GAVE CONSENT
66-98-68-75,1,2020-10-14T16:07:41,YES,YES,,,,,1,YES,1,GAVE CONSENT
67-04-29-75,1,2020-10-15T09:42:14,YES,YES,,,,,4,YES,1,GAVE CONSENT
67-04-29-75,1,2020-10-15T08:54:50,YES,YES,,YES,2020-10-15,09:30,3,"NO, NOT NOW",,CALL ME BACK LATER
67-04-29-75,1,2020-10-14T15:35:51,"NO, NOBODY ANSWERING",,,,,,1,,,NOBODY ANSWERING
67-04-29-75,1,2020-10-14T16:25:23,"NO, NOBODY ANSWERING",,,,,,2,,,NOBODY ANSWERING
67-06-49-60,1,2020-10-18T14:23:49,YES,YES,,,,,1,YES,1,GAVE CONSENT
67-43-18-76,2,2020-10-15T12:34:10,YES,YES,,,,,1,YES,1,GAVE CONSENT
67-59-04-59,1,2020-10-18T17:00:42,YES,YES,,,,,1,YES,2,GAVE CONSENT
67-60-15-46,1,2020-10-16T14:22:15,YES,YES,,YES,2020-10-17,14:00,1,"NO, NOT NOW",,CALL ME BACK LATER
67-60-15-46,1,2020-10-17T09:47:40,YES,YES,,YES,2020-10-17,10:00,2,"NO, NOT NOW",,CALL ME BACK LATER
67-60-15-46,1,2020-10-17T10:26:29,YES,YES,,,,,3,YES,1,GAVE CONSENT
67-80-47-65,1,2020-10-18T15:01:01,YES,YES,,,,,2,YES,1,GAVE CONSENT
67-80-47-65,1,2020-10-18T11:59:53,YES,YES,,YES,2020-10-18,15:00,1,"NO, NOT NOW",,CALL ME BACK LATER
67-89-30-52,1,2020-10-18T09:46:02,YES,YES,,,,,1,YES,7,GAVE CONSENT
67-89-30-52,1,2020-10-18T09:58:49,YES,YES,,,,,2,YES,7,GAVE CONSENT
67-91-61-84,1,2020-10-15T16:43:58,YES,YES,,,,,1,YES,2,GAVE CONSENT
68-34-61-83,1,2020-10-20T16:48:06,YES,YES,,YES,2020-10-21,09:00,1,"NO, NOT NOW",,CALL ME BACK LATER
68-34-61-83,1,2020-10-21T09:25:43,YES,YES,,,,,2,YES,1,GAVE CONSENT
68-38-01-69,1,2020-10-16T10:01:03,YES,YES,,,,,1,YES,1,GAVE CONSENT
68-45-34-74,1,2020-10-18T10:42:01,"NO, PHONE SWITCHED OFF / NOT REACHABLE",,,,,,1,,,PHONE SWITCHED OFF
68-45-34-74,1,2020-10-18T13:52:41,YES,YES,,,,,2,YES,1,GAVE CONSENT
69-00-14-35,1,2020-10-15T14:04:07,YES,YES,,,,,1,YES,2,GAVE CONSENT
69-03-20-16,1,2020-10-20T13:04:51,YES,YES,,,,,2,YES,1,GAVE CONSENT
69-03-20-16,1,2020-10-20T11:23:54,"NO, PHONE SWITCHED OFF / NOT REACHABLE",,,,,,1,,,PHONE SWITCHED OFF
69-06-28-03,1,2020-10-18T15:22:18,"NO, NOBODY ANSWERING",,,,,,1,,,NOBODY ANSWERING
69-06-28-03,1,2020-10-19T12:14:00,YES,YES,,,,,2,YES,1,GAVE CONSENT
69-08-19-24,1,2020-10-16T10:43:29,YES,YES,,YES,2020-10-16,09:30,1,"NO, NOT NOW",,CALL ME BACK LATER
69-08-19-24,2,2020-10-16T09:42:07,YES,YES,,,,,2,YES,2,GAVE CONSENT
69-21-58-74,2,2020-10-16T18:05:34,YES,YES,,,,,1,YES,1,GAVE CONSENT
69-30-44-27,2,2020-10-15T08:22:27,YES,YES,,,,,1,YES,1,GAVE CONSENT
69-45-68-23,1,2020-10-17T11:11:53,YES,YES,,,,,1,YES,2,GAVE CONSENT
69-46-48-50,1,2020-10-15T08:32:44,YES,YES,,,,,2,YES,1,GAVE CONSENT
69-46-48-50,1,2020-10-14T16:32:48,"NO, PHONE SWITCHED OFF / NOT REACHABLE",,,,,,1,,,PHONE SWITCHED OFF
69-88-71-37,1,2020-10-15T18:26:39,YES,YES,,,,,2,YES,1,GAVE CONSENT
69-88-71-37,1,2020-10-15T15:40:46,YES,YES,,YES,2020-10-15,18:00,1,"NO, NOT NOW",,CALL ME BACK LATER
69-96-21-12,1,2020-10-18T13:00:07,YES,YES,,,,,1,YES,1,GAVE CONSENT
70-05-55-27,1,2020-10-16T09:09:20,YES,YES,,,,,3,YES,1,GAVE CONSENT
70-05-55-27,1,2020-10-15T17:43:02,"NO, NOBODY ANSWERING",,,,,,2,,,NOBODY ANSWERING
70-05-55-27,1,2020-10-15T15:39:01,"NO, NOBODY ANSWERING",,,,,,1,,,NOBODY ANSWERING
70-11-22-03,2,2020-10-19T12:36:28,YES,YES,,,,,4,YES,1,GAVE CONSENT
70-11-22-03,2,2020-10-18T09:26:05,"NO, NOBODY ANSWERING",,,,,,1,,,NOBODY ANSWERING
70-11-22-03,2,2020-10-18T12:48:06,YES,YES,,,,,3,YES,1,GAVE CONSENT
70-11-22-03,2,2020-10-18T12:44:43,"NO, NOBODY ANSWERING",,,,,,2,,,NOBODY ANSWERING
70-11-55-43,1,2020-10-17T11:12:35,"NO, NOBODY ANSWERING",,,,,,1,,,NOBODY ANSWERING
70-11-55-43,1,2020-10-17T13:20:14,YES,YES,,,,,2,YES,1,GAVE CONSENT
70-34-49-84,1,2020-10-19T15:11:18,YES,YES,,,,,1,YES,2,GAVE CONSENT
70-69-66-16,1,2020-10-15T15:30:44,YES,YES,,YES,2020-10-16,13:30,1,"NO, NOT NOW",,CALL ME BACK LATER
70-69-66-16,1,2020-10-16T15:14:18,YES,YES,,,,,2,YES,2,GAVE CONSENT
70-81-55-76,1,2020-10-16T15:34:07,YES,YES,,,,,2,YES,2,GAVE CONSENT
70-81-55-76,1,2020-10-16T11:21:48,"NO, NOBODY ANSWERING",,,,,,1,,,NOBODY ANSWERING
70-97-59-22,1,2020-10-15T08:25:22,YES,YES,,,,,1,YES,1,GAVE CONSENT
71-09-53-26,1,2020-10-19T10:06:15,YES,YES,,YES,2020-10-19,17:00,1,"NO, NOT NOW",,CALL ME BACK LATER
71-09-53-26,1,2020-10-20T14:40:29,YES,YES,,,,,4,YES,1,GAVE CONSENT
71-09-53-26,1,2020-10-19T17:00:07,YES,YES,,,,,2,YES,1,GAVE CONSENT
71-09-53-26,1,2020-10-20T09:35:52,YES,YES,,YES,2020-10-20,14:00,3,"NO, NOT NOW",,CALL ME BACK LATER
71-71-37-89,1,2020-10-21T18:14:15,YES,YES,,,,,2,YES,2,GAVE CONSENT
71-71-37-89,1,2020-10-21T11:41:00,YES,YES,,YES,2020-10-21,18:00,1,"NO, NOT NOW",,CALL ME BACK LATER
71-97-83-07,1,2020-10-16T13:50:00,"NO, NOBODY ANSWERING",,,,,,1,,,NOBODY ANSWERING
71-97-83-07,1,2020-10-17T16:12:24,YES,YES,,,,,2,YES,1,GAVE CONSENT
72-37-13-33,1,2020-10-19T10:42:32,YES,YES,,,,,5,YES,1,GAVE CONSENT
72-37-13-33,1,2020-10-17T17:51:29,"NO, NOBODY ANSWERING",,,,,,1,,,NOBODY ANSWERING
72-37-13-33,1,2020-10-18T10:07:54,"NO, NOBODY ANSWERING",,,,,,2,,,NOBODY ANSWERING
72-37-13-33,1,2020-10-18T17:18:04,"NO, NOBODY ANSWERING",,,,,,4,,,NOBODY ANSWERING
72-37-13-33,1,2020-10-18T13:20:10,"NO, NOBODY ANSWERING",,,,,,3,,,NOBODY ANSWERING
72-45-65-29,1,2020-10-14T18:04:08,"NO, NOBODY ANSWERING",,,,,,2,,,NOBODY ANSWERING
72-45-65-29,1,2020-10-15T09:29:53,"NO, NOBODY ANSWERING",,,,,,3,,,NOBODY ANSWERING
72-45-65-29,1,2020-10-14T15:36:28,"NO, NOBODY ANSWERING",,,,,,1,,,NOBODY ANSWERING
72-45-65-29,1,2020-10-15T11:48:40,YES,YES,,,,,4,YES,1,GAVE CONSENT
72-68-27-38,1,2020-10-14T14:15:27,YES,YES,,,,,1,YES,2,GAVE CONSENT
72-86-90-07,1,2020-10-14T15:42:09,YES,YES,,,,,1,YES,2,GAVE CONSENT
72-92-01-02,1,2020-10-17T09:19:05,YES,YES,,YES,2020-10-17,17:00,1,"NO, NOT NOW",,CALL ME BACK LATER
72-92-01-02,1,2020-10-17T16:59:46,YES,YES,,,,,2,YES,2,GAVE CONSENT
73-05-97-72,2,2020-10-15T09:43:30,"NO, NOBODY ANSWERING",,,,,,1,,,NOBODY ANSWERING
73-05-97-72,1,2020-10-15T09:43:58,YES,YES,,,,,2,YES,2,GAVE CONSENT
73-14-02-84,1,2020-10-17T10:32:46,YES,YES,,,,,1,YES,2,GAVE CONSENT
73-17-81-25,1,2020-10-18T16:15:39,YES,YES,,,,,1,YES,2,GAVE CONSENT
73-36-22-94,1,2020-10-18T07:23:52,YES,YES,,,,,1,YES,1,GAVE CONSENT
73-39-29-63,1,2020-10-18T12:04:22,YES,YES,,,,,1,YES,1,GAVE CONSENT
73-70-46-99,1,2020-10-15T11:54:47,"NO, PHONE SWITCHED OFF / NOT REACHABLE",,,,,,1,,,PHONE SWITCHED OFF
73-70-46-99,1,2020-10-15T18:27:23,YES,YES,,,,,3,YES,1,GAVE CONSENT
73-70-46-99,1,2020-10-15T16:19:29,YES,YES,,YES,2020-10-15,18:30,2,"NO, NOT NOW",,CALL ME BACK LATER
74-57-17-75,1,2020-10-18T11:52:01,YES,YES,,,,,2,YES,3,GAVE CONSENT
74-57-17-75,1,2020-10-18T09:08:02,"NO, NOBODY ANSWERING",,,,,,1,,,NOBODY ANSWERING
74-63-83-49,1,2020-10-17T16:00:43,YES,YES,,,,,1,YES,2,GAVE CONSENT
74-67-51-83,1,2020-10-15T13:01:23,YES,YES,,,,,2,YES,1,GAVE CONSENT
74-67-51-83,1,2020-10-15T08:46:55,"NO, NOBODY ANSWERING",,,,,,1,,,NOBODY ANSWERING
74-81-56-83,1,2020-10-20T14:31:51,YES,YES,,,,,2,YES,2,GAVE CONSENT
74-81-56-83,1,2020-10-20T09:46:55,YES,YES,,YES,2020-10-20,14:30,1,"NO, NOT NOW",,CALL ME BACK LATER
74-86-45-86,1,2020-10-17T11:56:26,YES,YES,,,,,1,YES,2,GAVE CONSENT
76-21-65-16,1,2020-10-19T17:19:25,"NO, NOBODY ANSWERING",,,,,,2,,,NOBODY ANSWERING
76-21-65-16,1,2020-10-19T11:58:58,"NO, NOBODY ANSWERING",,,,,,1,,,NOBODY ANSWERING
76-21-65-16,1,2020-10-20T13:20:29,YES,YES,,,,,4,YES,1,GAVE CONSENT
76-21-65-16,1,2020-10-20T09:06:54,"NO, NOBODY ANSWERING",,,,,,3,,,NOBODY ANSWERING
76-22-55-80,1,2020-10-17T11:25:30,YES,YES,,,,,3,YES,2,GAVE CONSENT
76-22-55-80,1,2020-10-17T09:27:15,"NO, NOBODY ANSWERING",,,,,,1,,,NOBODY ANSWERING
76-22-55-80,1,2020-10-17T10:40:06,"NO, NOBODY ANSWERING",,,,,,2,,,NOBODY ANSWERING
76-56-99-54,1,2020-10-16T07:12:15,YES,YES,,,,,1,YES,1,GAVE CONSENT
76-57-84-06,1,2020-10-15T15:39:50,"NO, PHONE SWITCHED OFF / NOT REACHABLE",,,,,,1,,,PHONE SWITCHED OFF
76-57-84-06,1,2020-10-16T08:55:16,YES,YES,,,,,2,YES,2,GAVE CONSENT
76-95-05-44,1,2020-10-16T09:54:27,"NO, NOBODY ANSWERING",,,,,,2,,,NOBODY ANSWERING
76-95-05-44,1,2020-10-15T16:09:45,YES,YES,,YES,2020-10-16,10:00,1,"NO, NOT NOW",,CALL ME BACK LATER
76-95-05-44,1,2020-10-18T13:01:07,"NO, NOBODY ANSWERING",,,,,,3,,,NOBODY ANSWERING
76-95-05-44,1,2020-10-20T17:07:37,YES,YES,,,,,4,YES,1,GAVE CONSENT
77-03-40-90,1,2020-10-21T12:02:26,YES,YES,,,,,1,YES,1,GAVE CONSENT
77-18-77-96,1,2020-10-17T09:27:58,YES,YES,,,,,1,YES,1,GAVE CONSENT
77-60-01-54,1,2020-10-17T12:28:17,YES,YES,,,,,2,YES,2,GAVE CONSENT
77-60-01-54,1,2020-10-17T09:42:35,"NO, PHONE SWITCHED OFF / NOT REACHABLE",,,,,,1,,,PHONE SWITCHED OFF
77-70-84-36,1,2020-10-18T16:56:31,YES,YES,,,,,1,YES,2,GAVE CONSENT
77-71-94-82,1,2020-10-17T20:22:44,"NO, PHONE SWITCHED OFF / NOT REACHABLE",,,,,,4,,,PHONE SWITCHED OFF
77-71-94-82,1,2020-10-21T12:29:47,YES,YES,,,,,9,YES,1,GAVE CONSENT
77-71-94-82,1,2020-10-15T14:52:47,"NO, PHONE SWITCHED OFF / NOT REACHABLE",,,,,,1,,,PHONE SWITCHED OFF
77-71-94-82,1,2020-10-17T12:25:45,"NO, PHONE SWITCHED OFF / NOT REACHABLE",,,,,,5,,,PHONE SWITCHED OFF
77-71-94-82,1,2020-10-20T13:39:31,"NO, NOBODY ANSWERING",,,,,,7,,,NOBODY ANSWERING
77-71-94-82,1,2020-10-15T16:28:00,"NO, PHONE SWITCHED OFF / NOT REACHABLE",,,,,,2,,,PHONE SWITCHED OFF
77-71-94-82,1,2020-10-17T16:06:29,"NO, PHONE SWITCHED OFF / NOT REACHABLE",,,,,,6,,,PHONE SWITCHED OFF
77-71-94-82,1,2020-10-16T12:21:01,"NO, PHONE SWITCHED OFF / NOT REACHABLE",,,,,,3,,,PHONE SWITCHED OFF
77-71-94-82,1,2020-10-20T14:12:36,YES,YES,,YES,2020-10-20,18:00,8,"NO, NOT NOW",,CALL ME BACK LATER
78-69-73-86,2,2020-10-16T17:15:25,YES,YES,,,,,2,YES,2,GAVE CONSENT
78-69-73-86,2,2020-10-16T15:01:17,"NO, NOBODY ANSWERING",,,,,,1,,,NOBODY ANSWERING
79-51-56-38,1,2020-10-15T13:45:08,YES,YES,,,,,1,YES,3,GAVE CONSENT
79-65-65-94,1,2020-10-19T12:37:50,YES,YES,,,,,2,YES,1,GAVE CONSENT
79-65-65-94,1,2020-10-18T15:41:45,YES,YES,,YES,2020-10-19,12:30,1,"NO, NOT NOW",,CALL ME BACK LATER
79-72-98-96,2,2020-10-16T16:02:46,"NO, NOBODY ANSWERING",,,,,,2,,,NOBODY ANSWERING
79-72-98-96,2,2020-10-18T08:33:06,YES,YES,,,,,4,YES,1,GAVE CONSENT
79-72-98-96,2,2020-10-17T09:16:34,YES,YES,,YES,2020-10-18,08:30,3,"NO, NOT NOW",,CALL ME BACK LATER
79-72-98-96,2,2020-10-16T09:46:15,"NO, NOBODY ANSWERING",,,,,,1,,,NOBODY ANSWERING
79-85-65-98,2,2020-10-17T10:41:34,YES,YES,,,,,1,YES,2,GAVE CONSENT
79-90-83-59,1,2020-10-15T09:58:51,YES,YES,,,,,1,YES,2,GAVE CONSENT
79-96-97-70,1,2020-10-17T09:06:25,YES,YES,,,,,2,YES,3,GAVE CONSENT
79-96-97-70,1,2020-10-16T16:18:08,YES,YES,,YES,2020-10-16,17:00,1,"NO, NOT NOW",,CALL ME BACK LATER
80-40-93-12,1,2020-10-14T11:22:33,YES,YES,,,,,1,YES,1,GAVE CONSENT
80-49-06-34,1,2020-10-16T14:20:20,YES,YES,,,,,2,YES,2,GAVE CONSENT
80-49-06-34,1,2020-10-16T07:21:22,YES,YES,,YES,2020-10-16,13:00,1,"NO, NOT NOW",,CALL ME BACK LATER
80-49-49-04,1,2020-10-16T14:42:42,YES,YES,,,,,1,YES,2,GAVE CONSENT
80-58-14-70,1,2020-10-16T17:02:41,"NO, NOBODY ANSWERING",,,,,,2,,,NOBODY ANSWERING
80-58-14-70,1,2020-10-17T10:20:32,YES,YES,,,,,3,YES,1,GAVE CONSENT
80-58-14-70,1,2020-10-16T14:43:21,"NO, NOBODY ANSWERING",,,,,,1,,,NOBODY ANSWERING
80-72-64-44,1,2020-10-16T11:05:09,YES,YES,,,,,1,YES,2,GAVE CONSENT
81-20-01-76,1,2020-10-17T09:30:06,YES,YES,,,,,1,"NO, REFUSED",,REFUSED
81-20-01-76,2,2020-10-17T09:38:01,YES,YES,,,,,2,YES,2,GAVE CONSENT
81-36-68-15,1,2020-10-19T17:08:05,YES,YES,,,,,1,YES,2,GAVE CONSENT
81-48-88-00,1,2020-10-15T08:07:07,YES,YES,,,,,2,YES,1,GAVE CONSENT
81-48-88-00,1,2020-10-14T16:55:01,"NO, PHONE SWITCHED OFF / NOT REACHABLE",,,,,,1,,,PHONE SWITCHED OFF
82-16-53-06,1,2020-10-17T16:44:42,YES,YES,,,,,1,YES,1,GAVE CONSENT
82-82-33-85,1,2020-10-15T07:17:19,YES,YES,,YES,2020-10-15,12:00,1,"NO, NOT NOW",,CALL ME BACK LATER
82-82-33-85,1,2020-10-15T16:50:53,"NO, NOBODY ANSWERING",,,,,,3,,,NOBODY ANSWERING
82-82-33-85,1,2020-10-15T17:56:26,YES,YES,,,,,4,YES,2,GAVE CONSENT
82-82-33-85,1,2020-10-15T12:11:48,"NO, NOBODY ANSWERING",,,,,,2,,,NOBODY ANSWERING
83-15-19-66,2,2020-10-15T15:02:12,"NO, NOBODY ANSWERING",,,,,,1,,,NOBODY ANSWERING
83-15-19-66,1,2020-10-17T09:19:07,"NO, NOBODY ANSWERING",,,,,,5,,,NOBODY ANSWERING
83-15-19-66,1,2020-10-15T16:28:53,"NO, NOBODY ANSWERING",,,,,,2,,,NOBODY ANSWERING
83-15-19-66,2,2020-10-16T16:24:38,"NO, NOBODY ANSWERING",,,,,,4,,,NOBODY ANSWERING
83-15-19-66,2,2020-10-16T13:37:27,"NO, NOBODY ANSWERING",,,,,,3,,,NOBODY ANSWERING
83-15-19-66,2,2020-10-17T15:53:44,YES,YES,,,,,6,YES,1,GAVE CONSENT
83-24-97-14,1,2020-10-19T09:27:40,"NO, NOBODY ANSWERING",,,,,,6,,,NOBODY ANSWERING
83-24-97-14,1,2020-10-18T17:16:36,"NO, NOBODY ANSWERING",,,,,,5,,,NOBODY ANSWERING
83-24-97-14,1,2020-10-17T12:04:27,"NO, NOBODY ANSWERING",,,,,,1,,,NOBODY ANSWERING
83-24-97-14,1,2020-10-17T17:54:04,"NO, NOBODY ANSWERING",,,,,,2,,,NOBODY ANSWERING
83-24-97-14,1,2020-10-18T13:16:13,"NO, PHONE SWITCHED OFF / NOT REACHABLE",,,,,,4,,,PHONE SWITCHED OFF
83-24-97-14,1,2020-10-20T13:49:55,YES,YES,,,,,7,YES,2,GAVE CONSENT
83-24-97-14,1,2020-10-18T09:06:04,"NO, NOBODY ANSWERING",,,,,,3,,,NOBODY ANSWERING
83-62-66-29,1,2020-10-16T13:49:10,YES,YES,,,,,2,YES,2,GAVE CONSENT
83-62-66-29,1,2020-10-15T16:28:10,"NO, PHONE SWITCHED OFF / NOT REACHABLE",,,,,,1,,,PHONE SWITCHED OFF
83-78-78-49,1,2020-10-17T09:53:23,YES,YES,,,,,1,YES,1,GAVE CONSENT
83-82-40-74,1,2020-10-16T10:47:11,YES,YES,,YES,2020-10-17,12:30,1,"NO, NOT NOW",,CALL ME BACK LATER
83-82-40-74,1,2020-10-18T11:37:10,YES,YES,,,,,2,YES,1,GAVE CONSENT
84-26-72-24,1,2020-10-15T11:50:41,"NO, NOBODY ANSWERING",,,,,,2,,,NOBODY ANSWERING
84-26-72-24,1,2020-10-15T09:03:35,"NO, NOBODY ANSWERING",,,,,,1,,,NOBODY ANSWERING
84-26-72-24,2,2020-10-15T17:22:13,YES,YES,,,,,3,YES,4,GAVE CONSENT
84-31-44-97,1,2020-10-18T17:56:49,YES,YES,,,,,2,YES,1,GAVE CONSENT
84-31-44-97,1,2020-10-18T10:50:32,YES,YES,,YES,2020-10-18,12:00,1,"NO, NOT NOW",,CALL ME BACK LATER
84-37-56-77,1,2020-10-15T14:23:56,YES,YES,,,,,1,YES,2,GAVE CONSENT
84-65-10-22,1,2020-10-16T15:46:19,YES,YES,,,,,1,YES,2,GAVE CONSENT
84-70-29-25,2,2020-10-18T16:15:28,"NO, NOBODY ANSWERING",,,,,,6,,,NOBODY ANSWERING
84-70-29-25,2,2020-10-17T17:16:45,"NO, NOBODY ANSWERING",,,,,,3,,,NOBODY ANSWERING
84-70-29-25,2,2020-10-16T10:57:22,"NO, NOBODY ANSWERING",,,,,,1,,,NOBODY ANSWERING
84-70-29-25,2,2020-10-18T12:32:21,"NO, NOBODY ANSWERING",,,,,,5,,,NOBODY ANSWERING
84-70-29-25,1,2020-10-20T09:38:07,YES,YES,,,,,7,YES,4,GAVE CONSENT
84-70-29-25,2,2020-10-18T07:38:50,"NO, PHONE SWITCHED OFF / NOT REACHABLE",,,,,,4,,,PHONE SWITCHED OFF
84-70-29-25,2,2020-10-16T16:30:10,YES,YES,,YES,2020-10-17,11:00,2,"NO, NOT NOW",,CALL ME BACK LATER
84-79-70-97,1,2020-10-20T16:56:16,YES,YES,,,,,1,YES,4,GAVE CONSENT
85-01-15-29,1,2020-10-15T16:22:53,YES,YES,,,,,1,YES,1,GAVE CONSENT
85-03-27-87,1,2020-10-17T17:19:05,"NO, NOBODY ANSWERING",,,,,,3,,,NOBODY ANSWERING
85-03-27-87,1,2020-10-18T11:30:43,YES,YES,,,,,4,YES,2,GAVE CONSENT
85-03-27-87,1,2020-10-17T10:39:30,"NO, NOBODY ANSWERING",,,,,,2,,,NOBODY ANSWERING
85-03-27-87,1,2020-10-17T08:44:55,YES,YES,,YES,2020-10-17,09:30,1,"NO, NOT NOW",,CALL ME BACK LATER
85-06-62-86,1,2020-10-16T10:07:02,YES,YES,,,,,1,YES,2,GAVE CONSENT
85-16-54-30,1,2020-10-14T15:43:43,YES,YES,,,,,1,YES,1,GAVE CONSENT
85-16-54-30,1,2020-10-15T13:28:03,YES,YES,,,,,3,YES,1,GAVE CONSENT
85-16-54-30,1,2020-10-15T09:33:07,"NO, NOBODY ANSWERING",,,,,,2,,,NOBODY ANSWERING
85-25-56-55,1,2020-10-14T12:44:33,YES,YES,,,,,1,YES,5,GAVE CONSENT
85-69-58-56,1,2020-10-16T09:41:19,YES,YES,,YES,2020-10-16,10:30,1,"NO, NOT NOW",,CALL ME BACK LATER
85-69-58-56,1,2020-10-16T09:50:07,YES,YES,,,,,2,YES,1,GAVE CONSENT
85-73-20-42,1,2020-10-16T06:48:32,YES,YES,,,,,1,YES,1,GAVE CONSENT
85-73-97-33,1,2020-10-18T13:30:01,YES,YES,,YES,2020-10-18,15:00,1,"NO, NOT NOW",,CALL ME BACK LATER
85-73-97-33,1,2020-10-18T15:38:24,YES,YES,,,,,2,YES,1,GAVE CONSENT
86-42-22-29,1,2020-10-15T07:45:36,"NO, PHONE SWITCHED OFF / NOT REACHABLE",,,,,,2,,,PHONE SWITCHED OFF
86-42-22-29,1,2020-10-15T16:05:18,"NO, PHONE SWITCHED OFF / NOT REACHABLE",,,,,,4,,,PHONE SWITCHED OFF
86-42-22-29,1,2020-10-16T12:33:55,YES,YES,,,,,7,YES,1,GAVE CONSENT
86-42-22-29,1,2020-10-16T08:22:38,"NO, PHONE SWITCHED OFF / NOT REACHABLE",,,,,,5,,,PHONE SWITCHED OFF
86-42-22-29,1,2020-10-14T16:14:30,"NO, PHONE SWITCHED OFF / NOT REACHABLE",,,,,,1,,,PHONE SWITCHED OFF
86-42-22-29,1,2020-10-15T11:47:38,"NO, PHONE SWITCHED OFF / NOT REACHABLE",,,,,,3,,,PHONE SWITCHED OFF
86-42-22-29,1,2020-10-16T10:22:06,YES,YES,,YES,2020-10-16,12:00,6,"NO, NOT NOW",,CALL ME BACK LATER
86-62-31-38,1,2020-10-18T13:44:13,YES,YES,,,,,1,YES,2,GAVE CONSENT
86-62-31-38,1,2020-10-18T16:12:07,YES,YES,,,,,2,YES,2,GAVE CONSENT
86-88-12-40,1,2020-10-16T16:14:13,YES,YES,,,,,2,YES,2,GAVE CONSENT
86-88-12-40,1,2020-10-16T14:16:53,YES,YES,,YES,2020-10-16,15:00,1,"NO, NOT NOW",,CALL ME BACK LATER
87-41-40-78,1,2020-10-20T17:48:23,YES,YES,,,,,2,YES,2,GAVE CONSENT
87-41-40-78,1,2020-10-20T12:22:32,"NO, NOBODY ANSWERING",,,,,,1,,,NOBODY ANSWERING
87-52-91-38,1,2020-10-17T11:25:24,"NO, PHONE SWITCHED OFF / NOT REACHABLE",,,,,,1,,,PHONE SWITCHED OFF
87-52-91-38,1,2020-10-18T13:02:14,"NO, PHONE SWITCHED OFF / NOT REACHABLE",,,,,,2,,,PHONE SWITCHED OFF
87-52-91-38,1,2020-10-20T14:19:58,YES,YES,,,,,3,YES,1,GAVE CONSENT
87-58-41-57,1,2020-10-20T16:49:59,"NO, PHONE SWITCHED OFF / NOT REACHABLE",,,,,,1,,,PHONE SWITCHED OFF
87-58-41-57,1,2020-10-21T09:00:29,YES,YES,,,,,3,YES,1,GAVE CONSENT
87-58-41-57,1,2020-10-21T08:07:57,"NO, NOBODY ANSWERING",,,,,,2,,,NOBODY ANSWERING
87-60-75-90,1,2020-10-16T10:35:35,YES,YES,,,,,1,YES,2,GAVE CONSENT
87-64-17-69,1,2020-10-16T14:39:05,YES,YES,,,,,1,YES,2,GAVE CONSENT
87-76-07-29,1,2020-10-17T10:52:42,"NO, NOBODY ANSWERING",,,,,,1,,,NOBODY ANSWERING
87-76-07-29,1,2020-10-18T07:52:04,YES,YES,,,,,3,YES,1,GAVE CONSENT
87-76-07-29,1,2020-10-17T15:53:29,"NO, NOBODY ANSWERING",,,,,,2,,,NOBODY ANSWERING
87-83-02-60,1,2020-10-16T10:25:03,YES,YES,,,,,1,YES,1,GAVE CONSENT
87-93-61-92,1,2020-10-19T08:43:10,YES,YES,,YES,2020-10-19,10:30,1,"NO, NOT NOW",,CALL ME BACK LATER
87-93-61-92,1,2020-10-19T10:32:16,YES,YES,,,,,2,YES,2,GAVE CONSENT
88-05-51-96,1,2020-10-17T14:14:13,YES,YES,,,,,3,YES,2,GAVE CONSENT
88-05-51-96,1,2020-10-17T10:13:41,"NO, NOBODY ANSWERING",,,,,,1,,,NOBODY ANSWERING
88-05-51-96,1,2020-10-17T11:17:19,YES,YES,,YES,2020-10-19,16:00,2,"NO, NOT NOW",,CALL ME BACK LATER
88-21-21-87,1,2020-10-18T16:45:54,"NO, NOBODY ANSWERING",,,,,,1,,,NOBODY ANSWERING
88-21-21-87,1,2020-10-19T17:37:13,"NO, NOBODY ANSWERING",,,,,,2,,,NOBODY ANSWERING
88-21-21-87,1,2020-10-19T17:19:25,YES,YES,,,,,3,YES,2,GAVE CONSENT
88-32-05-81,1,2020-10-19T11:13:17,"NO, NOBODY ANSWERING",,,,,,5,,,NOBODY ANSWERING
88-32-05-81,1,2020-10-18T13:53:35,YES,YES,,YES,2020-10-19,12:00,4,"NO, NOT NOW",,CALL ME BACK LATER
88-32-05-81,1,2020-10-19T16:33:38,YES,YES,,,,,8,YES,2,GAVE CONSENT
88-32-05-81,1,2020-10-16T12:33:19,YES,YES,,YES,2020-10-17,12:00,2,"NO, NOT NOW",,CALL ME BACK LATER
88-32-05-81,1,2020-10-18T12:19:46,"NO, NOBODY ANSWERING",,,,,,3,,,NOBODY ANSWERING
88-32-05-81,1,2020-10-16T09:00:10,YES,YES,,YES,2020-10-16,12:00,1,"NO, NOT NOW",,CALL ME BACK LATER
88-32-05-81,1,2020-10-19T15:46:18,"NO, NOBODY ANSWERING",,,,,,7,,,NOBODY ANSWERING
88-32-05-81,1,2020-10-19T12:54:12,"NO, NOBODY ANSWERING",,,,,,6,,,NOBODY ANSWERING
88-52-19-69,1,2020-10-16T17:11:14,"NO, NOBODY ANSWERING",,,,,,2,,,NOBODY ANSWERING
88-52-19-69,1,2020-10-17T09:56:26,"NO, NOBODY ANSWERING",,,,,,3,,,NOBODY ANSWERING
88-52-19-69,1,2020-10-18T08:57:52,"NO, NOBODY ANSWERING",,,,,,5,,,NOBODY ANSWERING
88-52-19-69,1,2020-10-16T14:59:34,"NO, NOBODY ANSWERING",,,,,,1,,,NOBODY ANSWERING
88-52-19-69,1,2020-10-17T13:40:53,"NO, NOBODY ANSWERING",,,,,,4,,,NOBODY ANSWERING
88-52-19-69,1,2020-10-18T14:25:51,YES,YES,,,,,6,YES,2,GAVE CONSENT
88-55-90-62,1,2020-10-17T17:08:05,YES,YES,,,,,1,YES,2,GAVE CONSENT
89-00-81-23,1,2020-10-15T12:33:57,YES,YES,,,,,2,YES,1,GAVE CONSENT
89-00-81-23,1,2020-10-15T09:24:57,"NO, NOBODY ANSWERING",,,,,,1,,,NOBODY ANSWERING
89-18-01-05,1,2020-10-20T11:25:23,"NO, PHONE SWITCHED OFF / NOT REACHABLE",,,,,,1,,,PHONE SWITCHED OFF
89-18-01-05,1,2020-10-20T13:29:32,YES,YES,,,,,2,YES,2,GAVE CONSENT
89-18-79-86,1,2020-10-16T07:23:48,YES,YES,,,,,2,YES,2,GAVE CONSENT
89-18-79-86,1,2020-10-15T16:57:14,"NO, PHONE SWITCHED OFF / NOT REACHABLE",,,,,,1,,,PHONE SWITCHED OFF
89-30-53-74,1,2020-10-16T09:58:52,YES,YES,,,,,1,YES,1,GAVE CONSENT
89-51-49-68,2,2020-10-18T16:52:50,"NO, NOBODY ANSWERING",,,,,,1,,,NOBODY ANSWERING
89-51-49-68,2,2020-10-18T16:55:35,YES,YES,,,,,2,YES,2,GAVE CONSENT
89-56-07-85,1,2020-10-16T10:35:38,YES,YES,,,,,1,YES,1,GAVE CONSENT
89-93-50-24,1,2020-10-18T17:20:50,"NO, PHONE SWITCHED OFF / NOT REACHABLE",,,,,,2,,,PHONE SWITCHED OFF
89-93-50-24,2,2020-10-19T09:08:47,"NO, NOBODY ANSWERING",,,,,,3,,,NOBODY ANSWERING
89-93-50-24,3,2020-10-19T11:07:58,YES,YES,,,,,4,YES,2,GAVE CONSENT
89-93-50-24,2,2020-10-18T15:53:26,"NO, PHONE SWITCHED OFF / NOT REACHABLE",,,,,,1,,,PHONE SWITCHED OFF
90-22-35-16,1,2020-10-16T11:26:06,YES,YES,,,,,1,YES,1,GAVE CONSENT
90-49-69-32,1,2020-10-14T13:30:47,YES,YES,,,,,1,YES,1,GAVE CONSENT
90-50-18-25,1,2020-10-17T13:06:28,YES,YES,,,,,3,YES,2,GAVE CONSENT
90-50-18-25,1,2020-10-16T09:07:02,YES,YES,,YES,2020-10-16,14:00,1,"NO, NOT NOW",,CALL ME BACK LATER
90-50-18-25,1,2020-10-16T14:04:06,YES,YES,,YES,2020-10-17,13:00,2,"NO, NOT NOW",,CALL ME BACK LATER
90-70-32-77,1,2020-10-18T13:41:17,YES,YES,,,,,1,YES,1,GAVE CONSENT
90-72-63-71,1,2020-10-18T09:12:47,"NO, NOBODY ANSWERING",,,,,,2,,,NOBODY ANSWERING
90-72-63-71,1,2020-10-15T16:14:59,YES,YES,,YES,2020-10-15,20:00,1,"NO, NOT NOW",,CALL ME BACK LATER
90-72-63-71,1,2020-10-18T12:43:19,YES,YES,,YES,2020-10-18,17:00,3,"NO, NOT NOW",,CALL ME BACK LATER
90-72-63-71,1,2020-10-18T16:38:16,YES,YES,,,,,4,YES,2,GAVE CONSENT
90-90-59-67,1,2020-10-17T15:57:34,YES,YES,,,,,2,YES,1,GAVE CONSENT
90-90-59-67,1,2020-10-17T13:48:15,YES,YES,,YES,2020-10-17,14:00,1,"NO, NOT NOW",,CALL ME BACK LATER
90-98-61-29,1,2020-10-16T14:33:35,"NO, NOBODY ANSWERING",,,,,,1,,,NOBODY ANSWERING
90-98-61-29,1,2020-10-17T13:13:39,"NO, NOBODY ANSWERING",,,,,,4,,,NOBODY ANSWERING
90-98-61-29,1,2020-10-17T08:58:28,"NO, NOBODY ANSWERING",,,,,,3,,,NOBODY ANSWERING
90-98-61-29,1,2020-10-16T17:05:53,"NO, NOBODY ANSWERING",,,,,,2,,,NOBODY ANSWERING
90-98-61-29,1,2020-10-18T09:43:35,YES,YES,,,,,6,YES,1,GAVE CONSENT
90-98-61-29,1,2020-10-17T17:52:03,"NO, NOBODY ANSWERING",,,,,,5,,,NOBODY ANSWERING
91-12-21-18,1,2020-10-16T10:09:55,YES,YES,,,,,1,YES,2,GAVE CONSENT
91-26-98-02,1,2020-10-20T06:37:56,YES,YES,,,,,1,YES,1,GAVE CONSENT
91-32-31-35,1,2020-10-17T08:46:46,"NO, PHONE SWITCHED OFF / NOT REACHABLE",,,,,,2,,,PHONE SWITCHED OFF
91-32-31-35,1,2020-10-18T10:20:47,YES,YES,,,,,4,YES,2,GAVE CONSENT
91-32-31-35,1,2020-10-16T16:21:38,"NO, PHONE SWITCHED OFF / NOT REACHABLE",,,,,,1,,,PHONE SWITCHED OFF
91-32-31-35,1,2020-10-17T15:54:03,"NO, PHONE SWITCHED OFF / NOT REACHABLE",,,,,,3,,,PHONE SWITCHED OFF
91-47-37-79,1,2020-10-20T17:35:25,YES,YES,,,,,2,YES,1,GAVE CONSENT
91-47-37-79,1,2020-10-20T15:02:14,"NO, NOBODY ANSWERING",,,,,,1,,,NOBODY ANSWERING
91-64-79-49,1,2020-10-16T10:03:49,YES,YES,,YES,2020-10-16,11:00,2,"NO, NOT NOW",,CALL ME BACK LATER
91-64-79-49,1,2020-10-16T11:21:41,YES,YES,,,,,3,YES,5,GAVE CONSENT
91-64-79-49,1,2020-10-16T08:38:47,YES,YES,,YES,2020-10-16,10:00,1,"NO, NOT NOW",,CALL ME BACK LATER
91-75-84-89,1,2020-10-16T14:35:07,YES,YES,,,,,1,YES,1,GAVE CONSENT
91-92-90-54,1,2020-10-17T17:42:07,"NO, PHONE SWITCHED OFF / NOT REACHABLE",,,,,,3,,,PHONE SWITCHED OFF
91-92-90-54,1,2020-10-17T12:50:27,"NO, PHONE SWITCHED OFF / NOT REACHABLE",,,,,,2,,,PHONE SWITCHED OFF
91-92-90-54,1,2020-10-18T09:08:56,YES,YES,,,,,4,YES,1,GAVE CONSENT
91-92-90-54,1,2020-10-17T10:01:30,"NO, PHONE SWITCHED OFF / NOT REACHABLE",,,,,,1,,,PHONE SWITCHED OFF
92-52-64-60,1,2020-10-19T07:42:14,YES,YES,,,,,1,YES,2,GAVE CONSENT
92-54-15-40,1,2020-10-16T14:02:35,YES,YES,,,,,1,YES,2,GAVE CONSENT
92-90-62-95,1,2020-10-15T13:02:57,YES,YES,,,,,1,YES,1,GAVE CONSENT
93-07-64-20,1,2020-10-18T07:50:40,YES,YES,,,,,1,YES,1,GAVE CONSENT
93-34-63-42,1,2020-10-16T11:24:36,YES,YES,,,,,1,YES,2,GAVE CONSENT
93-71-89-46,1,2020-10-18T08:44:14,YES,YES,,,,,1,YES,2,GAVE CONSENT
94-77-00-60,1,2020-10-15T07:46:08,"NO, PHONE SWITCHED OFF / NOT REACHABLE",,,,,,2,,,PHONE SWITCHED OFF
94-77-00-60,1,2020-10-15T16:05:53,"NO, PHONE SWITCHED OFF / NOT REACHABLE",,,,,,4,,,PHONE SWITCHED OFF
94-77-00-60,1,2020-10-16T08:23:44,"NO, PHONE SWITCHED OFF / NOT REACHABLE",,,,,,5,,,PHONE SWITCHED OFF
94-77-00-60,1,2020-10-16T10:25:30,YES,YES,,,,,6,YES,1,GAVE CONSENT
94-77-00-60,1,2020-10-15T11:47:59,"NO, PHONE SWITCHED OFF / NOT REACHABLE",,,,,,3,,,PHONE SWITCHED OFF
94-77-00-60,1,2020-10-14T16:10:58,"NO, PHONE SWITCHED OFF / NOT REACHABLE",,,,,,1,,,PHONE SWITCHED OFF
94-82-96-77,1,2020-10-17T13:43:08,YES,YES,,,,,1,YES,2,GAVE CONSENT
94-95-85-94,1,2020-10-19T10:52:20,YES,YES,,,,,4,YES,1,GAVE CONSENT
94-95-85-94,1,2020-10-18T14:07:12,"NO, NOBODY ANSWERING",,,,,,1,,,NOBODY ANSWERING
94-95-85-94,1,2020-10-18T15:13:23,"NO, NOBODY ANSWERING",,,,,,2,,,NOBODY ANSWERING
94-95-85-94,1,2020-10-19T08:38:39,"NO, NOBODY ANSWERING",,,,,,3,,,NOBODY ANSWERING
95-04-09-29,1,2020-10-15T15:32:09,YES,YES,,,,,1,YES,1,GAVE CONSENT
95-47-06-74,1,2020-10-16T13:15:55,"NO, PHONE SWITCHED OFF / NOT REACHABLE",,,,,,5,,,PHONE SWITCHED OFF
95-47-06-74,2,2020-10-15T09:40:45,"NO, PHONE SWITCHED OFF / NOT REACHABLE",,,,,,1,,,PHONE SWITCHED OFF
95-47-06-74,1,2020-10-15T16:18:36,"NO, NOBODY ANSWERING",,,,,,2,,,NOBODY ANSWERING
95-47-06-74,1,2020-10-16T11:13:28,"NO, NOBODY ANSWERING",,,,,,4,,,NOBODY ANSWERING
95-47-06-74,1,2020-10-16T08:26:32,"NO, NOBODY ANSWERING",,,,,,3,,,NOBODY ANSWERING
95-47-06-74,1,2020-10-17T09:11:12,YES,YES,,,,,6,YES,1,GAVE CONSENT
95-56-74-69,1,2020-10-16T10:39:15,YES,YES,,,,,1,YES,1,GAVE CONSENT
95-62-65-76,1,2020-10-20T07:15:42,"NO, NOBODY ANSWERING",,,,,,2,,,NOBODY ANSWERING
95-62-65-76,1,2020-10-20T13:05:42,YES,YES,,,,,3,YES,3,GAVE CONSENT
95-62-65-76,1,2020-10-18T12:51:46,YES,YES,,,,,1,YES,3,GAVE CONSENT
95-65-40-38,1,2020-10-20T14:45:08,YES,YES,,,,,1,YES,1,GAVE CONSENT
95-72-64-75,1,2020-10-14T14:15:38,YES,YES,,,,,1,YES,2,GAVE CONSENT
95-80-09-27,3,2020-10-18T13:18:03,"NO, PHONE SWITCHED OFF / NOT REACHABLE",,,,,,4,,,PHONE SWITCHED OFF
95-80-09-27,3,2020-10-19T09:23:16,"NO, PHONE SWITCHED OFF / NOT REACHABLE",,,,,,6,,,PHONE SWITCHED OFF
95-80-09-27,1,2020-10-17T17:53:24,"NO, NOBODY ANSWERING",,,,,,2,,,NOBODY ANSWERING
95-80-09-27,1,2020-10-17T12:07:52,"NO, NOBODY ANSWERING",,,,,,1,,,NOBODY ANSWERING
95-80-09-27,1,2020-10-18T09:19:21,"NO, NOBODY ANSWERING",,,,,,3,,,NOBODY ANSWERING
95-80-09-27,3,2020-10-18T17:17:22,"NO, PHONE SWITCHED OFF / NOT REACHABLE",,,,,,5,,,PHONE SWITCHED OFF
95-80-09-27,1,2020-10-20T13:06:11,YES,YES,,,,,7,YES,2,GAVE CONSENT
95-89-65-41,1,2020-10-18T09:29:34,YES,YES,,,,,1,YES,1,GAVE CONSENT
96-06-20-32,1,2020-10-18T16:09:54,YES,YES,,,,,1,YES,3,GAVE CONSENT
96-43-59-47,1,2020-10-19T12:00:13,"NO, NOBODY ANSWERING",,,,,,1,,,NOBODY ANSWERING
96-43-59-47,1,2020-10-20T09:06:28,"NO, NOBODY ANSWERING",,,,,,3,,,NOBODY ANSWERING
96-43-59-47,1,2020-10-20T12:31:59,YES,YES,,,,,4,YES,2,GAVE CONSENT
96-43-59-47,1,2020-10-19T17:19:55,"NO, NOBODY ANSWERING",,,,,,2,,,NOBODY ANSWERING
96-72-01-47,1,2020-10-14T15:12:47,YES,YES,,,,,1,YES,1,GAVE CONSENT
96-84-49-20,1,2020-10-16T11:15:30,"NO, NOBODY ANSWERING",,,,,,1,,,NOBODY ANSWERING
96-84-49-20,1,2020-10-16T15:14:48,YES,YES,,,,,2,YES,1,GAVE CONSENT
97-19-44-22,1,2020-10-17T18:01:26,YES,YES,,,,,3,YES,1,GAVE CONSENT
97-19-44-22,1,2020-10-17T11:51:41,"NO, NOBODY ANSWERING",,,,,,1,,,NOBODY ANSWERING
97-19-44-22,1,2020-10-17T12:18:10,YES,YES,,YES,2020-10-17,18:00,2,"NO, NOT NOW",,CALL ME BACK LATER
97-23-41-88,1,2020-10-16T10:01:21,YES,YES,,,,,2,YES,1,GAVE CONSENT
97-23-41-88,1,2020-10-16T09:28:00,YES,YES,,YES,2020-10-16,10:00,1,"NO, NOT NOW",,CALL ME BACK LATER
97-56-15-57,1,2020-10-17T08:46:08,"NO, PHONE SWITCHED OFF / NOT REACHABLE",,,,,,4,,,PHONE SWITCHED OFF
97-56-15-57,1,2020-10-16T11:43:48,"NO, PHONE SWITCHED OFF / NOT REACHABLE",,,,,,2,,,PHONE SWITCHED OFF
97-56-15-57,1,2020-10-18T08:42:33,"NO, PHONE SWITCHED OFF / NOT REACHABLE",,,,,,6,,,PHONE SWITCHED OFF
97-56-15-57,1,2020-10-20T14:37:08,YES,YES,,,,,7,YES,1,GAVE CONSENT
97-56-15-57,1,2020-10-16T09:29:36,"NO, NOBODY ANSWERING",,,,,,1,,,NOBODY ANSWERING
97-56-15-57,1,2020-10-16T16:19:33,"NO, PHONE SWITCHED OFF / NOT REACHABLE",,,,,,3,,,PHONE SWITCHED OFF
97-56-15-57,1,2020-10-17T15:52:06,"NO, PHONE SWITCHED OFF / NOT REACHABLE",,,,,,5,,,PHONE SWITCHED OFF
97-63-33-82,1,2020-10-17T09:58:28,"NO, PHONE SWITCHED OFF / NOT REACHABLE",,,,,,1,,,PHONE SWITCHED OFF
97-63-33-82,1,2020-10-17T11:51:39,YES,YES,,,,,2,YES,3,GAVE CONSENT
97-67-52-97,1,2020-10-16T09:32:09,YES,YES,,,,,1,YES,1,GAVE CONSENT
98-07-47-63,1,2020-10-19T15:00:02,YES,YES,,,,,3,YES,1,GAVE CONSENT
98-07-47-63,1,2020-10-19T09:29:46,"NO, NOBODY ANSWERING",,,,,,1,,,NOBODY ANSWERING
98-07-47-63,1,2020-10-19T11:05:47,"NO, NOBODY ANSWERING",,,,,,2,,,NOBODY ANSWERING
98-57-95-05,1,2020-10-15T13:01:22,YES,YES,,,,,2,YES,1,GAVE CONSENT
98-57-95-05,1,2020-10-14T15:07:43,YES,YES,,YES,2020-10-15,12:00,1,"NO, NOT NOW",,CALL ME BACK LATER
98-59-09-34,1,2020-10-15T13:29:25,YES,YES,,,,,1,YES,1,GAVE CONSENT
98-66-84-72,1,2020-10-20T12:25:14,YES,YES,,YES,2020-10-20,12:25,2,"NO, NOT NOW",,CALL ME BACK LATER
98-66-84-72,1,2020-10-21T11:40:47,YES,YES,,,,,4,YES,1,GAVE CONSENT
98-66-84-72,1,2020-10-20T16:05:10,"NO, NOBODY ANSWERING",,,,,,3,,,NOBODY ANSWERING
98-66-84-72,1,2020-10-19T15:55:24,"NO, NOBODY ANSWERING",,,,,,1,,,NOBODY ANSWERING
98-90-99-04,1,2020-10-15T16:28:47,"NO, PHONE SWITCHED OFF / NOT REACHABLE",,,,,,2,,,PHONE SWITCHED OFF
98-90-99-04,1,2020-10-15T14:58:06,"NO, PHONE SWITCHED OFF / NOT REACHABLE",,,,,,1,,,PHONE SWITCHED OFF
98-90-99-04,1,2020-10-16T09:58:04,YES,YES,,,,,3,YES,2,GAVE CONSENT
98-91-03-89,1,2020-10-16T08:54:30,"NO, NOBODY ANSWERING",,,,,,1,,,NOBODY ANSWERING
98-91-03-89,1,2020-10-16T13:30:05,YES,YES,,,,,3,YES,2,GAVE CONSENT
98-91-03-89,1,2020-10-16T10:31:45,"NO, NOBODY ANSWERING",,,,,,2,,,NOBODY ANSWERING
98-93-03-74,1,2020-10-18T16:05:42,"NO, NOBODY ANSWERING",,,,,,4,,,NOBODY ANSWERING
98-93-03-74,1,2020-10-18T15:45:22,"NO, NOBODY ANSWERING",,,,,,3,,,NOBODY ANSWERING
98-93-03-74,1,2020-10-17T13:41:41,YES,YES,,YES,2020-10-17,18:00,2,"NO, NOT NOW",,CALL ME BACK LATER
98-93-03-74,1,2020-10-18T16:40:38,YES,YES,,,,,5,YES,1,GAVE CONSENT
98-93-03-74,1,2020-10-17T13:32:05,"NO, NOBODY ANSWERING",,,,,,1,,,NOBODY ANSWERING
99-02-91-63,1,2020-10-17T13:27:33,YES,YES,,,,,4,YES,2,GAVE CONSENT
99-02-91-63,1,2020-10-17T10:09:14,"NO, NOBODY ANSWERING",,,,,,2,,,NOBODY ANSWERING
99-02-91-63,1,2020-10-17T10:48:02,"NO, NOBODY ANSWERING",,,,,,3,,,NOBODY ANSWERING
99-02-91-63,1,2020-10-17T09:22:11,YES,YES,,YES,2020-10-17,10:00,1,"NO, NOT NOW",,CALL ME BACK LATER
99-51-79-01,1,2020-10-15T14:21:54,YES,YES,,,,,1,YES,2,GAVE CONSENT
99-86-73-41,1,2020-10-18T16:54:06,YES,YES,,,,,1,YES,1,GAVE CONSENT
99-98-60-29,1,2020-10-17T09:32:15,YES,YES,,,,,1,YES,2,GAVE CONSENT
