neighborhood,hhid,mid,b_no,si14_21a,si14_21b,si14_21c,si14_21d
01,1,1,1,not given bribe,,,
01,1,2,1,not given bribe,,,
01,2,1,1,not given bribe,,,
01,2,2,1,not given bribe,,,
01,3,1,1,not given bribe,,,
01,3,2,1,not given bribe,,,
01,4,1,1,not given bribe,,,
01,4,2,1,not given bribe,,,
01,5,1,1,not given bribe,,,
01,5,2,1,not given bribe,,,
01,6,1,1,not given bribe,,,
01,6,2,1,not given bribe,,,
01,7,1,1,not given bribe,,,
01,7,2,1,not given bribe,,,
01,8,1,1,not given bribe,,,
01,8,2,1,not given bribe,,,
01,9,2,1,not given bribe,,,
01,9,3,1,not given bribe,,,
01,11,1,1,not given bribe,,,
01,11,2,1,not given bribe,,,
01,13,1,1,not given bribe,,,
01,13,2,1,not given bribe,,,
01,14,1,1,not given bribe,,,
01,14,2,1,not given bribe,,,
01,15,1,1,not given bribe,,,
01,15,2,1,not given bribe,,,
01,16,1,1,not given bribe,,,
01,16,2,1,not given bribe,,,
01,18,1,1,not given bribe,,,
01,18,2,1,not given bribe,,,
01,20,1,1,not given bribe,,,
01,20,2,1,not given bribe,,,
01,21,1,1,not given bribe,,,
01,22,1,1,not given bribe,,,
01,25,1,1,not given bribe,,,
01,31,1,1,not given bribe,,,
02,1,1,1,not given bribe,,,
02,1,2,1,not given bribe,,,
02,3,1,1,not given bribe,,,
02,3,2,1,not given bribe,,,
02,4,1,1,not given bribe,,,
02,4,2,1,not given bribe,,,
02,5,1,1,not given bribe,,,
02,5,2,1,not given bribe,,,
02,6,1,1,not given bribe,,,
02,6,2,1,not given bribe,,,
02,7,1,1,April,To prevent difficulty/danger,Police,500
02,7,2,1,not given bribe,,,
02,8,1,1,not given bribe,,,
02,8,2,1,not given bribe,,,
02,9,1,1,not given bribe,,,
02,9,2,1,not given bribe,,,
02,10,1,1,not given bribe,,,
02,10,2,1,not given bribe,,,
02,11,2,1,not given bribe,,,
02,11,3,1,not given bribe,,,
02,12,1,1,not given bribe,,,
02,12,2,1,not given bribe,,,
02,13,1,1,not given bribe,,,
02,13,2,1,not given bribe,,,
02,14,1,1,not given bribe,,,
02,14,2,1,not given bribe,,,
02,16,1,1,not given bribe,,,
02,16,2,1,not given bribe,,,
02,17,1,1,not given bribe,,,
02,17,2,1,not given bribe,,,
02,18,3,1,not given bribe,,,
02,18,6,1,not given bribe,,,
02,21,1,1,not given bribe,,,
02,22,1,1,not given bribe,,,
02,23,1,1,not given bribe,,,
02,31,1,1,not given bribe,,,
03,1,1,1,not given bribe,,,
03,1,2,1,not given bribe,,,
03,2,1,1,January,To prevent difficulty/danger,Police,500
03,2,2,1,not given bribe,,,
03,4,1,1,not given bribe,,,
03,4,2,1,not given bribe,,,
03,6,1,1,not given bribe,,,
03,6,2,1,not given bribe,,,
03,7,1,1,not given bribe,,,
03,7,2,1,not given bribe,,,
03,8,1,1,not given bribe,,,
03,8,2,1,not given bribe,,,
03,9,1,1,not given bribe,,,
03,9,2,1,not given bribe,,,
03,10,1,1,not given bribe,,,
03,10,3,1,not given bribe,,,
03,11,1,1,not given bribe,,,
03,11,2,1,not given bribe,,,
03,12,1,1,not given bribe,,,
03,12,2,1,not given bribe,,,
03,13,1,1,April,To prevent harassment,Police,450
03,13,1,2,April,To prevent harassment,Police,2000
03,13,2,1,not given bribe,,,
03,14,1,1,not given bribe,,,
03,14,2,1,not given bribe,,,
03,15,1,1,not given bribe,,,
03,15,2,1,not given bribe,,,
03,16,1,1,not given bribe,,,
03,16,2,1,not given bribe,,,
03,18,1,1,not given bribe,,,
03,18,2,1,not given bribe,,,
03,20,1,1,not given bribe,,,
03,20,2,1,not given bribe,,,
03,21,1,1,not given bribe,,,
03,22,1,1,not given bribe,,,
03,23,1,1,not given bribe,,,
03,31,1,1,not given bribe,,,
04,1,1,1,not given bribe,,,
04,1,2,1,not given bribe,,,
04,2,1,1,not given bribe,,,
04,2,2,1,not given bribe,,,
04,3,1,1,not given bribe,,,
04,3,4,1,not given bribe,,,
04,4,1,1,not given bribe,,,
04,4,2,1,not given bribe,,,
04,5,1,1,not given bribe,,,
04,5,2,1,not given bribe,,,
04,7,1,1,not given bribe,,,
04,7,2,1,not given bribe,,,
04,8,1,1,not given bribe,,,
04,8,2,1,not given bribe,,,
04,9,1,1,not given bribe,,,
04,9,2,1,not given bribe,,,
04,10,1,1,not given bribe,,,
04,10,2,1,not given bribe,,,
04,11,1,1,not given bribe,,,
04,11,2,1,not given bribe,,,
04,13,1,1,not given bribe,,,
04,13,2,1,not given bribe,,,
04,15,1,1,not given bribe,,,
04,15,2,1,not given bribe,,,
04,16,1,1,not given bribe,,,
04,16,2,1,not given bribe,,,
04,17,1,1,not given bribe,,,
04,17,4,1,not given bribe,,,
04,18,1,1,not given bribe,,,
04,18,2,1,not given bribe,,,
04,20,1,1,not given bribe,,,
04,20,2,1,not given bribe,,,
04,22,1,1,not given bribe,,,
04,23,1,1,not given bribe,,,
04,25,1,1,not given bribe,,,
04,32,1,1,not given bribe,,,
05,1,1,1,March,To prevent harassment,Police,600
05,1,1,2,March,To prevent harassment,Police,600
05,1,1,3,April,To prevent harassment,Police,600
05,1,2,1,not given bribe,,,
05,2,1,1,not given bribe,,,
05,2,2,1,not given bribe,,,
05,4,1,1,not given bribe,,,
05,4,2,1,not given bribe,,,
05,5,1,1,not given bribe,,,
05,5,2,1,not given bribe,,,
05,7,1,1,not given bribe,,,
05,7,2,1,not given bribe,,,
05,9,1,1,not given bribe,,,
05,9,2,1,not given bribe,,,
05,10,1,1,not given bribe,,,
05,10,2,1,not given bribe,,,
05,12,1,1,not given bribe,,,
05,12,2,1,not given bribe,,,
05,13,1,1,not given bribe,,,
05,13,2,1,not given bribe,,,
05,14,1,1,not given bribe,,,
05,14,2,1,not given bribe,,,
05,15,1,1,not given bribe,,,
05,15,2,1,not given bribe,,,
05,16,1,1,not given bribe,,,
05,16,2,1,not given bribe,,,
05,17,1,1,not given bribe,,,
05,17,2,1,not given bribe,,,
05,18,1,1,not given bribe,,,
05,18,2,1,not given bribe,,,
05,19,1,1,not given bribe,,,
05,19,2,1,not given bribe,,,
05,20,1,1,not given bribe,,,
05,20,2,1,not given bribe,,,
05,21,1,1,not given bribe,,,
05,22,1,1,not given bribe,,,
05,23,1,1,not given bribe,,,
05,42,1,1,not given bribe,,,
05,42,2,1,not given bribe,,,
06,1,1,1,not given bribe,,,
06,1,2,1,not given bribe,,,
06,2,1,1,not given bribe,,,
06,2,2,1,not given bribe,,,
06,3,1,1,not given bribe,,,
06,3,2,1,not given bribe,,,
06,4,1,1,not given bribe,,,
06,4,2,1,not given bribe,,,
06,5,1,1,not given bribe,,,
06,5,2,1,not given bribe,,,
06,6,1,1,not given bribe,,,
06,6,2,1,not given bribe,,,
06,7,1,1,not given bribe,,,
06,7,2,1,not given bribe,,,
06,8,1,1,not given bribe,,,
06,8,2,1,not given bribe,,,
06,9,1,1,not given bribe,,,
06,9,2,1,not given bribe,,,
06,10,1,1,not given bribe,,,
06,10,2,1,not given bribe,,,
06,11,1,1,not given bribe,,,
06,11,6,1,not given bribe,,,
06,12,1,1,not given bribe,,,
06,12,2,1,not given bribe,,,
06,13,1,1,not given bribe,,,
06,13,2,1,not given bribe,,,
06,14,1,1,not given bribe,,,
06,14,2,1,not given bribe,,,
06,15,1,1,not given bribe,,,
06,15,2,1,not given bribe,,,
06,16,1,1,not given bribe,,,
06,16,2,1,not given bribe,,,
06,17,1,1,not given bribe,,,
06,17,2,1,not given bribe,,,
06,21,1,1,not given bribe,,,
06,22,1,1,not given bribe,,,
06,23,1,1,not given bribe,,,
07,1,1,1,not given bribe,,,
07,1,2,1,not given bribe,,,
07,2,1,1,not given bribe,,,
07,2,2,1,not given bribe,,,
07,3,1,1,not given bribe,,,
07,3,2,1,not given bribe,,,
07,4,1,1,not given bribe,,,
07,4,2,1,not given bribe,,,
07,5,1,1,not given bribe,,,
07,5,2,1,not given bribe,,,
07,6,1,1,not given bribe,,,
07,6,2,1,not given bribe,,,
07,7,1,1,not given bribe,,,
07,7,2,1,not given bribe,,,
07,8,1,1,not given bribe,,,
07,8,2,1,not given bribe,,,
07,9,1,1,not given bribe,,,
07,9,2,1,not given bribe,,,
07,10,1,1,not given bribe,,,
07,10,2,1,not given bribe,,,
07,11,1,1,not given bribe,,,
07,11,2,1,not given bribe,,,
07,12,1,1,not given bribe,,,
07,12,2,1,not given bribe,,,
07,13,1,1,not given bribe,,,
07,13,2,1,not given bribe,,,
07,16,1,1,not given bribe,,,
07,16,2,1,not given bribe,,,
07,17,1,1,not given bribe,,,
07,17,2,1,not given bribe,,,
07,18,1,1,not given bribe,,,
07,18,2,1,not given bribe,,,
07,21,1,1,not given bribe,,,
07,22,1,1,not given bribe,,,
07,23,1,1,not given bribe,,,
07,31,1,1,not given bribe,,,
08,1,1,1,not given bribe,,,
08,1,2,1,not given bribe,,,
08,2,1,1,not given bribe,,,
08,2,2,1,not given bribe,,,
08,3,1,1,not given bribe,,,
08,3,2,1,not given bribe,,,
08,4,1,1,not given bribe,,,
08,4,2,1,not given bribe,,,
08,5,1,1,not given bribe,,,
08,5,2,1,not given bribe,,,
08,6,1,1,not given bribe,,,
08,6,2,1,not given bribe,,,
08,7,1,1,not given bribe,,,
08,7,2,1,not given bribe,,,
08,8,1,1,not given bribe,,,
08,8,2,1,not given bribe,,,
08,9,1,1,not given bribe,,,
08,9,2,1,not given bribe,,,
08,10,1,1,not given bribe,,,
08,10,2,1,not given bribe,,,
08,11,1,1,not given bribe,,,
08,11,2,1,not given bribe,,,
08,12,1,1,not given bribe,,,
08,12,2,1,not given bribe,,,
08,13,1,1,not given bribe,,,
08,13,2,1,not given bribe,,,
08,14,1,1,not given bribe,,,
08,14,2,1,not given bribe,,,
08,15,1,1,not given bribe,,,
08,15,2,1,not given bribe,,,
08,20,1,1,not given bribe,,,
08,20,2,1,not given bribe,,,
08,21,1,1,not given bribe,,,
08,22,1,1,not given bribe,,,
08,23,1,1,not given bribe,,,
08,31,1,1,not given bribe,,,
09,1,1,1,not given bribe,,,
09,1,2,1,not given bribe,,,
09,3,1,1,not given bribe,,,
09,3,2,1,not given bribe,,,
09,4,1,1,not given bribe,,,
09,4,2,1,not given bribe,,,
09,5,1,1,not given bribe,,,
09,5,2,1,not given bribe,,,
09,6,1,1,not given bribe,,,
09,6,2,1,not given bribe,,,
09,7,1,1,not given bribe,,,
09,7,2,1,not given bribe,,,
09,8,1,1,not given bribe,,,
09,8,2,1,not given bribe,,,
09,9,1,1,not given bribe,,,
09,9,2,1,not given bribe,,,
09,10,1,1,not given bribe,,,
09,10,2,1,not given bribe,,,
09,11,1,1,not given bribe,,,
09,11,2,1,not given bribe,,,
09,12,1,1,not given bribe,,,
09,12,2,1,not given bribe,,,
09,13,1,1,not given bribe,,,
09,13,2,1,not given bribe,,,
09,15,1,1,not given bribe,,,
09,15,2,1,not given bribe,,,
09,16,1,1,not given bribe,,,
09,16,2,1,not given bribe,,,
09,17,1,1,not given bribe,,,
09,17,2,1,not given bribe,,,
09,19,1,1,not given bribe,,,
09,19,2,1,not given bribe,,,
09,21,1,1,not given bribe,,,
09,22,1,1,not given bribe,,,
09,23,1,1,not given bribe,,,
09,31,1,1,not given bribe,,,
10,1,1,1,not given bribe,,,
10,1,2,1,not given bribe,,,
10,2,1,1,not given bribe,,,
10,2,2,1,not given bribe,,,
10,3,1,1,not given bribe,,,
10,3,2,1,not given bribe,,,
10,4,1,1,not given bribe,,,
10,4,4,1,not given bribe,,,
10,5,1,1,not given bribe,,,
10,5,2,1,not given bribe,,,
10,6,3,1,not given bribe,,,
10,6,4,1,not given bribe,,,
10,7,2,1,not given bribe,,,
10,7,3,1,not given bribe,,,
10,8,1,1,not given bribe,,,
10,8,2,1,not given bribe,,,
10,9,1,1,not given bribe,,,
10,9,2,1,not given bribe,,,
10,10,1,1,not given bribe,,,
10,10,2,1,not given bribe,,,
10,12,1,1,not given bribe,,,
10,12,2,1,not given bribe,,,
10,13,1,1,not given bribe,,,
10,13,2,1,not given bribe,,,
10,15,1,1,not given bribe,,,
10,15,2,1,not given bribe,,,
10,16,1,1,not given bribe,,,
10,16,2,1,not given bribe,,,
10,17,1,1,not given bribe,,,
10,17,2,1,not given bribe,,,
10,20,1,1,not given bribe,,,
10,20,2,1,not given bribe,,,
10,21,1,1,not given bribe,,,
10,22,1,1,not given bribe,,,
10,23,1,1,not given bribe,,,
10,31,1,1,not given bribe,,,
11,1,1,1,not given bribe,,,
11,1,2,1,not given bribe,,,
11,2,1,1,September,To prevent difficulty/danger,Other (specify),10000
11,2,1,2,November,To prevent harassment,Police,1200
11,2,2,1,not given bribe,,,
11,3,1,1,not given bribe,,,
11,3,2,1,not given bribe,,,
11,5,1,1,not given bribe,,,
11,5,2,1,not given bribe,,,
11,6,1,1,not given bribe,,,
11,6,2,1,not given bribe,,,
11,7,1,1,April,To prevent harassment,Police,4000
11,7,1,2,March,To prevent harassment,Police,4000
11,7,2,1,not given bribe,,,
11,9,1,1,not given bribe,,,
11,9,2,1,not given bribe,,,
11,10,1,1,not given bribe,,,
11,10,2,1,not given bribe,,,
11,11,1,1,not given bribe,,,
11,11,2,1,not given bribe,,,
11,12,1,1,not given bribe,,,
11,12,2,1,not given bribe,,,
11,13,1,1,not given bribe,,,
11,13,2,1,not given bribe,,,
11,14,1,1,not given bribe,,,
11,14,2,1,not given bribe,,,
11,16,1,1,not given bribe,,,
11,16,2,1,not given bribe,,,
11,17,1,1,not given bribe,,,
11,17,2,1,not given bribe,,,
11,18,1,1,not given bribe,,,
11,18,2,1,not given bribe,,,
11,19,1,1,not given bribe,,,
11,19,2,1,not given bribe,,,
11,21,2,1,not given bribe,,,
11,22,1,1,not given bribe,,,
11,23,1,1,not given bribe,,,
11,31,2,1,not given bribe,,,
12,1,1,1,not given bribe,,,
12,1,2,1,not given bribe,,,
12,2,1,1,not given bribe,,,
12,2,2,1,not given bribe,,,
12,3,1,1,not given bribe,,,
12,3,2,1,not given bribe,,,
12,4,1,1,not given bribe,,,
12,4,2,1,not given bribe,,,
12,5,1,1,not given bribe,,,
12,5,2,1,not given bribe,,,
12,6,1,1,not given bribe,,,
12,6,2,1,not given bribe,,,
12,8,1,1,not given bribe,,,
12,8,2,1,not given bribe,,,
12,9,1,1,not given bribe,,,
12,9,2,1,not given bribe,,,
12,11,1,1,not given bribe,,,
12,11,2,1,not given bribe,,,
12,12,1,1,not given bribe,,,
12,12,2,1,not given bribe,,,
12,13,1,1,not given bribe,,,
12,13,2,1,not given bribe,,,
12,14,1,1,not given bribe,,,
12,14,2,1,not given bribe,,,
12,15,1,1,not given bribe,,,
12,15,2,1,not given bribe,,,
12,16,1,1,not given bribe,,,
12,16,2,1,not given bribe,,,
12,17,1,1,not given bribe,,,
12,17,2,1,not given bribe,,,
12,18,1,1,not given bribe,,,
12,18,2,1,not given bribe,,,
12,20,1,1,not given bribe,,,
12,20,2,1,not given bribe,,,
12,21,1,1,not given bribe,,,
12,22,1,1,not given bribe,,,
12,23,1,1,not given bribe,,,
12,42,3,1,not given bribe,,,
12,42,4,1,not given bribe,,,
13,3,1,1,not given bribe,,,
13,3,2,1,not given bribe,,,
13,4,1,1,February,To prevent difficulty/danger,Police,100
13,4,1,2,January,To prevent harassment,Police,50
13,4,2,1,not given bribe,,,
13,5,1,1,not given bribe,,,
13,5,2,1,not given bribe,,,
13,6,1,1,March,To prevent harassment,Police,500
13,6,1,2,March,To prevent harassment,Police,200
13,6,1,3,May,To prevent harassment,Police,300
13,6,2,1,not given bribe,,,
13,7,1,1,not given bribe,,,
13,7,2,1,not given bribe,,,
13,8,1,1,not given bribe,,,
13,8,2,1,not given bribe,,,
13,9,1,1,not given bribe,,,
13,9,2,1,not given bribe,,,
13,10,1,1,not given bribe,,,
13,10,2,1,not given bribe,,,
13,11,1,1,March,To prevent harassment,Police,500
13,11,1,2,April,To prevent harassment,Police,500
13,11,1,3,February,To prevent harassment,Police,500
13,11,2,1,not given bribe,,,
13,12,1,1,not given bribe,,,
13,12,2,1,not given bribe,,,
13,13,1,1,not given bribe,,,
13,13,2,1,not given bribe,,,
13,14,1,1,not given bribe,,,
13,14,2,1,not given bribe,,,
13,15,1,1,not given bribe,,,
13,15,2,1,not given bribe,,,
13,16,1,1,not given bribe,,,
13,16,2,1,not given bribe,,,
13,17,1,1,not given bribe,,,
13,17,2,1,not given bribe,,,
13,18,1,1,not given bribe,,,
13,18,2,1,not given bribe,,,
13,21,1,1,not given bribe,,,
13,22,1,1,not given bribe,,,
13,23,1,1,not given bribe,,,
13,35,1,1,not given bribe,,,
13,35,2,1,not given bribe,,,
14,1,1,1,not given bribe,,,
14,1,2,1,not given bribe,,,
14,2,1,1,not given bribe,,,
14,2,2,1,not given bribe,,,
14,4,1,1,not given bribe,,,
14,4,2,1,not given bribe,,,
14,5,1,1,not given bribe,,,
14,5,2,1,not given bribe,,,
14,6,1,1,not given bribe,,,
14,6,2,1,not given bribe,,,
14,7,2,1,not given bribe,,,
14,7,3,1,not given bribe,,,
14,8,1,1,not given bribe,,,
14,8,2,1,not given bribe,,,
14,9,1,1,not given bribe,,,
14,9,2,1,not given bribe,,,
14,10,1,1,not given bribe,,,
14,10,2,1,not given bribe,,,
14,11,1,1,not given bribe,,,
14,11,2,1,not given bribe,,,
14,12,1,1,not given bribe,,,
14,12,2,1,not given bribe,,,
14,13,1,1,not given bribe,,,
14,13,2,1,not given bribe,,,
14,14,1,1,not given bribe,,,
14,14,2,1,not given bribe,,,
14,15,1,1,not given bribe,,,
14,15,2,1,not given bribe,,,
14,16,1,1,not given bribe,,,
14,16,3,1,not given bribe,,,
14,17,1,1,not given bribe,,,
14,17,2,1,not given bribe,,,
14,21,2,1,not given bribe,,,
14,22,1,1,not given bribe,,,
14,23,1,1,not given bribe,,,
14,31,1,1,not given bribe,,,
15,1,1,1,not given bribe,,,
15,1,2,1,not given bribe,,,
15,2,1,1,not given bribe,,,
15,2,2,1,not given bribe,,,
15,3,1,1,not given bribe,,,
15,3,2,1,not given bribe,,,
15,4,1,1,not given bribe,,,
15,4,2,1,not given bribe,,,
15,5,1,1,not given bribe,,,
15,5,2,1,not given bribe,,,
15,6,1,1,not given bribe,,,
15,6,2,1,not given bribe,,,
15,7,1,1,not given bribe,,,
15,7,2,1,not given bribe,,,
15,8,2,1,not given bribe,,,
15,8,3,1,not given bribe,,,
15,9,1,1,not given bribe,,,
15,9,2,1,not given bribe,,,
15,10,1,1,not given bribe,,,
15,10,2,1,not given bribe,,,
15,11,1,1,not given bribe,,,
15,11,2,1,not given bribe,,,
15,12,1,1,not given bribe,,,
15,12,2,1,not given bribe,,,
15,13,1,1,not given bribe,,,
15,13,2,1,not given bribe,,,
15,14,1,1,not given bribe,,,
15,14,2,1,not given bribe,,,
15,16,1,1,June,To get work,Private company or individual,1500
15,16,2,1,not given bribe,,,
15,17,1,1,not given bribe,,,
15,17,2,1,not given bribe,,,
15,18,1,1,not given bribe,,,
15,18,2,1,not given bribe,,,
15,21,1,1,not given bribe,,,
15,22,1,1,not given bribe,,,
15,23,1,1,not given bribe,,,
16,1,1,1,not given bribe,,,
16,1,2,1,not given bribe,,,
16,4,1,1,not given bribe,,,
16,4,2,1,not given bribe,,,
16,5,1,1,not given bribe,,,
16,5,2,1,not given bribe,,,
16,6,1,1,not given bribe,,,
16,6,2,1,not given bribe,,,
16,7,1,1,not given bribe,,,
16,7,2,1,not given bribe,,,
16,8,1,1,not given bribe,,,
16,8,2,1,May,To prevent difficulty/danger,Police,1650
16,9,1,1,not given bribe,,,
16,9,2,1,not given bribe,,,
16,10,1,1,May,To get an extra benefit,Police,800
16,10,1,2,May,To get an extra benefit,Police,800
16,10,1,3,May,To get an extra benefit,Police,800
16,10,2,1,not given bribe,,,
16,11,1,1,not given bribe,,,
16,11,2,1,not given bribe,,,
16,12,1,1,not given bribe,,,
16,12,2,1,not given bribe,,,
16,13,1,1,March,To get an extra benefit,Police,300
16,13,1,2,May,To get an extra benefit,Police,100
16,13,1,3,April,To get an extra benefit,Police,800
16,13,2,1,not given bribe,,,
16,14,1,1,not given bribe,,,
16,14,2,1,not given bribe,,,
16,15,1,1,not given bribe,,,
16,15,2,1,not given bribe,,,
16,16,1,1,not given bribe,,,
16,16,2,1,not given bribe,,,
16,17,1,1,not given bribe,,,
16,17,3,1,not given bribe,,,
16,18,1,1,not given bribe,,,
16,18,2,1,not given bribe,,,
16,20,1,1,not given bribe,,,
16,20,2,1,not given bribe,,,
16,21,1,1,not given bribe,,,
16,22,1,1,not given bribe,,,
16,23,1,1,not given bribe,,,
17,2,1,1,not given bribe,,,
17,2,2,1,not given bribe,,,
17,3,1,1,not given bribe,,,
17,3,2,1,not given bribe,,,
17,5,1,1,not given bribe,,,
17,5,2,1,not given bribe,,,
17,7,1,1,not given bribe,,,
17,7,2,1,not given bribe,,,
17,8,1,1,not given bribe,,,
17,8,2,1,not given bribe,,,
17,9,1,1,not given bribe,,,
17,9,2,1,not given bribe,,,
17,10,1,1,not given bribe,,,
17,10,2,1,not given bribe,,,
17,11,1,1,not given bribe,,,
17,11,2,1,not given bribe,,,
17,12,1,1,not given bribe,,,
17,12,2,1,not given bribe,,,
17,13,1,1,not given bribe,,,
17,13,2,1,not given bribe,,,
17,14,1,1,not given bribe,,,
17,14,2,1,not given bribe,,,
17,17,1,1,not given bribe,,,
17,17,2,1,not given bribe,,,
17,18,1,1,not given bribe,,,
17,18,2,1,not given bribe,,,
17,19,1,1,not given bribe,,,
17,19,2,1,not given bribe,,,
17,20,1,1,not given bribe,,,
17,20,2,1,not given bribe,,,
17,22,1,1,not given bribe,,,
17,23,1,1,not given bribe,,,
17,25,1,1,not given bribe,,,
17,32,1,1,not given bribe,,,
17,45,1,1,not given bribe,,,
17,45,2,1,not given bribe,,,
18,1,1,1,not given bribe,,,
18,1,2,1,not given bribe,,,
18,3,1,1,not given bribe,,,
18,3,2,1,not given bribe,,,
18,5,1,1,not given bribe,,,
18,5,2,1,not given bribe,,,
18,6,1,1,not given bribe,,,
18,6,2,1,not given bribe,,,
18,7,1,1,not given bribe,,,
18,7,2,1,not given bribe,,,
18,8,1,1,not given bribe,,,
18,8,2,1,not given bribe,,,
18,9,1,1,not given bribe,,,
18,9,2,1,not given bribe,,,
18,10,1,1,not given bribe,,,
18,10,2,1,not given bribe,,,
18,11,1,1,not given bribe,,,
18,11,2,1,not given bribe,,,
18,13,1,1,not given bribe,,,
18,13,2,1,not given bribe,,,
18,14,1,1,not given bribe,,,
18,14,2,1,not given bribe,,,
18,15,1,1,not given bribe,,,
18,15,3,1,not given bribe,,,
18,16,1,1,not given bribe,,,
18,16,2,1,not given bribe,,,
18,17,1,1,not given bribe,,,
18,17,2,1,not given bribe,,,
18,18,1,1,not given bribe,,,
18,18,2,1,not given bribe,,,
18,20,1,1,not given bribe,,,
18,20,2,1,not given bribe,,,
18,21,1,1,not given bribe,,,
18,23,1,1,not given bribe,,,
18,25,1,1,not given bribe,,,
18,31,1,1,not given bribe,,,
19,1,1,1,not given bribe,,,
19,1,2,1,not given bribe,,,
19,2,1,1,not given bribe,,,
19,2,2,1,not given bribe,,,
19,3,1,1,not given bribe,,,
19,3,2,1,not given bribe,,,
19,4,1,1,not given bribe,,,
19,4,2,1,not given bribe,,,
19,5,1,1,not given bribe,,,
19,5,2,1,not given bribe,,,
19,7,1,1,not given bribe,,,
19,7,2,1,not given bribe,,,
19,8,3,1,not given bribe,,,
19,8,4,1,not given bribe,,,
19,9,1,1,not given bribe,,,
19,9,2,1,not given bribe,,,
19,10,3,1,not given bribe,,,
19,10,4,1,not given bribe,,,
19,11,1,1,not given bribe,,,
19,11,2,1,not given bribe,,,
19,13,2,1,not given bribe,,,
19,13,5,1,not given bribe,,,
19,14,1,1,not given bribe,,,
19,14,2,1,not given bribe,,,
19,15,1,1,not given bribe,,,
19,15,2,1,not given bribe,,,
19,16,1,1,not given bribe,,,
19,16,2,1,not given bribe,,,
19,17,1,1,not given bribe,,,
19,17,2,1,not given bribe,,,
19,19,1,1,not given bribe,,,
19,19,2,1,not given bribe,,,
19,20,1,1,not given bribe,,,
19,20,2,1,not given bribe,,,
19,21,1,1,not given bribe,,,
19,22,1,1,not given bribe,,,
19,23,1,1,not given bribe,,,
20,1,1,1,not given bribe,,,
20,1,2,1,not given bribe,,,
20,2,1,1,not given bribe,,,
20,2,2,1,not given bribe,,,
20,3,1,1,not given bribe,,,
20,3,2,1,not given bribe,,,
20,4,1,1,not given bribe,,,
20,4,2,1,not given bribe,,,
20,5,1,1,not given bribe,,,
20,5,2,1,not given bribe,,,
20,6,1,1,not given bribe,,,
20,6,2,1,not given bribe,,,
20,7,1,1,not given bribe,,,
20,7,2,1,not given bribe,,,
20,8,1,1,not given bribe,,,
20,8,2,1,not given bribe,,,
20,9,1,1,not given bribe,,,
20,9,2,1,not given bribe,,,
20,10,1,1,not given bribe,,,
20,10,4,1,not given bribe,,,
20,11,1,1,not given bribe,,,
20,11,2,1,not given bribe,,,
20,12,1,1,not given bribe,,,
20,12,2,1,not given bribe,,,
20,13,1,1,not given bribe,,,
20,13,2,1,not given bribe,,,
20,14,1,1,not given bribe,,,
20,14,2,1,not given bribe,,,
20,15,1,1,March,To get work,Employer,500
20,15,2,1,not given bribe,,,
20,17,1,1,not given bribe,,,
20,17,2,1,not given bribe,,,
20,19,1,1,not given bribe,,,
20,19,2,1,not given bribe,,,
20,21,1,1,not given bribe,,,
20,22,1,1,not given bribe,,,
20,23,1,1,not given bribe,,,
20,31,1,1,not given bribe,,,
21,1,1,1,not given bribe,,,
21,1,2,1,not given bribe,,,
21,2,1,1,not given bribe,,,
21,2,2,1,not given bribe,,,
21,3,1,1,not given bribe,,,
21,3,2,1,not given bribe,,,
21,4,1,1,March,To prevent harassment,Police,300
21,4,1,2,April,To prevent harassment,Police,300
21,4,1,3,February,To prevent harassment,Police,300
21,4,2,1,not given bribe,,,
21,6,1,1,not given bribe,,,
21,6,2,1,not given bribe,,,
21,7,1,1,not given bribe,,,
21,7,2,1,not given bribe,,,
21,8,1,1,not given bribe,,,
21,8,2,1,not given bribe,,,
21,9,1,1,March,To prevent harassment,Police,50
21,9,1,2,April,To prevent harassment,Police,50
21,9,2,1,not given bribe,,,
21,10,1,1,not given bribe,,,
21,10,2,1,not given bribe,,,
21,11,1,1,not given bribe,,,
21,11,2,1,not given bribe,,,
21,12,1,1,not given bribe,,,
21,12,2,1,not given bribe,,,
21,13,1,1,not given bribe,,,
21,13,2,1,not given bribe,,,
21,14,3,1,not given bribe,,,
21,14,4,1,not given bribe,,,
21,15,1,1,not given bribe,,,
21,15,2,1,not given bribe,,,
21,16,1,1,not given bribe,,,
21,16,2,1,not given bribe,,,
21,18,1,1,not given bribe,,,
21,18,2,1,not given bribe,,,
21,21,1,1,not given bribe,,,
21,22,1,1,not given bribe,,,
21,23,1,1,not given bribe,,,
21,31,1,1,not given bribe,,,
22,1,1,1,not given bribe,,,
22,1,2,1,not given bribe,,,
22,2,1,1,not given bribe,,,
22,2,2,1,not given bribe,,,
22,4,1,1,not given bribe,,,
22,4,2,1,not given bribe,,,
22,5,1,1,not given bribe,,,
22,5,2,1,not given bribe,,,
22,7,1,1,not given bribe,,,
22,7,2,1,not given bribe,,,
22,8,1,1,not given bribe,,,
22,8,2,1,not given bribe,,,
22,10,1,1,not given bribe,,,
22,10,2,1,not given bribe,,,
22,11,1,1,not given bribe,,,
22,11,2,1,not given bribe,,,
22,12,1,1,not given bribe,,,
22,12,2,1,not given bribe,,,
22,13,1,1,not given bribe,,,
22,13,2,1,not given bribe,,,
22,14,1,1,not given bribe,,,
22,14,2,1,not given bribe,,,
22,15,1,1,not given bribe,,,
22,15,2,1,not given bribe,,,
22,17,1,1,not given bribe,,,
22,17,2,1,not given bribe,,,
22,18,1,1,not given bribe,,,
22,18,2,1,not given bribe,,,
22,19,1,1,not given bribe,,,
22,19,3,1,not given bribe,,,
22,20,1,1,not given bribe,,,
22,20,2,1,not given bribe,,,
22,21,1,1,not given bribe,,,
22,22,1,1,not given bribe,,,
22,23,1,1,not given bribe,,,
22,31,1,1,not given bribe,,,
23,1,1,1,not given bribe,,,
23,1,2,1,not given bribe,,,
23,2,1,1,not given bribe,,,
23,2,2,1,not given bribe,,,
23,3,1,1,not given bribe,,,
23,3,2,1,not given bribe,,,
23,4,1,1,not given bribe,,,
23,4,2,1,not given bribe,,,
23,5,1,1,not given bribe,,,
23,5,2,1,not given bribe,,,
23,6,1,1,not given bribe,,,
23,6,2,1,not given bribe,,,
23,7,1,1,not given bribe,,,
23,7,2,1,not given bribe,,,
23,8,1,1,not given bribe,,,
23,8,2,1,not given bribe,,,
23,9,1,1,not given bribe,,,
23,9,2,1,not given bribe,,,
23,10,1,1,not given bribe,,,
23,10,2,1,not given bribe,,,
23,11,1,1,not given bribe,,,
23,11,2,1,not given bribe,,,
23,12,1,1,not given bribe,,,
23,12,2,1,not given bribe,,,
23,13,1,1,not given bribe,,,
23,13,2,1,not given bribe,,,
23,14,1,1,not given bribe,,,
23,14,2,1,not given bribe,,,
23,15,1,1,not given bribe,,,
23,15,2,1,not given bribe,,,
23,17,1,1,not given bribe,,,
23,17,2,1,not given bribe,,,
23,18,1,1,not given bribe,,,
23,18,2,1,not given bribe,,,
23,21,1,1,not given bribe,,,
23,22,1,1,not given bribe,,,
23,31,1,1,not given bribe,,,
24,1,3,1,not given bribe,,,
24,1,4,1,not given bribe,,,
24,2,1,1,not given bribe,,,
24,2,2,1,not given bribe,,,
24,3,1,1,not given bribe,,,
24,3,2,1,not given bribe,,,
24,4,1,1,not given bribe,,,
24,4,2,1,not given bribe,,,
24,5,1,1,December,To get an extra benefit,Private company or individual,600
24,5,1,2,April,To get an extra benefit,Private company or individual,600
24,5,1,3,January,To get an extra benefit,Private company or individual,600
24,5,2,1,not given bribe,,,
24,6,1,1,not given bribe,,,
24,6,2,1,not given bribe,,,
24,7,1,1,not given bribe,,,
24,7,2,1,not given bribe,,,
24,9,1,1,not given bribe,,,
24,9,2,1,not given bribe,,,
24,10,1,1,February,To prevent harassment,Police,600
24,10,1,2,March,To prevent harassment,Police,600
24,10,1,3,April,To prevent harassment,Police,600
24,10,2,1,not given bribe,,,
24,11,1,1,not given bribe,,,
24,11,2,1,not given bribe,,,
24,13,1,1,not given bribe,,,
24,13,2,1,not given bribe,,,
24,14,1,1,not given bribe,,,
24,14,2,1,not given bribe,,,
24,15,1,1,not given bribe,,,
24,15,2,1,not given bribe,,,
24,16,3,1,not given bribe,,,
24,16,4,1,not given bribe,,,
24,17,1,1,not given bribe,,,
24,17,2,1,not given bribe,,,
24,19,1,1,not given bribe,,,
24,19,2,1,not given bribe,,,
24,20,1,1,not given bribe,,,
24,20,2,1,not given bribe,,,
24,21,1,1,not given bribe,,,
24,31,1,1,not given bribe,,,
24,32,1,1,not given bribe,,,
24,32,2,1,not given bribe,,,
25,1,1,1,not given bribe,,,
25,1,2,1,not given bribe,,,
25,2,1,1,not given bribe,,,
25,2,2,1,not given bribe,,,
25,3,1,1,not given bribe,,,
25,3,2,1,not given bribe,,,
25,4,1,1,not given bribe,,,
25,4,2,1,not given bribe,,,
25,5,1,1,not given bribe,,,
25,5,2,1,not given bribe,,,
25,6,1,1,not given bribe,,,
25,6,2,1,not given bribe,,,
25,7,1,1,not given bribe,,,
25,7,2,1,not given bribe,,,
25,8,1,1,not given bribe,,,
25,8,2,1,not given bribe,,,
25,9,1,1,not given bribe,,,
25,9,2,1,not given bribe,,,
25,11,1,1,not given bribe,,,
25,11,2,1,not given bribe,,,
25,12,1,1,not given bribe,,,
25,12,2,1,not given bribe,,,
25,13,1,1,not given bribe,,,
25,13,2,1,not given bribe,,,
25,14,1,1,not given bribe,,,
25,14,2,1,not given bribe,,,
25,17,1,1,not given bribe,,,
25,17,2,1,not given bribe,,,
25,18,1,1,not given bribe,,,
25,18,2,1,not given bribe,,,
25,19,1,1,not given bribe,,,
25,19,2,1,not given bribe,,,
25,20,1,1,not given bribe,,,
25,20,2,1,not given bribe,,,
25,21,1,1,not given bribe,,,
25,22,1,1,not given bribe,,,
25,23,1,1,not given bribe,,,
26,1,1,1,not given bribe,,,
26,1,2,1,not given bribe,,,
26,2,1,1,not given bribe,,,
26,2,2,1,not given bribe,,,
26,3,1,1,not given bribe,,,
26,3,2,1,not given bribe,,,
26,4,1,1,not given bribe,,,
26,4,2,1,not given bribe,,,
26,5,1,1,not given bribe,,,
26,5,2,1,not given bribe,,,
26,6,1,1,not given bribe,,,
26,6,2,1,not given bribe,,,
26,7,1,1,not given bribe,,,
26,7,2,1,not given bribe,,,
26,9,1,1,February,To prevent harassment,Police,1200
26,9,1,2,April,To prevent harassment,Police,1200
26,9,1,3,March,To prevent harassment,Police,1200
26,9,2,1,not given bribe,,,
26,11,1,1,not given bribe,,,
26,11,2,1,not given bribe,,,
26,12,1,1,not given bribe,,,
26,12,2,1,not given bribe,,,
26,13,1,1,March,To get an extra benefit,Other (specify),4000
26,13,2,1,not given bribe,,,
26,14,1,1,not given bribe,,,
26,14,2,1,not given bribe,,,
26,16,1,1,not given bribe,,,
26,16,2,1,not given bribe,,,
26,17,1,1,not given bribe,,,
26,17,2,1,not given bribe,,,
26,18,1,1,not given bribe,,,
26,18,2,1,not given bribe,,,
26,19,1,1,not given bribe,,,
26,19,2,1,not given bribe,,,
26,21,1,1,not given bribe,,,
26,22,2,1,not given bribe,,,
26,23,2,1,not given bribe,,,
26,31,1,1,not given bribe,,,
27,2,1,1,not given bribe,,,
27,2,2,1,not given bribe,,,
27,3,1,1,not given bribe,,,
27,3,2,1,not given bribe,,,
27,5,1,1,not given bribe,,,
27,5,2,1,not given bribe,,,
27,6,1,1,not given bribe,,,
27,6,2,1,not given bribe,,,
27,7,1,1,not given bribe,,,
27,7,2,1,not given bribe,,,
27,9,1,1,not given bribe,,,
27,9,2,1,not given bribe,,,
27,10,1,1,not given bribe,,,
27,10,2,1,not given bribe,,,
27,11,1,1,not given bribe,,,
27,11,2,1,not given bribe,,,
27,12,1,1,not given bribe,,,
27,12,2,1,not given bribe,,,
27,13,1,1,January,To prevent harassment,Police,200
27,13,1,2,Jule,To prevent harassment,Police,200
27,13,1,3,February,To prevent harassment,Police,200
27,13,2,1,not given bribe,,,
27,14,1,1,not given bribe,,,
27,14,2,1,not given bribe,,,
27,15,1,1,May,To prevent harassment,Police,1000
27,15,2,1,not given bribe,,,
27,16,1,1,not given bribe,,,
27,16,2,1,not given bribe,,,
27,17,1,1,not given bribe,,,
27,17,2,1,not given bribe,,,
27,18,1,1,not given bribe,,,
27,18,2,1,not given bribe,,,
27,19,1,1,not given bribe,,,
27,19,2,1,not given bribe,,,
27,20,1,1,not given bribe,,,
27,20,2,1,not given bribe,,,
27,21,1,1,not given bribe,,,
27,22,2,1,not given bribe,,,
27,23,1,1,not given bribe,,,
28,2,1,1,not given bribe,,,
28,2,2,1,not given bribe,,,
28,4,1,1,not given bribe,,,
28,4,2,1,not given bribe,,,
28,5,1,1,not given bribe,,,
28,5,2,1,not given bribe,,,
28,6,1,1,not given bribe,,,
28,6,5,1,not given bribe,,,
28,7,1,1,not given bribe,,,
28,7,2,1,not given bribe,,,
28,8,1,1,not given bribe,,,
28,8,2,1,not given bribe,,,
28,10,1,1,not given bribe,,,
28,10,2,1,not given bribe,,,
28,11,1,1,not given bribe,,,
28,12,1,1,not given bribe,,,
28,12,2,1,not given bribe,,,
28,13,1,1,not given bribe,,,
28,13,2,1,not given bribe,,,
28,14,1,1,not given bribe,,,
28,14,2,1,not given bribe,,,
28,15,1,1,not given bribe,,,
28,15,2,1,not given bribe,,,
28,16,1,1,not given bribe,,,
28,16,2,1,not given bribe,,,
28,17,1,1,not given bribe,,,
28,17,2,1,not given bribe,,,
28,18,1,1,not given bribe,,,
28,18,2,1,not given bribe,,,
28,19,1,1,not given bribe,,,
28,19,2,1,not given bribe,,,
28,20,1,1,not given bribe,,,
28,20,2,1,not given bribe,,,
28,21,1,1,not given bribe,,,
28,22,1,1,not given bribe,,,
28,42,1,1,not given bribe,,,
28,42,2,1,not given bribe,,,
29,1,1,1,not given bribe,,,
29,1,2,1,not given bribe,,,
29,2,1,1,not given bribe,,,
29,2,2,1,not given bribe,,,
29,3,1,1,February,To prevent difficulty/danger,Other (specify),4000
29,3,2,1,not given bribe,,,
29,5,1,1,not given bribe,,,
29,5,2,1,not given bribe,,,
29,6,1,1,not given bribe,,,
29,6,2,1,not given bribe,,,
29,7,1,1,not given bribe,,,
29,7,2,1,not given bribe,,,
29,8,1,1,not given bribe,,,
29,8,2,1,not given bribe,,,
29,9,1,1,not given bribe,,,
29,9,2,1,not given bribe,,,
29,10,1,1,not given bribe,,,
29,10,2,1,not given bribe,,,
29,12,1,1,May,To prevent difficulty/danger,Other (specify),110
29,12,2,1,not given bribe,,,
29,13,1,1,not given bribe,,,
29,13,2,1,not given bribe,,,
29,14,1,1,not given bribe,,,
29,14,2,1,not given bribe,,,
29,15,1,1,not given bribe,,,
29,15,2,1,not given bribe,,,
29,17,1,1,not given bribe,,,
29,17,2,1,not given bribe,,,
29,19,1,1,not given bribe,,,
29,19,6,1,not given bribe,,,
29,20,1,1,not given bribe,,,
29,20,2,1,not given bribe,,,
29,21,1,1,not given bribe,,,
29,22,1,1,not given bribe,,,
29,23,1,1,not given bribe,,,
29,42,1,1,not given bribe,,,
29,42,2,1,not given bribe,,,
30,1,1,1,not given bribe,,,
30,1,2,1,not given bribe,,,
30,2,1,1,not given bribe,,,
30,2,2,1,not given bribe,,,
30,3,2,1,not given bribe,,,
30,3,3,1,not given bribe,,,
30,5,1,1,not given bribe,,,
30,5,2,1,not given bribe,,,
30,6,1,1,not given bribe,,,
30,6,2,1,not given bribe,,,
30,7,1,1,not given bribe,,,
30,7,2,1,not given bribe,,,
30,8,1,1,not given bribe,,,
30,8,2,1,not given bribe,,,
30,9,2,1,not given bribe,,,
30,9,3,1,not given bribe,,,
30,10,1,1,not given bribe,,,
30,10,2,1,not given bribe,,,
30,11,1,1,not given bribe,,,
30,11,2,1,not given bribe,,,
30,12,1,1,not given bribe,,,
30,12,2,1,not given bribe,,,
30,13,1,1,not given bribe,,,
30,13,2,1,not given bribe,,,
30,14,1,1,not given bribe,,,
30,14,2,1,not given bribe,,,
30,15,1,1,not given bribe,,,
30,15,3,1,not given bribe,,,
30,16,1,1,not given bribe,,,
30,16,2,1,not given bribe,,,
30,18,1,1,not given bribe,,,
30,18,2,1,not given bribe,,,
30,20,1,1,not given bribe,,,
30,20,2,1,not given bribe,,,
30,21,1,1,not given bribe,,,
30,22,1,1,not given bribe,,,
30,23,1,1,not given bribe,,,
31,1,1,1,not given bribe,,,
31,1,2,1,not given bribe,,,
31,2,1,1,not given bribe,,,
31,2,2,1,not given bribe,,,
31,3,1,1,not given bribe,,,
31,3,2,1,not given bribe,,,
31,4,1,1,not given bribe,,,
31,4,2,1,not given bribe,,,
31,5,1,1,not given bribe,,,
31,5,2,1,not given bribe,,,
31,6,1,1,not given bribe,,,
31,6,3,1,not given bribe,,,
31,7,1,1,not given bribe,,,
31,7,2,1,not given bribe,,,
31,8,2,1,not given bribe,,,
31,8,4,1,not given bribe,,,
31,9,1,1,not given bribe,,,
31,9,2,1,not given bribe,,,
31,10,1,1,not given bribe,,,
31,10,2,1,not given bribe,,,
31,11,1,1,not given bribe,,,
31,11,2,1,not given bribe,,,
31,12,1,1,not given bribe,,,
31,12,2,1,not given bribe,,,
31,13,1,1,not given bribe,,,
31,13,2,1,not given bribe,,,
31,14,1,1,not given bribe,,,
31,14,4,1,not given bribe,,,
31,15,1,1,not given bribe,,,
31,15,2,1,not given bribe,,,
31,16,1,1,not given bribe,,,
31,16,2,1,not given bribe,,,
31,17,1,1,not given bribe,,,
31,17,2,1,not given bribe,,,
31,21,1,1,not given bribe,,,
31,22,1,1,not given bribe,,,
31,23,1,1,not given bribe,,,
32,1,1,1,not given bribe,,,
32,1,2,1,not given bribe,,,
32,2,1,1,not given bribe,,,
32,2,2,1,not given bribe,,,
32,3,1,1,January,To prevent harassment,Police,120
32,3,2,1,not given bribe,,,
32,4,1,1,not given bribe,,,
32,4,2,1,not given bribe,,,
32,7,1,1,not given bribe,,,
32,7,2,1,not given bribe,,,
32,8,1,1,not given bribe,,,
32,8,2,1,not given bribe,,,
32,9,1,1,January,To prevent harassment,Police,100
32,9,1,2,February,To prevent harassment,Police,100
32,9,1,3,March,To prevent harassment,Landlord,100
32,9,2,1,not given bribe,,,
32,10,1,1,not given bribe,,,
32,10,2,1,not given bribe,,,
32,11,1,1,not given bribe,,,
32,11,2,1,not given bribe,,,
32,12,1,1,not given bribe,,,
32,12,2,1,not given bribe,,,
32,13,1,1,not given bribe,,,
32,13,2,1,not given bribe,,,
32,14,1,1,not given bribe,,,
32,14,2,1,not given bribe,,,
32,15,1,1,January,To prevent harassment,Community leaders,10000
32,15,2,1,not given bribe,,,
32,16,1,1,January,To prevent harassment,Police,500
32,16,2,1,January,To prevent harassment,Police,500
32,17,1,1,not given bribe,,,
32,17,2,1,not given bribe,,,
32,18,1,1,not given bribe,,,
32,18,2,1,not given bribe,,,
32,19,1,1,not given bribe,,,
32,19,2,1,not given bribe,,,
32,23,1,1,not given bribe,,,
32,24,1,1,not given bribe,,,
32,25,1,1,not given bribe,,,
33,1,1,1,not given bribe,,,
33,1,2,1,not given bribe,,,
33,2,1,1,not given bribe,,,
33,2,2,1,not given bribe,,,
33,3,1,1,not given bribe,,,
33,3,2,1,not given bribe,,,
33,5,1,1,not given bribe,,,
33,5,2,1,not given bribe,,,
33,6,1,1,not given bribe,,,
33,6,2,1,not given bribe,,,
33,7,1,1,not given bribe,,,
33,7,2,1,not given bribe,,,
33,8,1,1,not given bribe,,,
33,8,2,1,not given bribe,,,
33,12,1,1,not given bribe,,,
33,12,2,1,not given bribe,,,
33,13,1,1,not given bribe,,,
33,13,2,1,not given bribe,,,
33,14,1,1,not given bribe,,,
33,14,2,1,not given bribe,,,
33,15,1,1,not given bribe,,,
33,15,2,1,not given bribe,,,
33,17,1,1,not given bribe,,,
33,17,2,1,not given bribe,,,
33,20,1,1,not given bribe,,,
33,20,2,1,not given bribe,,,
33,21,1,1,not given bribe,,,
33,22,1,1,not given bribe,,,
33,43,1,1,not given bribe,,,
33,43,2,1,not given bribe,,,
33,44,1,1,not given bribe,,,
33,44,5,1,not given bribe,,,
33,45,1,1,not given bribe,,,
33,45,2,1,not given bribe,,,
33,46,1,1,not given bribe,,,
33,46,2,1,not given bribe,,,
33,47,1,1,not given bribe,,,
33,47,2,1,not given bribe,,,
34,1,1,1,not given bribe,,,
34,1,2,1,not given bribe,,,
34,2,1,1,not given bribe,,,
34,2,2,1,not given bribe,,,
34,3,1,1,not given bribe,,,
34,3,2,1,not given bribe,,,
34,4,1,1,not given bribe,,,
34,4,2,1,not given bribe,,,
34,5,1,1,not given bribe,,,
34,5,2,1,not given bribe,,,
34,6,1,1,not given bribe,,,
34,6,2,1,not given bribe,,,
34,7,1,1,not given bribe,,,
34,7,2,1,not given bribe,,,
34,8,1,1,not given bribe,,,
34,8,2,1,not given bribe,,,
34,10,1,1,not given bribe,,,
34,10,2,1,not given bribe,,,
34,11,1,1,not given bribe,,,
34,11,2,1,not given bribe,,,
34,12,1,1,not given bribe,,,
34,12,2,1,not given bribe,,,
34,13,1,1,not given bribe,,,
34,13,2,1,not given bribe,,,
34,14,1,1,not given bribe,,,
34,14,2,1,not given bribe,,,
34,16,1,1,not given bribe,,,
34,16,2,1,not given bribe,,,
34,17,1,1,not given bribe,,,
34,17,2,1,not given bribe,,,
34,18,1,1,not given bribe,,,
34,18,2,1,not given bribe,,,
34,20,1,1,not given bribe,,,
34,20,2,1,not given bribe,,,
34,21,1,1,not given bribe,,,
34,22,1,1,not given bribe,,,
34,23,1,1,not given bribe,,,
35,1,1,1,not given bribe,,,
35,1,2,1,not given bribe,,,
35,2,1,1,January,To prevent difficulty/danger,local muscle man /mastaan,8000
35,2,2,1,not given bribe,,,
35,4,1,1,not given bribe,,,
35,4,2,1,not given bribe,,,
35,5,1,1,not given bribe,,,
35,5,2,1,not given bribe,,,
35,6,1,1,not given bribe,,,
35,6,2,1,not given bribe,,,
35,8,1,1,not given bribe,,,
35,8,2,1,not given bribe,,,
35,9,1,1,not given bribe,,,
35,11,1,1,May,To prevent difficulty/danger,Police,1000
35,11,2,1,not given bribe,,,
35,12,1,1,not given bribe,,,
35,12,2,1,not given bribe,,,
35,13,1,1,not given bribe,,,
35,13,2,1,not given bribe,,,
35,14,1,1,not given bribe,,,
35,14,2,1,not given bribe,,,
35,16,1,1,not given bribe,,,
35,16,2,1,not given bribe,,,
35,17,1,1,not given bribe,,,
35,17,2,1,not given bribe,,,
35,18,1,1,not given bribe,,,
35,18,2,1,not given bribe,,,
35,19,1,1,May,To get work,Employer,1500
35,19,2,1,not given bribe,,,
35,20,1,1,not given bribe,,,
35,20,2,1,not given bribe,,,
35,21,1,1,not given bribe,,,
35,22,1,1,not given bribe,,,
35,23,1,1,not given bribe,,,
35,31,1,1,not given bribe,,,
36,1,1,1,not given bribe,,,
36,1,2,1,not given bribe,,,
36,2,1,1,not given bribe,,,
36,2,2,1,not given bribe,,,
36,3,1,1,not given bribe,,,
36,3,2,1,not given bribe,,,
36,4,1,1,March,To prevent difficulty/danger,local muscle man /mastaan,1000
36,4,1,2,October,To prevent difficulty/danger,local muscle man /mastaan,2000
36,4,2,1,not given bribe,,,
36,5,1,1,not given bribe,,,
36,5,2,1,not given bribe,,,
36,6,1,1,not given bribe,,,
36,6,2,1,not given bribe,,,
36,7,1,1,not given bribe,,,
36,7,2,1,not given bribe,,,
36,8,1,1,not given bribe,,,
36,8,2,1,not given bribe,,,
36,10,1,1,not given bribe,,,
36,10,2,1,not given bribe,,,
36,12,1,1,not given bribe,,,
36,12,2,1,not given bribe,,,
36,13,1,1,not given bribe,,,
36,13,2,1,not given bribe,,,
36,14,1,1,not given bribe,,,
36,14,2,1,not given bribe,,,
36,15,1,1,not given bribe,,,
36,15,2,1,not given bribe,,,
36,16,1,1,not given bribe,,,
36,16,2,1,not given bribe,,,
36,18,1,1,not given bribe,,,
36,18,2,1,not given bribe,,,
36,20,1,1,not given bribe,,,
36,20,2,1,not given bribe,,,
36,21,1,1,not given bribe,,,
36,22,1,1,not given bribe,,,
36,24,1,1,not given bribe,,,
36,31,1,1,not given bribe,,,
37,1,1,1,not given bribe,,,
37,1,2,1,not given bribe,,,
37,3,1,1,not given bribe,,,
37,3,2,1,not given bribe,,,
37,4,1,1,February,To get an extra benefit,Household,50
37,4,1,2,April,To get an extra benefit,Community leaders,500
37,4,2,1,not given bribe,,,
37,6,1,1,not given bribe,,,
37,6,2,1,not given bribe,,,
37,7,1,1,not given bribe,,,
37,7,2,1,not given bribe,,,
37,9,1,1,not given bribe,,,
37,9,2,1,not given bribe,,,
37,10,1,1,not given bribe,,,
37,10,2,1,not given bribe,,,
37,11,1,1,not given bribe,,,
37,11,2,1,not given bribe,,,
37,12,1,1,not given bribe,,,
37,12,2,1,not given bribe,,,
37,13,1,1,not given bribe,,,
37,13,2,1,not given bribe,,,
37,14,1,1,not given bribe,,,
37,14,2,1,not given bribe,,,
37,15,1,1,not given bribe,,,
37,15,2,1,not given bribe,,,
37,16,1,1,not given bribe,,,
37,16,2,1,not given bribe,,,
37,19,1,1,not given bribe,,,
37,19,2,1,not given bribe,,,
37,21,1,1,not given bribe,,,
37,22,1,1,not given bribe,,,
37,23,1,1,not given bribe,,,
37,31,1,1,not given bribe,,,
37,41,1,1,not given bribe,,,
37,41,2,1,not given bribe,,,
37,43,1,1,not given bribe,,,
37,43,2,1,not given bribe,,,
38,1,1,1,not given bribe,,,
38,1,2,1,not given bribe,,,
38,2,1,1,not given bribe,,,
38,2,2,1,not given bribe,,,
38,3,1,1,not given bribe,,,
38,3,2,1,not given bribe,,,
38,4,2,1,not given bribe,,,
38,4,4,1,not given bribe,,,
38,5,1,1,January,To prevent harassment,Police,50
38,5,1,2,August,To prevent harassment,Police,50
38,5,1,3,October,To prevent harassment,Police,50
38,5,2,1,not given bribe,,,
38,8,1,1,not given bribe,,,
38,8,2,1,not given bribe,,,
38,9,1,1,not given bribe,,,
38,9,2,1,not given bribe,,,
38,10,1,1,not given bribe,,,
38,10,2,1,not given bribe,,,
38,11,1,1,not given bribe,,,
38,11,2,1,not given bribe,,,
38,13,2,1,not given bribe,,,
38,13,3,1,not given bribe,,,
38,14,1,1,March,To prevent difficulty/danger,Employer,500
38,14,2,1,not given bribe,,,
38,15,1,1,not given bribe,,,
38,15,2,1,not given bribe,,,
38,16,1,1,not given bribe,,,
38,16,2,1,not given bribe,,,
38,17,1,1,not given bribe,,,
38,17,2,1,not given bribe,,,
38,18,1,1,not given bribe,,,
38,18,2,1,not given bribe,,,
38,19,1,1,January,To prevent harassment,Other (specify),20
38,19,2,1,not given bribe,,,
38,20,1,1,not given bribe,,,
38,20,2,1,not given bribe,,,
38,21,1,1,not given bribe,,,
38,22,1,1,not given bribe,,,
38,24,1,1,not given bribe,,,
39,1,1,1,not given bribe,,,
39,1,2,1,not given bribe,,,
39,2,1,1,not given bribe,,,
39,2,2,1,not given bribe,,,
39,3,1,1,not given bribe,,,
39,3,2,1,not given bribe,,,
39,4,1,1,not given bribe,,,
39,4,2,1,not given bribe,,,
39,5,1,1,not given bribe,,,
39,5,2,1,not given bribe,,,
39,7,2,1,not given bribe,,,
39,7,3,1,not given bribe,,,
39,8,1,1,not given bribe,,,
39,8,2,1,not given bribe,,,
39,9,1,1,not given bribe,,,
39,9,2,1,not given bribe,,,
39,10,1,1,not given bribe,,,
39,10,2,1,not given bribe,,,
39,11,1,1,not given bribe,,,
39,11,2,1,not given bribe,,,
39,12,1,1,not given bribe,,,
39,12,2,1,not given bribe,,,
39,13,1,1,not given bribe,,,
39,13,2,1,not given bribe,,,
39,14,1,1,not given bribe,,,
39,14,2,1,not given bribe,,,
39,15,1,1,not given bribe,,,
39,15,3,1,not given bribe,,,
39,16,2,1,not given bribe,,,
39,16,3,1,not given bribe,,,
39,17,1,1,not given bribe,,,
39,17,2,1,not given bribe,,,
39,20,1,1,not given bribe,,,
39,20,2,1,not given bribe,,,
39,22,1,1,not given bribe,,,
39,23,1,1,not given bribe,,,
39,25,1,1,not given bribe,,,
40,2,1,1,not given bribe,,,
40,2,2,1,not given bribe,,,
40,4,1,1,not given bribe,,,
40,4,2,1,not given bribe,,,
40,5,1,1,not given bribe,,,
40,5,2,1,not given bribe,,,
40,7,1,1,not given bribe,,,
40,7,2,1,not given bribe,,,
40,8,1,1,not given bribe,,,
40,8,2,1,not given bribe,,,
40,9,1,1,not given bribe,,,
40,9,2,1,not given bribe,,,
40,10,1,1,not given bribe,,,
40,10,2,1,not given bribe,,,
40,11,1,1,not given bribe,,,
40,11,2,1,not given bribe,,,
40,12,1,1,not given bribe,,,
40,12,2,1,not given bribe,,,
40,13,1,1,not given bribe,,,
40,13,2,1,not given bribe,,,
40,15,1,1,not given bribe,,,
40,15,2,1,not given bribe,,,
40,16,1,1,not given bribe,,,
40,16,2,1,not given bribe,,,
40,17,1,1,not given bribe,,,
40,17,2,1,not given bribe,,,
40,18,1,1,not given bribe,,,
40,18,2,1,not given bribe,,,
40,20,1,1,not given bribe,,,
40,20,2,1,not given bribe,,,
40,21,1,1,not given bribe,,,
40,23,1,1,not given bribe,,,
40,24,1,1,not given bribe,,,
40,41,1,1,not given bribe,,,
40,41,2,1,not given bribe,,,
40,44,1,1,not given bribe,,,
40,44,2,1,not given bribe,,,
41,1,1,1,,,,
41,1,2,1,,,,
41,2,1,1,,,,
41,2,2,1,August,To get an extra benefit,Community leaders,500
41,3,1,1,,,,
41,3,2,1,,,,
41,4,1,1,September,To prevent harassment,Police,200
41,4,1,2,June,To prevent difficulty/danger,Police,300
41,4,2,1,,,,
41,5,1,1,,,,
41,5,2,1,,,,
41,6,1,1,,,,
41,6,2,1,,,,
41,8,1,1,,,,
41,8,2,1,,,,
41,9,1,1,,,,
41,9,2,1,,,,
41,10,1,1,,,,
41,10,2,1,,,,
41,11,1,1,,,,
41,11,2,1,,,,
41,12,1,1,,,,
41,12,2,1,,,,
41,13,1,1,,,,
41,13,2,1,,,,
41,14,1,1,,,,
41,14,2,1,,,,
41,15,1,1,,,,
41,15,2,1,,,,
41,16,1,1,,,,
41,16,2,1,,,,
41,19,1,1,,,,
41,19,2,1,,,,
41,21,1,1,,,,
41,23,1,1,,,,
41,25,1,1,,,,
41,31,1,1,,,,
43,1,1,1,September,To get an extra benefit,Police,1000
43,1,2,1,,,,
43,2,1,1,,,,
43,2,2,1,,,,
43,3,1,1,August,To get an extra benefit,Police,10
43,3,1,2,October,To get an extra benefit,Police,10
43,3,1,3,Jule,To get an extra benefit,Police,10
43,3,2,1,,,,
43,4,1,1,,,,
43,4,2,1,,,,
43,5,1,1,,,,
43,5,2,1,,,,
43,6,1,1,,,,
43,6,2,1,,,,
43,7,1,1,,,,
43,7,2,1,,,,
43,8,1,1,,,,
43,8,2,1,,,,
43,9,1,1,,,,
43,9,2,1,,,,
43,10,1,1,,,,
43,10,2,1,,,,
43,11,1,1,,,,
43,11,2,1,,,,
43,12,1,1,,,,
43,12,2,1,,,,
43,13,1,1,,,,
43,13,2,1,,,,
43,14,1,1,,,,
43,14,2,1,,,,
43,15,1,1,,,,
43,15,2,1,,,,
43,16,1,1,,,,
43,16,2,1,,,,
43,21,1,1,February,To get work,Community leaders,25000
43,21,1,2,February,To get work,Community leaders,25000
43,21,1,3,February,To get work,Community leaders,25000
43,22,1,1,,,,
43,23,2,1,,,,
43,31,1,1,May,To prevent difficulty/danger,local muscle man /mastaan,7000
44,1,1,1,,,,
44,1,2,1,,,,
44,2,1,1,,,,
44,2,2,1,,,,
44,3,1,1,,,,
44,3,2,1,,,,
44,4,1,1,,,,
44,4,2,1,,,,
44,5,1,1,,,,
44,5,2,1,,,,
44,6,1,1,August,To prevent harassment,Police,500
44,6,1,2,November,To prevent harassment,Police,500
44,6,1,3,August,To prevent harassment,Police,500
44,6,2,1,,,,
44,7,1,1,,,,
44,7,2,1,,,,
44,8,1,1,,,,
44,8,2,1,,,,
44,9,1,1,,,,
44,9,2,1,,,,
44,10,1,1,,,,
44,10,2,1,,,,
44,11,1,1,,,,
44,11,2,1,,,,
44,12,1,1,Jule,To prevent harassment,Police,1000
44,12,1,2,August,To prevent harassment,Police,600
44,12,1,3,June,To prevent harassment,Police,400
44,12,2,1,,,,
44,13,1,1,,,,
44,13,2,1,,,,
44,14,1,1,,,,
44,14,2,1,,,,
44,15,1,1,,,,
44,15,2,1,,,,
44,16,1,1,,,,
44,16,2,1,,,,
44,17,1,1,,,,
44,17,2,1,,,,
44,18,1,1,October,To prevent harassment,Police,800
44,18,1,2,August,To prevent harassment,Police,500
44,18,1,3,September,To prevent harassment,Police,800
44,18,2,1,,,,
44,19,1,1,,,,
44,19,2,1,,,,
44,31,1,1,May,To get an extra benefit,Police,500
45,1,1,1,,,,
45,1,2,1,,,,
45,2,1,1,,,,
45,2,2,1,,,,
45,3,1,1,,,,
45,3,2,1,,,,
45,4,1,1,,,,
45,4,2,1,,,,
45,5,1,1,,,,
45,5,2,1,,,,
45,6,1,1,,,,
45,6,2,1,,,,
45,7,1,1,,,,
45,7,2,1,,,,
45,9,1,1,,,,
45,9,2,1,,,,
45,10,1,1,,,,
45,10,2,1,,,,
45,11,1,1,,,,
45,11,2,1,,,,
45,12,1,1,,,,
45,12,2,1,,,,
45,13,1,1,,,,
45,13,2,1,,,,
45,14,1,1,,,,
45,14,2,1,,,,
45,15,1,1,,,,
45,15,2,1,,,,
45,16,1,1,,,,
45,16,2,1,,,,
45,17,1,1,,,,
45,17,2,1,,,,
45,21,1,1,,,,
45,22,1,1,,,,
45,23,1,1,,,,
45,24,1,1,,,,
46,1,1,1,,,,
46,1,2,1,,,,
46,2,1,1,October,To prevent harassment,Police,300
46,2,2,1,,,,
46,3,1,1,,,,
46,3,2,1,,,,
46,5,1,1,,,,
46,5,2,1,,,,
46,6,1,1,,,,
46,6,2,1,,,,
46,7,1,1,,,,
46,7,2,1,,,,
46,8,1,1,,,,
46,8,2,1,,,,
46,9,1,1,,,,
46,9,2,1,,,,
46,11,1,1,,,,
46,11,2,1,,,,
46,12,1,1,,,,
46,12,2,1,,,,
46,13,1,1,,,,
46,13,2,1,,,,
46,14,1,1,,,,
46,14,2,1,,,,
46,15,1,1,,,,
46,15,2,1,,,,
46,16,1,1,,,,
46,16,2,1,,,,
46,17,1,1,,,,
46,17,2,1,,,,
46,18,1,1,,,,
46,18,2,1,,,,
46,21,1,1,,,,
46,23,1,1,,,,
46,24,2,1,,,,
46,31,1,1,,,,
47,1,1,1,,,,
47,1,2,1,,,,
47,3,1,1,,,,
47,3,2,1,,,,
47,4,1,1,,,,
47,4,2,1,,,,
47,5,1,1,,,,
47,5,2,1,,,,
47,6,1,1,,,,
47,6,2,1,,,,
47,7,1,1,,,,
47,7,2,1,,,,
47,8,1,1,Jule,To get an extra benefit,Community leaders,100
47,8,2,1,,,,
47,9,1,1,,,,
47,9,2,1,,,,
47,10,1,1,,,,
47,10,2,1,,,,
47,11,1,1,,,,
47,11,2,1,,,,
47,12,1,1,Jule,To get an extra benefit,Employer,1400
47,12,2,1,,,,
47,13,1,1,,,,
47,13,2,1,,,,
47,14,1,1,,,,
47,14,2,1,,,,
47,15,1,1,,,,
47,15,2,1,,,,
47,16,1,1,,,,
47,16,2,1,,,,
47,17,1,1,,,,
47,17,2,1,,,,
47,22,1,1,,,,
47,23,1,1,,,,
47,24,1,1,,,,
47,31,1,1,,,,
48,1,1,1,,,,
48,1,2,1,,,,
48,3,1,1,,,,
48,3,2,1,,,,
48,4,1,1,,,,
48,4,2,1,,,,
48,5,1,1,,,,
48,5,2,1,,,,
48,6,1,1,,,,
48,6,2,1,,,,
48,7,1,1,June,To prevent harassment,Police,200
48,7,2,1,,,,
48,8,1,1,,,,
48,8,2,1,,,,
48,9,1,1,,,,
48,9,2,1,,,,
48,10,1,1,,,,
48,10,2,1,,,,
48,11,1,1,,,,
48,11,2,1,,,,
48,12,1,1,,,,
48,12,2,1,,,,
48,13,1,1,,,,
48,13,2,1,,,,
48,14,1,1,,,,
48,14,2,1,,,,
48,15,1,1,,,,
48,15,2,1,,,,
48,16,1,1,,,,
48,16,2,1,,,,
48,17,1,1,,,,
48,17,2,1,,,,
48,21,1,1,,,,
48,22,1,1,,,,
48,23,1,1,,,,
48,31,1,1,,,,
49,1,1,1,,,,
49,1,2,1,,,,
49,2,1,1,,,,
49,2,2,1,,,,
49,6,1,1,,,,
49,6,2,1,,,,
49,7,1,1,,,,
49,7,2,1,,,,
49,8,1,1,,,,
49,8,2,1,,,,
49,9,1,1,,,,
49,9,4,1,,,,
49,10,1,1,,,,
49,10,2,1,,,,
49,11,1,1,,,,
49,11,2,1,,,,
49,12,1,1,,,,
49,12,2,1,,,,
49,13,1,1,,,,
49,13,2,1,,,,
49,14,1,1,,,,
49,14,2,1,,,,
49,15,1,1,,,,
49,15,2,1,,,,
49,16,1,1,,,,
49,16,2,1,,,,
49,17,1,1,,,,
49,17,2,1,,,,
49,19,1,1,,,,
49,19,4,1,,,,
49,20,1,1,,,,
49,20,2,1,,,,
49,21,1,1,,,,
49,22,1,1,,,,
49,23,1,1,,,,
49,32,1,1,,,,
50,3,1,1,,,,
50,3,2,1,,,,
50,4,1,1,,,,
50,4,2,1,,,,
50,5,1,1,,,,
50,5,2,1,,,,
50,6,1,1,,,,
50,6,2,1,,,,
50,7,1,1,,,,
50,7,2,1,,,,
50,8,1,1,,,,
50,8,2,1,,,,
50,9,1,1,,,,
50,9,2,1,,,,
50,10,1,1,,,,
50,10,2,1,,,,
50,11,1,1,,,,
50,11,2,1,,,,
50,12,1,1,,,,
50,12,2,1,,,,
50,13,1,1,,,,
50,13,2,1,,,,
50,14,1,1,,,,
50,14,2,1,,,,
50,15,1,1,,,,
50,15,2,1,,,,
50,16,1,1,,,,
50,16,2,1,,,,
50,18,1,1,,,,
50,18,2,1,,,,
50,19,1,1,,,,
50,19,2,1,,,,
50,20,1,1,,,,
50,20,2,1,,,,
50,21,1,1,,,,
50,22,1,1,,,,
50,31,1,1,,,,
51,1,1,1,,,,
51,1,2,1,,,,
51,2,1,1,,,,
51,2,2,1,,,,
51,3,1,1,,,,
51,3,2,1,,,,
51,4,1,1,,,,
51,4,2,1,,,,
51,5,1,1,,,,
51,5,2,1,,,,
51,6,1,1,September,To prevent harassment,Community leaders,1200
51,6,1,2,August,To prevent harassment,Community leaders,1200
51,6,1,3,Jule,To prevent harassment,Community leaders,1200
51,6,2,1,,,,
51,7,1,1,,,,
51,7,2,1,,,,
51,8,1,1,,,,
51,8,2,1,,,,
51,9,1,1,,,,
51,9,2,1,,,,
51,10,1,1,,,,
51,10,2,1,,,,
51,11,1,1,,,,
51,11,2,1,,,,
51,12,1,1,,,,
51,12,2,1,,,,
51,13,1,1,,,,
51,13,2,1,,,,
51,16,1,1,,,,
51,16,2,1,,,,
51,17,1,1,,,,
51,17,2,1,,,,
51,18,1,1,,,,
51,18,2,1,,,,
51,21,1,1,,,,
51,22,1,1,,,,
51,23,1,1,,,,
51,31,1,1,,,,
52,1,1,1,,,,
52,1,2,1,,,,
52,2,1,1,,,,
52,2,2,1,,,,
52,3,1,1,,,,
52,3,2,1,,,,
52,4,1,1,,,,
52,4,2,1,,,,
52,5,1,1,,,,
52,5,2,1,,,,
52,6,1,1,,,,
52,6,2,1,,,,
52,7,1,1,,,,
52,7,2,1,,,,
52,8,2,1,,,,
52,8,3,1,,,,
52,9,1,1,,,,
52,9,2,1,,,,
52,10,1,1,,,,
52,10,4,1,,,,
52,11,1,1,June,To prevent harassment,Police,100
52,11,1,2,September,To prevent harassment,Police,200
52,11,1,3,May,To prevent harassment,Police,100
52,11,2,1,,,,
52,13,1,1,,,,
52,13,2,1,,,,
52,14,1,1,,,,
52,14,2,1,,,,
52,15,1,1,,,,
52,15,2,1,,,,
52,16,1,1,,,,
52,16,2,1,,,,
52,17,1,1,,,,
52,17,2,1,,,,
52,21,2,1,,,,
52,22,1,1,,,,
52,23,1,1,,,,
52,31,1,1,,,,
53,2,1,1,,,,
53,2,2,1,,,,
53,3,1,1,,,,
53,3,2,1,,,,
53,4,1,1,Jule,To prevent harassment,Police,1000
53,4,1,2,August,To prevent harassment,Police,1000
53,4,1,3,September,To prevent harassment,Police,1000
53,4,2,1,,,,
53,5,1,1,,,,
53,5,2,1,,,,
53,6,1,1,,,,
53,6,2,1,,,,
53,7,1,1,,,,
53,7,2,1,,,,
53,8,1,1,,,,
53,8,2,1,,,,
53,9,1,1,,,,
53,9,7,1,,,,
53,10,1,1,,,,
53,10,2,1,,,,
53,11,1,1,,,,
53,11,2,1,,,,
53,12,1,1,,,,
53,12,2,1,,,,
53,13,1,1,,,,
53,13,2,1,,,,
53,14,1,1,,,,
53,14,2,1,,,,
53,15,1,1,,,,
53,15,2,1,,,,
53,16,1,1,,,,
53,16,2,1,,,,
53,18,1,1,Jule,To prevent harassment,Police,500
53,18,1,2,June,To prevent harassment,Police,1000
53,18,2,1,,,,
53,21,2,1,,,,
53,22,1,1,,,,
53,23,1,1,,,,
53,31,1,1,,,,
54,1,1,1,,,,
54,1,5,1,,,,
54,2,1,1,,,,
54,2,2,1,,,,
54,3,1,1,,,,
54,3,2,1,,,,
54,4,1,1,,,,
54,4,2,1,,,,
54,5,1,1,,,,
54,5,2,1,,,,
54,6,1,1,,,,
54,6,2,1,,,,
54,7,1,1,,,,
54,7,2,1,,,,
54,8,1,1,June,To get an extra benefit,Police,500
54,8,1,2,August,To get an extra benefit,Police,500
54,8,2,1,,,,
54,9,1,1,,,,
54,9,2,1,,,,
54,10,1,1,October,To prevent harassment,Police,5000
54,10,1,2,August,To prevent harassment,Police,5000
54,10,1,3,September,To prevent harassment,Police,5000
54,10,2,1,,,,
54,11,1,1,September,To get an extra benefit,Private company or individual,5000
54,11,2,1,September,To get an extra benefit,Private company or individual,5000
54,12,1,1,August,To prevent harassment,Police,500
54,12,1,2,Jule,To prevent harassment,Police,800
54,12,1,3,September,To prevent harassment,Police,500
54,12,2,1,,,,
54,14,1,1,,,,
54,14,2,1,,,,
54,15,1,1,,,,
54,15,2,1,August,To prevent harassment,Police,800
54,15,2,2,October,To prevent harassment,Police,700
54,15,2,3,September,To prevent harassment,Police,500
54,16,1,1,,,,
54,16,2,1,,,,
54,17,1,1,,,,
54,17,2,1,,,,
54,21,1,1,,,,
54,22,2,1,,,,
54,23,1,1,,,,
54,32,1,1,June,To prevent harassment,Police,200
54,32,1,2,October,To prevent harassment,Police,600
54,32,1,3,September,To prevent harassment,Police,1700
55,1,1,1,,,,
55,1,2,1,,,,
55,2,1,1,,,,
55,2,2,1,,,,
55,3,1,1,,,,
55,3,2,1,,,,
55,4,1,1,September,To prevent harassment,Police,600
55,4,2,1,,,,
55,5,1,1,,,,
55,5,2,1,,,,
55,7,1,1,,,,
55,7,2,1,,,,
55,9,1,1,,,,
55,9,2,1,,,,
55,10,1,1,,,,
55,10,4,1,,,,
55,11,1,1,,,,
55,11,2,1,,,,
55,12,1,1,,,,
55,12,2,1,,,,
55,13,1,1,May,To prevent harassment,Police,500
55,13,1,2,August,To prevent harassment,Police,1000
55,13,1,3,October,To prevent harassment,Police,8000
55,13,2,1,,,,
55,14,1,1,,,,
55,14,2,1,,,,
55,15,2,1,,,,
55,15,4,1,,,,
55,16,1,1,,,,
55,16,2,1,,,,
55,17,1,1,,,,
55,17,2,1,,,,
55,18,1,1,,,,
55,18,2,1,,,,
55,21,1,1,,,,
55,22,1,1,,,,
55,23,1,1,,,,
55,32,1,1,,,,
56,1,1,1,December,To prevent harassment,Police,40
56,1,2,1,,,,
56,2,1,1,Jule,To get work,Private company or individual,20000
56,2,2,1,,,,
56,3,1,1,,,,
56,3,2,1,,,,
56,4,1,1,,,,
56,4,2,1,January,To get an extra benefit,Police,300
56,4,2,2,March,To get an extra benefit,Police,300
56,4,2,3,February,To get an extra benefit,Police,300
56,5,1,1,,,,
56,5,2,1,,,,
56,6,1,1,,,,
56,6,2,1,,,,
56,7,1,1,,,,
56,7,2,1,,,,
56,8,1,1,,,,
56,8,2,1,,,,
56,9,1,1,February,To get work,Private company or individual,2500
56,9,2,1,,,,
56,10,1,1,,,,
56,10,2,1,,,,
56,11,1,1,,,,
56,11,2,1,,,,
56,12,1,1,,,,
56,12,2,1,,,,
56,13,1,1,,,,
56,13,2,1,,,,
56,14,1,1,,,,
56,14,2,1,,,,
56,15,1,1,,,,
56,15,2,1,,,,
56,16,1,1,,,,
56,16,2,1,Jule,To prevent harassment,Police,1500
56,21,1,1,,,,
56,22,1,1,,,,
56,24,1,1,,,,
56,31,1,1,,,,
57,1,1,1,,,,
57,1,2,1,,,,
57,2,1,1,,,,
57,2,2,1,,,,
57,3,1,1,October,To prevent harassment,Police,100
57,3,1,2,August,To prevent harassment,Police,100
57,3,1,3,September,To prevent harassment,Police,100
57,3,2,1,,,,
57,4,1,1,September,To prevent harassment,Police,2000
57,4,1,2,October,To prevent harassment,Police,2000
57,4,2,1,,,,
57,6,1,1,September,To prevent harassment,Police,500
57,6,1,2,October,To prevent harassment,Police,500
57,6,1,3,August,To prevent harassment,Police,500
57,6,2,1,,,,
57,7,1,1,,,,
57,7,2,1,,,,
57,8,1,1,,,,
57,8,2,1,,,,
57,9,1,1,,,,
57,9,2,1,,,,
57,10,1,1,,,,
57,10,2,1,,,,
57,11,1,1,October,To prevent harassment,Police,1500
57,11,1,2,August,To prevent harassment,Police,1500
57,11,1,3,September,To prevent harassment,Police,1500
57,11,2,1,,,,
57,12,1,1,,,,
57,12,2,1,,,,
57,13,1,1,,,,
57,13,2,1,,,,
57,14,1,1,,,,
57,14,2,1,,,,
57,15,1,1,,,,
57,15,2,1,,,,
57,16,1,1,,,,
57,16,2,1,,,,
57,17,1,1,,,,
57,17,2,1,,,,
57,18,1,1,August,To prevent harassment,Police,500
57,18,1,2,September,To prevent harassment,Police,500
57,18,1,3,October,To prevent harassment,Police,500
57,18,2,1,,,,
57,21,1,1,,,,
57,22,1,1,,,,
57,31,1,1,October,To prevent harassment,Police,500
58,1,1,1,,,,
58,1,2,1,,,,
58,2,1,1,,,,
58,2,2,1,,,,
58,3,1,1,,,,
58,3,2,1,,,,
58,4,1,1,,,,
58,4,2,1,,,,
58,5,1,1,,,,
58,5,2,1,,,,
58,6,1,1,,,,
58,6,2,1,,,,
58,7,1,1,,,,
58,7,2,1,,,,
58,8,1,1,,,,
58,8,2,1,,,,
58,9,1,1,,,,
58,9,2,1,,,,
58,10,1,1,,,,
58,10,2,1,,,,
58,11,1,1,,,,
58,11,2,1,,,,
58,12,1,1,,,,
58,12,2,1,,,,
58,13,1,1,,,,
58,13,2,1,,,,
58,14,1,1,,,,
58,14,2,1,,,,
58,15,1,1,,,,
58,15,5,1,,,,
58,16,1,1,,,,
58,16,2,1,,,,
58,21,1,1,,,,
58,22,1,1,,,,
58,23,1,1,,,,
58,31,1,1,,,,
59,1,1,1,,,,
59,1,2,1,,,,
59,2,1,1,,,,
59,2,2,1,,,,
59,3,1,1,,,,
59,3,2,1,,,,
59,4,1,1,,,,
59,4,2,1,,,,
59,5,1,1,,,,
59,5,2,1,,,,
59,6,1,1,,,,
59,6,2,1,,,,
59,7,1,1,,,,
59,7,2,1,,,,
59,9,1,1,,,,
59,9,2,1,,,,
59,11,1,1,,,,
59,11,2,1,,,,
59,12,1,1,,,,
59,12,2,1,,,,
59,13,1,1,,,,
59,13,2,1,,,,
59,14,1,1,,,,
59,14,2,1,,,,
59,15,1,1,Jule,To prevent harassment,Police,30
59,15,2,1,,,,
59,16,1,1,,,,
59,16,2,1,,,,
59,17,1,1,,,,
59,17,2,1,,,,
59,18,1,1,,,,
59,18,2,1,,,,
59,21,1,1,,,,
59,22,1,1,,,,
59,23,1,1,,,,
59,31,1,1,,,,
60,1,1,1,,,,
60,1,2,1,,,,
60,2,1,1,,,,
60,2,2,1,,,,
60,3,1,1,,,,
60,3,2,1,,,,
60,6,2,1,,,,
60,6,3,1,,,,
60,8,1,1,,,,
60,8,2,1,,,,
60,9,1,1,,,,
60,9,2,1,,,,
60,10,1,1,,,,
60,10,2,1,,,,
60,12,1,1,,,,
60,12,2,1,,,,
60,13,1,1,,,,
60,13,2,1,,,,
60,14,1,1,,,,
60,14,3,1,,,,
60,15,1,1,,,,
60,15,2,1,,,,
60,16,1,1,,,,
60,16,2,1,,,,
60,17,1,1,September,To prevent harassment,local muscle man /mastaan,2000
60,17,1,2,September,To prevent harassment,Police,4000
60,17,2,1,,,,
60,18,1,1,,,,
60,18,2,1,,,,
60,19,1,1,June,To prevent harassment,Police,4000
60,19,2,1,,,,
60,20,1,1,,,,
60,20,2,1,October,To prevent harassment,Community leaders,2000
60,20,2,2,August,To prevent harassment,Community leaders,2000
60,20,2,3,September,To prevent harassment,Police,2000
60,21,1,1,,,,
60,22,1,1,,,,
60,23,1,1,,,,
60,31,1,1,,,,
61,1,1,1,,,,
61,1,2,1,,,,
61,2,2,1,,,,
61,2,5,1,,,,
61,3,1,1,,,,
61,3,2,1,,,,
61,4,1,1,,,,
61,4,2,1,,,,
61,5,1,1,,,,
61,5,2,1,,,,
61,6,1,1,March,To get work,Employer,20
61,6,1,2,September,To get work,Police,30
61,6,2,1,,,,
61,7,1,1,,,,
61,7,2,1,,,,
61,8,1,1,,,,
61,8,2,1,,,,
61,9,1,1,,,,
61,9,2,1,,,,
61,10,1,1,,,,
61,10,2,1,,,,
61,11,1,1,,,,
61,11,2,1,,,,
61,13,1,1,,,,
61,13,2,1,,,,
61,14,1,1,November,To get an extra benefit,Police,440
61,14,1,2,Jule,To prevent difficulty/danger,Police,440
61,14,1,3,March,To get an extra benefit,Police,240
61,14,2,1,,,,
61,15,1,1,,,,
61,15,2,1,,,,
61,16,1,1,March,To get an extra benefit,Police,2000
61,16,1,2,September,To get an extra benefit,Police,300
61,16,2,1,,,,
61,17,1,1,,,,
61,17,3,1,,,,
61,18,1,1,,,,
61,18,2,1,,,,
61,21,1,1,,,,
61,22,1,1,,,,
61,23,1,1,,,,
62,1,1,1,,,,
62,1,2,1,,,,
62,2,1,1,,,,
62,2,2,1,,,,
62,3,1,1,,,,
62,3,2,1,,,,
62,4,1,1,,,,
62,4,2,1,,,,
62,5,1,1,,,,
62,5,2,1,,,,
62,6,1,1,,,,
62,6,2,1,,,,
62,7,1,1,,,,
62,7,2,1,,,,
62,9,1,1,,,,
62,9,2,1,,,,
62,10,1,1,,,,
62,10,2,1,,,,
62,11,1,1,,,,
62,11,2,1,,,,
62,12,1,1,,,,
62,12,2,1,,,,
62,13,3,1,,,,
62,13,4,1,Jule,To prevent difficulty/danger,local muscle man /mastaan,2000
62,13,4,2,August,To prevent difficulty/danger,local muscle man /mastaan,2000
62,13,4,3,September,To prevent difficulty/danger,local muscle man /mastaan,2000
62,15,1,1,June,To prevent difficulty/danger,Police,6000
62,15,2,1,,,,
62,17,1,1,,,,
62,17,2,1,,,,
62,18,1,1,,,,
62,18,2,1,,,,
62,19,1,1,,,,
62,19,2,1,,,,
62,20,1,1,,,,
62,20,2,1,,,,
62,21,1,1,,,,
62,22,1,1,,,,
62,23,1,1,,,,
63,1,1,1,,,,
63,1,2,1,,,,
63,2,1,1,,,,
63,2,2,1,,,,
63,3,1,1,,,,
63,3,2,1,,,,
63,4,1,1,,,,
63,4,2,1,,,,
63,5,1,1,,,,
63,5,2,1,,,,
63,6,1,1,,,,
63,6,4,1,,,,
63,7,1,1,,,,
63,7,2,1,,,,
63,8,1,1,,,,
63,8,2,1,,,,
63,9,1,1,,,,
63,9,2,1,,,,
63,10,1,1,,,,
63,10,2,1,,,,
63,11,1,1,,,,
63,11,2,1,,,,
63,12,1,1,,,,
63,12,2,1,,,,
63,13,1,1,,,,
63,13,2,1,,,,
63,14,1,1,,,,
63,14,2,1,,,,
63,16,1,1,,,,
63,16,2,1,,,,
63,17,1,1,,,,
63,17,2,1,,,,
63,18,1,1,,,,
63,18,2,1,,,,
63,19,1,1,,,,
63,19,2,1,,,,
63,22,1,1,,,,
63,23,1,1,May,To get an extra benefit,Private company or individual,2000
64,1,1,1,,,,
64,1,2,1,,,,
64,2,1,1,,,,
64,2,2,1,,,,
64,3,1,1,,,,
64,3,2,1,,,,
64,4,1,1,,,,
64,4,2,1,,,,
64,5,1,1,,,,
64,5,2,1,,,,
64,7,1,1,,,,
64,7,2,1,,,,
64,8,1,1,,,,
64,8,2,1,,,,
64,9,1,1,,,,
64,9,2,1,,,,
64,11,1,1,,,,
64,11,2,1,,,,
64,12,1,1,,,,
64,12,2,1,,,,
64,13,1,1,,,,
64,13,2,1,,,,
64,14,1,1,,,,
64,14,2,1,,,,
64,15,1,1,,,,
64,15,2,1,,,,
64,16,1,1,,,,
64,16,2,1,,,,
64,17,1,1,,,,
64,17,2,1,,,,
64,18,1,1,,,,
64,18,2,1,,,,
64,21,1,1,,,,
64,22,1,1,,,,
64,23,1,1,,,,
64,32,1,1,,,,
65,1,1,1,,,,
65,1,2,1,,,,
65,2,1,1,June,To prevent harassment,Police,200
65,2,1,2,October,To prevent difficulty/danger,Police,50
65,2,1,3,February,To get an extra benefit,Police,20
65,2,2,1,,,,
65,4,1,1,,,,
65,4,2,1,,,,
65,5,1,1,,,,
65,5,2,1,,,,
65,6,1,1,,,,
65,6,2,1,,,,
65,7,1,1,,,,
65,7,2,1,,,,
65,8,1,1,,,,
65,8,2,1,,,,
65,9,1,1,,,,
65,9,2,1,,,,
65,10,1,1,,,,
65,10,2,1,,,,
65,11,1,1,,,,
65,11,2,1,,,,
65,12,1,1,,,,
65,12,2,1,,,,
65,14,1,1,,,,
65,14,2,1,,,,
65,15,1,1,,,,
65,15,4,1,,,,
65,16,1,1,,,,
65,16,2,1,,,,
65,17,1,1,,,,
65,17,2,1,,,,
65,18,1,1,,,,
65,18,2,1,,,,
65,19,1,1,,,,
65,19,2,1,,,,
65,21,1,1,,,,
65,22,1,1,,,,
65,23,1,1,,,,
66,1,1,1,,,,
66,1,2,1,,,,
66,2,1,1,,,,
66,2,2,1,,,,
66,3,1,1,,,,
66,3,2,1,,,,
66,4,1,1,,,,
66,4,2,1,,,,
66,5,1,1,,,,
66,5,2,1,,,,
66,6,1,1,,,,
66,6,2,1,,,,
66,7,1,1,,,,
66,7,2,1,,,,
66,8,1,1,,,,
66,8,3,1,,,,
66,10,1,1,,,,
66,10,2,1,,,,
66,11,1,1,,,,
66,11,2,1,,,,
66,12,1,1,,,,
66,12,2,1,,,,
66,13,1,1,,,,
66,13,2,1,,,,
66,14,1,1,,,,
66,14,2,1,,,,
66,15,1,1,November,To get an extra benefit,Employer,2000
66,15,2,1,,,,
66,16,1,1,,,,
66,16,2,1,,,,
66,18,1,1,,,,
66,18,2,1,,,,
66,21,1,1,,,,
66,22,1,1,,,,
66,23,1,1,,,,
66,31,1,1,,,,
