neighborhood,hhid,type,area,weight
1,1,Non-slum,Dhaka City Corporation,2493.3511
1,2,Non-slum,Dhaka City Corporation,2493.3511
1,3,Non-slum,Dhaka City Corporation,2493.3511
1,4,Non-slum,Dhaka City Corporation,2493.3511
1,5,Non-slum,Dhaka City Corporation,2493.3511
1,6,Non-slum,Dhaka City Corporation,2493.3511
1,7,Non-slum,Dhaka City Corporation,2493.3511
1,8,Non-slum,Dhaka City Corporation,2493.3511
1,9,Non-slum,Dhaka City Corporation,2493.3511
1,11,Non-slum,Dhaka City Corporation,2493.3511
1,13,Non-slum,Dhaka City Corporation,2493.3511
1,14,Non-slum,Dhaka City Corporation,2493.3511
1,15,Non-slum,Dhaka City Corporation,2493.3511
1,16,Non-slum,Dhaka City Corporation,2493.3511
1,18,Non-slum,Dhaka City Corporation,2493.3511
1,20,Non-slum,Dhaka City Corporation,2493.3511
1,21,Non-slum,Dhaka City Corporation,620.56738
1,22,Non-slum,Dhaka City Corporation,620.56738
1,25,Non-slum,Dhaka City Corporation,620.56738
1,31,Non-slum,Dhaka City Corporation,265.95746
2,1,Non-slum,Dhaka City Corporation,880.07159
2,3,Non-slum,Dhaka City Corporation,880.07159
2,4,Non-slum,Dhaka City Corporation,880.07159
2,5,Non-slum,Dhaka City Corporation,880.07159
2,6,Non-slum,Dhaka City Corporation,880.07159
2,7,Non-slum,Dhaka City Corporation,880.07159
2,8,Non-slum,Dhaka City Corporation,880.07159
2,9,Non-slum,Dhaka City Corporation,880.07159
2,10,Non-slum,Dhaka City Corporation,880.07159
2,11,Non-slum,Dhaka City Corporation,880.07159
2,12,Non-slum,Dhaka City Corporation,880.07159
2,13,Non-slum,Dhaka City Corporation,880.07159
2,14,Non-slum,Dhaka City Corporation,880.07159
2,16,Non-slum,Dhaka City Corporation,880.07159
2,17,Non-slum,Dhaka City Corporation,880.07159
2,18,Non-slum,Dhaka City Corporation,880.07159
2,21,Non-slum,Dhaka City Corporation,238.66348
2,22,Non-slum,Dhaka City Corporation,238.66348
2,23,Non-slum,Dhaka City Corporation,238.66348
2,31,Non-slum,Dhaka City Corporation,715.99042
3,1,Non-slum,Dhaka City Corporation,1364.2133
3,2,Non-slum,Dhaka City Corporation,1364.2133
3,4,Non-slum,Dhaka City Corporation,1364.2133
3,6,Non-slum,Dhaka City Corporation,1364.2133
3,7,Non-slum,Dhaka City Corporation,1364.2133
3,8,Non-slum,Dhaka City Corporation,1364.2133
3,9,Non-slum,Dhaka City Corporation,1364.2133
3,10,Non-slum,Dhaka City Corporation,1364.2133
3,11,Non-slum,Dhaka City Corporation,1364.2133
3,12,Non-slum,Dhaka City Corporation,1364.2133
3,13,Non-slum,Dhaka City Corporation,1364.2133
3,14,Non-slum,Dhaka City Corporation,1364.2133
3,15,Non-slum,Dhaka City Corporation,1364.2133
3,16,Non-slum,Dhaka City Corporation,1364.2133
3,18,Non-slum,Dhaka City Corporation,1364.2133
3,20,Non-slum,Dhaka City Corporation,1364.2133
3,21,Non-slum,Dhaka City Corporation,676.81897
3,22,Non-slum,Dhaka City Corporation,676.81897
3,23,Non-slum,Dhaka City Corporation,676.81897
3,31,Non-slum,Dhaka City Corporation,1522.8427
4,1,Non-slum,Dhaka City Corporation,1959.3822
4,2,Non-slum,Dhaka City Corporation,1959.3822
4,3,Non-slum,Dhaka City Corporation,1959.3822
4,4,Non-slum,Dhaka City Corporation,1959.3822
4,5,Non-slum,Dhaka City Corporation,1959.3822
4,7,Non-slum,Dhaka City Corporation,1959.3822
4,8,Non-slum,Dhaka City Corporation,1959.3822
4,9,Non-slum,Dhaka City Corporation,1959.3822
4,10,Non-slum,Dhaka City Corporation,1959.3822
4,11,Non-slum,Dhaka City Corporation,1959.3822
4,13,Non-slum,Dhaka City Corporation,1959.3822
4,15,Non-slum,Dhaka City Corporation,1959.3822
4,16,Non-slum,Dhaka City Corporation,1959.3822
4,17,Non-slum,Dhaka City Corporation,1959.3822
4,18,Non-slum,Dhaka City Corporation,1959.3822
4,20,Non-slum,Dhaka City Corporation,1959.3822
4,22,Non-slum,Dhaka City Corporation,1067.8871
4,23,Non-slum,Dhaka City Corporation,1067.8871
4,25,Non-slum,Dhaka City Corporation,1067.8871
4,32,Non-slum,Dhaka City Corporation,915.33179
5,1,Non-slum,Dhaka City Corporation,1946.9761
5,2,Non-slum,Dhaka City Corporation,1946.9761
5,4,Non-slum,Dhaka City Corporation,1946.9761
5,5,Non-slum,Dhaka City Corporation,1946.9761
5,7,Non-slum,Dhaka City Corporation,1946.9761
5,9,Non-slum,Dhaka City Corporation,1946.9761
5,10,Non-slum,Dhaka City Corporation,1946.9761
5,12,Non-slum,Dhaka City Corporation,1946.9761
5,13,Non-slum,Dhaka City Corporation,1946.9761
5,14,Non-slum,Dhaka City Corporation,1946.9761
5,15,Non-slum,Dhaka City Corporation,1946.9761
5,16,Non-slum,Dhaka City Corporation,1946.9761
5,17,Non-slum,Dhaka City Corporation,1946.9761
5,18,Non-slum,Dhaka City Corporation,1946.9761
5,19,Non-slum,Dhaka City Corporation,1946.9761
5,20,Non-slum,Dhaka City Corporation,1946.9761
5,21,Non-slum,Dhaka City Corporation,352.11267
5,22,Non-slum,Dhaka City Corporation,352.11267
5,23,Non-slum,Dhaka City Corporation,352.11267
5,42,Non-slum,Dhaka City Corporation,1946.9761
6,1,Non-slum,Dhaka City Corporation,1726.8005
6,2,Non-slum,Dhaka City Corporation,1726.8005
6,3,Non-slum,Dhaka City Corporation,1726.8005
6,4,Non-slum,Dhaka City Corporation,1726.8005
6,5,Non-slum,Dhaka City Corporation,1726.8005
6,6,Non-slum,Dhaka City Corporation,1726.8005
6,7,Non-slum,Dhaka City Corporation,1726.8005
6,8,Non-slum,Dhaka City Corporation,1726.8005
6,9,Non-slum,Dhaka City Corporation,1726.8005
6,10,Non-slum,Dhaka City Corporation,1726.8005
6,11,Non-slum,Dhaka City Corporation,1726.8005
6,12,Non-slum,Dhaka City Corporation,1726.8005
6,13,Non-slum,Dhaka City Corporation,1726.8005
6,14,Non-slum,Dhaka City Corporation,1726.8005
6,15,Non-slum,Dhaka City Corporation,1726.8005
6,16,Non-slum,Dhaka City Corporation,1726.8005
6,17,Non-slum,Dhaka City Corporation,1726.8005
6,21,Non-slum,Dhaka City Corporation,477.32697
6,22,Non-slum,Dhaka City Corporation,477.32697
6,23,Non-slum,Dhaka City Corporation,477.32697
7,1,Non-slum,Dhaka City Corporation,2343.75
7,2,Non-slum,Dhaka City Corporation,2343.75
7,3,Non-slum,Dhaka City Corporation,2343.75
7,4,Non-slum,Dhaka City Corporation,2343.75
7,5,Non-slum,Dhaka City Corporation,2343.75
7,6,Non-slum,Dhaka City Corporation,2343.75
7,7,Non-slum,Dhaka City Corporation,2343.75
7,8,Non-slum,Dhaka City Corporation,2343.75
7,9,Non-slum,Dhaka City Corporation,2343.75
7,10,Non-slum,Dhaka City Corporation,2343.75
7,11,Non-slum,Dhaka City Corporation,2343.75
7,12,Non-slum,Dhaka City Corporation,2343.75
7,13,Non-slum,Dhaka City Corporation,2343.75
7,16,Non-slum,Dhaka City Corporation,2343.75
7,17,Non-slum,Dhaka City Corporation,2343.75
7,18,Non-slum,Dhaka City Corporation,2343.75
7,21,Non-slum,Dhaka City Corporation,1016.2601
7,22,Non-slum,Dhaka City Corporation,1016.2601
7,23,Non-slum,Dhaka City Corporation,1016.2601
7,31,Non-slum,Dhaka City Corporation,304.87805
8,1,Non-slum,Dhaka City Corporation,2219.6262
8,2,Non-slum,Dhaka City Corporation,2219.6262
8,3,Non-slum,Dhaka City Corporation,2219.6262
8,4,Non-slum,Dhaka City Corporation,2219.6262
8,5,Non-slum,Dhaka City Corporation,2219.6262
8,6,Non-slum,Dhaka City Corporation,2219.6262
8,7,Non-slum,Dhaka City Corporation,2219.6262
8,8,Non-slum,Dhaka City Corporation,2219.6262
8,9,Non-slum,Dhaka City Corporation,2219.6262
8,10,Non-slum,Dhaka City Corporation,2219.6262
8,11,Non-slum,Dhaka City Corporation,2219.6262
8,12,Non-slum,Dhaka City Corporation,2219.6262
8,13,Non-slum,Dhaka City Corporation,2219.6262
8,14,Non-slum,Dhaka City Corporation,2219.6262
8,15,Non-slum,Dhaka City Corporation,2219.6262
8,20,Non-slum,Dhaka City Corporation,2219.6262
8,21,Non-slum,Dhaka City Corporation,415.36865
8,22,Non-slum,Dhaka City Corporation,415.36865
8,23,Non-slum,Dhaka City Corporation,415.36865
8,31,Non-slum,Dhaka City Corporation,623.05298
9,1,Non-slum,Dhaka City Corporation,2088.4521
9,3,Non-slum,Dhaka City Corporation,2088.4521
9,4,Non-slum,Dhaka City Corporation,2088.4521
9,5,Non-slum,Dhaka City Corporation,2088.4521
9,6,Non-slum,Dhaka City Corporation,2088.4521
9,7,Non-slum,Dhaka City Corporation,2088.4521
9,8,Non-slum,Dhaka City Corporation,2088.4521
9,9,Non-slum,Dhaka City Corporation,2088.4521
9,10,Non-slum,Dhaka City Corporation,2088.4521
9,11,Non-slum,Dhaka City Corporation,2088.4521
9,12,Non-slum,Dhaka City Corporation,2088.4521
9,13,Non-slum,Dhaka City Corporation,2088.4521
9,15,Non-slum,Dhaka City Corporation,2088.4521
9,16,Non-slum,Dhaka City Corporation,2088.4521
9,17,Non-slum,Dhaka City Corporation,2088.4521
9,19,Non-slum,Dhaka City Corporation,2088.4521
9,21,Non-slum,Dhaka City Corporation,819.00079
9,22,Non-slum,Dhaka City Corporation,819.00079
9,23,Non-slum,Dhaka City Corporation,819.00079
9,31,Non-slum,Dhaka City Corporation,1719.9016
10,1,Non-slum,Dhaka City Corporation,1662.2341
10,2,Non-slum,Dhaka City Corporation,1662.2341
10,3,Non-slum,Dhaka City Corporation,1662.2341
10,4,Non-slum,Dhaka City Corporation,1662.2341
10,5,Non-slum,Dhaka City Corporation,1662.2341
10,6,Non-slum,Dhaka City Corporation,1662.2341
10,7,Non-slum,Dhaka City Corporation,1662.2341
10,8,Non-slum,Dhaka City Corporation,1662.2341
10,9,Non-slum,Dhaka City Corporation,1662.2341
10,10,Non-slum,Dhaka City Corporation,1662.2341
10,12,Non-slum,Dhaka City Corporation,1662.2341
10,13,Non-slum,Dhaka City Corporation,1662.2341
10,15,Non-slum,Dhaka City Corporation,1662.2341
10,16,Non-slum,Dhaka City Corporation,1662.2341
10,17,Non-slum,Dhaka City Corporation,1662.2341
10,20,Non-slum,Dhaka City Corporation,1662.2341
10,21,Non-slum,Dhaka City Corporation,354.60992
10,22,Non-slum,Dhaka City Corporation,354.60992
10,23,Non-slum,Dhaka City Corporation,354.60992
10,31,Non-slum,Dhaka City Corporation,265.95746
11,1,Non-slum,Dhaka City Corporation,2187.5
11,2,Non-slum,Dhaka City Corporation,2187.5
11,3,Non-slum,Dhaka City Corporation,2187.5
11,5,Non-slum,Dhaka City Corporation,2187.5
11,6,Non-slum,Dhaka City Corporation,2187.5
11,7,Non-slum,Dhaka City Corporation,2187.5
11,9,Non-slum,Dhaka City Corporation,2187.5
11,10,Non-slum,Dhaka City Corporation,2187.5
11,11,Non-slum,Dhaka City Corporation,2187.5
11,12,Non-slum,Dhaka City Corporation,2187.5
11,13,Non-slum,Dhaka City Corporation,2187.5
11,14,Non-slum,Dhaka City Corporation,2187.5
11,16,Non-slum,Dhaka City Corporation,2187.5
11,17,Non-slum,Dhaka City Corporation,2187.5
11,18,Non-slum,Dhaka City Corporation,2187.5
11,19,Non-slum,Dhaka City Corporation,2187.5
11,21,Non-slum,Dhaka City Corporation,916.66663
11,22,Non-slum,Dhaka City Corporation,916.66663
11,23,Non-slum,Dhaka City Corporation,916.66663
11,31,Non-slum,Dhaka City Corporation,1250
12,1,Non-slum,Dhaka City Corporation,1429.4996
12,2,Non-slum,Dhaka City Corporation,1429.4996
12,3,Non-slum,Dhaka City Corporation,1429.4996
12,4,Non-slum,Dhaka City Corporation,1429.4996
12,5,Non-slum,Dhaka City Corporation,1429.4996
12,6,Non-slum,Dhaka City Corporation,1429.4996
12,8,Non-slum,Dhaka City Corporation,1429.4996
12,9,Non-slum,Dhaka City Corporation,1429.4996
12,11,Non-slum,Dhaka City Corporation,1429.4996
12,12,Non-slum,Dhaka City Corporation,1429.4996
12,13,Non-slum,Dhaka City Corporation,1429.4996
12,14,Non-slum,Dhaka City Corporation,1429.4996
12,15,Non-slum,Dhaka City Corporation,1429.4996
12,16,Non-slum,Dhaka City Corporation,1429.4996
12,17,Non-slum,Dhaka City Corporation,1429.4996
12,18,Non-slum,Dhaka City Corporation,1429.4996
12,20,Non-slum,Dhaka City Corporation,1429.4996
12,21,Non-slum,Dhaka City Corporation,584.79535
12,22,Non-slum,Dhaka City Corporation,584.79535
12,23,Non-slum,Dhaka City Corporation,584.79535
12,42,Non-slum,Dhaka City Corporation,1429.4996
13,3,Non-slum,Dhaka City Corporation,1590.1482
13,4,Non-slum,Dhaka City Corporation,1590.1482
13,5,Non-slum,Dhaka City Corporation,1590.1482
13,6,Non-slum,Dhaka City Corporation,1590.1482
13,7,Non-slum,Dhaka City Corporation,1590.1482
13,8,Non-slum,Dhaka City Corporation,1590.1482
13,9,Non-slum,Dhaka City Corporation,1590.1482
13,10,Non-slum,Dhaka City Corporation,1590.1482
13,11,Non-slum,Dhaka City Corporation,1590.1482
13,12,Non-slum,Dhaka City Corporation,1590.1482
13,13,Non-slum,Dhaka City Corporation,1590.1482
13,14,Non-slum,Dhaka City Corporation,1590.1482
13,15,Non-slum,Dhaka City Corporation,1590.1482
13,16,Non-slum,Dhaka City Corporation,1590.1482
13,17,Non-slum,Dhaka City Corporation,1590.1482
13,18,Non-slum,Dhaka City Corporation,1590.1482
13,21,Non-slum,Dhaka City Corporation,880.75879
13,22,Non-slum,Dhaka City Corporation,880.75879
13,23,Non-slum,Dhaka City Corporation,880.75879
13,35,Non-slum,Dhaka City Corporation,1590.1482
14,1,Non-slum,Dhaka City Corporation,2204.1062
14,2,Non-slum,Dhaka City Corporation,2204.1062
14,4,Non-slum,Dhaka City Corporation,2204.1062
14,5,Non-slum,Dhaka City Corporation,2204.1062
14,6,Non-slum,Dhaka City Corporation,2204.1062
14,7,Non-slum,Dhaka City Corporation,2204.1062
14,8,Non-slum,Dhaka City Corporation,2204.1062
14,9,Non-slum,Dhaka City Corporation,2204.1062
14,10,Non-slum,Dhaka City Corporation,2204.1062
14,11,Non-slum,Dhaka City Corporation,2204.1062
14,12,Non-slum,Dhaka City Corporation,2204.1062
14,13,Non-slum,Dhaka City Corporation,2204.1062
14,14,Non-slum,Dhaka City Corporation,2204.1062
14,15,Non-slum,Dhaka City Corporation,2204.1062
14,16,Non-slum,Dhaka City Corporation,2204.1062
14,17,Non-slum,Dhaka City Corporation,2204.1062
14,21,Non-slum,Dhaka City Corporation,805.15295
14,22,Non-slum,Dhaka City Corporation,805.15295
14,23,Non-slum,Dhaka City Corporation,805.15295
14,31,Non-slum,Dhaka City Corporation,966.18359
15,1,Non-slum,Dhaka City Corporation,1376.3723
15,2,Non-slum,Dhaka City Corporation,1376.3723
15,3,Non-slum,Dhaka City Corporation,1376.3723
15,4,Non-slum,Dhaka City Corporation,1376.3723
15,5,Non-slum,Dhaka City Corporation,1376.3723
15,6,Non-slum,Dhaka City Corporation,1376.3723
15,7,Non-slum,Dhaka City Corporation,1376.3723
15,8,Non-slum,Dhaka City Corporation,1376.3723
15,9,Non-slum,Dhaka City Corporation,1376.3723
15,10,Non-slum,Dhaka City Corporation,1376.3723
15,11,Non-slum,Dhaka City Corporation,1376.3723
15,12,Non-slum,Dhaka City Corporation,1376.3723
15,13,Non-slum,Dhaka City Corporation,1376.3723
15,14,Non-slum,Dhaka City Corporation,1376.3723
15,16,Non-slum,Dhaka City Corporation,1376.3723
15,17,Non-slum,Dhaka City Corporation,1376.3723
15,18,Non-slum,Dhaka City Corporation,1376.3723
15,21,Non-slum,Dhaka City Corporation,649.95355
15,22,Non-slum,Dhaka City Corporation,649.95355
15,23,Non-slum,Dhaka City Corporation,649.95355
16,1,Non-slum,Dhaka City Corporation,1649.4845
16,4,Non-slum,Dhaka City Corporation,1649.4845
16,5,Non-slum,Dhaka City Corporation,1649.4845
16,6,Non-slum,Dhaka City Corporation,1649.4845
16,7,Non-slum,Dhaka City Corporation,1649.4845
16,8,Non-slum,Dhaka City Corporation,1649.4845
16,9,Non-slum,Dhaka City Corporation,1649.4845
16,10,Non-slum,Dhaka City Corporation,1649.4845
16,11,Non-slum,Dhaka City Corporation,1649.4845
16,12,Non-slum,Dhaka City Corporation,1649.4845
16,13,Non-slum,Dhaka City Corporation,1649.4845
16,14,Non-slum,Dhaka City Corporation,1649.4845
16,15,Non-slum,Dhaka City Corporation,1649.4845
16,16,Non-slum,Dhaka City Corporation,1649.4845
16,17,Non-slum,Dhaka City Corporation,1649.4845
16,18,Non-slum,Dhaka City Corporation,1649.4845
16,20,Non-slum,Dhaka City Corporation,1649.4845
16,21,Non-slum,Dhaka City Corporation,274.91409
16,22,Non-slum,Dhaka City Corporation,274.91409
16,23,Non-slum,Dhaka City Corporation,274.91409
17,2,Non-slum,Dhaka City Corporation,1390.033
17,3,Non-slum,Dhaka City Corporation,1390.033
17,5,Non-slum,Dhaka City Corporation,1390.033
17,7,Non-slum,Dhaka City Corporation,1390.033
17,8,Non-slum,Dhaka City Corporation,1390.033
17,9,Non-slum,Dhaka City Corporation,1390.033
17,10,Non-slum,Dhaka City Corporation,1390.033
17,11,Non-slum,Dhaka City Corporation,1390.033
17,12,Non-slum,Dhaka City Corporation,1390.033
17,13,Non-slum,Dhaka City Corporation,1390.033
17,14,Non-slum,Dhaka City Corporation,1390.033
17,17,Non-slum,Dhaka City Corporation,1390.033
17,18,Non-slum,Dhaka City Corporation,1390.033
17,19,Non-slum,Dhaka City Corporation,1390.033
17,20,Non-slum,Dhaka City Corporation,1390.033
17,22,Non-slum,Dhaka City Corporation,768.80835
17,23,Non-slum,Dhaka City Corporation,768.80835
17,25,Non-slum,Dhaka City Corporation,768.80835
17,32,Non-slum,Dhaka City Corporation,494.23392
17,45,Non-slum,Dhaka City Corporation,1390.033
18,1,Non-slum,Dhaka City Corporation,1284.9651
18,3,Non-slum,Dhaka City Corporation,1284.9651
18,5,Non-slum,Dhaka City Corporation,1284.9651
18,6,Non-slum,Dhaka City Corporation,1284.9651
18,7,Non-slum,Dhaka City Corporation,1284.9651
18,8,Non-slum,Dhaka City Corporation,1284.9651
18,9,Non-slum,Dhaka City Corporation,1284.9651
18,10,Non-slum,Dhaka City Corporation,1284.9651
18,11,Non-slum,Dhaka City Corporation,1284.9651
18,13,Non-slum,Dhaka City Corporation,1284.9651
18,14,Non-slum,Dhaka City Corporation,1284.9651
18,15,Non-slum,Dhaka City Corporation,1284.9651
18,16,Non-slum,Dhaka City Corporation,1284.9651
18,17,Non-slum,Dhaka City Corporation,1284.9651
18,18,Non-slum,Dhaka City Corporation,1284.9651
18,20,Non-slum,Dhaka City Corporation,1284.9651
18,21,Non-slum,Dhaka City Corporation,606.06061
18,23,Non-slum,Dhaka City Corporation,606.06061
18,25,Non-slum,Dhaka City Corporation,606.06061
18,31,Non-slum,Dhaka City Corporation,139.86014
19,1,Non-slum,Dhaka City Corporation,1781.4066
19,2,Non-slum,Dhaka City Corporation,1781.4066
19,3,Non-slum,Dhaka City Corporation,1781.4066
19,4,Non-slum,Dhaka City Corporation,1781.4066
19,5,Non-slum,Dhaka City Corporation,1781.4066
19,7,Non-slum,Dhaka City Corporation,1781.4066
19,8,Non-slum,Dhaka City Corporation,1781.4066
19,9,Non-slum,Dhaka City Corporation,1781.4066
19,10,Non-slum,Dhaka City Corporation,1781.4066
19,11,Non-slum,Dhaka City Corporation,1781.4066
19,13,Non-slum,Dhaka City Corporation,1781.4066
19,14,Non-slum,Dhaka City Corporation,1781.4066
19,15,Non-slum,Dhaka City Corporation,1781.4066
19,16,Non-slum,Dhaka City Corporation,1781.4066
19,17,Non-slum,Dhaka City Corporation,1781.4066
19,19,Non-slum,Dhaka City Corporation,1781.4066
19,20,Non-slum,Dhaka City Corporation,1781.4066
19,21,Non-slum,Dhaka City Corporation,525.76233
19,22,Non-slum,Dhaka City Corporation,525.76233
19,23,Non-slum,Dhaka City Corporation,525.76233
20,1,Non-slum,Dhaka City Corporation,1107.0928
20,2,Non-slum,Dhaka City Corporation,1107.0928
20,3,Non-slum,Dhaka City Corporation,1107.0928
20,4,Non-slum,Dhaka City Corporation,1107.0928
20,5,Non-slum,Dhaka City Corporation,1107.0928
20,6,Non-slum,Dhaka City Corporation,1107.0928
20,7,Non-slum,Dhaka City Corporation,1107.0928
20,8,Non-slum,Dhaka City Corporation,1107.0928
20,9,Non-slum,Dhaka City Corporation,1107.0928
20,10,Non-slum,Dhaka City Corporation,1107.0928
20,11,Non-slum,Dhaka City Corporation,1107.0928
20,12,Non-slum,Dhaka City Corporation,1107.0928
20,13,Non-slum,Dhaka City Corporation,1107.0928
20,14,Non-slum,Dhaka City Corporation,1107.0928
20,15,Non-slum,Dhaka City Corporation,1107.0928
20,17,Non-slum,Dhaka City Corporation,1107.0928
20,19,Non-slum,Dhaka City Corporation,1107.0928
20,21,Non-slum,Dhaka City Corporation,334.58804
20,22,Non-slum,Dhaka City Corporation,334.58804
20,23,Non-slum,Dhaka City Corporation,334.58804
20,31,Non-slum,Dhaka City Corporation,501.88205
21,1,Non-slum,Dhaka City Corporation,1694.499
21,2,Non-slum,Dhaka City Corporation,1694.499
21,3,Non-slum,Dhaka City Corporation,1694.499
21,4,Non-slum,Dhaka City Corporation,1694.499
21,6,Non-slum,Dhaka City Corporation,1694.499
21,7,Non-slum,Dhaka City Corporation,1694.499
21,8,Non-slum,Dhaka City Corporation,1694.499
21,9,Non-slum,Dhaka City Corporation,1694.499
21,10,Non-slum,Dhaka City Corporation,1694.499
21,11,Non-slum,Dhaka City Corporation,1694.499
21,12,Non-slum,Dhaka City Corporation,1694.499
21,13,Non-slum,Dhaka City Corporation,1694.499
21,14,Non-slum,Dhaka City Corporation,1694.499
21,15,Non-slum,Dhaka City Corporation,1694.499
21,16,Non-slum,Dhaka City Corporation,1694.499
21,18,Non-slum,Dhaka City Corporation,1694.499
21,21,Non-slum,Dhaka City Corporation,785.85461
21,22,Non-slum,Dhaka City Corporation,785.85461
21,23,Non-slum,Dhaka City Corporation,785.85461
21,31,Non-slum,Dhaka City Corporation,392.92731
22,1,Non-slum,Dhaka City Corporation,2439.0244
22,2,Non-slum,Dhaka City Corporation,2439.0244
22,4,Non-slum,Dhaka City Corporation,2439.0244
22,5,Non-slum,Dhaka City Corporation,2439.0244
22,7,Non-slum,Dhaka City Corporation,2439.0244
22,8,Non-slum,Dhaka City Corporation,2439.0244
22,10,Non-slum,Dhaka City Corporation,2439.0244
22,11,Non-slum,Dhaka City Corporation,2439.0244
22,12,Non-slum,Dhaka City Corporation,2439.0244
22,13,Non-slum,Dhaka City Corporation,2439.0244
22,14,Non-slum,Dhaka City Corporation,2439.0244
22,15,Non-slum,Dhaka City Corporation,2439.0244
22,17,Non-slum,Dhaka City Corporation,2439.0244
22,18,Non-slum,Dhaka City Corporation,2439.0244
22,19,Non-slum,Dhaka City Corporation,2439.0244
22,20,Non-slum,Dhaka City Corporation,2439.0244
22,21,Non-slum,Dhaka City Corporation,451.67117
22,22,Non-slum,Dhaka City Corporation,451.67117
22,23,Non-slum,Dhaka City Corporation,451.67117
22,31,Non-slum,Dhaka City Corporation,813.00812
23,1,Slum,Dhaka City Corporation,214.77151
23,2,Slum,Dhaka City Corporation,214.77151
23,3,Slum,Dhaka City Corporation,214.77151
23,4,Slum,Dhaka City Corporation,214.77151
23,5,Slum,Dhaka City Corporation,214.77151
23,6,Slum,Dhaka City Corporation,214.77151
23,7,Slum,Dhaka City Corporation,214.77151
23,8,Slum,Dhaka City Corporation,214.77151
23,9,Slum,Dhaka City Corporation,214.77151
23,10,Slum,Dhaka City Corporation,214.77151
23,11,Slum,Dhaka City Corporation,214.77151
23,12,Slum,Dhaka City Corporation,214.77151
23,13,Slum,Dhaka City Corporation,214.77151
23,14,Slum,Dhaka City Corporation,214.77151
23,15,Slum,Dhaka City Corporation,214.77151
23,17,Slum,Dhaka City Corporation,214.77151
23,18,Slum,Dhaka City Corporation,214.77151
23,21,Slum,Dhaka City Corporation,101.41988
23,22,Slum,Dhaka City Corporation,101.41988
23,31,Slum,Dhaka City Corporation,202.83975
24,1,Slum,Dhaka City Corporation,473.54034
24,2,Slum,Dhaka City Corporation,473.54034
24,3,Slum,Dhaka City Corporation,473.54034
24,4,Slum,Dhaka City Corporation,473.54034
24,5,Slum,Dhaka City Corporation,473.54034
24,6,Slum,Dhaka City Corporation,473.54034
24,7,Slum,Dhaka City Corporation,473.54034
24,9,Slum,Dhaka City Corporation,473.54034
24,10,Slum,Dhaka City Corporation,473.54034
24,11,Slum,Dhaka City Corporation,473.54034
24,13,Slum,Dhaka City Corporation,473.54034
24,14,Slum,Dhaka City Corporation,473.54034
24,15,Slum,Dhaka City Corporation,473.54034
24,16,Slum,Dhaka City Corporation,473.54034
24,17,Slum,Dhaka City Corporation,473.54034
24,19,Slum,Dhaka City Corporation,473.54034
24,20,Slum,Dhaka City Corporation,473.54034
24,21,Slum,Dhaka City Corporation,87.873459
24,31,Slum,Dhaka City Corporation,175.74692
24,32,Slum,Dhaka City Corporation,473.54034
25,1,Slum,Dhaka City Corporation,538.02008
25,2,Slum,Dhaka City Corporation,538.02008
25,3,Slum,Dhaka City Corporation,538.02008
25,4,Slum,Dhaka City Corporation,538.02008
25,5,Slum,Dhaka City Corporation,538.02008
25,6,Slum,Dhaka City Corporation,538.02008
25,7,Slum,Dhaka City Corporation,538.02008
25,8,Slum,Dhaka City Corporation,538.02008
25,9,Slum,Dhaka City Corporation,538.02008
25,11,Slum,Dhaka City Corporation,538.02008
25,12,Slum,Dhaka City Corporation,538.02008
25,13,Slum,Dhaka City Corporation,538.02008
25,14,Slum,Dhaka City Corporation,538.02008
25,17,Slum,Dhaka City Corporation,538.02008
25,18,Slum,Dhaka City Corporation,538.02008
25,19,Slum,Dhaka City Corporation,538.02008
25,20,Slum,Dhaka City Corporation,538.02008
25,21,Slum,Dhaka City Corporation,203.25203
25,22,Slum,Dhaka City Corporation,203.25203
25,23,Slum,Dhaka City Corporation,203.25203
26,1,Slum,Dhaka City Corporation,586.08765
26,2,Slum,Dhaka City Corporation,586.08765
26,3,Slum,Dhaka City Corporation,586.08765
26,4,Slum,Dhaka City Corporation,586.08765
26,5,Slum,Dhaka City Corporation,586.08765
26,6,Slum,Dhaka City Corporation,586.08765
26,7,Slum,Dhaka City Corporation,586.08765
26,9,Slum,Dhaka City Corporation,586.08765
26,11,Slum,Dhaka City Corporation,586.08765
26,12,Slum,Dhaka City Corporation,586.08765
26,13,Slum,Dhaka City Corporation,586.08765
26,14,Slum,Dhaka City Corporation,586.08765
26,16,Slum,Dhaka City Corporation,586.08765
26,17,Slum,Dhaka City Corporation,586.08765
26,18,Slum,Dhaka City Corporation,586.08765
26,19,Slum,Dhaka City Corporation,586.08765
26,21,Slum,Dhaka City Corporation,333.07712
26,22,Slum,Dhaka City Corporation,333.07712
26,23,Slum,Dhaka City Corporation,333.07712
26,31,Slum,Dhaka City Corporation,384.31976
27,2,Slum,Dhaka City Corporation,694.09766
27,3,Slum,Dhaka City Corporation,694.09766
27,5,Slum,Dhaka City Corporation,694.09766
27,6,Slum,Dhaka City Corporation,694.09766
27,7,Slum,Dhaka City Corporation,694.09766
27,9,Slum,Dhaka City Corporation,694.09766
27,10,Slum,Dhaka City Corporation,694.09766
27,11,Slum,Dhaka City Corporation,694.09766
27,12,Slum,Dhaka City Corporation,694.09766
27,13,Slum,Dhaka City Corporation,694.09766
27,14,Slum,Dhaka City Corporation,694.09766
27,15,Slum,Dhaka City Corporation,694.09766
27,16,Slum,Dhaka City Corporation,694.09766
27,17,Slum,Dhaka City Corporation,694.09766
27,18,Slum,Dhaka City Corporation,694.09766
27,19,Slum,Dhaka City Corporation,694.09766
27,20,Slum,Dhaka City Corporation,694.09766
27,21,Slum,Dhaka City Corporation,311.26202
27,22,Slum,Dhaka City Corporation,311.26202
27,23,Slum,Dhaka City Corporation,311.26202
28,2,Slum,Dhaka City Corporation,287.68155
28,4,Slum,Dhaka City Corporation,287.68155
28,5,Slum,Dhaka City Corporation,287.68155
28,6,Slum,Dhaka City Corporation,287.68155
28,7,Slum,Dhaka City Corporation,287.68155
28,8,Slum,Dhaka City Corporation,287.68155
28,10,Slum,Dhaka City Corporation,287.68155
28,11,Slum,Dhaka City Corporation,287.68155
28,12,Slum,Dhaka City Corporation,287.68155
28,13,Slum,Dhaka City Corporation,287.68155
28,14,Slum,Dhaka City Corporation,287.68155
28,15,Slum,Dhaka City Corporation,287.68155
28,16,Slum,Dhaka City Corporation,287.68155
28,17,Slum,Dhaka City Corporation,287.68155
28,18,Slum,Dhaka City Corporation,287.68155
28,19,Slum,Dhaka City Corporation,287.68155
28,20,Slum,Dhaka City Corporation,287.68155
28,21,Slum,Dhaka City Corporation,84.889641
28,22,Slum,Dhaka City Corporation,84.889641
28,42,Slum,Dhaka City Corporation,287.68155
29,1,Slum,Dhaka City Corporation,631.19928
29,2,Slum,Dhaka City Corporation,631.19928
29,3,Slum,Dhaka City Corporation,631.19928
29,5,Slum,Dhaka City Corporation,631.19928
29,6,Slum,Dhaka City Corporation,631.19928
29,7,Slum,Dhaka City Corporation,631.19928
29,8,Slum,Dhaka City Corporation,631.19928
29,9,Slum,Dhaka City Corporation,631.19928
29,10,Slum,Dhaka City Corporation,631.19928
29,12,Slum,Dhaka City Corporation,631.19928
29,13,Slum,Dhaka City Corporation,631.19928
29,14,Slum,Dhaka City Corporation,631.19928
29,15,Slum,Dhaka City Corporation,631.19928
29,17,Slum,Dhaka City Corporation,631.19928
29,19,Slum,Dhaka City Corporation,631.19928
29,20,Slum,Dhaka City Corporation,631.19928
29,21,Slum,Dhaka City Corporation,450.85663
29,22,Slum,Dhaka City Corporation,450.85663
29,23,Slum,Dhaka City Corporation,450.85663
29,42,Slum,Dhaka City Corporation,631.19928
30,1,Slum,Dhaka City Corporation,581.16028
30,2,Slum,Dhaka City Corporation,581.16028
30,3,Slum,Dhaka City Corporation,581.16028
30,5,Slum,Dhaka City Corporation,581.16028
30,6,Slum,Dhaka City Corporation,581.16028
30,7,Slum,Dhaka City Corporation,581.16028
30,8,Slum,Dhaka City Corporation,581.16028
30,9,Slum,Dhaka City Corporation,581.16028
30,10,Slum,Dhaka City Corporation,581.16028
30,11,Slum,Dhaka City Corporation,581.16028
30,12,Slum,Dhaka City Corporation,581.16028
30,13,Slum,Dhaka City Corporation,581.16028
30,14,Slum,Dhaka City Corporation,581.16028
30,15,Slum,Dhaka City Corporation,581.16028
30,16,Slum,Dhaka City Corporation,581.16028
30,18,Slum,Dhaka City Corporation,581.16028
30,20,Slum,Dhaka City Corporation,581.16028
30,21,Slum,Dhaka City Corporation,400.91638
30,22,Slum,Dhaka City Corporation,400.91638
30,23,Slum,Dhaka City Corporation,400.91638
31,1,Slum,Dhaka City Corporation,328.4819
31,2,Slum,Dhaka City Corporation,328.4819
31,3,Slum,Dhaka City Corporation,328.4819
31,4,Slum,Dhaka City Corporation,328.4819
31,5,Slum,Dhaka City Corporation,328.4819
31,6,Slum,Dhaka City Corporation,328.4819
31,7,Slum,Dhaka City Corporation,328.4819
31,8,Slum,Dhaka City Corporation,328.4819
31,9,Slum,Dhaka City Corporation,328.4819
31,10,Slum,Dhaka City Corporation,328.4819
31,11,Slum,Dhaka City Corporation,328.4819
31,12,Slum,Dhaka City Corporation,328.4819
31,13,Slum,Dhaka City Corporation,328.4819
31,14,Slum,Dhaka City Corporation,328.4819
31,15,Slum,Dhaka City Corporation,328.4819
31,16,Slum,Dhaka City Corporation,328.4819
31,17,Slum,Dhaka City Corporation,328.4819
31,21,Slum,Dhaka City Corporation,114.54754
31,22,Slum,Dhaka City Corporation,114.54754
31,23,Slum,Dhaka City Corporation,114.54754
32,1,Slum,Dhaka City Corporation,660.93854
32,2,Slum,Dhaka City Corporation,660.93854
32,3,Slum,Dhaka City Corporation,660.93854
32,4,Slum,Dhaka City Corporation,660.93854
32,7,Slum,Dhaka City Corporation,660.93854
32,8,Slum,Dhaka City Corporation,660.93854
32,9,Slum,Dhaka City Corporation,660.93854
32,10,Slum,Dhaka City Corporation,660.93854
32,11,Slum,Dhaka City Corporation,660.93854
32,12,Slum,Dhaka City Corporation,660.93854
32,13,Slum,Dhaka City Corporation,660.93854
32,14,Slum,Dhaka City Corporation,660.93854
32,15,Slum,Dhaka City Corporation,660.93854
32,16,Slum,Dhaka City Corporation,660.93854
32,17,Slum,Dhaka City Corporation,660.93854
32,18,Slum,Dhaka City Corporation,660.93854
32,19,Slum,Dhaka City Corporation,660.93854
32,23,Slum,Dhaka City Corporation,267.52274
32,24,Slum,Dhaka City Corporation,267.52274
32,25,Slum,Dhaka City Corporation,267.52274
33,1,Slum,Dhaka City Corporation,717.32465
33,2,Slum,Dhaka City Corporation,717.32465
33,3,Slum,Dhaka City Corporation,717.32465
33,5,Slum,Dhaka City Corporation,717.32465
33,6,Slum,Dhaka City Corporation,717.32465
33,7,Slum,Dhaka City Corporation,717.32465
33,8,Slum,Dhaka City Corporation,717.32465
33,12,Slum,Dhaka City Corporation,717.32465
33,13,Slum,Dhaka City Corporation,717.32465
33,14,Slum,Dhaka City Corporation,717.32465
33,15,Slum,Dhaka City Corporation,717.32465
33,17,Slum,Dhaka City Corporation,717.32465
33,20,Slum,Dhaka City Corporation,717.32465
33,21,Slum,Dhaka City Corporation,89.047195
33,22,Slum,Dhaka City Corporation,89.047195
33,43,Slum,Dhaka City Corporation,717.32465
33,44,Slum,Dhaka City Corporation,717.32465
33,45,Slum,Dhaka City Corporation,717.32465
33,46,Slum,Dhaka City Corporation,717.32465
33,47,Slum,Dhaka City Corporation,717.32465
34,1,Slum,Dhaka City Corporation,267.74847
34,2,Slum,Dhaka City Corporation,267.74847
34,3,Slum,Dhaka City Corporation,267.74847
34,4,Slum,Dhaka City Corporation,267.74847
34,5,Slum,Dhaka City Corporation,267.74847
34,6,Slum,Dhaka City Corporation,267.74847
34,7,Slum,Dhaka City Corporation,267.74847
34,8,Slum,Dhaka City Corporation,267.74847
34,10,Slum,Dhaka City Corporation,267.74847
34,11,Slum,Dhaka City Corporation,267.74847
34,12,Slum,Dhaka City Corporation,267.74847
34,13,Slum,Dhaka City Corporation,267.74847
34,14,Slum,Dhaka City Corporation,267.74847
34,16,Slum,Dhaka City Corporation,267.74847
34,17,Slum,Dhaka City Corporation,267.74847
34,18,Slum,Dhaka City Corporation,267.74847
34,20,Slum,Dhaka City Corporation,267.74847
34,21,Slum,Dhaka City Corporation,68.965515
34,22,Slum,Dhaka City Corporation,68.965515
34,23,Slum,Dhaka City Corporation,68.965515
35,1,Slum,Dhaka City Corporation,352.05695
35,2,Slum,Dhaka City Corporation,352.05695
35,4,Slum,Dhaka City Corporation,352.05695
35,5,Slum,Dhaka City Corporation,352.05695
35,6,Slum,Dhaka City Corporation,352.05695
35,8,Slum,Dhaka City Corporation,352.05695
35,9,Slum,Dhaka City Corporation,352.05695
35,11,Slum,Dhaka City Corporation,352.05695
35,12,Slum,Dhaka City Corporation,352.05695
35,13,Slum,Dhaka City Corporation,352.05695
35,14,Slum,Dhaka City Corporation,352.05695
35,16,Slum,Dhaka City Corporation,352.05695
35,17,Slum,Dhaka City Corporation,352.05695
35,18,Slum,Dhaka City Corporation,352.05695
35,19,Slum,Dhaka City Corporation,352.05695
35,20,Slum,Dhaka City Corporation,352.05695
35,21,Slum,Dhaka City Corporation,189.87341
35,22,Slum,Dhaka City Corporation,189.87341
35,23,Slum,Dhaka City Corporation,189.87341
35,31,Slum,Dhaka City Corporation,126.58228
36,1,Slum,Dhaka City Corporation,319.56006
36,2,Slum,Dhaka City Corporation,319.56006
36,3,Slum,Dhaka City Corporation,319.56006
36,4,Slum,Dhaka City Corporation,319.56006
36,5,Slum,Dhaka City Corporation,319.56006
36,6,Slum,Dhaka City Corporation,319.56006
36,7,Slum,Dhaka City Corporation,319.56006
36,8,Slum,Dhaka City Corporation,319.56006
36,10,Slum,Dhaka City Corporation,319.56006
36,12,Slum,Dhaka City Corporation,319.56006
36,13,Slum,Dhaka City Corporation,319.56006
36,14,Slum,Dhaka City Corporation,319.56006
36,15,Slum,Dhaka City Corporation,319.56006
36,16,Slum,Dhaka City Corporation,319.56006
36,18,Slum,Dhaka City Corporation,319.56006
36,20,Slum,Dhaka City Corporation,319.56006
36,21,Slum,Dhaka City Corporation,158.54141
36,22,Slum,Dhaka City Corporation,158.54141
36,24,Slum,Dhaka City Corporation,158.54141
36,31,Slum,Dhaka City Corporation,59.453033
37,1,Slum,Dhaka City Corporation,554.98633
37,3,Slum,Dhaka City Corporation,554.98633
37,4,Slum,Dhaka City Corporation,554.98633
37,6,Slum,Dhaka City Corporation,554.98633
37,7,Slum,Dhaka City Corporation,554.98633
37,9,Slum,Dhaka City Corporation,554.98633
37,10,Slum,Dhaka City Corporation,554.98633
37,11,Slum,Dhaka City Corporation,554.98633
37,12,Slum,Dhaka City Corporation,554.98633
37,13,Slum,Dhaka City Corporation,554.98633
37,14,Slum,Dhaka City Corporation,554.98633
37,15,Slum,Dhaka City Corporation,554.98633
37,16,Slum,Dhaka City Corporation,554.98633
37,19,Slum,Dhaka City Corporation,554.98633
37,21,Slum,Dhaka City Corporation,204.91803
37,22,Slum,Dhaka City Corporation,204.91803
37,23,Slum,Dhaka City Corporation,204.91803
37,31,Slum,Dhaka City Corporation,956.28412
37,41,Slum,Dhaka City Corporation,554.98633
37,43,Slum,Dhaka City Corporation,554.98633
38,1,Slum,Dhaka City Corporation,450.755
38,2,Slum,Dhaka City Corporation,450.755
38,3,Slum,Dhaka City Corporation,450.755
38,4,Slum,Dhaka City Corporation,450.755
38,5,Slum,Dhaka City Corporation,450.755
38,8,Slum,Dhaka City Corporation,450.755
38,9,Slum,Dhaka City Corporation,450.755
38,10,Slum,Dhaka City Corporation,450.755
38,11,Slum,Dhaka City Corporation,450.755
38,13,Slum,Dhaka City Corporation,450.755
38,14,Slum,Dhaka City Corporation,450.755
38,15,Slum,Dhaka City Corporation,450.755
38,16,Slum,Dhaka City Corporation,450.755
38,17,Slum,Dhaka City Corporation,450.755
38,18,Slum,Dhaka City Corporation,450.755
38,19,Slum,Dhaka City Corporation,450.755
38,20,Slum,Dhaka City Corporation,450.755
38,21,Slum,Dhaka City Corporation,164.20361
38,22,Slum,Dhaka City Corporation,164.20361
38,24,Slum,Dhaka City Corporation,164.20361
39,1,Slum,Dhaka City Corporation,405.6795
39,2,Slum,Dhaka City Corporation,405.6795
39,3,Slum,Dhaka City Corporation,405.6795
39,4,Slum,Dhaka City Corporation,405.6795
39,5,Slum,Dhaka City Corporation,405.6795
39,7,Slum,Dhaka City Corporation,405.6795
39,8,Slum,Dhaka City Corporation,405.6795
39,9,Slum,Dhaka City Corporation,405.6795
39,10,Slum,Dhaka City Corporation,405.6795
39,11,Slum,Dhaka City Corporation,405.6795
39,12,Slum,Dhaka City Corporation,405.6795
39,13,Slum,Dhaka City Corporation,405.6795
39,14,Slum,Dhaka City Corporation,405.6795
39,15,Slum,Dhaka City Corporation,405.6795
39,16,Slum,Dhaka City Corporation,405.6795
39,17,Slum,Dhaka City Corporation,405.6795
39,20,Slum,Dhaka City Corporation,405.6795
39,22,Slum,Dhaka City Corporation,114.94253
39,23,Slum,Dhaka City Corporation,114.94253
39,25,Slum,Dhaka City Corporation,114.94253
40,2,Slum,Dhaka City Corporation,480.40994
40,4,Slum,Dhaka City Corporation,480.40994
40,5,Slum,Dhaka City Corporation,480.40994
40,7,Slum,Dhaka City Corporation,480.40994
40,8,Slum,Dhaka City Corporation,480.40994
40,9,Slum,Dhaka City Corporation,480.40994
40,10,Slum,Dhaka City Corporation,480.40994
40,11,Slum,Dhaka City Corporation,480.40994
40,12,Slum,Dhaka City Corporation,480.40994
40,13,Slum,Dhaka City Corporation,480.40994
40,15,Slum,Dhaka City Corporation,480.40994
40,16,Slum,Dhaka City Corporation,480.40994
40,17,Slum,Dhaka City Corporation,480.40994
40,18,Slum,Dhaka City Corporation,480.40994
40,20,Slum,Dhaka City Corporation,480.40994
40,21,Slum,Dhaka City Corporation,241.98427
40,23,Slum,Dhaka City Corporation,241.98427
40,24,Slum,Dhaka City Corporation,241.98427
40,41,Slum,Dhaka City Corporation,480.40994
40,44,Slum,Dhaka City Corporation,480.40994
41,1,Non-slum,Greater Dhaka,486.14108
41,2,Non-slum,Greater Dhaka,486.14108
41,3,Non-slum,Greater Dhaka,486.14108
41,4,Non-slum,Greater Dhaka,486.14108
41,5,Non-slum,Greater Dhaka,486.14108
41,6,Non-slum,Greater Dhaka,486.14108
41,8,Non-slum,Greater Dhaka,486.14108
41,9,Non-slum,Greater Dhaka,486.14108
41,10,Non-slum,Greater Dhaka,486.14108
41,11,Non-slum,Greater Dhaka,486.14108
41,12,Non-slum,Greater Dhaka,486.14108
41,13,Non-slum,Greater Dhaka,486.14108
41,14,Non-slum,Greater Dhaka,486.14108
41,15,Non-slum,Greater Dhaka,486.14108
41,16,Non-slum,Greater Dhaka,486.14108
41,19,Non-slum,Greater Dhaka,486.14108
41,21,Non-slum,Greater Dhaka,246.92882
41,23,Non-slum,Greater Dhaka,246.92882
41,25,Non-slum,Greater Dhaka,246.92882
41,31,Non-slum,Greater Dhaka,185.19661
43,1,Non-slum,Greater Dhaka,185.68033
43,2,Non-slum,Greater Dhaka,185.68033
43,3,Non-slum,Greater Dhaka,185.68033
43,4,Non-slum,Greater Dhaka,185.68033
43,5,Non-slum,Greater Dhaka,185.68033
43,6,Non-slum,Greater Dhaka,185.68033
43,7,Non-slum,Greater Dhaka,185.68033
43,8,Non-slum,Greater Dhaka,185.68033
43,9,Non-slum,Greater Dhaka,185.68033
43,10,Non-slum,Greater Dhaka,185.68033
43,11,Non-slum,Greater Dhaka,185.68033
43,12,Non-slum,Greater Dhaka,185.68033
43,13,Non-slum,Greater Dhaka,185.68033
43,14,Non-slum,Greater Dhaka,185.68033
43,15,Non-slum,Greater Dhaka,185.68033
43,16,Non-slum,Greater Dhaka,185.68033
43,21,Non-slum,Greater Dhaka,42.441219
43,22,Non-slum,Greater Dhaka,42.441219
43,23,Non-slum,Greater Dhaka,42.441219
43,31,Non-slum,Greater Dhaka,84.882439
44,1,Non-slum,Greater Dhaka,146.91151
44,2,Non-slum,Greater Dhaka,146.91151
44,3,Non-slum,Greater Dhaka,146.91151
44,4,Non-slum,Greater Dhaka,146.91151
44,5,Non-slum,Greater Dhaka,146.91151
44,6,Non-slum,Greater Dhaka,146.91151
44,7,Non-slum,Greater Dhaka,146.91151
44,8,Non-slum,Greater Dhaka,146.91151
44,9,Non-slum,Greater Dhaka,146.91151
44,10,Non-slum,Greater Dhaka,146.91151
44,11,Non-slum,Greater Dhaka,146.91151
44,12,Non-slum,Greater Dhaka,146.91151
44,13,Non-slum,Greater Dhaka,146.91151
44,14,Non-slum,Greater Dhaka,146.91151
44,15,Non-slum,Greater Dhaka,146.91151
44,16,Non-slum,Greater Dhaka,146.91151
44,17,Non-slum,Greater Dhaka,146.91151
44,18,Non-slum,Greater Dhaka,146.91151
44,19,Non-slum,Greater Dhaka,146.91151
44,31,Non-slum,Greater Dhaka,60.680836
45,1,Non-slum,Greater Dhaka,199.50038
45,2,Non-slum,Greater Dhaka,199.50038
45,3,Non-slum,Greater Dhaka,199.50038
45,4,Non-slum,Greater Dhaka,199.50038
45,5,Non-slum,Greater Dhaka,199.50038
45,6,Non-slum,Greater Dhaka,199.50038
45,7,Non-slum,Greater Dhaka,199.50038
45,9,Non-slum,Greater Dhaka,199.50038
45,10,Non-slum,Greater Dhaka,199.50038
45,11,Non-slum,Greater Dhaka,199.50038
45,12,Non-slum,Greater Dhaka,199.50038
45,13,Non-slum,Greater Dhaka,199.50038
45,14,Non-slum,Greater Dhaka,199.50038
45,15,Non-slum,Greater Dhaka,199.50038
45,16,Non-slum,Greater Dhaka,199.50038
45,17,Non-slum,Greater Dhaka,199.50038
45,21,Non-slum,Greater Dhaka,69.391434
45,22,Non-slum,Greater Dhaka,69.391434
45,23,Non-slum,Greater Dhaka,69.391434
45,24,Non-slum,Greater Dhaka,69.391434
46,1,Non-slum,Greater Dhaka,353.53271
46,2,Non-slum,Greater Dhaka,353.53271
46,3,Non-slum,Greater Dhaka,353.53271
46,5,Non-slum,Greater Dhaka,353.53271
46,6,Non-slum,Greater Dhaka,353.53271
46,7,Non-slum,Greater Dhaka,353.53271
46,8,Non-slum,Greater Dhaka,353.53271
46,9,Non-slum,Greater Dhaka,353.53271
46,11,Non-slum,Greater Dhaka,353.53271
46,12,Non-slum,Greater Dhaka,353.53271
46,13,Non-slum,Greater Dhaka,353.53271
46,14,Non-slum,Greater Dhaka,353.53271
46,15,Non-slum,Greater Dhaka,353.53271
46,16,Non-slum,Greater Dhaka,353.53271
46,17,Non-slum,Greater Dhaka,353.53271
46,18,Non-slum,Greater Dhaka,353.53271
46,21,Non-slum,Greater Dhaka,87.292023
46,23,Non-slum,Greater Dhaka,87.292023
46,24,Non-slum,Greater Dhaka,87.292023
46,31,Non-slum,Greater Dhaka,209.50087
47,1,Non-slum,Greater Dhaka,573.62335
47,3,Non-slum,Greater Dhaka,573.62335
47,4,Non-slum,Greater Dhaka,573.62335
47,5,Non-slum,Greater Dhaka,573.62335
47,6,Non-slum,Greater Dhaka,573.62335
47,7,Non-slum,Greater Dhaka,573.62335
47,8,Non-slum,Greater Dhaka,573.62335
47,9,Non-slum,Greater Dhaka,573.62335
47,10,Non-slum,Greater Dhaka,573.62335
47,11,Non-slum,Greater Dhaka,573.62335
47,12,Non-slum,Greater Dhaka,573.62335
47,13,Non-slum,Greater Dhaka,573.62335
47,14,Non-slum,Greater Dhaka,573.62335
47,15,Non-slum,Greater Dhaka,573.62335
47,16,Non-slum,Greater Dhaka,573.62335
47,17,Non-slum,Greater Dhaka,573.62335
47,22,Non-slum,Greater Dhaka,159.61691
47,23,Non-slum,Greater Dhaka,159.61691
47,24,Non-slum,Greater Dhaka,159.61691
47,31,Non-slum,Greater Dhaka,159.61691
48,1,Non-slum,Greater Dhaka,170.5493
48,3,Non-slum,Greater Dhaka,170.5493
48,4,Non-slum,Greater Dhaka,170.5493
48,5,Non-slum,Greater Dhaka,170.5493
48,6,Non-slum,Greater Dhaka,170.5493
48,7,Non-slum,Greater Dhaka,170.5493
48,8,Non-slum,Greater Dhaka,170.5493
48,9,Non-slum,Greater Dhaka,170.5493
48,10,Non-slum,Greater Dhaka,170.5493
48,11,Non-slum,Greater Dhaka,170.5493
48,12,Non-slum,Greater Dhaka,170.5493
48,13,Non-slum,Greater Dhaka,170.5493
48,14,Non-slum,Greater Dhaka,170.5493
48,15,Non-slum,Greater Dhaka,170.5493
48,16,Non-slum,Greater Dhaka,170.5493
48,17,Non-slum,Greater Dhaka,170.5493
48,21,Non-slum,Greater Dhaka,33.688751
48,22,Non-slum,Greater Dhaka,33.688751
48,23,Non-slum,Greater Dhaka,33.688751
48,31,Non-slum,Greater Dhaka,50.533123
49,1,Non-slum,Greater Dhaka,172.12846
49,2,Non-slum,Greater Dhaka,172.12846
49,6,Non-slum,Greater Dhaka,172.12846
49,7,Non-slum,Greater Dhaka,172.12846
49,8,Non-slum,Greater Dhaka,172.12846
49,9,Non-slum,Greater Dhaka,172.12846
49,10,Non-slum,Greater Dhaka,172.12846
49,11,Non-slum,Greater Dhaka,172.12846
49,12,Non-slum,Greater Dhaka,172.12846
49,13,Non-slum,Greater Dhaka,172.12846
49,14,Non-slum,Greater Dhaka,172.12846
49,15,Non-slum,Greater Dhaka,172.12846
49,16,Non-slum,Greater Dhaka,172.12846
49,17,Non-slum,Greater Dhaka,172.12846
49,19,Non-slum,Greater Dhaka,172.12846
49,20,Non-slum,Greater Dhaka,172.12846
49,21,Non-slum,Greater Dhaka,67.377502
49,22,Non-slum,Greater Dhaka,67.377502
49,23,Non-slum,Greater Dhaka,67.377502
49,32,Non-slum,Greater Dhaka,101.06625
50,3,Non-slum,Greater Dhaka,163.48952
50,4,Non-slum,Greater Dhaka,163.48952
50,5,Non-slum,Greater Dhaka,163.48952
50,6,Non-slum,Greater Dhaka,163.48952
50,7,Non-slum,Greater Dhaka,163.48952
50,8,Non-slum,Greater Dhaka,163.48952
50,9,Non-slum,Greater Dhaka,163.48952
50,10,Non-slum,Greater Dhaka,163.48952
50,11,Non-slum,Greater Dhaka,163.48952
50,12,Non-slum,Greater Dhaka,163.48952
50,13,Non-slum,Greater Dhaka,163.48952
50,14,Non-slum,Greater Dhaka,163.48952
50,15,Non-slum,Greater Dhaka,163.48952
50,16,Non-slum,Greater Dhaka,163.48952
50,18,Non-slum,Greater Dhaka,163.48952
50,19,Non-slum,Greater Dhaka,163.48952
50,20,Non-slum,Greater Dhaka,163.48952
50,21,Non-slum,Greater Dhaka,37.899841
50,22,Non-slum,Greater Dhaka,37.899841
50,31,Non-slum,Greater Dhaka,25.266562
51,1,Non-slum,Greater Dhaka,124.96283
51,2,Non-slum,Greater Dhaka,124.96283
51,3,Non-slum,Greater Dhaka,124.96283
51,4,Non-slum,Greater Dhaka,124.96283
51,5,Non-slum,Greater Dhaka,124.96283
51,6,Non-slum,Greater Dhaka,124.96283
51,7,Non-slum,Greater Dhaka,124.96283
51,8,Non-slum,Greater Dhaka,124.96283
51,9,Non-slum,Greater Dhaka,124.96283
51,10,Non-slum,Greater Dhaka,124.96283
51,11,Non-slum,Greater Dhaka,124.96283
51,12,Non-slum,Greater Dhaka,124.96283
51,13,Non-slum,Greater Dhaka,124.96283
51,16,Non-slum,Greater Dhaka,124.96283
51,17,Non-slum,Greater Dhaka,124.96283
51,18,Non-slum,Greater Dhaka,124.96283
51,21,Non-slum,Greater Dhaka,38.556023
51,22,Non-slum,Greater Dhaka,38.556023
51,23,Non-slum,Greater Dhaka,38.556023
51,31,Non-slum,Greater Dhaka,49.572025
52,1,Non-slum,Greater Dhaka,118.33353
52,2,Non-slum,Greater Dhaka,118.33353
52,3,Non-slum,Greater Dhaka,118.33353
52,4,Non-slum,Greater Dhaka,118.33353
52,5,Non-slum,Greater Dhaka,118.33353
52,6,Non-slum,Greater Dhaka,118.33353
52,7,Non-slum,Greater Dhaka,118.33353
52,8,Non-slum,Greater Dhaka,118.33353
52,9,Non-slum,Greater Dhaka,118.33353
52,10,Non-slum,Greater Dhaka,118.33353
52,11,Non-slum,Greater Dhaka,118.33353
52,13,Non-slum,Greater Dhaka,118.33353
52,14,Non-slum,Greater Dhaka,118.33353
52,15,Non-slum,Greater Dhaka,118.33353
52,16,Non-slum,Greater Dhaka,118.33353
52,17,Non-slum,Greater Dhaka,118.33353
52,21,Non-slum,Greater Dhaka,72.60582
52,22,Non-slum,Greater Dhaka,72.60582
52,23,Non-slum,Greater Dhaka,72.60582
52,31,Non-slum,Greater Dhaka,67.02076
53,2,Non-slum,Greater Dhaka,325.0975
53,3,Non-slum,Greater Dhaka,325.0975
53,4,Non-slum,Greater Dhaka,325.0975
53,5,Non-slum,Greater Dhaka,325.0975
53,6,Non-slum,Greater Dhaka,325.0975
53,7,Non-slum,Greater Dhaka,325.0975
53,8,Non-slum,Greater Dhaka,325.0975
53,9,Non-slum,Greater Dhaka,325.0975
53,10,Non-slum,Greater Dhaka,325.0975
53,11,Non-slum,Greater Dhaka,325.0975
53,12,Non-slum,Greater Dhaka,325.0975
53,13,Non-slum,Greater Dhaka,325.0975
53,14,Non-slum,Greater Dhaka,325.0975
53,15,Non-slum,Greater Dhaka,325.0975
53,16,Non-slum,Greater Dhaka,325.0975
53,18,Non-slum,Greater Dhaka,325.0975
53,21,Non-slum,Greater Dhaka,57.795116
53,22,Non-slum,Greater Dhaka,57.795116
53,23,Non-slum,Greater Dhaka,57.795116
53,31,Non-slum,Greater Dhaka,173.38535
54,1,Non-slum,Greater Dhaka,341.35239
54,2,Non-slum,Greater Dhaka,341.35239
54,3,Non-slum,Greater Dhaka,341.35239
54,4,Non-slum,Greater Dhaka,341.35239
54,5,Non-slum,Greater Dhaka,341.35239
54,6,Non-slum,Greater Dhaka,341.35239
54,7,Non-slum,Greater Dhaka,341.35239
54,8,Non-slum,Greater Dhaka,341.35239
54,9,Non-slum,Greater Dhaka,341.35239
54,10,Non-slum,Greater Dhaka,341.35239
54,11,Non-slum,Greater Dhaka,341.35239
54,12,Non-slum,Greater Dhaka,341.35239
54,14,Non-slum,Greater Dhaka,341.35239
54,15,Non-slum,Greater Dhaka,341.35239
54,16,Non-slum,Greater Dhaka,341.35239
54,17,Non-slum,Greater Dhaka,341.35239
54,21,Non-slum,Greater Dhaka,72.243889
54,22,Non-slum,Greater Dhaka,72.243889
54,23,Non-slum,Greater Dhaka,72.243889
54,32,Non-slum,Greater Dhaka,216.73169
55,1,Non-slum,Greater Dhaka,316.89694
55,2,Non-slum,Greater Dhaka,316.89694
55,3,Non-slum,Greater Dhaka,316.89694
55,4,Non-slum,Greater Dhaka,316.89694
55,5,Non-slum,Greater Dhaka,316.89694
55,7,Non-slum,Greater Dhaka,316.89694
55,9,Non-slum,Greater Dhaka,316.89694
55,10,Non-slum,Greater Dhaka,316.89694
55,11,Non-slum,Greater Dhaka,316.89694
55,12,Non-slum,Greater Dhaka,316.89694
55,13,Non-slum,Greater Dhaka,316.89694
55,14,Non-slum,Greater Dhaka,316.89694
55,15,Non-slum,Greater Dhaka,316.89694
55,16,Non-slum,Greater Dhaka,316.89694
55,17,Non-slum,Greater Dhaka,316.89694
55,18,Non-slum,Greater Dhaka,316.89694
55,21,Non-slum,Greater Dhaka,126.75877
55,22,Non-slum,Greater Dhaka,126.75877
55,23,Non-slum,Greater Dhaka,126.75877
55,32,Non-slum,Greater Dhaka,84.505852
56,1,Non-slum,Greater Dhaka,292.95264
56,2,Non-slum,Greater Dhaka,292.95264
56,3,Non-slum,Greater Dhaka,292.95264
56,4,Non-slum,Greater Dhaka,292.95264
56,5,Non-slum,Greater Dhaka,292.95264
56,6,Non-slum,Greater Dhaka,292.95264
56,7,Non-slum,Greater Dhaka,292.95264
56,8,Non-slum,Greater Dhaka,292.95264
56,9,Non-slum,Greater Dhaka,292.95264
56,10,Non-slum,Greater Dhaka,292.95264
56,11,Non-slum,Greater Dhaka,292.95264
56,12,Non-slum,Greater Dhaka,292.95264
56,13,Non-slum,Greater Dhaka,292.95264
56,14,Non-slum,Greater Dhaka,292.95264
56,15,Non-slum,Greater Dhaka,292.95264
56,16,Non-slum,Greater Dhaka,292.95264
56,21,Non-slum,Greater Dhaka,55.014576
56,22,Non-slum,Greater Dhaka,55.014576
56,24,Non-slum,Greater Dhaka,55.014576
56,31,Non-slum,Greater Dhaka,99.026237
57,1,Non-slum,Greater Dhaka,375.64359
57,2,Non-slum,Greater Dhaka,375.64359
57,3,Non-slum,Greater Dhaka,375.64359
57,4,Non-slum,Greater Dhaka,375.64359
57,6,Non-slum,Greater Dhaka,375.64359
57,7,Non-slum,Greater Dhaka,375.64359
57,8,Non-slum,Greater Dhaka,375.64359
57,9,Non-slum,Greater Dhaka,375.64359
57,10,Non-slum,Greater Dhaka,375.64359
57,11,Non-slum,Greater Dhaka,375.64359
57,12,Non-slum,Greater Dhaka,375.64359
57,13,Non-slum,Greater Dhaka,375.64359
57,14,Non-slum,Greater Dhaka,375.64359
57,15,Non-slum,Greater Dhaka,375.64359
57,16,Non-slum,Greater Dhaka,375.64359
57,17,Non-slum,Greater Dhaka,375.64359
57,18,Non-slum,Greater Dhaka,375.64359
57,21,Non-slum,Greater Dhaka,48.014595
57,22,Non-slum,Greater Dhaka,48.014595
57,31,Non-slum,Greater Dhaka,144.04378
58,1,Non-slum,Greater Dhaka,278.51132
58,2,Non-slum,Greater Dhaka,278.51132
58,3,Non-slum,Greater Dhaka,278.51132
58,4,Non-slum,Greater Dhaka,278.51132
58,5,Non-slum,Greater Dhaka,278.51132
58,6,Non-slum,Greater Dhaka,278.51132
58,7,Non-slum,Greater Dhaka,278.51132
58,8,Non-slum,Greater Dhaka,278.51132
58,9,Non-slum,Greater Dhaka,278.51132
58,10,Non-slum,Greater Dhaka,278.51132
58,11,Non-slum,Greater Dhaka,278.51132
58,12,Non-slum,Greater Dhaka,278.51132
58,13,Non-slum,Greater Dhaka,278.51132
58,14,Non-slum,Greater Dhaka,278.51132
58,15,Non-slum,Greater Dhaka,278.51132
58,16,Non-slum,Greater Dhaka,278.51132
58,21,Non-slum,Greater Dhaka,66.017494
58,22,Non-slum,Greater Dhaka,66.017494
58,23,Non-slum,Greater Dhaka,66.017494
58,31,Non-slum,Greater Dhaka,132.03499
59,1,Non-slum,Greater Dhaka,696.44666
59,2,Non-slum,Greater Dhaka,696.44666
59,3,Non-slum,Greater Dhaka,696.44666
59,4,Non-slum,Greater Dhaka,696.44666
59,5,Non-slum,Greater Dhaka,696.44666
59,6,Non-slum,Greater Dhaka,696.44666
59,7,Non-slum,Greater Dhaka,696.44666
59,9,Non-slum,Greater Dhaka,696.44666
59,11,Non-slum,Greater Dhaka,696.44666
59,12,Non-slum,Greater Dhaka,696.44666
59,13,Non-slum,Greater Dhaka,696.44666
59,14,Non-slum,Greater Dhaka,696.44666
59,15,Non-slum,Greater Dhaka,696.44666
59,16,Non-slum,Greater Dhaka,696.44666
59,17,Non-slum,Greater Dhaka,696.44666
59,18,Non-slum,Greater Dhaka,696.44666
59,21,Non-slum,Greater Dhaka,129.8735
59,22,Non-slum,Greater Dhaka,129.8735
59,23,Non-slum,Greater Dhaka,129.8735
59,31,Non-slum,Greater Dhaka,155.84821
60,1,Non-slum,Greater Dhaka,516.24719
60,2,Non-slum,Greater Dhaka,516.24719
60,3,Non-slum,Greater Dhaka,516.24719
60,6,Non-slum,Greater Dhaka,516.24719
60,8,Non-slum,Greater Dhaka,516.24719
60,9,Non-slum,Greater Dhaka,516.24719
60,10,Non-slum,Greater Dhaka,516.24719
60,12,Non-slum,Greater Dhaka,516.24719
60,13,Non-slum,Greater Dhaka,516.24719
60,14,Non-slum,Greater Dhaka,516.24719
60,15,Non-slum,Greater Dhaka,516.24719
60,16,Non-slum,Greater Dhaka,516.24719
60,17,Non-slum,Greater Dhaka,516.24719
60,18,Non-slum,Greater Dhaka,516.24719
60,19,Non-slum,Greater Dhaka,516.24719
60,20,Non-slum,Greater Dhaka,516.24719
60,21,Non-slum,Greater Dhaka,129.8735
60,22,Non-slum,Greater Dhaka,129.8735
60,23,Non-slum,Greater Dhaka,129.8735
60,31,Non-slum,Greater Dhaka,233.77229
61,1,Non-slum,Greater Dhaka,282.0174
61,2,Non-slum,Greater Dhaka,282.0174
61,3,Non-slum,Greater Dhaka,282.0174
61,4,Non-slum,Greater Dhaka,282.0174
61,5,Non-slum,Greater Dhaka,282.0174
61,6,Non-slum,Greater Dhaka,282.0174
61,7,Non-slum,Greater Dhaka,282.0174
61,8,Non-slum,Greater Dhaka,282.0174
61,9,Non-slum,Greater Dhaka,282.0174
61,10,Non-slum,Greater Dhaka,282.0174
61,11,Non-slum,Greater Dhaka,282.0174
61,13,Non-slum,Greater Dhaka,282.0174
61,14,Non-slum,Greater Dhaka,282.0174
61,15,Non-slum,Greater Dhaka,282.0174
61,16,Non-slum,Greater Dhaka,282.0174
61,17,Non-slum,Greater Dhaka,282.0174
61,18,Non-slum,Greater Dhaka,282.0174
61,21,Non-slum,Greater Dhaka,68.294815
61,22,Non-slum,Greater Dhaka,68.294815
61,23,Non-slum,Greater Dhaka,68.294815
62,1,Non-slum,Greater Dhaka,255.50296
62,2,Non-slum,Greater Dhaka,255.50296
62,3,Non-slum,Greater Dhaka,255.50296
62,4,Non-slum,Greater Dhaka,255.50296
62,5,Non-slum,Greater Dhaka,255.50296
62,6,Non-slum,Greater Dhaka,255.50296
62,7,Non-slum,Greater Dhaka,255.50296
62,9,Non-slum,Greater Dhaka,255.50296
62,10,Non-slum,Greater Dhaka,255.50296
62,11,Non-slum,Greater Dhaka,255.50296
62,12,Non-slum,Greater Dhaka,255.50296
62,13,Non-slum,Greater Dhaka,255.50296
62,15,Non-slum,Greater Dhaka,255.50296
62,17,Non-slum,Greater Dhaka,255.50296
62,18,Non-slum,Greater Dhaka,255.50296
62,19,Non-slum,Greater Dhaka,255.50296
62,20,Non-slum,Greater Dhaka,255.50296
62,21,Non-slum,Greater Dhaka,109.27171
62,22,Non-slum,Greater Dhaka,109.27171
62,23,Non-slum,Greater Dhaka,109.27171
63,1,Non-slum,Greater Dhaka,288.64868
63,2,Non-slum,Greater Dhaka,288.64868
63,3,Non-slum,Greater Dhaka,288.64868
63,4,Non-slum,Greater Dhaka,288.64868
63,5,Non-slum,Greater Dhaka,288.64868
63,6,Non-slum,Greater Dhaka,288.64868
63,7,Non-slum,Greater Dhaka,288.64868
63,8,Non-slum,Greater Dhaka,288.64868
63,9,Non-slum,Greater Dhaka,288.64868
63,10,Non-slum,Greater Dhaka,288.64868
63,11,Non-slum,Greater Dhaka,288.64868
63,12,Non-slum,Greater Dhaka,288.64868
63,13,Non-slum,Greater Dhaka,288.64868
63,14,Non-slum,Greater Dhaka,288.64868
63,16,Non-slum,Greater Dhaka,288.64868
63,17,Non-slum,Greater Dhaka,288.64868
63,18,Non-slum,Greater Dhaka,288.64868
63,19,Non-slum,Greater Dhaka,288.64868
63,22,Non-slum,Greater Dhaka,62.850914
63,23,Non-slum,Greater Dhaka,62.850914
64,1,Non-slum,Greater Dhaka,371.39462
64,2,Non-slum,Greater Dhaka,371.39462
64,3,Non-slum,Greater Dhaka,371.39462
64,4,Non-slum,Greater Dhaka,371.39462
64,5,Non-slum,Greater Dhaka,371.39462
64,7,Non-slum,Greater Dhaka,371.39462
64,8,Non-slum,Greater Dhaka,371.39462
64,9,Non-slum,Greater Dhaka,371.39462
64,11,Non-slum,Greater Dhaka,371.39462
64,12,Non-slum,Greater Dhaka,371.39462
64,13,Non-slum,Greater Dhaka,371.39462
64,14,Non-slum,Greater Dhaka,371.39462
64,15,Non-slum,Greater Dhaka,371.39462
64,16,Non-slum,Greater Dhaka,371.39462
64,17,Non-slum,Greater Dhaka,371.39462
64,18,Non-slum,Greater Dhaka,371.39462
64,21,Non-slum,Greater Dhaka,45.710106
64,22,Non-slum,Greater Dhaka,45.710106
64,23,Non-slum,Greater Dhaka,45.710106
64,32,Non-slum,Greater Dhaka,91.420212
65,1,Non-slum,Greater Dhaka,249.80264
65,2,Non-slum,Greater Dhaka,249.80264
65,4,Non-slum,Greater Dhaka,249.80264
65,5,Non-slum,Greater Dhaka,249.80264
65,6,Non-slum,Greater Dhaka,249.80264
65,7,Non-slum,Greater Dhaka,249.80264
65,8,Non-slum,Greater Dhaka,249.80264
65,9,Non-slum,Greater Dhaka,249.80264
65,10,Non-slum,Greater Dhaka,249.80264
65,11,Non-slum,Greater Dhaka,249.80264
65,12,Non-slum,Greater Dhaka,249.80264
65,14,Non-slum,Greater Dhaka,249.80264
65,15,Non-slum,Greater Dhaka,249.80264
65,16,Non-slum,Greater Dhaka,249.80264
65,17,Non-slum,Greater Dhaka,249.80264
65,18,Non-slum,Greater Dhaka,249.80264
65,19,Non-slum,Greater Dhaka,249.80264
65,21,Non-slum,Greater Dhaka,33.97316
65,22,Non-slum,Greater Dhaka,33.97316
65,23,Non-slum,Greater Dhaka,33.97316
66,1,Non-slum,Greater Dhaka,180.02426
66,2,Non-slum,Greater Dhaka,180.02426
66,3,Non-slum,Greater Dhaka,180.02426
66,4,Non-slum,Greater Dhaka,180.02426
66,5,Non-slum,Greater Dhaka,180.02426
66,6,Non-slum,Greater Dhaka,180.02426
66,7,Non-slum,Greater Dhaka,180.02426
66,8,Non-slum,Greater Dhaka,180.02426
66,10,Non-slum,Greater Dhaka,180.02426
66,11,Non-slum,Greater Dhaka,180.02426
66,12,Non-slum,Greater Dhaka,180.02426
66,13,Non-slum,Greater Dhaka,180.02426
66,14,Non-slum,Greater Dhaka,180.02426
66,15,Non-slum,Greater Dhaka,180.02426
66,16,Non-slum,Greater Dhaka,180.02426
66,18,Non-slum,Greater Dhaka,180.02426
66,21,Non-slum,Greater Dhaka,25.266562
66,22,Non-slum,Greater Dhaka,25.266562
66,23,Non-slum,Greater Dhaka,25.266562
66,31,Non-slum,Greater Dhaka,50.533123
