interview__key,s2cq1,s2cq2
00-11-48-08,2,2
00-14-18-28,5 Average,1 Poorest
00-24-35-42,5 Average,3
00-28-02-38,5 Average,5 Average
00-30-20-73,5 Average,5 Average
00-41-06-44,5 Average,5 Average
00-76-39-80,5 Average,5 Average
00-77-55-82,1 Poorest,3
00-77-84-76,5 Average,4
00-91-59-01,3,1 Poorest
00-99-04-04,1 Poorest,1 Poorest
01-13-94-22,5 Average,5 Average
01-25-97-47,5 Average,5 Average
01-28-90-88,5 Average,4
01-36-35-01,1 Poorest,1 Poorest
01-45-89-17,5 Average,5 Average
01-53-99-24,5 Average,5 Average
01-74-04-52,5 Average,3
02-36-19-45,5 Average,4
02-39-28-57,7,5 Average
02-42-13-55,5 Average,3
02-53-05-40,5 Average,2
02-60-77-80,3,3
02-82-48-36,3,4
02-83-06-69,2,2
02-98-13-39,4,4
02-98-52-98,5 Average,5 Average
03-07-95-46,5 Average,5 Average
03-69-22-18,5 Average,5 Average
03-97-19-11,3,3
03-98-01-40,5 Average,5 Average
04-16-87-48,5 Average,1 Poorest
04-17-16-88,5 Average,5 Average
04-24-33-03,3,3
04-38-19-68,5 Average,4
04-63-92-39,5 Average,4
04-66-96-52,2,2
04-81-78-84,2,1 Poorest
05-04-68-47,4,4
05-15-33-31,1 Poorest,1 Poorest
05-25-66-94,2,1 Poorest
05-26-75-75,8,8
05-61-61-38,4,3
05-78-48-36,3,3
05-82-24-73,5 Average,5 Average
05-84-34-71,5 Average,4
06-18-94-54,5 Average,4
06-44-48-23,1 Poorest,1 Poorest
06-51-01-81,5 Average,2
06-77-22-73,7,5 Average
06-79-10-35,1 Poorest,2
06-86-53-01,5 Average,4
06-93-50-31,5 Average,3
06-95-16-01,5 Average,3
06-99-62-55,2,1 Poorest
07-09-29-32,1 Poorest,1 Poorest
07-21-69-77,5 Average,5 Average
07-38-15-10,5 Average,4
07-45-98-59,5 Average,5 Average
07-57-68-78,5 Average,5 Average
07-87-14-21,2,2
07-87-20-23,5 Average,5 Average
07-92-66-86,3,3
08-27-46-13,5 Average,5 Average
08-37-54-38,5 Average,5 Average
08-42-45-60,5 Average,6
08-66-93-20,5 Average,4
08-76-74-15,4,3
08-87-72-25,1 Poorest,2
08-92-82-63,5 Average,5 Average
09-26-24-56,5 Average,3
09-48-37-76,5 Average,3
09-52-36-40,3,3
09-54-86-04,5 Average,5 Average
09-56-25-86,1 Poorest,1 Poorest
09-56-37-66,5 Average,5 Average
09-70-29-30,3,3
09-72-73-80,2,1 Poorest
09-99-80-99,3,3
10-00-23-23,5 Average,5 Average
10-24-50-53,2,2
10-62-87-07,1 Poorest,1 Poorest
10-67-83-00,5 Average,5 Average
10-73-31-63,5 Average,3
11-20-56-39,7,5 Average
11-27-77-65,5 Average,4
11-29-24-37,3,3
11-37-75-66,4,3
11-65-32-70,5 Average,4
11-71-20-07,4,4
11-74-42-47,2,1 Poorest
11-84-40-86,5 Average,5 Average
11-90-81-43,3,2
12-07-47-45,2,2
12-14-50-11,2,2
12-35-90-39,1 Poorest,1 Poorest
12-37-68-17,3,4
12-38-10-28,5 Average,5 Average
12-70-03-22,3,2
12-89-15-03,5 Average,3
12-90-25-18,5 Average,3
13-05-07-31,3,3
13-40-45-67,5 Average,5 Average
13-50-00-00,5 Average,5 Average
13-60-37-63,2,1 Poorest
13-70-88-03,3,2
13-73-84-95,5 Average,4
13-85-44-31,2,2
14-54-93-04,1 Poorest,1 Poorest
14-56-06-34,5 Average,5 Average
14-61-96-73,3,2
14-80-37-38,2,1 Poorest
14-91-69-00,2,5 Average
15-10-58-17,5 Average,5 Average
15-28-98-50,1 Poorest,1 Poorest
15-35-12-75,2,2
15-48-48-18,3,3
15-68-10-75,5 Average,5 Average
15-68-73-91,5 Average,5 Average
15-91-45-68,5 Average,2
15-99-35-27,5 Average,5 Average
16-13-61-65,2,3
16-15-69-73,4,3
16-46-87-02,3,3
16-93-86-61,5 Average,5 Average
17-58-97-56,5 Average,5 Average
17-59-02-00,5 Average,4
17-68-18-77,6,6
17-71-66-38,6,7
17-88-60-75,2,3
17-99-50-48,5 Average,5 Average
18-42-12-21,5 Average,5 Average
18-45-01-24,5 Average,5 Average
18-49-28-85,5 Average,5 Average
18-58-08-30,5 Average,5 Average
18-63-30-02,5 Average,5 Average
18-72-98-16,5 Average,4
18-82-62-40,5 Average,4
19-03-30-38,6,4
19-72-19-66,5 Average,4
19-75-91-64,6,5 Average
19-80-86-64,5 Average,2
19-90-05-01,5 Average,5 Average
20-13-45-35,5 Average,5 Average
20-21-76-10,5 Average,4
20-33-11-22,5 Average,3
20-35-26-66,4,5 Average
20-86-70-58,5 Average,5 Average
21-01-98-99,5 Average,5 Average
21-56-73-53,5 Average,5 Average
21-59-52-44,1 Poorest,2
21-88-93-32,5 Average,5 Average
21-99-47-06,2,2
22-07-73-87,5 Average,4
22-94-17-72,5 Average,4
23-16-16-83,4,4
23-32-08-95,5 Average,5 Average
23-45-74-97,2,2
23-62-03-55,5 Average,4
23-70-43-39,5 Average,5 Average
23-73-33-69,5 Average,5 Average
23-75-13-28,4,2
23-92-16-23,5 Average,5 Average
24-18-89-36,5 Average,5 Average
24-21-42-95,6,5 Average
24-26-83-06,5 Average,4
24-27-66-72,5 Average,5 Average
24-77-97-66,5 Average,5 Average
24-82-48-65,5 Average,4
25-03-90-32,5 Average,3
25-15-60-76,5 Average,4
25-20-77-34,5 Average,5 Average
25-26-91-49,1 Poorest,1 Poorest
25-71-53-69,5 Average,6
25-74-41-33,4,2
25-77-33-12,5 Average,1 Poorest
25-77-58-96,5 Average,5 Average
25-80-38-05,4,3
25-99-07-45,5 Average,5 Average
26-30-31-96,3,3
26-35-70-67,4,3
26-42-39-36,3,3
26-46-53-29,5 Average,2
26-71-05-97,1 Poorest,1 Poorest
26-82-19-76,5 Average,4
26-90-72-50,5 Average,5 Average
27-10-24-86,5 Average,4
27-21-45-15,5 Average,4
27-28-72-74,5 Average,5 Average
27-77-41-77,1 Poorest,1 Poorest
27-78-57-26,1 Poorest,5 Average
27-81-23-37,1 Poorest,1 Poorest
27-93-66-33,5 Average,4
28-33-99-35,5 Average,5 Average
28-42-49-04,5 Average,5 Average
28-50-35-79,1 Poorest,1 Poorest
28-74-89-74,4,4
28-84-30-20,4,2
28-86-65-82,5 Average,5 Average
29-06-57-28,5 Average,3
29-21-47-59,5 Average,4
29-70-95-81,5 Average,5 Average
29-90-09-46,5 Average,3
29-99-54-57,5 Average,6
30-17-96-80,1 Poorest,1 Poorest
30-18-79-31,1 Poorest,1 Poorest
30-43-85-89,4,4
30-69-97-11,5 Average,4
30-73-16-30,4,4
30-75-44-55,1 Poorest,1 Poorest
31-20-25-17,5 Average,3
31-86-71-90,5 Average,5 Average
31-88-86-50,5 Average,3
32-10-46-50,5 Average,5 Average
32-10-98-20,5 Average,5 Average
32-17-83-82,5 Average,6
32-82-88-73,1 Poorest,1 Poorest
33-18-70-95,5 Average,5 Average
33-26-70-01,2,2
33-36-95-06,2,2
33-72-44-36,5 Average,2
33-81-90-06,1 Poorest,1 Poorest
34-47-49-71,3,2
34-77-97-45,5 Average,5 Average
35-34-30-60,5 Average,4
35-44-52-02,5 Average,3
35-51-88-26,5 Average,5 Average
35-65-67-78,1 Poorest,1 Poorest
35-88-46-37,2,2
36-23-40-85,4,3
36-40-40-95,5 Average,4
36-78-86-37,6,6
36-96-36-15,5 Average,5 Average
37-01-34-02,5 Average,5 Average
37-36-10-30,2,1 Poorest
37-37-25-64,5 Average,4
37-46-33-40,5 Average,2
37-67-25-85,8,5 Average
37-67-94-43,5 Average,2
37-68-52-01,5 Average,4
37-96-69-76,5 Average,5 Average
38-05-50-95,5 Average,5 Average
38-37-50-95,5 Average,5 Average
38-95-73-31,2,2
38-97-46-43,1 Poorest,1 Poorest
39-16-32-68,1 Poorest,1 Poorest
39-16-76-43,1 Poorest,1 Poorest
39-39-07-11,1 Poorest,1 Poorest
39-41-55-55,1 Poorest,1 Poorest
39-73-65-69,5 Average,3
39-99-50-70,4,4
40-04-63-14,5 Average,5 Average
40-15-28-88,2,2
40-35-88-17,4,4
40-55-47-18,5 Average,5 Average
40-69-66-33,4,4
40-96-24-33,4,3
41-10-13-07,5 Average,5 Average
41-25-77-25,3,3
41-44-58-52,1 Poorest,1 Poorest
41-64-39-09,4,3
41-71-66-92,5 Average,5 Average
42-09-07-47,5 Average,5 Average
42-13-55-45,5 Average,5 Average
42-14-67-79,3,3
42-18-88-63,5 Average,5 Average
42-23-81-85,5 Average,5 Average
42-26-51-22,3,3
42-49-85-02,2,2
42-50-23-93,5 Average,5 Average
42-56-44-00,5 Average,3
42-68-61-66,3,3
42-73-68-70,5 Average,5 Average
42-79-45-13,5 Average,4
43-30-92-61,1 Poorest,1 Poorest
43-33-02-18,5 Average,3
43-38-34-15,5 Average,4
43-73-29-56,5 Average,3
43-75-78-22,5 Average,4
43-90-23-81,5 Average,4
43-93-31-20,5 Average,5 Average
44-42-13-16,5 Average,2
44-57-34-40,5 Average,4
44-70-64-79,5 Average,4
44-78-21-72,3,1 Poorest
45-08-70-04,5 Average,3
45-29-71-78,5 Average,5 Average
45-35-73-39,4,3
45-35-82-88,5 Average,4
45-48-42-00,5 Average,6
45-55-56-10,5 Average,4
45-57-81-16,1 Poorest,1 Poorest
45-61-82-18,5 Average,5 Average
45-76-46-33,5 Average,4
45-83-08-52,5 Average,3
45-89-47-83,5 Average,4
46-31-52-68,6,4
46-36-23-91,4,4
46-36-66-09,7,4
46-39-21-33,4,3
46-69-30-18,1 Poorest,1 Poorest
46-77-48-68,5 Average,4
46-90-41-39,2,2
47-02-72-98,6,4
47-18-39-01,3,2
47-27-29-93,5 Average,5 Average
47-60-20-01,4,3
47-97-77-17,3,3
48-00-56-77,2,2
48-04-17-10,3,5 Average
48-32-37-82,5 Average,5 Average
48-33-61-54,5 Average,5 Average
48-35-58-48,5 Average,5 Average
48-51-10-23,5 Average,4
48-55-31-69,5 Average,3
48-67-49-78,5 Average,5 Average
48-87-88-72,1 Poorest,1 Poorest
48-95-31-26,2,2
49-56-57-09,5 Average,4
49-67-47-33,3,2
49-69-87-18,2,2
49-74-12-19,5 Average,5 Average
50-23-18-00,5 Average,5 Average
50-24-93-06,5 Average,5 Average
50-58-36-08,5 Average,5 Average
50-67-67-43,3,3
50-89-68-36,4,4
50-96-64-01,5 Average,4
51-03-03-95,1 Poorest,1 Poorest
51-04-81-57,5 Average,5 Average
51-15-36-00,1 Poorest,2
51-55-97-33,3,2
51-84-88-88,4,4
52-05-24-98,2,2
52-06-67-62,5 Average,5 Average
52-15-08-75,1 Poorest,1 Poorest
52-24-45-26,5 Average,3
52-28-43-63,4,4
52-38-76-73,5 Average,5 Average
52-74-85-82,5 Average,4
53-19-44-95,5 Average,5 Average
53-21-24-75,5 Average,3
53-72-96-01,5 Average,3
53-87-39-27,5 Average,5 Average
53-88-11-68,5 Average,1 Poorest
54-45-11-85,5 Average,2
54-62-47-43,5 Average,5 Average
54-66-49-39,9,1 Poorest
54-96-12-87,5 Average,4
55-01-48-60,4,4
55-37-78-79,5 Average,5 Average
55-38-96-18,5 Average,5 Average
55-45-47-11,4,2
55-91-13-86,4,3
55-91-37-75,6,5 Average
56-09-56-08,2,2
56-21-49-31,4,3
56-28-95-37,2,2
56-39-11-35,5 Average,5 Average
56-94-01-10,5 Average,3
57-24-69-99,2,2
57-24-95-07,1 Poorest,1 Poorest
57-27-40-40,5 Average,5 Average
57-38-86-89,5 Average,5 Average
57-52-45-75,5 Average,5 Average
57-57-41-35,5 Average,1 Poorest
57-88-50-44,2,1 Poorest
58-02-65-66,5 Average,5 Average
58-38-62-66,5 Average,5 Average
58-45-12-71,5 Average,5 Average
58-58-50-24,5 Average,5 Average
58-97-53-95,3,5 Average
59-04-10-61,6,6
59-29-82-67,5 Average,5 Average
59-35-08-66,3,2
59-45-30-11,5 Average,3
59-85-07-92,5 Average,5 Average
59-98-69-64,1 Poorest,1 Poorest
60-00-14-73,3,3
60-18-26-02,5 Average,4
60-20-26-32,3,3
60-30-46-89,5 Average,4
60-45-22-93,7,7
60-61-00-92,5 Average,4
60-62-79-36,4,4
60-95-54-37,5 Average,5 Average
60-97-15-75,5 Average,4
61-24-24-14,5 Average,5 Average
61-30-93-34,4,4
61-39-09-69,3,2
61-49-11-52,5 Average,3
61-57-55-69,3,2
61-61-84-70,3,3
61-75-01-22,5 Average,5 Average
62-00-28-43,1 Poorest,1 Poorest
62-04-49-53,5 Average,4
62-10-58-08,5 Average,5 Average
62-21-50-55,5 Average,3
62-26-39-29,4,2
62-66-94-43,5 Average,5 Average
62-75-13-84,5 Average,5 Average
63-15-56-95,5 Average,3
63-18-87-64,5 Average,3
63-25-24-51,7,4
63-28-52-97,3,3
63-70-61-61,5 Average,3
64-51-38-06,1 Poorest,1 Poorest
64-51-45-53,5 Average,4
64-68-34-06,2,2
64-74-64-64,1 Poorest,5 Average
64-93-89-71,2,2
64-95-38-26,5 Average,5 Average
65-75-15-99,5 Average,1 Poorest
65-98-79-99,5 Average,5 Average
66-44-64-50,4,3
67-18-67-83,5 Average,5 Average
68-03-65-53,5 Average,3
68-16-94-55,4,4
68-18-81-79,1 Poorest,1 Poorest
68-26-92-99,5 Average,4
68-48-09-89,4,3
68-66-44-52,4,3
68-84-69-98,5 Average,4
68-89-84-09,3,3
68-92-90-44,2,2
69-50-07-46,5 Average,5 Average
69-50-77-07,2,2
69-54-11-86,3,3
69-56-81-47,5 Average,5 Average
69-69-11-97,5 Average,4
69-75-58-87,6,4
69-84-92-78,5 Average,5 Average
70-06-11-85,5 Average,5 Average
70-33-56-96,5 Average,5 Average
70-89-50-82,5 Average,5 Average
71-06-17-00,1 Poorest,1 Poorest
71-42-69-39,1 Poorest,1 Poorest
71-46-50-36,5 Average,5 Average
71-54-97-38,5 Average,5 Average
71-81-05-41,5 Average,5 Average
71-87-66-71,1 Poorest,1 Poorest
71-98-40-84,3,3
72-23-51-16,5 Average,5 Average
72-26-33-40,2,2
72-36-01-60,1 Poorest,2
72-37-31-42,5 Average,5 Average
72-48-17-68,5 Average,4
72-51-92-23,2,2
72-58-00-67,5 Average,4
72-66-71-71,3,2
72-67-93-54,5 Average,5 Average
72-84-14-29,5 Average,5 Average
72-89-35-81,5 Average,4
73-08-96-72,5 Average,4
73-42-00-69,4,2
73-44-61-35,1 Poorest,1 Poorest
73-48-13-56,4,4
73-48-23-31,4,4
73-72-83-29,4,3
74-03-83-95,5 Average,5 Average
74-23-59-38,5 Average,5 Average
74-31-98-06,2,1 Poorest
74-34-13-03,4,2
74-48-94-37,5 Average,3
74-64-91-44,4,2
74-69-75-31,5 Average,5 Average
75-07-14-53,2,1 Poorest
75-18-93-42,5 Average,4
75-30-55-60,5 Average,5 Average
75-35-05-33,5 Average,2
75-49-22-77,3,3
76-17-97-03,2,2
76-58-11-05,5 Average,5 Average
76-83-24-33,5 Average,4
77-11-76-62,5 Average,5 Average
77-14-13-68,5 Average,4
77-29-81-66,2,2
77-48-91-64,5 Average,5 Average
77-87-31-78,5 Average,5 Average
77-89-32-50,5 Average,1 Poorest
77-92-23-80,3,3
78-58-11-12,2,1 Poorest
78-60-23-79,6,4
78-76-90-78,5 Average,5 Average
78-91-79-12,5 Average,5 Average
78-91-88-48,7,7
79-10-35-57,6,6
79-30-79-26,5 Average,3
79-56-20-22,5 Average,3
79-87-49-96,1 Poorest,1 Poorest
80-22-71-02,5 Average,4
80-48-72-39,4,3
80-88-34-25,5 Average,5 Average
80-91-76-81,1 Poorest,5 Average
80-97-76-22,2,2
81-51-57-93,5 Average,5 Average
81-69-03-02,3,2
82-04-66-80,3,3
82-16-93-71,4,2
82-87-50-46,5 Average,5 Average
82-92-84-48,5 Average,3
82-98-72-55,2,2
83-21-45-30,5 Average,5 Average
83-43-73-00,5 Average,5 Average
83-55-67-95,3,2
83-93-32-62,5 Average,4
84-01-65-09,3,3
84-42-09-82,5 Average,5 Average
84-46-73-02,5 Average,3
84-62-81-15,5 Average,4
84-82-89-93,4,4
84-85-23-95,5 Average,4
84-86-96-17,4,3
84-90-15-10,5 Average,4
84-93-87-42,5 Average,4
85-05-14-92,5 Average,5 Average
85-07-19-99,2,2
85-12-58-57,2,2
85-19-37-76,3,3
85-34-28-39,5 Average,5 Average
85-78-34-10,3,3
86-04-65-66,5 Average,5 Average
86-20-76-20,5 Average,5 Average
86-60-44-34,2,2
86-64-23-01,5 Average,4
86-66-88-59,5 Average,5 Average
86-71-22-91,1 Poorest,1 Poorest
86-91-29-12,5 Average,4
86-95-05-55,1 Poorest,1 Poorest
87-01-36-28,5 Average,4
87-23-34-41,4,4
87-35-60-51,1 Poorest,1 Poorest
87-44-70-71,5 Average,4
87-48-59-39,1 Poorest,1 Poorest
87-61-41-63,2,2
87-70-31-24,4,5 Average
87-94-52-14,5 Average,3
88-13-51-58,5 Average,4
88-24-99-02,5 Average,5 Average
88-28-31-17,5 Average,3
88-29-73-13,4,4
88-56-00-44,1 Poorest,1 Poorest
88-58-17-70,5 Average,5 Average
88-67-95-97,5 Average,5 Average
88-88-80-10,4,3
89-08-40-65,1 Poorest,1 Poorest
89-08-65-41,5 Average,4
89-18-69-83,1 Poorest,2
89-39-88-34,3,3
89-65-33-51,5 Average,3
89-65-57-82,5 Average,3
89-93-74-40,5 Average,5 Average
90-95-95-43,5 Average,5 Average
91-00-32-16,5 Average,4
91-14-56-54,5 Average,1 Poorest
91-17-82-05,5 Average,4
91-36-09-47,5 Average,5 Average
91-83-49-03,5 Average,4
92-20-60-53,3,3
92-36-22-55,2,2
92-38-87-71,2,2
92-42-52-09,2,1 Poorest
92-66-10-53,3,4
92-67-91-82,1 Poorest,1 Poorest
92-83-10-25,3,3
92-90-42-99,5 Average,3
93-55-82-79,5 Average,7
93-69-62-61,5 Average,5 Average
93-79-64-74,4,4
93-79-78-96,7,5 Average
93-84-10-19,5 Average,5 Average
93-91-64-97,5 Average,5 Average
94-01-09-26,5 Average,5 Average
94-12-65-06,5 Average,4
94-27-92-63,5 Average,6
94-31-28-90,5 Average,5 Average
94-37-16-34,5 Average,5 Average
94-38-77-66,6,4
94-47-72-64,2,2
94-53-85-10,4,4
94-73-04-14,5 Average,4
94-83-89-60,5 Average,5 Average
95-13-66-88,5 Average,4
95-23-54-25,1 Poorest,2
95-33-09-89,2,1 Poorest
95-43-17-18,5 Average,5 Average
95-58-15-51,5 Average,4
95-62-63-83,1 Poorest,3
95-71-13-54,5 Average,5 Average
95-86-10-92,5 Average,5 Average
96-04-71-13,4,4
96-09-98-35,3,2
96-66-52-37,5 Average,5 Average
96-83-60-45,5 Average,4
97-32-44-49,4,3
98-06-76-33,5 Average,4
98-11-86-35,5 Average,5 Average
98-27-08-13,5 Average,5 Average
98-53-14-41,2,2
98-53-56-90,5 Average,5 Average
98-62-44-38,5 Average,5 Average
98-79-71-21,4,4
98-83-26-90,5 Average,5 Average
98-85-26-70,1 Poorest,1 Poorest
98-93-37-80,5 Average,3
99-21-18-63,5 Average,4
99-39-38-50,3,2
99-46-75-70,2,2
99-49-49-47,3,3
99-55-65-60,5 Average,3
99-72-17-59,3,3
99-81-14-04,4,3
