interview__key,Sec11_SafetyNets__id,payment_method__id,s11q9
00-76-39-80,2,Covid-19 relief program from the central government,Cash from wing agents
00-91-59-01,2,Covid-19 relief program from the central government,Cash from wing agents
02-36-19-45,2,Covid-19 relief program from the central government,Cash from wing agents
02-82-48-36,2,Covid-19 relief program from the central government,Cash from wing agents
04-24-33-03,2,Covid-19 relief program from the central government,Cash from wing agents
05-15-33-31,2,Covid-19 relief program from the central government,Cash from wing agents
05-25-66-94,2,Covid-19 relief program from the central government,Cash from wing agents
06-79-10-35,3,Other program (SPECIFY),
06-79-10-35,2,Covid-19 relief program from the central government,Cash from wing agents
06-79-10-35,1,Other program (SPECIFY),
06-99-62-55,1,Relief program from the local government,
06-99-62-55,2,Covid-19 relief program from the central government,Cash from wing agents
07-09-29-32,2,Covid-19 relief program from the central government,Cash from wing agents
07-87-14-21,2,Covid-19 relief program from the central government,Cash from wing agents
07-92-66-86,2,Covid-19 relief program from the central government,Cash from wing agents
08-87-72-25,2,Covid-19 relief program from the central government,Cash from wing agents
09-52-36-40,2,Covid-19 relief program from the central government,Cash from wing agents
12-14-50-11,2,Covid-19 relief program from the central government,Cash from wing agents
12-35-90-39,2,Covid-19 relief program from the central government,Cash from wing agents
13-70-88-03,2,Covid-19 relief program from the central government,Cash from wing agents
13-85-44-31,2,Covid-19 relief program from the central government,Cash from wing agents
15-28-98-50,2,Other program (SPECIFY),Other (SPECIFY)
15-28-98-50,2,Covid-19 relief program from the central government,Cash from wing agents
15-28-98-50,1,Other program (SPECIFY),
16-46-87-02,2,Covid-19 relief program from the central government,Cash from wing agents
18-72-98-16,3,Relief program from the local government,
18-72-98-16,2,Covid-19 relief program from the central government,Cash from wing agents
18-72-98-16,1,Relief program from the local government,
18-72-98-16,2,Cash transfer program for pregnant women and children under,Other (SPECIFY)
19-72-19-66,2,Covid-19 relief program from the central government,Cash from wing agents
20-21-76-10,2,Home grown school feeding program,Digital payment through mobile wallet (wing or other vendors)
23-32-08-95,2,Covid-19 relief program from the central government,Cash from wing agents
23-45-74-97,2,Covid-19 relief program from the central government,Cash from wing agents
27-28-72-74,2,Other program (SPECIFY),Other (SPECIFY)
27-81-23-37,2,Covid-19 relief program from the central government,Cash from wing agents
27-81-23-37,1,Other program (SPECIFY),
27-93-66-33,1,Other program (SPECIFY),
27-93-66-33,2,Covid-19 relief program from the central government,Cash from wing agents
28-74-89-74,2,Covid-19 relief program from the central government,Cash from wing agents
28-86-65-82,2,Covid-19 relief program from the central government,Cash from wing agents
30-18-79-31,2,Covid-19 relief program from the central government,Cash from wing agents
30-75-44-55,1,Relief program from the local government,
30-75-44-55,2,Covid-19 relief program from the central government,Cash from wing agents
31-20-25-17,2,Covid-19 relief program from the central government,Cash from wing agents
32-82-88-73,3,Other program (SPECIFY),
32-82-88-73,2,Covid-19 relief program from the central government,Cash from wing agents
33-72-44-36,2,Covid-19 relief program from the central government,Cash from wing agents
34-47-49-71,2,Covid-19 relief program from the central government,Cash from wing agents
35-51-88-26,2,Other program (SPECIFY),Other (SPECIFY)
35-51-88-26,1,Relief program from the local government,
35-88-46-37,2,Covid-19 relief program from the central government,Cash from wing agents
36-40-40-95,2,Covid-19 relief program from the central government,Cash from wing agents
37-36-10-30,2,Covid-19 relief program from the central government,Cash from wing agents
38-97-46-43,2,Covid-19 relief program from the central government,Cash from wing agents
39-16-32-68,2,Covid-19 relief program from the central government,Cash from wing agents
39-16-76-43,2,Covid-19 relief program from the central government,Cash from wing agents
39-73-65-69,2,Covid-19 relief program from the central government,Cash from wing agents
41-25-77-25,2,Covid-19 relief program from the central government,Cash from wing agents
41-44-58-52,2,Covid-19 relief program from the central government,Cash from wing agents
42-49-85-02,2,Covid-19 relief program from the central government,Cash from wing agents
43-75-78-22,2,Covid-19 relief program from the central government,Cash from wing agents
44-70-64-79,2,Covid-19 relief program from the central government,Cash from wing agents
44-78-21-72,2,Covid-19 relief program from the central government,Cash from wing agents
46-90-41-39,2,Covid-19 relief program from the central government,Cash from wing agents
48-04-17-10,2,Covid-19 relief program from the central government,Cash from wing agents
48-04-17-10,3,Relief program from the local government,
48-32-37-82,2,Covid-19 relief program from the central government,Cash from wing agents
48-55-31-69,2,Covid-19 relief program from the central government,Cash from wing agents
49-67-47-33,2,Covid-19 relief program from the central government,Cash from wing agents
49-69-87-18,2,Covid-19 relief program from the central government,Cash from wing agents
50-23-18-00,2,Covid-19 relief program from the central government,Cash from wing agents
51-03-03-95,2,Covid-19 relief program from the central government,Cash from wing agents
51-03-03-95,1,Relief program from the local government,
52-05-24-98,2,Covid-19 relief program from the central government,Cash from wing agents
52-15-08-75,2,Covid-19 relief program from the central government,Cash from wing agents
54-45-11-85,2,Covid-19 relief program from the central government,Cash from wing agents
54-45-11-85,1,Other program (SPECIFY),
57-24-69-99,2,Covid-19 relief program from the central government,Cash from wing agents
57-24-69-99,1,Relief program from the local government,
57-57-41-35,2,Covid-19 relief program from the central government,Cash from wing agents
57-88-50-44,2,Covid-19 relief program from the central government,Cash from wing agents
60-00-14-73,2,Covid-19 relief program from the central government,Cash from wing agents
61-24-24-14,2,Cash transfer program for pregnant women and children under,Cash from government office
61-49-11-52,2,Covid-19 relief program from the central government,Cash from wing agents
61-57-55-69,2,Covid-19 relief program from the central government,Cash from wing agents
61-61-84-70,2,Covid-19 relief program from the central government,Cash from wing agents
62-00-28-43,2,Covid-19 relief program from the central government,Cash from wing agents
62-21-50-55,2,Covid-19 relief program from the central government,Cash from wing agents
64-93-89-71,2,Covid-19 relief program from the central government,Cash from wing agents
69-50-07-46,1,Other program (SPECIFY),
69-50-07-46,2,Covid-19 relief program from the central government,Cash from wing agents
69-50-77-07,2,Covid-19 relief program from the central government,Cash from wing agents
69-50-77-07,1,Relief program from the local government,
69-50-77-07,3,Home grown school feeding program,
71-06-17-00,2,Covid-19 relief program from the central government,Cash from wing agents
71-87-66-71,2,Covid-19 relief program from the central government,Cash from wing agents
74-48-94-37,2,Covid-19 relief program from the central government,Cash from wing agents
75-18-93-42,2,Cash transfer program for pregnant women and children under,Other (SPECIFY)
75-18-93-42,1,Relief program from the local government,
75-30-55-60,2,Covid-19 relief program from the central government,Cash from wing agents
75-35-05-33,2,Other program (SPECIFY),Other (SPECIFY)
77-29-81-66,2,Covid-19 relief program from the central government,Cash from wing agents
78-58-11-12,1,Other program (SPECIFY),
78-58-11-12,2,Other program (SPECIFY),Other (SPECIFY)
79-87-49-96,2,Covid-19 relief program from the central government,Cash from wing agents
80-97-76-22,2,Covid-19 relief program from the central government,Cash from wing agents
82-16-93-71,2,Covid-19 relief program from the central government,Cash from wing agents
82-87-50-46,2,Covid-19 relief program from the central government,Cash from wing agents
82-98-72-55,2,Covid-19 relief program from the central government,Cash from wing agents
84-01-65-09,2,Covid-19 relief program from the central government,Cash from wing agents
85-12-58-57,3,Relief program from the local government,
85-12-58-57,2,Covid-19 relief program from the central government,Cash from wing agents
86-60-44-34,2,Covid-19 relief program from the central government,Cash from wing agents
86-95-05-55,2,Covid-19 relief program from the central government,Cash from wing agents
87-35-60-51,2,Covid-19 relief program from the central government,Cash from wing agents
87-48-59-39,2,Covid-19 relief program from the central government,Cash from wing agents
88-56-00-44,2,Covid-19 relief program from the central government,Cash from wing agents
88-88-80-10,2,Covid-19 relief program from the central government,Cash from wing agents
89-08-65-41,2,Home grown school feeding program,Digital payment through mobile wallet (wing or other vendors)
93-55-82-79,2,Covid-19 relief program from the central government,Cash from wing agents
93-79-64-74,2,Covid-19 relief program from the central government,Cash from wing agents
94-31-28-90,2,Covid-19 relief program from the central government,Cash from wing agents
94-53-85-10,2,Covid-19 relief program from the central government,Cash from wing agents
94-53-85-10,1,Other program (SPECIFY),
95-23-54-25,2,Covid-19 relief program from the central government,Cash from wing agents
95-33-09-89,3,Other program (SPECIFY),
95-33-09-89,2,Covid-19 relief program from the central government,Cash from wing agents
95-33-09-89,1,Other program (SPECIFY),
95-43-17-18,2,Covid-19 relief program from the central government,Cash from wing agents
96-04-71-13,2,Covid-19 relief program from the central government,Cash from wing agents
96-04-71-13,1,Relief program from the local government,
98-06-76-33,2,Scholarship program,Other (SPECIFY)
98-06-76-33,1,Home grown school feeding program,
98-85-26-70,2,Covid-19 relief program from the central government,Cash from wing agents
99-21-18-63,2,Covid-19 relief program from the central government,Cash from wing agents
99-39-38-50,2,Covid-19 relief program from the central government,Cash from wing agents
99-39-38-50,3,Relief program from the local government,
