interview__key,s2eq1,s2eq2,s2eq4,s2eq5,s2eq6,s2eq7,s2eq8,s2eq9,s2eq11,s2eq12,s2eq13,s2eq14,s2eq15,s2eq16,s2eq17,s2eq18,s2eq19,s2eq20,s2eq21,s2eq22
00-11-48-08,Yes,2,OTHER PROVINCES WITHIN THE COUNTRY,NO WORK,Not working,"Yes, if the situation allow",NO,,,,,,,,,,,,,
00-14-18-28,Yes,1,OTHER PROVINCES WITHIN THE COUNTRY,NO WORK,Looking for work,"Yes, if the situation allow",NO,,,,,,,,,,,,,
00-24-35-42,Yes,1,OTHER PROVINCES WITHIN THE COUNTRY,NO WORK,"In a family farm, raising family  livestock or fishing","Yes, if the situation allow",NO,,,,,,,,,,,,,
00-28-02-38,No,,,,,,NO,,,,,,,,,,,,,
00-30-20-73,No,,,,,,NO,,,,,,,,,,,,,
00-41-06-44,No,,,,,,NO,,,,,,,,,,,,,
00-76-39-80,No,,,,,,NO,,,,,,,,,,,,,
00-77-55-82,No,,,,,,NO,,,,,,,,,,,,,
00-77-84-76,No,,,,,,NO,,,,,,,,,,,,,
00-91-59-01,No,,,,,,NO,,,,,,,,,,,,,
00-99-04-04,No,,,,,,NO,,,,,,,,,,,,,
01-13-94-22,No,,,,,,NO,,,,,,,,,,,,,
01-25-97-47,No,,,,,,NO,,,,,,,,,,,,,
01-28-90-88,No,,,,,,YES,2,OTHER PROVINCES WITHIN THE COUNTRY,As an employee for someone else,"In a family farm, raising family  livestock or fishing",Stayed the same,,YES,27,Stayed the same,YES,4,Increased,YES
01-36-35-01,No,,,,,,NO,,,,,,,,,,,,,
01-45-89-17,No,,,,,,NO,,,,,,,,,,,,,
01-53-99-24,No,,,,,,YES,2,OTHER PROVINCES WITHIN THE COUNTRY,As an employee for someone else,As an employee for someone else,Stayed the same,,YES,60,Stayed the same,NO,,,YES
01-74-04-52,No,,,,,,NO,,,,,,,,,,,,,
02-36-19-45,No,,,,,,YES,2,OTHER PROVINCES WITHIN THE COUNTRY,As an employee for someone else,As an employee for someone else,Don't know,,YES,240,Reduced,NO,,,YES
02-39-28-57,No,,,,,,YES,2,OTHER COUNTRIES (specify),Studying,Studying,,,,,,NO,,,YES
02-42-13-55,Yes,2,OTHER PROVINCES WITHIN THE COUNTRY,FACTORY SHUT DOWN,"In a family farm, raising family  livestock or fishing","Yes, if the situation allow",NO,,,,,,,,,,,,,
02-53-05-40,No,,,,,,YES,1,OTHER PROVINCES WITHIN THE COUNTRY,As an employee for someone else,As an employee for someone else,Reduced,100,NO,,,YES,5,Don't know,YES
02-60-77-80,No,,,,,,NO,,,,,,,,,,,,,
02-82-48-36,No,,,,,,YES,2,OTHER PROVINCES WITHIN THE COUNTRY,As an employee for someone else,As an employee for someone else,Stayed the same,,YES,120,Stayed the same,NO,,,YES
02-83-06-69,No,,,,,,NO,,,,,,,,,,,,,
02-98-13-39,No,,,,,,NO,,,,,,,,,,,,,
02-98-52-98,No,,,,,,NO,,,,,,,,,,,,,
03-07-95-46,No,,,,,,NO,,,,,,,,,,,,,
03-69-22-18,No,,,,,,NO,,,,,,,,,,,,,
03-97-19-11,No,,,,,,NO,,,,,,,,,,,,,
03-98-01-40,No,,,,,,YES,1,OTHER PROVINCES WITHIN THE COUNTRY,Studying,Studying,,,,,,YES,720,Stayed the same,YES
04-16-87-48,No,,,,,,NO,,,,,,,,,,,,,
04-17-16-88,No,,,,,,NO,,,,,,,,,,,,,
04-24-33-03,No,,,,,,NO,,,,,,,,,,,,,
04-38-19-68,No,,,,,,NO,,,,,,,,,,,,,
04-63-92-39,No,,,,,,NO,,,,,,,,,,,,,
04-66-96-52,No,,,,,,NO,,,,,,,,,,,,,
04-81-78-84,Yes,2,OTHER PROVINCES WITHIN THE COUNTRY,FACTORY SHUT DOWN,As an employee for someone else,Definitely YES,YES,2,OTHER PROVINCES WITHIN THE COUNTRY,As an employee for someone else,As an employee for someone else,Reduced,50,NO,,,NO,,,YES
05-04-68-47,No,,,,,,YES,1,OTHER COUNTRIES (specify),As an employee for someone else,As an employee for someone else,Reduced,50,YES,200,Reduced,NO,,,YES
05-15-33-31,No,,,,,,YES,2,OTHER PROVINCES WITHIN THE COUNTRY,As an employee for someone else,As an employee for someone else,Stayed the same,,YES,30,Stayed the same,NO,,,Don't Know
05-25-66-94,No,,,,,,NO,,,,,,,,,,,,,
05-26-75-75,No,,,,,,YES,1,OTHER PROVINCES WITHIN THE COUNTRY,As an employee for someone else,As an employee for someone else,Stayed the same,,NO,,,NO,,,Don't Know
05-61-61-38,No,,,,,,NO,,,,,,,,,,,,,
05-78-48-36,No,,,,,,NO,,,,,,,,,,,,,
05-82-24-73,No,,,,,,NO,,,,,,,,,,,,,
05-84-34-71,No,,,,,,YES,2,OTHER PROVINCES WITHIN THE COUNTRY,As an employee for someone else,"In a family farm, raising family  livestock or fishing",Reduced,30,YES,40,Reduced,NO,,,YES
06-18-94-54,No,,,,,,YES,2,OTHER DISTRICTS WITHIN THE PROVINCE,As an employee for someone else,As an employee for someone else,Reduced,5,NO,,,NO,,,NO
06-44-48-23,No,,,,,,YES,1,OTHER PROVINCES WITHIN THE COUNTRY,As an employee for someone else,As an employee for someone else,Stayed the same,,YES,20,Stayed the same,NO,,,YES
06-51-01-81,No,,,,,,NO,,,,,,,,,,,,,
06-77-22-73,No,,,,,,NO,,,,,,,,,,,,,
06-79-10-35,No,,,,,,YES,2,OTHER PROVINCES WITHIN THE COUNTRY,As an employee for someone else,As an employee for someone else,Reduced,10,YES,75,Reduced,NO,,,YES
06-86-53-01,No,,,,,,NO,,,,,,,,,,,,,
06-93-50-31,No,,,,,,NO,,,,,,,,,,,,,
06-95-16-01,No,,,,,,NO,,,,,,,,,,,,,
06-99-62-55,No,,,,,,YES,1,OTHER DISTRICTS WITHIN THE PROVINCE,As an employee for someone else,Not working,Increased,100,NO,,,NO,,,Don't Know
07-09-29-32,No,,,,,,NO,,,,,,,,,,,,,
07-21-69-77,No,,,,,,NO,,,,,,,,,,,,,
07-38-15-10,No,,,,,,NO,,,,,,,,,,,,,
07-45-98-59,No,,,,,,NO,,,,,,,,,,,,,
07-57-68-78,No,,,,,,NO,,,,,,,,,,,,,
07-87-14-21,Yes,4,OTHER PROVINCES WITHIN THE COUNTRY,FAMILY REASON AT HOME,As an employee for someone else,Definitely YES,NO,,,,,,,,,,,,,
07-87-20-23,No,,,,,,NO,,,,,,,,,,,,,
07-92-66-86,No,,,,,,NO,,,,,,,,,,,,,
08-27-46-13,No,,,,,,NO,,,,,,,,,,,,,
08-37-54-38,No,,,,,,NO,,,,,,,,,,,,,
08-42-45-60,No,,,,,,NO,,,,,,,,,,,,,
08-66-93-20,No,,,,,,YES,2,OTHER PROVINCES WITHIN THE COUNTRY,As an employee for someone else,In your own business,Reduced,70,YES,60,Increased,NO,,,YES
08-76-74-15,No,,,,,,YES,2,OTHER PROVINCES WITHIN THE COUNTRY,As an employee for someone else,As an employee for someone else,Reduced,50,YES,150,Stayed the same,NO,,,YES
08-87-72-25,No,,,,,,NO,,,,,,,,,,,,,
08-92-82-63,No,,,,,,NO,,,,,,,,,,,,,
09-26-24-56,No,,,,,,NO,,,,,,,,,,,,,
09-48-37-76,No,,,,,,NO,,,,,,,,,,,,,
09-52-36-40,No,,,,,,NO,,,,,,,,,,,,,
09-54-86-04,No,,,,,,NO,,,,,,,,,,,,,
09-56-25-86,No,,,,,,NO,,,,,,,,,,,,,
09-56-37-66,No,,,,,,YES,2,OTHER PROVINCES WITHIN THE COUNTRY,As an employee for someone else,As an employee for someone else,Stayed the same,,YES,400,Stayed the same,NO,,,Don't Know
09-70-29-30,No,,,,,,NO,,,,,,,,,,,,,
09-72-73-80,No,,,,,,YES,1,OTHER PROVINCES WITHIN THE COUNTRY,As an employee for someone else,As an employee for someone else,Stayed the same,,YES,200,Stayed the same,NO,,,YES
09-99-80-99,No,,,,,,NO,,,,,,,,,,,,,
10-00-23-23,No,,,,,,NO,,,,,,,,,,,,,
10-24-50-53,No,,,,,,NO,,,,,,,,,,,,,
10-62-87-07,No,,,,,,NO,,,,,,,,,,,,,
10-67-83-00,No,,,,,,NO,,,,,,,,,,,,,
10-73-31-63,No,,,,,,YES,1,OTHER PROVINCES WITHIN THE COUNTRY,Studying,Studying,,,,,,YES,5,Don't know,YES
11-20-56-39,No,,,,,,NO,,,,,,,,,,,,,
11-27-77-65,No,,,,,,NO,,,,,,,,,,,,,
11-29-24-37,No,,,,,,NO,,,,,,,,,,,,,
11-37-75-66,No,,,,,,NO,,,,,,,,,,,,,
11-65-32-70,No,,,,,,NO,,,,,,,,,,,,,
11-71-20-07,No,,,,,,YES,2,OTHER PROVINCES WITHIN THE COUNTRY,As an employee for someone else,As an employee for someone else,Stayed the same,,YES,40,Stayed the same,NO,,,YES
11-74-42-47,No,,,,,,YES,1,OTHER DISTRICTS WITHIN THE PROVINCE,As an employee for someone else,As an employee for someone else,Reduced,50,YES,5,Reduced,NO,,,Don't Know
11-84-40-86,No,,,,,,NO,,,,,,,,,,,,,
11-90-81-43,No,,,,,,NO,,,,,,,,,,,,,
12-07-47-45,No,,,,,,NO,,,,,,,,,,,,,
12-14-50-11,No,,,,,,NO,,,,,,,,,,,,,
12-35-90-39,No,,,,,,NO,,,,,,,,,,,,,
12-37-68-17,No,,,,,,NO,,,,,,,,,,,,,
12-38-10-28,No,,,,,,NO,,,,,,,,,,,,,
12-70-03-22,No,,,,,,YES,2,OTHER PROVINCES WITHIN THE COUNTRY,In your own business,In your own business,Reduced,40,YES,60,Stayed the same,NO,,,Don't Know
12-89-15-03,No,,,,,,YES,1,OTHER PROVINCES WITHIN THE COUNTRY,As an employee for someone else,As an employee for someone else,Reduced,30,YES,180,Reduced,YES,50,Increased,YES
12-90-25-18,No,,,,,,NO,,,,,,,,,,,,,
13-05-07-31,No,,,,,,YES,2,OTHER PROVINCES WITHIN THE COUNTRY,As an employee for someone else,As an employee for someone else,Reduced,50,YES,30,Reduced,NO,,,YES
13-40-45-67,No,,,,,,NO,,,,,,,,,,,,,
13-50-00-00,No,,,,,,NO,,,,,,,,,,,,,
13-60-37-63,No,,,,,,YES,1,OTHER PROVINCES WITHIN THE COUNTRY,As an employee for someone else,As an employee for someone else,Reduced,50,YES,80,Reduced,NO,,,YES
13-70-88-03,No,,,,,,NO,,,,,,,,,,,,,
13-73-84-95,No,,,,,,NO,,,,,,,,,,,,,
13-85-44-31,No,,,,,,YES,3,OTHER PROVINCES WITHIN THE COUNTRY,As an employee for someone else,As an employee for someone else,Reduced,20,YES,20,Reduced,NO,,,YES
14-54-93-04,No,,,,,,NO,,,,,,,,,,,,,
14-56-06-34,No,,,,,,YES,1,OTHER PROVINCES WITHIN THE COUNTRY,Studying,Studying,,,,,,YES,100,Stayed the same,YES
14-61-96-73,No,,,,,,YES,1,OTHER PROVINCES WITHIN THE COUNTRY,Studying,Studying,,,,,,YES,60,Reduced,YES
14-80-37-38,No,,,,,,NO,,,,,,,,,,,,,
14-91-69-00,Yes,1,OTHER PROVINCES WITHIN THE COUNTRY,FACTORY SHUT DOWN,Not working,Definitely YES,YES,1,OTHER PROVINCES WITHIN THE COUNTRY,As an employee for someone else,As an employee for someone else,Stayed the same,,YES,80,Reduced,NO,,,YES
15-10-58-17,No,,,,,,NO,,,,,,,,,,,,,
15-28-98-50,No,,,,,,NO,,,,,,,,,,,,,
15-35-12-75,Yes,1,OTHER PROVINCES WITHIN THE COUNTRY,"OTHER, SPECIFY","In a family farm, raising family  livestock or fishing",NO,NO,,,,,,,,,,,,,
15-48-48-18,No,,,,,,NO,,,,,,,,,,,,,
15-68-10-75,No,,,,,,YES,1,OTHER COUNTRIES (specify),As an employee for someone else,As an employee for someone else,Stayed the same,,NO,,,NO,,,YES
15-68-73-91,No,,,,,,NO,,,,,,,,,,,,,
15-91-45-68,No,,,,,,NO,,,,,,,,,,,,,
15-99-35-27,Yes,1,OTHER PROVINCES WITHIN THE COUNTRY,NO WORK,Not working,"Yes, if the situation allow",NO,,,,,,,,,,,,,
16-13-61-65,No,,,,,,NO,,,,,,,,,,,,,
16-15-69-73,No,,,,,,NO,,,,,,,,,,,,,
16-46-87-02,No,,,,,,NO,,,,,,,,,,,,,
16-93-86-61,No,,,,,,YES,2,OTHER PROVINCES WITHIN THE COUNTRY,As an employee for someone else,As an employee for someone else,Stayed the same,,YES,80,Reduced,YES,5,Increased,YES
17-58-97-56,No,,,,,,YES,1,OTHER PROVINCES WITHIN THE COUNTRY,As an employee for someone else,As an employee for someone else,Reduced,20,NO,,,YES,50,Reduced,YES
17-59-02-00,No,,,,,,NO,,,,,,,,,,,,,
17-68-18-77,No,,,,,,NO,,,,,,,,,,,,,
17-71-66-38,No,,,,,,YES,1,OTHER COUNTRIES (specify),As an employee for someone else,In your own business,Reduced,50,YES,30,Stayed the same,NO,,,YES
17-88-60-75,No,,,,,,YES,2,OTHER COUNTRIES (specify),As an employee for someone else,As an employee for someone else,Reduced,30,YES,100,Reduced,NO,,,YES
17-99-50-48,No,,,,,,NO,,,,,,,,,,,,,
18-42-12-21,No,,,,,,NO,,,,,,,,,,,,,
18-45-01-24,No,,,,,,NO,,,,,,,,,,,,,
18-49-28-85,Yes,1,OTHER PROVINCES WITHIN THE COUNTRY,FACTORY SHUT DOWN,Not working,Definitely YES,YES,2,OTHER PROVINCES WITHIN THE COUNTRY,As an employee for someone else,Not working,Increased,100,YES,40,Stayed the same,NO,,,YES
18-58-08-30,No,,,,,,NO,,,,,,,,,,,,,
18-63-30-02,No,,,,,,NO,,,,,,,,,,,,,
18-72-98-16,No,,,,,,YES,1,OTHER PROVINCES WITHIN THE COUNTRY,As an employee for someone else,As an employee for someone else,Reduced,10,YES,500,Reduced,NO,,,YES
18-82-62-40,No,,,,,,NO,,,,,,,,,,,,,
19-03-30-38,No,,,,,,YES,2,OTHER PROVINCES WITHIN THE COUNTRY,Studying,Studying,,,,,,YES,800,Stayed the same,Don't Know
19-72-19-66,No,,,,,,NO,,,,,,,,,,,,,
19-75-91-64,No,,,,,,NO,,,,,,,,,,,,,
19-80-86-64,No,,,,,,NO,,,,,,,,,,,,,
19-90-05-01,No,,,,,,NO,,,,,,,,,,,,,
20-13-45-35,No,,,,,,NO,,,,,,,,,,,,,
20-21-76-10,No,,,,,,NO,,,,,,,,,,,,,
20-33-11-22,No,,,,,,NO,,,,,,,,,,,,,
20-35-26-66,No,,,,,,NO,,,,,,,,,,,,,
20-86-70-58,No,,,,,,NO,,,,,,,,,,,,,
21-01-98-99,No,,,,,,NO,,,,,,,,,,,,,
21-56-73-53,No,,,,,,NO,,,,,,,,,,,,,
21-59-52-44,No,,,,,,NO,,,,,,,,,,,,,
21-88-93-32,No,,,,,,NO,,,,,,,,,,,,,
21-99-47-06,No,,,,,,NO,,,,,,,,,,,,,
22-07-73-87,Yes,1,OTHER PROVINCES WITHIN THE COUNTRY,FACTORY SHUT DOWN,As an employee for someone else,"Yes, if the situation allow",NO,,,,,,,,,,,,,
22-94-17-72,No,,,,,,NO,,,,,,,,,,,,,
23-16-16-83,Yes,1,OTHER COUNTRIES (specify),NO WORK,As an employee for someone else,"Yes, if the situation allow",NO,,,,,,,,,,,,,
23-32-08-95,No,,,,,,NO,,,,,,,,,,,,,
23-45-74-97,No,,,,,,NO,,,,,,,,,,,,,
23-62-03-55,No,,,,,,YES,3,OTHER PROVINCES WITHIN THE COUNTRY,As an employee for someone else,As an employee for someone else,Stayed the same,,NO,,,NO,,,YES
23-70-43-39,No,,,,,,NO,,,,,,,,,,,,,
23-73-33-69,No,,,,,,NO,,,,,,,,,,,,,
23-75-13-28,No,,,,,,NO,,,,,,,,,,,,,
23-92-16-23,No,,,,,,NO,,,,,,,,,,,,,
24-18-89-36,No,,,,,,NO,,,,,,,,,,,,,
24-21-42-95,No,,,,,,NO,,,,,,,,,,,,,
24-26-83-06,No,,,,,,NO,,,,,,,,,,,,,
24-27-66-72,No,,,,,,NO,,,,,,,,,,,,,
24-77-97-66,No,,,,,,NO,,,,,,,,,,,,,
24-82-48-65,No,,,,,,NO,,,,,,,,,,,,,
25-03-90-32,No,,,,,,NO,,,,,,,,,,,,,
25-15-60-76,No,,,,,,YES,1,OTHER PROVINCES WITHIN THE COUNTRY,In your own business,In your own business,Reduced,40,NO,,,NO,,,Don't Know
25-20-77-34,No,,,,,,NO,,,,,,,,,,,,,
25-26-91-49,No,,,,,,NO,,,,,,,,,,,,,
25-71-53-69,No,,,,,,NO,,,,,,,,,,,,,
25-74-41-33,No,,,,,,NO,,,,,,,,,,,,,
25-77-33-12,Yes,2,OTHER PROVINCES WITHIN THE COUNTRY,FACTORY SHUT DOWN,Looking for work,Definitely YES,YES,1,OTHER PROVINCES WITHIN THE COUNTRY,Studying,Studying,,,,,,YES,15,Reduced,YES
25-77-58-96,No,,,,,,YES,1,OTHER PROVINCES WITHIN THE COUNTRY,Studying,Studying,,,,,,YES,40,Reduced,YES
25-80-38-05,No,,,,,,NO,,,,,,,,,,,,,
25-99-07-45,No,,,,,,NO,,,,,,,,,,,,,
26-30-31-96,No,,,,,,NO,,,,,,,,,,,,,
26-35-70-67,No,,,,,,YES,1,OTHER COUNTRIES (specify),As an employee for someone else,As an employee for someone else,Reduced,30,YES,35,Reduced,NO,,,YES
26-42-39-36,No,,,,,,NO,,,,,,,,,,,,,
26-46-53-29,No,,,,,,NO,,,,,,,,,,,,,
26-71-05-97,No,,,,,,NO,,,,,,,,,,,,,
26-82-19-76,No,,,,,,NO,,,,,,,,,,,,,
26-90-72-50,No,,,,,,NO,,,,,,,,,,,,,
27-10-24-86,No,,,,,,NO,,,,,,,,,,,,,
27-21-45-15,No,,,,,,NO,,,,,,,,,,,,,
27-28-72-74,No,,,,,,YES,2,OTHER COUNTRIES (specify),As an employee for someone else,As an employee for someone else,Reduced,50,YES,100,Stayed the same,NO,,,YES
27-77-41-77,No,,,,,,NO,,,,,,,,,,,,,
27-78-57-26,No,,,,,,NO,,,,,,,,,,,,,
27-81-23-37,No,,,,,,NO,,,,,,,,,,,,,
27-93-66-33,No,,,,,,YES,2,OTHER DISTRICTS WITHIN THE PROVINCE,Studying,Studying,,,,,,NO,,,YES
28-33-99-35,No,,,,,,YES,1,OTHER PROVINCES WITHIN THE COUNTRY,As an employee for someone else,As an employee for someone else,Stayed the same,,NO,,,NO,,,YES
28-42-49-04,No,,,,,,NO,,,,,,,,,,,,,
28-50-35-79,No,,,,,,NO,,,,,,,,,,,,,
28-74-89-74,No,,,,,,NO,,,,,,,,,,,,,
28-84-30-20,No,,,,,,NO,,,,,,,,,,,,,
28-86-65-82,No,,,,,,NO,,,,,,,,,,,,,
29-06-57-28,Yes,2,OTHER COUNTRIES (specify),NO WORK,Not working,"Yes, if the situation allow",NO,,,,,,,,,,,,,
29-21-47-59,No,,,,,,NO,,,,,,,,,,,,,
29-70-95-81,No,,,,,,NO,,,,,,,,,,,,,
29-90-09-46,No,,,,,,YES,1,OTHER COUNTRIES (specify),As an employee for someone else,As an employee for someone else,Reduced,70,YES,100,Reduced,NO,,,YES
29-99-54-57,No,,,,,,NO,,,,,,,,,,,,,
30-17-96-80,No,,,,,,NO,,,,,,,,,,,,,
30-18-79-31,No,,,,,,NO,,,,,,,,,,,,,
30-43-85-89,No,,,,,,YES,1,OTHER PROVINCES WITHIN THE COUNTRY,As an employee for someone else,As an employee for someone else,Reduced,50,NO,,,YES,20,Increased,YES
30-69-97-11,No,,,,,,NO,,,,,,,,,,,,,
30-73-16-30,No,,,,,,NO,,,,,,,,,,,,,
30-75-44-55,No,,,,,,NO,,,,,,,,,,,,,
31-20-25-17,No,,,,,,YES,1,OTHER PROVINCES WITHIN THE COUNTRY,As an employee for someone else,As an employee for someone else,Reduced,50,YES,60,Increased,NO,,,YES
31-86-71-90,No,,,,,,NO,,,,,,,,,,,,,
31-88-86-50,No,,,,,,NO,,,,,,,,,,,,,
32-10-46-50,No,,,,,,NO,,,,,,,,,,,,,
32-10-98-20,No,,,,,,NO,,,,,,,,,,,,,
32-17-83-82,No,,,,,,YES,2,OTHER COUNTRIES (specify),As an employee for someone else,As an employee for someone else,Reduced,70,NO,,,NO,,,YES
32-82-88-73,No,,,,,,NO,,,,,,,,,,,,,
33-18-70-95,No,,,,,,YES,2,OTHER COUNTRIES (specify),As an employee for someone else,As an employee for someone else,Reduced,50,YES,120,Reduced,NO,,,YES
33-26-70-01,Yes,4,OTHER PROVINCES WITHIN THE COUNTRY,FACTORY SHUT DOWN,Not working,Definitely YES,NO,,,,,,,,,,,,,
33-36-95-06,No,,,,,,NO,,,,,,,,,,,,,
33-72-44-36,No,,,,,,NO,,,,,,,,,,,,,
33-81-90-06,No,,,,,,NO,,,,,,,,,,,,,
34-47-49-71,No,,,,,,YES,1,OTHER COUNTRIES (specify),As an employee for someone else,As an employee for someone else,Reduced,50,YES,120,Reduced,NO,,,YES
34-77-97-45,No,,,,,,NO,,,,,,,,,,,,,
35-34-30-60,No,,,,,,NO,,,,,,,,,,,,,
35-44-52-02,No,,,,,,YES,3,OTHER PROVINCES WITHIN THE COUNTRY,As an employee for someone else,As an employee for someone else,Stayed the same,,YES,100,Reduced,NO,,,YES
35-51-88-26,No,,,,,,NO,,,,,,,,,,,,,
35-65-67-78,No,,,,,,YES,1,OTHER PROVINCES WITHIN THE COUNTRY,As an employee for someone else,Not working,Increased,100,YES,20,Stayed the same,NO,,,YES
35-88-46-37,Yes,1,OTHER PROVINCES WITHIN THE COUNTRY,NO WORK,Not working,Definitely YES,YES,4,OTHER COUNTRIES (specify),As an employee for someone else,As an employee for someone else,Reduced,50,YES,72,Stayed the same,NO,,,YES
36-23-40-85,No,,,,,,NO,,,,,,,,,,,,,
36-40-40-95,No,,,,,,NO,,,,,,,,,,,,,
36-78-86-37,No,,,,,,NO,,,,,,,,,,,,,
36-96-36-15,No,,,,,,NO,,,,,,,,,,,,,
37-01-34-02,No,,,,,,NO,,,,,,,,,,,,,
37-36-10-30,No,,,,,,NO,,,,,,,,,,,,,
37-37-25-64,No,,,,,,NO,,,,,,,,,,,,,
37-46-33-40,No,,,,,,NO,,,,,,,,,,,,,
37-67-25-85,No,,,,,,NO,,,,,,,,,,,,,
37-67-94-43,No,,,,,,NO,,,,,,,,,,,,,
37-68-52-01,No,,,,,,NO,,,,,,,,,,,,,
37-96-69-76,No,,,,,,YES,2,OTHER PROVINCES WITHIN THE COUNTRY,As an employee for someone else,As an employee for someone else,Reduced,50,YES,120,Reduced,NO,,,YES
38-05-50-95,Yes,2,OTHER DISTRICTS WITHIN THE PROVINCE,DEPORTED,In your own business,NO,NO,,,,,,,,,,,,,
38-37-50-95,No,,,,,,NO,,,,,,,,,,,,,
38-95-73-31,No,,,,,,NO,,,,,,,,,,,,,
38-97-46-43,No,,,,,,YES,1,OTHER COUNTRIES (specify),As an employee for someone else,As an employee for someone else,Reduced,20,YES,20,Stayed the same,NO,,,Don't Know
39-16-32-68,No,,,,,,YES,1,OTHER PROVINCES WITHIN THE COUNTRY,As an employee for someone else,As an employee for someone else,Reduced,50,NO,,,NO,,,YES
39-16-76-43,No,,,,,,NO,,,,,,,,,,,,,
39-39-07-11,No,,,,,,YES,1,OTHER PROVINCES WITHIN THE COUNTRY,In your own business,As an employee for someone else,Reduced,60,NO,,,YES,20,Stayed the same,YES
39-41-55-55,No,,,,,,YES,1,OTHER PROVINCES WITHIN THE COUNTRY,As an employee for someone else,As an employee for someone else,Stayed the same,,YES,160,Stayed the same,NO,,,YES
39-73-65-69,No,,,,,,NO,,,,,,,,,,,,,
39-99-50-70,No,,,,,,YES,1,OTHER COUNTRIES (specify),As an employee for someone else,As an employee for someone else,Don't know,,NO,,,NO,,,YES
40-04-63-14,No,,,,,,NO,,,,,,,,,,,,,
40-15-28-88,No,,,,,,NO,,,,,,,,,,,,,
40-35-88-17,No,,,,,,NO,,,,,,,,,,,,,
40-55-47-18,No,,,,,,NO,,,,,,,,,,,,,
40-69-66-33,No,,,,,,NO,,,,,,,,,,,,,
40-96-24-33,Yes,1,OTHER PROVINCES WITHIN THE COUNTRY,SCHOOL/UNIVERSITY CLOSED,"In a family farm, raising family  livestock or fishing",Definitely YES,NO,,,,,,,,,,,,,
41-10-13-07,No,,,,,,YES,1,OTHER COUNTRIES (specify),As an employee for someone else,As an employee for someone else,Stayed the same,,YES,,Stayed the same,NO,,,NO
41-25-77-25,No,,,,,,NO,,,,,,,,,,,,,
41-44-58-52,No,,,,,,YES,4,OTHER PROVINCES WITHIN THE COUNTRY,As an employee for someone else,As an employee for someone else,Reduced,70,YES,10,Stayed the same,NO,,,YES
41-64-39-09,No,,,,,,NO,,,,,,,,,,,,,
41-71-66-92,No,,,,,,NO,,,,,,,,,,,,,
42-09-07-47,No,,,,,,NO,,,,,,,,,,,,,
42-13-55-45,No,,,,,,NO,,,,,,,,,,,,,
42-14-67-79,No,,,,,,YES,1,OTHER DISTRICTS WITHIN THE PROVINCE,As an employee for someone else,As an employee for someone else,Reduced,20,YES,128,Reduced,YES,10,Reduced,YES
42-18-88-63,No,,,,,,NO,,,,,,,,,,,,,
42-23-81-85,No,,,,,,NO,,,,,,,,,,,,,
42-26-51-22,No,,,,,,YES,1,OTHER PROVINCES WITHIN THE COUNTRY,As an employee for someone else,As an employee for someone else,Stayed the same,,YES,80,Stayed the same,NO,,,YES
42-49-85-02,No,,,,,,NO,,,,,,,,,,,,,
42-50-23-93,No,,,,,,NO,,,,,,,,,,,,,
42-56-44-00,No,,,,,,NO,,,,,,,,,,,,,
42-68-61-66,No,,,,,,YES,1,OTHER PROVINCES WITHIN THE COUNTRY,As an employee for someone else,As an employee for someone else,Stayed the same,,NO,,,NO,,,YES
42-73-68-70,No,,,,,,NO,,,,,,,,,,,,,
42-79-45-13,No,,,,,,NO,,,,,,,,,,,,,
43-30-92-61,No,,,,,,NO,,,,,,,,,,,,,
43-33-02-18,No,,,,,,YES,4,OTHER PROVINCES WITHIN THE COUNTRY,In a business operated by a  household or family member,In a business operated by a  household or family member,Reduced,20,NO,,,NO,,,YES
43-38-34-15,Yes,1,OTHER PROVINCES WITHIN THE COUNTRY,NO WORK,Not working,NO,YES,2,OTHER COUNTRIES (specify),As an employee for someone else,As an employee for someone else,Reduced,40,YES,60,Stayed the same,NO,,,Don't Know
43-73-29-56,No,,,,,,NO,,,,,,,,,,,,,
43-75-78-22,No,,,,,,NO,,,,,,,,,,,,,
43-90-23-81,No,,,,,,YES,2,OTHER PROVINCES WITHIN THE COUNTRY,As an employee for someone else,As an employee for someone else,Don't know,,YES,25,Stayed the same,NO,,,YES
43-93-31-20,No,,,,,,NO,,,,,,,,,,,,,
44-42-13-16,No,,,,,,NO,,,,,,,,,,,,,
44-57-34-40,No,,,,,,NO,,,,,,,,,,,,,
44-70-64-79,No,,,,,,NO,,,,,,,,,,,,,
44-78-21-72,No,,,,,,NO,,,,,,,,,,,,,
45-08-70-04,Yes,3,OTHER DISTRICTS WITHIN THE PROVINCE,FACTORY SHUT DOWN,"In a family farm, raising family  livestock or fishing","Yes, if the situation allow",NO,,,,,,,,,,,,,
45-29-71-78,No,,,,,,NO,,,,,,,,,,,,,
45-35-73-39,No,,,,,,NO,,,,,,,,,,,,,
45-35-82-88,Yes,2,OTHER PROVINCES WITHIN THE COUNTRY,SCHOOL/UNIVERSITY CLOSED,Studying,"Yes, if the situation allow",NO,,,,,,,,,,,,,
45-48-42-00,No,,,,,,NO,,,,,,,,,,,,,
45-55-56-10,No,,,,,,NO,,,,,,,,,,,,,
45-57-81-16,No,,,,,,YES,1,OTHER PROVINCES WITHIN THE COUNTRY,As an employee for someone else,Not working,Increased,100,YES,60,Stayed the same,NO,,,YES
45-61-82-18,No,,,,,,NO,,,,,,,,,,,,,
45-76-46-33,Yes,1,OTHER COUNTRIES (specify),NO WORK,In a business operated by a  household or family member,NO,NO,,,,,,,,,,,,,
45-83-08-52,No,,,,,,NO,,,,,,,,,,,,,
45-89-47-83,No,,,,,,NO,,,,,,,,,,,,,
46-31-52-68,No,,,,,,YES,1,OTHER PROVINCES WITHIN THE COUNTRY,As an employee for someone else,As an employee for someone else,Reduced,50,YES,120,Reduced,NO,,,YES
46-36-23-91,No,,,,,,NO,,,,,,,,,,,,,
46-36-66-09,No,,,,,,NO,,,,,,,,,,,,,
46-39-21-33,No,,,,,,NO,,,,,,,,,,,,,
46-69-30-18,No,,,,,,NO,,,,,,,,,,,,,
46-77-48-68,No,,,,,,NO,,,,,,,,,,,,,
46-90-41-39,No,,,,,,YES,1,OTHER PROVINCES WITHIN THE COUNTRY,As an employee for someone else,Studying,,,,,,NO,,,YES
47-02-72-98,No,,,,,,YES,1,OTHER PROVINCES WITHIN THE COUNTRY,Studying,Studying,,,,,,YES,120,Reduced,Don't Know
47-18-39-01,No,,,,,,NO,,,,,,,,,,,,,
47-27-29-93,No,,,,,,NO,,,,,,,,,,,,,
47-60-20-01,No,,,,,,NO,,,,,,,,,,,,,
47-97-77-17,No,,,,,,YES,1,OTHER PROVINCES WITHIN THE COUNTRY,"As an apprentice, trainee, intern","As an apprentice, trainee, intern",Stayed the same,,NO,,,NO,,,NO
48-00-56-77,No,,,,,,NO,,,,,,,,,,,,,
48-04-17-10,No,,,,,,NO,,,,,,,,,,,,,
48-32-37-82,No,,,,,,NO,,,,,,,,,,,,,
48-33-61-54,No,,,,,,NO,,,,,,,,,,,,,
48-35-58-48,No,,,,,,NO,,,,,,,,,,,,,
48-51-10-23,No,,,,,,YES,1,OTHER COUNTRIES (specify),As an employee for someone else,As an employee for someone else,Reduced,60,NO,,,NO,,,YES
48-55-31-69,No,,,,,,NO,,,,,,,,,,,,,
48-67-49-78,No,,,,,,NO,,,,,,,,,,,,,
48-87-88-72,No,,,,,,YES,1,OTHER PROVINCES WITHIN THE COUNTRY,As an employee for someone else,As an employee for someone else,Reduced,30,NO,,,NO,,,YES
48-95-31-26,No,,,,,,NO,,,,,,,,,,,,,
49-56-57-09,No,,,,,,NO,,,,,,,,,,,,,
49-67-47-33,No,,,,,,NO,,,,,,,,,,,,,
49-69-87-18,No,,,,,,NO,,,,,,,,,,,,,
49-74-12-19,No,,,,,,NO,,,,,,,,,,,,,
50-23-18-00,Yes,1,OTHER PROVINCES WITHIN THE COUNTRY,NO WORK,"In a family farm, raising family  livestock or fishing",Definitely YES,NO,,,,,,,,,,,,,
50-24-93-06,No,,,,,,NO,,,,,,,,,,,,,
50-58-36-08,Yes,1,OTHER PROVINCES WITHIN THE COUNTRY,SCHOOL/UNIVERSITY CLOSED,Studying,"Yes, if the situation allow",NO,,,,,,,,,,,,,
50-67-67-43,No,,,,,,NO,,,,,,,,,,,,,
50-89-68-36,No,,,,,,NO,,,,,,,,,,,,,
50-96-64-01,No,,,,,,NO,,,,,,,,,,,,,
51-03-03-95,No,,,,,,NO,,,,,,,,,,,,,
51-04-81-57,No,,,,,,YES,1,OTHER PROVINCES WITHIN THE COUNTRY,As an employee for someone else,As an employee for someone else,Stayed the same,,YES,120,Stayed the same,NO,,,YES
51-15-36-00,No,,,,,,NO,,,,,,,,,,,,,
51-55-97-33,No,,,,,,NO,,,,,,,,,,,,,
51-84-88-88,No,,,,,,NO,,,,,,,,,,,,,
52-05-24-98,No,,,,,,NO,,,,,,,,,,,,,
52-06-67-62,Yes,1,OTHER PROVINCES WITHIN THE COUNTRY,FORCED TO LEAVE,In a business operated by a  household or family member,"Yes, if the situation allow",NO,,,,,,,,,,,,,
52-15-08-75,No,,,,,,NO,,,,,,,,,,,,,
52-24-45-26,No,,,,,,NO,,,,,,,,,,,,,
52-28-43-63,No,,,,,,NO,,,,,,,,,,,,,
52-38-76-73,No,,,,,,NO,,,,,,,,,,,,,
52-74-85-82,No,,,,,,NO,,,,,,,,,,,,,
53-19-44-95,No,,,,,,NO,,,,,,,,,,,,,
53-21-24-75,Yes,1,OTHER PROVINCES WITHIN THE COUNTRY,SCHOOL/UNIVERSITY CLOSED,Studying,Definitely YES,YES,1,OTHER PROVINCES WITHIN THE COUNTRY,As an employee for someone else,Studying,,,,,,NO,,,Don't Know
53-72-96-01,No,,,,,,NO,,,,,,,,,,,,,
53-87-39-27,Yes,3,OTHER PROVINCES WITHIN THE COUNTRY,NO WORK,Not working,"Yes, if the situation allow",YES,1,OTHER PROVINCES WITHIN THE COUNTRY,Not working,As an employee for someone else,Reduced,100,NO,,,NO,,,YES
53-88-11-68,No,,,,,,NO,,,,,,,,,,,,,
54-45-11-85,No,,,,,,NO,,,,,,,,,,,,,
54-62-47-43,No,,,,,,NO,,,,,,,,,,,,,
54-66-49-39,No,,,,,,NO,,,,,,,,,,,,,
54-96-12-87,No,,,,,,NO,,,,,,,,,,,,,
55-01-48-60,No,,,,,,YES,1,OTHER COUNTRIES (specify),As an employee for someone else,As an employee for someone else,Reduced,50,YES,240,Reduced,NO,,,YES
55-37-78-79,No,,,,,,NO,,,,,,,,,,,,,
55-38-96-18,No,,,,,,NO,,,,,,,,,,,,,
55-45-47-11,No,,,,,,YES,2,OTHER PROVINCES WITHIN THE COUNTRY,In your own business,In your own business,Reduced,50,NO,,,NO,,,Don't Know
55-91-13-86,No,,,,,,NO,,,,,,,,,,,,,
55-91-37-75,No,,,,,,NO,,,,,,,,,,,,,
56-09-56-08,No,,,,,,YES,1,OTHER PROVINCES WITHIN THE COUNTRY,As an employee for someone else,"In a family farm, raising family  livestock or fishing",Reduced,50,YES,20,Stayed the same,NO,,,YES
56-21-49-31,No,,,,,,YES,1,OTHER PROVINCES WITHIN THE COUNTRY,Studying,Studying,,,,,,NO,,,YES
56-28-95-37,No,,,,,,YES,1,OTHER PROVINCES WITHIN THE COUNTRY,As an employee for someone else,As an employee for someone else,Stayed the same,,NO,,,NO,,,YES
56-39-11-35,No,,,,,,NO,,,,,,,,,,,,,
56-94-01-10,No,,,,,,NO,,,,,,,,,,,,,
57-24-69-99,No,,,,,,NO,,,,,,,,,,,,,
57-24-95-07,No,,,,,,NO,,,,,,,,,,,,,
57-27-40-40,No,,,,,,NO,,,,,,,,,,,,,
57-38-86-89,No,,,,,,NO,,,,,,,,,,,,,
57-52-45-75,No,,,,,,NO,,,,,,,,,,,,,
57-57-41-35,No,,,,,,NO,,,,,,,,,,,,,
57-88-50-44,No,,,,,,NO,,,,,,,,,,,,,
58-02-65-66,No,,,,,,NO,,,,,,,,,,,,,
58-38-62-66,No,,,,,,NO,,,,,,,,,,,,,
58-45-12-71,No,,,,,,NO,,,,,,,,,,,,,
58-58-50-24,No,,,,,,YES,2,OTHER PROVINCES WITHIN THE COUNTRY,As an employee for someone else,As an employee for someone else,Stayed the same,,YES,40,Stayed the same,NO,,,YES
58-97-53-95,No,,,,,,NO,,,,,,,,,,,,,
59-04-10-61,No,,,,,,NO,,,,,,,,,,,,,
59-29-82-67,No,,,,,,NO,,,,,,,,,,,,,
59-35-08-66,No,,,,,,NO,,,,,,,,,,,,,
59-45-30-11,No,,,,,,NO,,,,,,,,,,,,,
59-85-07-92,No,,,,,,NO,,,,,,,,,,,,,
59-98-69-64,No,,,,,,YES,2,OTHER PROVINCES WITHIN THE COUNTRY,As an employee for someone else,As an employee for someone else,Stayed the same,,NO,,,NO,,,YES
60-00-14-73,No,,,,,,YES,1,OTHER PROVINCES WITHIN THE COUNTRY,As an employee for someone else,As an employee for someone else,Stayed the same,,NO,,,NO,,,YES
60-18-26-02,No,,,,,,NO,,,,,,,,,,,,,
60-20-26-32,No,,,,,,NO,,,,,,,,,,,,,
60-30-46-89,No,,,,,,NO,,,,,,,,,,,,,
60-45-22-93,No,,,,,,NO,,,,,,,,,,,,,
60-61-00-92,No,,,,,,NO,,,,,,,,,,,,,
60-62-79-36,No,,,,,,NO,,,,,,,,,,,,,
60-95-54-37,No,,,,,,NO,,,,,,,,,,,,,
60-97-15-75,Yes,4,OTHER DISTRICTS WITHIN THE PROVINCE,NO WORK,"In a family farm, raising family  livestock or fishing",Definitely YES,NO,,,,,,,,,,,,,
61-24-24-14,No,,,,,,NO,,,,,,,,,,,,,
61-30-93-34,No,,,,,,YES,1,OTHER COUNTRIES (specify),Looking for work,Looking for work,,,NO,,,NO,,,YES
61-39-09-69,No,,,,,,NO,,,,,,,,,,,,,
61-49-11-52,No,,,,,,YES,1,OTHER PROVINCES WITHIN THE COUNTRY,As an employee for someone else,"In a family farm, raising family  livestock or fishing",Increased,100,YES,60,Increased,NO,,,YES
61-57-55-69,No,,,,,,NO,,,,,,,,,,,,,
61-61-84-70,No,,,,,,YES,3,OTHER COUNTRIES (specify),As an employee for someone else,As an employee for someone else,Stayed the same,,YES,150,Stayed the same,NO,,,YES
61-75-01-22,No,,,,,,NO,,,,,,,,,,,,,
62-00-28-43,Yes,1,OTHER PROVINCES WITHIN THE COUNTRY,NO WORK,Not working,NO,NO,,,,,,,,,,,,,
62-04-49-53,No,,,,,,YES,1,OTHER PROVINCES WITHIN THE COUNTRY,As an employee for someone else,Studying,,,,,,YES,200,Stayed the same,YES
62-10-58-08,No,,,,,,YES,1,OTHER PROVINCES WITHIN THE COUNTRY,As an employee for someone else,Studying,,,,,,YES,300,Stayed the same,YES
62-21-50-55,No,,,,,,YES,2,OTHER COUNTRIES (specify),As an employee for someone else,As an employee for someone else,Reduced,50,YES,200,Reduced,NO,,,YES
62-26-39-29,Yes,1,OTHER PROVINCES WITHIN THE COUNTRY,FORCED TO LEAVE,"In a family farm, raising family  livestock or fishing","Yes, if the situation allow",YES,2,OTHER PROVINCES WITHIN THE COUNTRY,As an employee for someone else,As an employee for someone else,Reduced,50,YES,400,Reduced,NO,,,YES
62-66-94-43,No,,,,,,NO,,,,,,,,,,,,,
62-75-13-84,No,,,,,,YES,2,OTHER PROVINCES WITHIN THE COUNTRY,As an employee for someone else,As an employee for someone else,Reduced,30,YES,200,Reduced,NO,,,YES
63-15-56-95,Yes,2,OTHER PROVINCES WITHIN THE COUNTRY,SCHOOL/UNIVERSITY CLOSED,"In a family farm, raising family  livestock or fishing","Yes, if the situation allow",NO,,,,,,,,,,,,,
63-18-87-64,No,,,,,,NO,,,,,,,,,,,,,
63-25-24-51,No,,,,,,NO,,,,,,,,,,,,,
63-28-52-97,No,,,,,,YES,1,OTHER DISTRICTS WITHIN THE PROVINCE,As an employee for someone else,Studying,,,,,,NO,,,Don't Know
63-70-61-61,No,,,,,,NO,,,,,,,,,,,,,
64-51-38-06,No,,,,,,NO,,,,,,,,,,,,,
64-51-45-53,No,,,,,,NO,,,,,,,,,,,,,
64-68-34-06,No,,,,,,NO,,,,,,,,,,,,,
64-74-64-64,Yes,3,OTHER PROVINCES WITHIN THE COUNTRY,FACTORY SHUT DOWN,As an employee for someone else,Definitely YES,YES,1,OTHER PROVINCES WITHIN THE COUNTRY,In your own business,As an employee for someone else,Increased,20,YES,130,Increased,NO,,,YES
64-93-89-71,No,,,,,,NO,,,,,,,,,,,,,
64-95-38-26,No,,,,,,NO,,,,,,,,,,,,,
65-75-15-99,No,,,,,,NO,,,,,,,,,,,,,
65-98-79-99,No,,,,,,NO,,,,,,,,,,,,,
66-44-64-50,No,,,,,,NO,,,,,,,,,,,,,
67-18-67-83,No,,,,,,NO,,,,,,,,,,,,,
68-03-65-53,No,,,,,,NO,,,,,,,,,,,,,
68-16-94-55,No,,,,,,NO,,,,,,,,,,,,,
68-18-81-79,No,,,,,,NO,,,,,,,,,,,,,
68-26-92-99,No,,,,,,NO,,,,,,,,,,,,,
68-48-09-89,Yes,2,OTHER PROVINCES WITHIN THE COUNTRY,FAMILY REASON AT HOME,Not working,"Yes, if the situation allow",YES,1,OTHER COUNTRIES (specify),As an employee for someone else,As an employee for someone else,Reduced,50,YES,120,Reduced,NO,,,Don't Know
68-66-44-52,Yes,1,OTHER PROVINCES WITHIN THE COUNTRY,FACTORY SHUT DOWN,"As an apprentice, trainee, intern","Yes, if the situation allow",NO,,,,,,,,,,,,,
68-84-69-98,Yes,1,OTHER DISTRICTS WITHIN THE PROVINCE,SCHOOL/UNIVERSITY CLOSED,Not working,"Yes, if the situation allow",NO,,,,,,,,,,,,,
68-89-84-09,No,,,,,,YES,2,OTHER PROVINCES WITHIN THE COUNTRY,As an employee for someone else,As an employee for someone else,Reduced,80,NO,,,NO,,,Don't Know
68-92-90-44,No,,,,,,NO,,,,,,,,,,,,,
69-50-07-46,No,,,,,,NO,,,,,,,,,,,,,
69-50-77-07,Yes,2,OTHER DISTRICTS WITHIN THE PROVINCE,FACTORY SHUT DOWN,As an employee for someone else,"Yes, if the situation allow",YES,2,OTHER PROVINCES WITHIN THE COUNTRY,As an employee for someone else,As an employee for someone else,Stayed the same,,YES,100,Stayed the same,NO,,,YES
69-54-11-86,No,,,,,,NO,,,,,,,,,,,,,
69-56-81-47,No,,,,,,NO,,,,,,,,,,,,,
69-69-11-97,Yes,2,OTHER PROVINCES WITHIN THE COUNTRY,NO WORK,"In a family farm, raising family  livestock or fishing","Yes, if the situation allow",NO,,,,,,,,,,,,,
69-75-58-87,No,,,,,,NO,,,,,,,,,,,,,
69-84-92-78,No,,,,,,NO,,,,,,,,,,,,,
70-06-11-85,No,,,,,,YES,2,OTHER PROVINCES WITHIN THE COUNTRY,Not working,As an employee for someone else,Reduced,100,NO,,,NO,,,NO
70-33-56-96,No,,,,,,YES,1,OTHER COUNTRIES (specify),As an employee for someone else,As an employee for someone else,Don't know,,YES,7200,Reduced,YES,40000,Increased,Don't Know
70-89-50-82,No,,,,,,NO,,,,,,,,,,,,,
71-06-17-00,No,,,,,,NO,,,,,,,,,,,,,
71-42-69-39,No,,,,,,NO,,,,,,,,,,,,,
71-46-50-36,No,,,,,,NO,,,,,,,,,,,,,
71-54-97-38,No,,,,,,NO,,,,,,,,,,,,,
71-81-05-41,No,,,,,,YES,1,OTHER PROVINCES WITHIN THE COUNTRY,As an employee for someone else,As an employee for someone else,Stayed the same,,YES,60,Stayed the same,NO,,,YES
71-87-66-71,No,,,,,,YES,2,OTHER PROVINCES WITHIN THE COUNTRY,As an employee for someone else,As an employee for someone else,Stayed the same,,YES,30,Stayed the same,NO,,,YES
71-98-40-84,No,,,,,,NO,,,,,,,,,,,,,
72-23-51-16,No,,,,,,NO,,,,,,,,,,,,,
72-26-33-40,No,,,,,,NO,,,,,,,,,,,,,
72-36-01-60,No,,,,,,NO,,,,,,,,,,,,,
72-37-31-42,No,,,,,,NO,,,,,,,,,,,,,
72-48-17-68,No,,,,,,YES,1,OTHER PROVINCES WITHIN THE COUNTRY,Studying,Studying,,,,,,YES,150,Reduced,YES
72-51-92-23,Yes,1,OTHER PROVINCES WITHIN THE COUNTRY,SCHOOL/UNIVERSITY CLOSED,Studying,NO,NO,,,,,,,,,,,,,
72-58-00-67,No,,,,,,NO,,,,,,,,,,,,,
72-66-71-71,No,,,,,,YES,3,OTHER COUNTRIES (specify),As an employee for someone else,In your own business,Reduced,70,YES,80,Reduced,NO,,,YES
72-67-93-54,No,,,,,,YES,1,OTHER COUNTRIES (specify),As an employee for someone else,As an employee for someone else,Stayed the same,,YES,1440,Stayed the same,NO,,,YES
72-84-14-29,Yes,2,OTHER PROVINCES WITHIN THE COUNTRY,FACTORY SHUT DOWN,In your own business,NO,YES,1,OTHER PROVINCES WITHIN THE COUNTRY,As an employee for someone else,As an employee for someone else,Stayed the same,,YES,20,Stayed the same,NO,,,YES
72-89-35-81,No,,,,,,NO,,,,,,,,,,,,,
73-08-96-72,Yes,1,OTHER PROVINCES WITHIN THE COUNTRY,SCHOOL/UNIVERSITY CLOSED,Studying,Definitely YES,NO,,,,,,,,,,,,,
73-42-00-69,No,,,,,,NO,,,,,,,,,,,,,
73-44-61-35,No,,,,,,NO,,,,,,,,,,,,,
73-48-13-56,No,,,,,,YES,1,OTHER PROVINCES WITHIN THE COUNTRY,Studying,As an employee for someone else,,,NO,,,YES,200,Stayed the same,YES
73-48-23-31,No,,,,,,NO,,,,,,,,,,,,,
73-72-83-29,Yes,3,OTHER COUNTRIES (specify),"OTHER, SPECIFY","In a family farm, raising family  livestock or fishing","Yes, if the situation allow",NO,,,,,,,,,,,,,
74-03-83-95,No,,,,,,NO,,,,,,,,,,,,,
74-23-59-38,No,,,,,,NO,,,,,,,,,,,,,
74-31-98-06,No,,,,,,NO,,,,,,,,,,,,,
74-34-13-03,No,,,,,,NO,,,,,,,,,,,,,
74-48-94-37,No,,,,,,NO,,,,,,,,,,,,,
74-64-91-44,No,,,,,,NO,,,,,,,,,,,,,
74-69-75-31,No,,,,,,NO,,,,,,,,,,,,,
75-07-14-53,Yes,2,OTHER PROVINCES WITHIN THE COUNTRY,NO WORK,"In a family farm, raising family  livestock or fishing","Yes, if the situation allow",YES,1,OTHER PROVINCES WITHIN THE COUNTRY,As an employee for someone else,As an employee for someone else,Reduced,30,YES,40,Reduced,NO,,,Don't Know
75-18-93-42,Yes,1,OTHER PROVINCES WITHIN THE COUNTRY,FORCED TO LEAVE,"In a family farm, raising family  livestock or fishing","Yes, if the situation allow",NO,,,,,,,,,,,,,
75-30-55-60,No,,,,,,NO,,,,,,,,,,,,,
75-35-05-33,No,,,,,,NO,,,,,,,,,,,,,
75-49-22-77,No,,,,,,NO,,,,,,,,,,,,,
76-17-97-03,No,,,,,,NO,,,,,,,,,,,,,
76-58-11-05,No,,,,,,NO,,,,,,,,,,,,,
76-83-24-33,No,,,,,,NO,,,,,,,,,,,,,
77-11-76-62,No,,,,,,NO,,,,,,,,,,,,,
77-14-13-68,No,,,,,,NO,,,,,,,,,,,,,
77-29-81-66,No,,,,,,YES,3,OTHER COUNTRIES (specify),As an employee for someone else,As an employee for someone else,Reduced,60,YES,12,Reduced,NO,,,Don't Know
77-48-91-64,No,,,,,,NO,,,,,,,,,,,,,
77-87-31-78,No,,,,,,NO,,,,,,,,,,,,,
77-89-32-50,No,,,,,,NO,,,,,,,,,,,,,
77-92-23-80,No,,,,,,NO,,,,,,,,,,,,,
78-58-11-12,No,,,,,,NO,,,,,,,,,,,,,
78-60-23-79,No,,,,,,NO,,,,,,,,,,,,,
78-76-90-78,No,,,,,,NO,,,,,,,,,,,,,
78-91-79-12,No,,,,,,YES,6,OTHER COUNTRIES (specify),As an employee for someone else,As an employee for someone else,Stayed the same,,YES,26,Stayed the same,NO,,,YES
78-91-88-48,No,,,,,,NO,,,,,,,,,,,,,
79-10-35-57,No,,,,,,NO,,,,,,,,,,,,,
79-30-79-26,No,,,,,,NO,,,,,,,,,,,,,
79-56-20-22,No,,,,,,YES,2,OTHER PROVINCES WITHIN THE COUNTRY,As an employee for someone else,As an employee for someone else,Reduced,50,NO,,,NO,,,Don't Know
79-87-49-96,No,,,,,,NO,,,,,,,,,,,,,
80-22-71-02,No,,,,,,NO,,,,,,,,,,,,,
80-48-72-39,No,,,,,,NO,,,,,,,,,,,,,
80-88-34-25,No,,,,,,NO,,,,,,,,,,,,,
80-91-76-81,No,,,,,,NO,,,,,,,,,,,,,
80-97-76-22,No,,,,,,NO,,,,,,,,,,,,,
81-51-57-93,No,,,,,,NO,,,,,,,,,,,,,
81-69-03-02,No,,,,,,NO,,,,,,,,,,,,,
82-04-66-80,No,,,,,,NO,,,,,,,,,,,,,
82-16-93-71,No,,,,,,NO,,,,,,,,,,,,,
82-87-50-46,No,,,,,,NO,,,,,,,,,,,,,
82-92-84-48,No,,,,,,NO,,,,,,,,,,,,,
82-98-72-55,No,,,,,,NO,,,,,,,,,,,,,
83-21-45-30,No,,,,,,YES,1,OTHER PROVINCES WITHIN THE COUNTRY,In your own business,In your own business,Increased,20,YES,40,Stayed the same,NO,,,Don't Know
83-43-73-00,No,,,,,,NO,,,,,,,,,,,,,
83-55-67-95,No,,,,,,NO,,,,,,,,,,,,,
83-93-32-62,No,,,,,,YES,1,OTHER PROVINCES WITHIN THE COUNTRY,As an employee for someone else,As an employee for someone else,Stayed the same,,NO,,,NO,,,YES
84-01-65-09,No,,,,,,NO,,,,,,,,,,,,,
84-42-09-82,No,,,,,,YES,1,OTHER PROVINCES WITHIN THE COUNTRY,In your own business,In your own business,Reduced,60,YES,60,Reduced,NO,,,YES
84-46-73-02,No,,,,,,NO,,,,,,,,,,,,,
84-62-81-15,No,,,,,,YES,1,OTHER PROVINCES WITHIN THE COUNTRY,As an employee for someone else,As an employee for someone else,Reduced,30,YES,10,Reduced,NO,,,NO
84-82-89-93,No,,,,,,YES,1,OTHER PROVINCES WITHIN THE COUNTRY,As an employee for someone else,As an employee for someone else,Stayed the same,,YES,200,Stayed the same,NO,,,Don't Know
84-85-23-95,No,,,,,,NO,,,,,,,,,,,,,
84-86-96-17,No,,,,,,YES,4,OTHER COUNTRIES (specify),As an employee for someone else,As an employee for someone else,Reduced,80,NO,,,NO,,,Don't Know
84-90-15-10,No,,,,,,NO,,,,,,,,,,,,,
84-93-87-42,No,,,,,,YES,1,OTHER PROVINCES WITHIN THE COUNTRY,As an employee for someone else,"In a family farm, raising family  livestock or fishing",Reduced,30,YES,10,Reduced,NO,,,YES
85-05-14-92,No,,,,,,YES,1,OTHER COUNTRIES (specify),As an employee for someone else,As an employee for someone else,Reduced,20,YES,800,Reduced,NO,,,YES
85-07-19-99,No,,,,,,NO,,,,,,,,,,,,,
85-12-58-57,No,,,,,,YES,4,OTHER COUNTRIES (specify),As an employee for someone else,As an employee for someone else,Reduced,80,YES,120,Reduced,NO,,,YES
85-19-37-76,No,,,,,,NO,,,,,,,,,,,,,
85-34-28-39,No,,,,,,NO,,,,,,,,,,,,,
85-78-34-10,No,,,,,,YES,2,OTHER DISTRICTS WITHIN THE PROVINCE,As an employee for someone else,As an employee for someone else,Reduced,30,YES,120,Reduced,NO,,,YES
86-04-65-66,No,,,,,,NO,,,,,,,,,,,,,
86-20-76-20,No,,,,,,NO,,,,,,,,,,,,,
86-60-44-34,Yes,2,OTHER DISTRICTS WITHIN THE PROVINCE,"OTHER, SPECIFY",Not working,NO,NO,,,,,,,,,,,,,
86-64-23-01,No,,,,,,NO,,,,,,,,,,,,,
86-66-88-59,No,,,,,,NO,,,,,,,,,,,,,
86-71-22-91,No,,,,,,NO,,,,,,,,,,,,,
86-91-29-12,No,,,,,,YES,1,OTHER PROVINCES WITHIN THE COUNTRY,As an employee for someone else,As an employee for someone else,Reduced,40,YES,260,Reduced,NO,,,YES
86-95-05-55,No,,,,,,NO,,,,,,,,,,,,,
87-01-36-28,No,,,,,,NO,,,,,,,,,,,,,
87-23-34-41,No,,,,,,NO,,,,,,,,,,,,,
87-35-60-51,No,,,,,,NO,,,,,,,,,,,,,
87-44-70-71,No,,,,,,NO,,,,,,,,,,,,,
87-48-59-39,No,,,,,,NO,,,,,,,,,,,,,
87-61-41-63,No,,,,,,YES,1,OTHER PROVINCES WITHIN THE COUNTRY,As an employee for someone else,As an employee for someone else,Reduced,50,YES,360,Stayed the same,YES,50,Stayed the same,YES
87-70-31-24,Yes,1,OTHER PROVINCES WITHIN THE COUNTRY,"OTHER, SPECIFY",Not working,Definitely YES,NO,,,,,,,,,,,,,
87-94-52-14,No,,,,,,NO,,,,,,,,,,,,,
88-13-51-58,No,,,,,,NO,,,,,,,,,,,,,
88-24-99-02,No,,,,,,NO,,,,,,,,,,,,,
88-28-31-17,No,,,,,,YES,5,OTHER COUNTRIES (specify),As an employee for someone else,As an employee for someone else,Reduced,80,NO,,,NO,,,YES
88-29-73-13,No,,,,,,NO,,,,,,,,,,,,,
88-56-00-44,No,,,,,,NO,,,,,,,,,,,,,
88-58-17-70,No,,,,,,NO,,,,,,,,,,,,,
88-67-95-97,No,,,,,,NO,,,,,,,,,,,,,
88-88-80-10,No,,,,,,YES,1,OTHER PROVINCES WITHIN THE COUNTRY,As an employee for someone else,Studying,,,,,,NO,,,YES
89-08-40-65,No,,,,,,NO,,,,,,,,,,,,,
89-08-65-41,Yes,1,OTHER DISTRICTS WITHIN THE PROVINCE,FAMILY REASON AT HOME,Not working,Definitely YES,YES,1,OTHER PROVINCES WITHIN THE COUNTRY,As an employee for someone else,As an employee for someone else,Reduced,50,YES,300,Reduced,NO,,,YES
89-18-69-83,No,,,,,,NO,,,,,,,,,,,,,
89-39-88-34,No,,,,,,NO,,,,,,,,,,,,,
89-65-33-51,No,,,,,,NO,,,,,,,,,,,,,
89-65-57-82,No,,,,,,NO,,,,,,,,,,,,,
89-93-74-40,No,,,,,,NO,,,,,,,,,,,,,
90-95-95-43,No,,,,,,NO,,,,,,,,,,,,,
91-00-32-16,No,,,,,,NO,,,,,,,,,,,,,
91-14-56-54,No,,,,,,NO,,,,,,,,,,,,,
91-17-82-05,No,,,,,,NO,,,,,,,,,,,,,
91-36-09-47,No,,,,,,NO,,,,,,,,,,,,,
91-83-49-03,No,,,,,,NO,,,,,,,,,,,,,
92-20-60-53,No,,,,,,YES,2,OTHER PROVINCES WITHIN THE COUNTRY,As an employee for someone else,As an employee for someone else,Stayed the same,,YES,20,Stayed the same,NO,,,YES
92-36-22-55,No,,,,,,NO,,,,,,,,,,,,,
92-38-87-71,No,,,,,,NO,,,,,,,,,,,,,
92-42-52-09,No,,,,,,NO,,,,,,,,,,,,,
92-66-10-53,No,,,,,,NO,,,,,,,,,,,,,
92-67-91-82,No,,,,,,NO,,,,,,,,,,,,,
92-83-10-25,No,,,,,,NO,,,,,,,,,,,,,
92-90-42-99,No,,,,,,NO,,,,,,,,,,,,,
93-55-82-79,No,,,,,,NO,,,,,,,,,,,,,
93-69-62-61,Yes,1,OTHER PROVINCES WITHIN THE COUNTRY,NO WORK,"In a family farm, raising family  livestock or fishing",NO,NO,,,,,,,,,,,,,
93-79-64-74,No,,,,,,NO,,,,,,,,,,,,,
93-79-78-96,No,,,,,,NO,,,,,,,,,,,,,
93-84-10-19,No,,,,,,NO,,,,,,,,,,,,,
93-91-64-97,No,,,,,,NO,,,,,,,,,,,,,
94-01-09-26,Yes,1,OTHER PROVINCES WITHIN THE COUNTRY,NO WORK,Not working,"Yes, if the situation allow",NO,,,,,,,,,,,,,
94-12-65-06,No,,,,,,YES,1,OTHER PROVINCES WITHIN THE COUNTRY,As an employee for someone else,As an employee for someone else,Reduced,40,YES,120,Reduced,YES,20,Stayed the same,Don't Know
94-27-92-63,No,,,,,,NO,,,,,,,,,,,,,
94-31-28-90,No,,,,,,NO,,,,,,,,,,,,,
94-37-16-34,No,,,,,,NO,,,,,,,,,,,,,
94-38-77-66,No,,,,,,YES,1,OTHER PROVINCES WITHIN THE COUNTRY,As an employee for someone else,As an employee for someone else,Reduced,30,YES,20,Increased,NO,,,YES
94-47-72-64,No,,,,,,YES,1,OTHER DISTRICTS WITHIN THE PROVINCE,As an employee for someone else,As an employee for someone else,Reduced,50,YES,120,Stayed the same,YES,5,Stayed the same,Don't Know
94-53-85-10,No,,,,,,YES,1,OTHER PROVINCES WITHIN THE COUNTRY,As an employee for someone else,As an employee for someone else,Reduced,60,YES,15,Reduced,NO,,,YES
94-73-04-14,No,,,,,,NO,,,,,,,,,,,,,
94-83-89-60,No,,,,,,NO,,,,,,,,,,,,,
95-13-66-88,No,,,,,,NO,,,,,,,,,,,,,
95-23-54-25,No,,,,,,NO,,,,,,,,,,,,,
95-33-09-89,No,,,,,,YES,1,OTHER COUNTRIES (specify),Not working,As an employee for someone else,Reduced,100,YES,,Reduced,NO,,,YES
95-43-17-18,No,,,,,,NO,,,,,,,,,,,,,
95-58-15-51,No,,,,,,YES,2,OTHER PROVINCES WITHIN THE COUNTRY,Looking for work,Looking for work,,,YES,40,Stayed the same,NO,,,Don't Know
95-62-63-83,No,,,,,,YES,1,OTHER PROVINCES WITHIN THE COUNTRY,As an employee for someone else,Studying,,,,,,NO,,,YES
95-71-13-54,No,,,,,,NO,,,,,,,,,,,,,
95-86-10-92,No,,,,,,NO,,,,,,,,,,,,,
96-04-71-13,No,,,,,,NO,,,,,,,,,,,,,
96-09-98-35,No,,,,,,NO,,,,,,,,,,,,,
96-66-52-37,No,,,,,,YES,1,OTHER PROVINCES WITHIN THE COUNTRY,Studying,Studying,,,,,,YES,300,Stayed the same,NO
96-83-60-45,No,,,,,,YES,1,OTHER PROVINCES WITHIN THE COUNTRY,As an employee for someone else,As an employee for someone else,Reduced,30,YES,240,Stayed the same,NO,,,YES
97-32-44-49,No,,,,,,NO,,,,,,,,,,,,,
98-06-76-33,No,,,,,,NO,,,,,,,,,,,,,
98-11-86-35,No,,,,,,YES,1,OTHER PROVINCES WITHIN THE COUNTRY,As an employee for someone else,Looking for work,Increased,100,NO,,,NO,,,YES
98-27-08-13,No,,,,,,NO,,,,,,,,,,,,,
98-53-14-41,No,,,,,,YES,2,OTHER DISTRICTS WITHIN THE PROVINCE,Studying,Studying,,,,,,NO,,,Don't Know
98-53-56-90,No,,,,,,NO,,,,,,,,,,,,,
98-62-44-38,No,,,,,,NO,,,,,,,,,,,,,
98-79-71-21,No,,,,,,NO,,,,,,,,,,,,,
98-83-26-90,No,,,,,,NO,,,,,,,,,,,,,
98-85-26-70,No,,,,,,NO,,,,,,,,,,,,,
98-93-37-80,No,,,,,,NO,,,,,,,,,,,,,
99-21-18-63,No,,,,,,NO,,,,,,,,,,,,,
99-39-38-50,No,,,,,,YES,3,OTHER COUNTRIES (specify),As an employee for someone else,As an employee for someone else,Reduced,70,YES,30,Reduced,NO,,,YES
99-46-75-70,No,,,,,,NO,,,,,,,,,,,,,
99-49-49-47,No,,,,,,YES,1,OTHER DISTRICTS WITHIN THE PROVINCE,As an employee for someone else,As an employee for someone else,Reduced,20,YES,400,Stayed the same,NO,,,YES
99-55-65-60,No,,,,,,NO,,,,,,,,,,,,,
99-72-17-59,No,,,,,,NO,,,,,,,,,,,,,
99-81-14-04,No,,,,,,NO,,,,,,,,,,,,,
