interview__key,s8q1,s8q2,s8q3,s8q4,s8q5,s8q6,s8q7,s8q8,s8q9,s8q10
00-11-48-08,YES,NO,NO,NO,NO,NO,NO,NO,NO,A little
00-14-18-28,YES,NO,NO,YES,NO,YES,NO,YES,YES,A lot
00-24-35-42,YES,NO,NO,NO,YES,NO,YES,NO,NO,A lot
00-28-02-38,NO,NO,NO,NO,NO,NO,NO,NO,NO,Not at all
00-30-20-73,NO,NO,NO,NO,NO,NO,NO,NO,NO,Not at all
00-41-06-44,YES,NO,NO,NO,NO,NO,NO,NO,NO,A little
00-76-39-80,NO,NO,NO,NO,NO,NO,NO,NO,NO,Not at all
00-77-55-82,YES,YES,YES,YES,YES,NO,NO,NO,NO,A lot
00-77-84-76,NO,NO,NO,NO,NO,NO,NO,NO,NO,Not at all
00-91-59-01,YES,NO,YES,NO,YES,NO,NO,NO,YES,A lot
00-99-04-04,YES,NO,NO,YES,YES,YES,YES,YES,NO,A lot
01-13-94-22,YES,NO,NO,NO,NO,NO,NO,NO,NO,A little
01-25-97-47,NO,NO,NO,NO,NO,NO,NO,NO,NO,Not at all
01-28-90-88,YES,YES,YES,YES,YES,NO,YES,NO,YES,Extremely
01-36-35-01,YES,NO,YES,NO,YES,NO,YES,NO,NO,A lot
01-45-89-17,NO,NO,NO,NO,NO,NO,NO,NO,NO,Not at all
01-53-99-24,NO,NO,NO,NO,NO,NO,NO,NO,NO,Not at all
01-74-04-52,NO,NO,NO,NO,NO,NO,NO,NO,NO,Not at all
02-36-19-45,YES,YES,YES,YES,NO,NO,YES,NO,NO,A little
02-39-28-57,NO,NO,NO,NO,YES,NO,NO,NO,NO,A little
02-42-13-55,YES,NO,YES,YES,YES,NO,YES,NO,NO,Extremely
02-53-05-40,YES,NO,NO,NO,YES,NO,YES,NO,NO,Not at all
02-60-77-80,NO,NO,NO,NO,NO,NO,NO,NO,NO,Not at all
02-82-48-36,YES,YES,YES,YES,YES,NO,NO,NO,YES,A lot
02-83-06-69,YES,YES,YES,YES,YES,NO,YES,NO,NO,A lot
02-98-13-39,YES,NO,NO,NO,YES,NO,NO,NO,YES,A little
02-98-52-98,YES,NO,YES,NO,YES,NO,NO,NO,NO,A little
03-07-95-46,NO,NO,NO,NO,NO,NO,NO,NO,NO,Not at all
03-69-22-18,NO,NO,YES,YES,NO,NO,YES,NO,NO,A little
03-97-19-11,YES,NO,NO,NO,NO,NO,NO,NO,NO,A little
03-98-01-40,NO,NO,NO,NO,NO,NO,NO,NO,NO,Not at all
04-16-87-48,YES,YES,YES,NO,YES,NO,YES,NO,YES,A lot
04-17-16-88,YES,YES,YES,YES,YES,NO,NO,NO,NO,A little
04-24-33-03,YES,YES,YES,NO,YES,NO,YES,NO,NO,A lot
04-38-19-68,YES,NO,NO,NO,NO,NO,NO,NO,NO,A lot
04-63-92-39,YES,YES,YES,YES,YES,NO,NO,NO,YES,A lot
04-66-96-52,YES,YES,YES,NO,YES,NO,YES,NO,YES,A lot
04-81-78-84,YES,YES,YES,YES,YES,NO,YES,NO,NO,A lot
05-04-68-47,YES,NO,NO,NO,NO,NO,NO,NO,NO,A little
05-15-33-31,YES,YES,NO,NO,NO,NO,NO,NO,NO,A lot
05-25-66-94,YES,YES,YES,YES,NO,NO,YES,NO,NO,A lot
05-26-75-75,NO,NO,NO,NO,NO,NO,NO,NO,NO,Not at all
05-61-61-38,YES,YES,NO,YES,YES,NO,YES,NO,NO,A lot
05-78-48-36,YES,NO,NO,NO,NO,NO,NO,NO,NO,A little
05-82-24-73,YES,NO,YES,NO,YES,NO,NO,YES,NO,A little
05-84-34-71,YES,NO,NO,YES,NO,NO,NO,NO,NO,A little
06-18-94-54,YES,NO,NO,NO,NO,NO,NO,NO,NO,Not at all
06-44-48-23,YES,NO,YES,NO,NO,NO,YES,NO,NO,A lot
06-51-01-81,YES,YES,YES,YES,YES,YES,YES,NO,YES,A lot
06-77-22-73,YES,YES,NO,NO,YES,NO,NO,NO,NO,A little
06-79-10-35,YES,YES,YES,YES,YES,NO,YES,NO,YES,Extremely
06-86-53-01,NO,YES,NO,NO,NO,NO,YES,NO,NO,A little
06-93-50-31,YES,NO,YES,NO,YES,NO,NO,NO,NO,A little
06-95-16-01,YES,YES,YES,NO,YES,NO,YES,NO,NO,A little
06-99-62-55,YES,YES,YES,YES,YES,YES,YES,NO,NO,A lot
07-09-29-32,YES,YES,YES,YES,YES,NO,YES,NO,NO,Extremely
07-21-69-77,YES,YES,YES,YES,YES,NO,YES,NO,YES,A lot
07-38-15-10,YES,YES,YES,YES,YES,NO,YES,NO,YES,A lot
07-45-98-59,NO,NO,NO,NO,NO,NO,NO,NO,NO,Not at all
07-57-68-78,NO,NO,NO,NO,NO,NO,NO,NO,NO,Not at all
07-87-14-21,YES,YES,YES,NO,NO,NO,NO,NO,NO,A little
07-87-20-23,YES,YES,YES,NO,NO,NO,YES,NO,YES,A lot
07-92-66-86,YES,YES,YES,NO,NO,YES,YES,NO,YES,A lot
08-27-46-13,NO,NO,NO,NO,NO,NO,NO,NO,NO,A little
08-37-54-38,NO,NO,NO,NO,NO,NO,NO,NO,NO,Not at all
08-42-45-60,NO,NO,NO,NO,NO,NO,NO,NO,YES,Not at all
08-66-93-20,NO,NO,NO,NO,NO,NO,NO,NO,NO,Not at all
08-76-74-15,YES,YES,YES,NO,NO,NO,YES,NO,YES,A lot
08-87-72-25,YES,YES,YES,YES,YES,NO,YES,NO,YES,Extremely
08-92-82-63,NO,NO,NO,NO,NO,NO,NO,NO,NO,Not at all
09-26-24-56,YES,YES,YES,YES,YES,NO,YES,NO,YES,Extremely
09-48-37-76,NO,NO,YES,NO,NO,NO,NO,NO,NO,A lot
09-52-36-40,YES,YES,YES,NO,YES,NO,YES,NO,NO,A lot
09-54-86-04,YES,NO,NO,NO,NO,NO,NO,NO,NO,A little
09-56-25-86,YES,YES,YES,YES,YES,NO,NO,NO,NO,A lot
09-56-37-66,NO,NO,NO,NO,NO,NO,NO,NO,NO,Not at all
09-70-29-30,NO,NO,NO,NO,NO,NO,YES,NO,NO,Not at all
09-72-73-80,YES,YES,YES,YES,YES,NO,YES,YES,YES,A lot
09-99-80-99,NO,NO,NO,NO,NO,NO,NO,NO,NO,Not at all
10-00-23-23,NO,NO,NO,NO,NO,NO,NO,NO,NO,Not at all
10-24-50-53,YES,YES,YES,NO,YES,NO,YES,NO,YES,A lot
10-62-87-07,YES,NO,YES,YES,NO,NO,YES,NO,YES,Extremely
10-67-83-00,NO,NO,NO,NO,NO,NO,NO,NO,NO,Not at all
10-73-31-63,YES,NO,YES,NO,YES,NO,NO,NO,NO,A little
11-20-56-39,YES,NO,YES,NO,NO,NO,NO,NO,YES,Extremely
11-27-77-65,YES,NO,NO,YES,NO,NO,NO,NO,NO,Not at all
11-29-24-37,NO,NO,NO,NO,NO,NO,NO,NO,NO,Not at all
11-37-75-66,YES,YES,YES,YES,YES,NO,YES,NO,NO,A little
11-65-32-70,YES,NO,YES,NO,NO,NO,NO,NO,NO,A little
11-71-20-07,NO,NO,NO,YES,YES,NO,YES,NO,NO,Not at all
11-74-42-47,YES,YES,YES,YES,YES,YES,YES,NO,YES,Extremely
11-84-40-86,YES,NO,YES,NO,YES,NO,YES,NO,NO,A lot
11-90-81-43,YES,NO,YES,YES,NO,NO,NO,NO,YES,A lot
12-07-47-45,YES,YES,NO,NO,YES,NO,YES,NO,NO,Extremely
12-14-50-11,YES,YES,YES,YES,NO,NO,YES,NO,NO,A lot
12-35-90-39,YES,YES,YES,YES,YES,NO,YES,NO,NO,A little
12-37-68-17,YES,YES,YES,NO,NO,NO,NO,NO,NO,A little
12-38-10-28,NO,NO,NO,NO,NO,NO,NO,NO,NO,Not at all
12-70-03-22,NO,NO,NO,NO,NO,NO,NO,NO,NO,A little
12-89-15-03,YES,YES,YES,YES,YES,NO,YES,NO,NO,A lot
12-90-25-18,YES,NO,YES,YES,YES,NO,YES,NO,NO,A lot
13-05-07-31,YES,NO,NO,NO,YES,NO,YES,NO,NO,A little
13-40-45-67,NO,NO,NO,NO,NO,NO,NO,NO,NO,A little
13-50-00-00,YES,NO,YES,NO,NO,NO,NO,NO,NO,A little
13-60-37-63,YES,YES,YES,YES,YES,YES,YES,YES,YES,A lot
13-70-88-03,YES,YES,YES,YES,YES,YES,YES,NO,NO,Extremely
13-73-84-95,NO,NO,YES,NO,YES,NO,NO,NO,NO,A little
13-85-44-31,YES,YES,NO,YES,YES,NO,YES,NO,YES,Extremely
14-54-93-04,YES,NO,NO,NO,YES,NO,NO,NO,NO,A little
14-56-06-34,YES,YES,NO,NO,NO,NO,NO,NO,NO,A lot
14-61-96-73,YES,YES,YES,NO,YES,NO,YES,NO,NO,A lot
14-80-37-38,YES,YES,YES,YES,YES,NO,YES,NO,YES,A lot
14-91-69-00,YES,YES,YES,NO,NO,NO,NO,NO,NO,A lot
15-10-58-17,YES,NO,NO,NO,NO,NO,NO,NO,NO,A little
15-28-98-50,YES,YES,YES,YES,YES,NO,YES,NO,NO,Extremely
15-35-12-75,YES,YES,YES,YES,YES,NO,YES,NO,NO,A lot
15-48-48-18,YES,NO,YES,NO,YES,NO,YES,NO,NO,A little
15-68-10-75,YES,YES,YES,NO,YES,NO,YES,NO,YES,A little
15-68-73-91,YES,NO,YES,NO,YES,NO,NO,NO,YES,A lot
15-91-45-68,NO,NO,NO,NO,NO,NO,NO,NO,NO,Not at all
15-99-35-27,NO,NO,NO,NO,NO,NO,NO,NO,NO,A little
16-13-61-65,YES,YES,YES,NO,YES,NO,NO,NO,NO,A lot
16-15-69-73,NO,NO,YES,NO,NO,NO,NO,NO,NO,Not at all
16-46-87-02,YES,YES,YES,NO,YES,NO,YES,NO,NO,A lot
16-93-86-61,YES,YES,YES,YES,YES,YES,YES,YES,YES,Not at all
17-58-97-56,NO,NO,NO,NO,NO,NO,NO,NO,NO,A little
17-59-02-00,YES,YES,YES,NO,YES,NO,YES,NO,NO,A little
17-68-18-77,NO,NO,NO,NO,NO,NO,NO,NO,NO,Not at all
17-71-66-38,NO,YES,YES,NO,NO,NO,YES,NO,NO,A little
17-88-60-75,YES,NO,YES,YES,NO,NO,YES,NO,NO,A lot
17-99-50-48,NO,NO,NO,NO,NO,NO,NO,NO,NO,Not at all
18-42-12-21,NO,NO,NO,NO,NO,NO,NO,NO,NO,A little
18-45-01-24,NO,NO,NO,NO,YES,NO,NO,NO,NO,A little
18-49-28-85,YES,YES,YES,YES,NO,NO,NO,NO,NO,A little
18-58-08-30,YES,YES,YES,YES,YES,NO,NO,NO,YES,A lot
18-63-30-02,NO,NO,NO,NO,NO,NO,NO,NO,NO,Not at all
18-72-98-16,NO,YES,YES,NO,NO,NO,NO,NO,NO,A little
18-82-62-40,YES,NO,NO,NO,YES,NO,YES,NO,NO,A lot
19-03-30-38,NO,NO,YES,NO,YES,NO,NO,NO,NO,A little
19-72-19-66,YES,NO,YES,NO,YES,NO,YES,NO,YES,A lot
19-75-91-64,NO,NO,NO,NO,NO,NO,NO,NO,NO,Not at all
19-80-86-64,YES,YES,NO,NO,NO,NO,YES,NO,NO,A lot
19-90-05-01,NO,NO,NO,NO,NO,NO,NO,NO,NO,Not at all
20-13-45-35,NO,NO,NO,NO,NO,NO,NO,NO,NO,Not at all
20-21-76-10,YES,NO,NO,NO,NO,NO,NO,NO,NO,A little
20-33-11-22,YES,YES,YES,NO,NO,NO,YES,NO,NO,A little
20-35-26-66,YES,NO,YES,NO,NO,NO,YES,YES,NO,A lot
20-86-70-58,NO,NO,NO,NO,NO,NO,NO,NO,NO,A little
21-01-98-99,NO,NO,NO,NO,NO,NO,NO,NO,NO,Not at all
21-56-73-53,YES,YES,NO,NO,NO,NO,NO,NO,NO,A little
21-59-52-44,YES,NO,NO,YES,YES,YES,YES,YES,NO,A lot
21-88-93-32,YES,NO,YES,YES,NO,NO,NO,NO,YES,Not at all
21-99-47-06,YES,NO,YES,YES,NO,NO,NO,NO,NO,A lot
22-07-73-87,YES,YES,YES,NO,NO,NO,YES,NO,YES,A little
22-94-17-72,NO,NO,YES,NO,NO,NO,NO,NO,NO,Not at all
23-16-16-83,YES,YES,YES,NO,YES,NO,YES,NO,YES,A lot
23-32-08-95,YES,YES,YES,YES,YES,NO,NO,NO,NO,A lot
23-45-74-97,YES,YES,YES,NO,NO,NO,NO,NO,NO,A lot
23-62-03-55,YES,YES,YES,YES,YES,YES,YES,NO,YES,A little
23-70-43-39,NO,NO,NO,NO,NO,NO,NO,NO,NO,Not at all
23-73-33-69,YES,NO,YES,NO,NO,NO,NO,NO,NO,A little
23-75-13-28,YES,YES,YES,YES,YES,YES,NO,NO,YES,A lot
23-92-16-23,YES,NO,NO,NO,NO,NO,NO,NO,NO,A little
24-18-89-36,NO,NO,NO,NO,NO,NO,NO,NO,NO,A little
24-21-42-95,NO,NO,NO,NO,NO,NO,NO,NO,NO,Not at all
24-26-83-06,NO,NO,NO,NO,NO,NO,NO,NO,NO,Not at all
24-27-66-72,YES,YES,YES,YES,YES,NO,YES,NO,NO,A little
24-77-97-66,NO,NO,NO,NO,NO,NO,NO,NO,NO,Not at all
24-82-48-65,YES,YES,NO,NO,YES,NO,NO,NO,NO,A lot
25-03-90-32,YES,YES,YES,YES,YES,NO,YES,NO,NO,A lot
25-15-60-76,NO,NO,NO,NO,NO,NO,NO,NO,NO,A little
25-20-77-34,NO,NO,YES,NO,NO,NO,NO,NO,NO,A little
25-26-91-49,YES,YES,YES,NO,YES,NO,NO,NO,NO,A little
25-71-53-69,NO,NO,NO,NO,NO,NO,NO,NO,NO,Not at all
25-74-41-33,YES,YES,YES,YES,YES,NO,NO,NO,NO,A lot
25-77-33-12,YES,YES,YES,YES,YES,NO,YES,YES,YES,Extremely
25-77-58-96,YES,YES,YES,NO,YES,NO,YES,NO,YES,A lot
25-80-38-05,YES,YES,NO,NO,NO,NO,NO,NO,NO,A lot
25-99-07-45,YES,YES,YES,NO,YES,NO,YES,NO,NO,A lot
26-30-31-96,YES,YES,YES,YES,YES,NO,YES,NO,NO,A lot
26-35-70-67,YES,NO,YES,NO,NO,NO,YES,NO,NO,A lot
26-42-39-36,YES,YES,NO,NO,NO,NO,YES,NO,NO,A little
26-46-53-29,YES,NO,YES,NO,YES,NO,NO,NO,YES,A lot
26-71-05-97,YES,YES,YES,YES,YES,NO,YES,NO,NO,A little
26-82-19-76,YES,NO,YES,NO,NO,NO,YES,NO,NO,A lot
26-90-72-50,YES,YES,NO,NO,YES,NO,YES,NO,YES,A little
27-10-24-86,YES,NO,NO,NO,NO,NO,NO,NO,NO,A little
27-21-45-15,YES,NO,NO,NO,YES,NO,YES,NO,NO,A lot
27-28-72-74,YES,NO,YES,NO,YES,NO,YES,NO,NO,A lot
27-77-41-77,NO,NO,NO,YES,NO,NO,YES,NO,NO,A little
27-78-57-26,YES,NO,YES,YES,YES,NO,YES,NO,NO,A little
27-81-23-37,YES,YES,NO,NO,YES,NO,YES,NO,NO,A lot
27-93-66-33,YES,YES,YES,YES,YES,YES,YES,YES,YES,A lot
28-33-99-35,NO,NO,NO,NO,NO,NO,NO,NO,NO,Not at all
28-42-49-04,YES,NO,NO,NO,NO,NO,NO,NO,NO,A little
28-50-35-79,NO,YES,YES,YES,YES,YES,YES,NO,NO,A lot
28-74-89-74,YES,YES,NO,NO,NO,NO,NO,NO,NO,A little
28-84-30-20,YES,NO,YES,YES,YES,NO,YES,NO,YES,A lot
28-86-65-82,NO,NO,NO,NO,NO,NO,NO,NO,NO,Not at all
29-06-57-28,YES,YES,YES,YES,YES,NO,NO,NO,NO,A lot
29-21-47-59,YES,NO,NO,NO,YES,NO,NO,NO,YES,A little
29-70-95-81,NO,NO,NO,NO,NO,NO,NO,NO,NO,Not at all
29-90-09-46,YES,YES,YES,NO,YES,NO,YES,NO,YES,A lot
29-99-54-57,NO,NO,NO,NO,NO,NO,NO,NO,NO,Not at all
30-17-96-80,YES,YES,NO,NO,YES,NO,YES,NO,YES,A lot
30-18-79-31,YES,YES,YES,YES,YES,YES,YES,YES,YES,Extremely
30-43-85-89,NO,YES,YES,YES,YES,NO,YES,NO,NO,A lot
30-69-97-11,YES,YES,NO,NO,NO,NO,YES,NO,NO,A little
30-73-16-30,YES,YES,YES,NO,YES,YES,NO,NO,NO,A lot
30-75-44-55,YES,YES,YES,YES,YES,NO,NO,NO,NO,Extremely
31-20-25-17,YES,NO,YES,YES,YES,NO,YES,NO,YES,Extremely
31-86-71-90,NO,NO,YES,NO,NO,NO,NO,NO,NO,A little
31-88-86-50,YES,YES,YES,YES,YES,NO,YES,NO,YES,A little
32-10-46-50,YES,NO,YES,NO,NO,NO,NO,NO,NO,A little
32-10-98-20,YES,NO,NO,NO,NO,NO,NO,NO,NO,A little
32-17-83-82,NO,NO,NO,NO,NO,NO,NO,NO,NO,A little
32-82-88-73,YES,YES,YES,YES,YES,NO,NO,NO,NO,A lot
33-18-70-95,YES,YES,YES,YES,YES,NO,YES,NO,NO,A little
33-26-70-01,YES,YES,YES,NO,YES,YES,YES,NO,NO,Extremely
33-36-95-06,YES,YES,YES,YES,YES,NO,YES,NO,YES,Extremely
33-72-44-36,YES,YES,YES,NO,YES,NO,YES,NO,NO,A lot
33-81-90-06,YES,YES,YES,YES,YES,NO,YES,NO,NO,Extremely
34-47-49-71,YES,YES,YES,NO,YES,NO,YES,NO,NO,A lot
34-77-97-45,NO,NO,YES,NO,NO,NO,NO,NO,NO,Not at all
35-34-30-60,YES,NO,NO,NO,NO,NO,NO,NO,NO,A little
35-44-52-02,YES,YES,YES,NO,YES,NO,YES,NO,NO,A lot
35-51-88-26,YES,YES,YES,NO,YES,NO,YES,NO,NO,A lot
35-65-67-78,YES,YES,YES,YES,YES,NO,YES,NO,YES,Extremely
35-88-46-37,YES,NO,NO,NO,NO,NO,NO,NO,NO,Not at all
36-23-40-85,YES,NO,YES,NO,NO,NO,NO,NO,YES,A little
36-40-40-95,YES,YES,YES,NO,NO,NO,YES,NO,NO,A lot
36-78-86-37,NO,NO,NO,NO,NO,NO,NO,NO,NO,Not at all
36-96-36-15,NO,NO,NO,NO,NO,NO,NO,NO,NO,Not at all
37-01-34-02,NO,NO,NO,NO,NO,NO,NO,NO,NO,Not at all
37-36-10-30,YES,YES,YES,NO,YES,NO,NO,YES,NO,A lot
37-37-25-64,YES,YES,YES,YES,YES,NO,NO,NO,NO,A little
37-46-33-40,YES,YES,YES,NO,YES,YES,YES,NO,YES,A lot
37-67-25-85,NO,NO,YES,NO,YES,NO,NO,NO,NO,A little
37-67-94-43,YES,YES,YES,YES,YES,YES,YES,NO,NO,Extremely
37-68-52-01,NO,NO,NO,NO,NO,NO,NO,NO,NO,A little
37-96-69-76,YES,NO,YES,NO,YES,NO,YES,NO,NO,A little
38-05-50-95,YES,NO,YES,NO,YES,NO,YES,NO,NO,A little
38-37-50-95,NO,NO,NO,NO,NO,NO,NO,NO,NO,A little
38-95-73-31,YES,YES,YES,YES,YES,NO,YES,NO,YES,A lot
38-97-46-43,YES,YES,YES,YES,YES,NO,YES,NO,YES,Extremely
39-16-32-68,YES,YES,YES,YES,NO,NO,NO,NO,YES,A lot
39-16-76-43,YES,YES,YES,YES,YES,NO,NO,NO,NO,Extremely
39-39-07-11,YES,NO,YES,YES,YES,YES,YES,NO,YES,A lot
39-41-55-55,NO,NO,NO,NO,NO,NO,NO,NO,YES,A little
39-73-65-69,YES,NO,YES,NO,YES,NO,NO,NO,NO,A little
39-99-50-70,YES,NO,YES,NO,YES,NO,YES,YES,NO,A lot
40-04-63-14,YES,YES,YES,YES,YES,NO,YES,NO,YES,A little
40-15-28-88,YES,YES,YES,YES,YES,NO,YES,NO,NO,A lot
40-35-88-17,YES,YES,YES,NO,YES,NO,YES,NO,NO,A lot
40-55-47-18,NO,NO,NO,NO,NO,NO,NO,NO,NO,A little
40-69-66-33,NO,NO,NO,NO,NO,NO,NO,NO,NO,Not at all
40-96-24-33,YES,NO,NO,YES,YES,NO,NO,NO,NO,A little
41-10-13-07,NO,NO,NO,NO,NO,NO,NO,NO,NO,Not at all
41-25-77-25,YES,YES,YES,NO,NO,NO,YES,NO,YES,A lot
41-44-58-52,YES,YES,YES,YES,YES,NO,NO,NO,NO,A lot
41-64-39-09,YES,NO,NO,NO,NO,NO,NO,NO,NO,A little
41-71-66-92,YES,NO,YES,NO,NO,NO,YES,NO,NO,A lot
42-09-07-47,NO,NO,NO,NO,NO,NO,NO,NO,NO,A little
42-13-55-45,NO,NO,YES,NO,NO,NO,NO,NO,NO,A little
42-14-67-79,YES,YES,YES,YES,YES,NO,YES,NO,NO,Extremely
42-18-88-63,NO,NO,NO,NO,NO,NO,NO,NO,NO,Not at all
42-23-81-85,NO,NO,NO,NO,NO,NO,NO,NO,NO,Not at all
42-26-51-22,YES,YES,YES,YES,YES,NO,YES,NO,YES,A little
42-49-85-02,YES,YES,NO,NO,YES,NO,YES,NO,NO,A lot
42-50-23-93,NO,NO,NO,NO,NO,NO,NO,NO,NO,Not at all
42-56-44-00,YES,YES,YES,YES,YES,NO,NO,NO,NO,A lot
42-68-61-66,YES,YES,YES,NO,YES,NO,YES,NO,YES,A little
42-73-68-70,YES,NO,NO,NO,NO,NO,NO,NO,NO,A little
42-79-45-13,YES,YES,YES,NO,YES,NO,YES,NO,NO,A lot
43-30-92-61,YES,NO,YES,NO,YES,NO,NO,NO,NO,Extremely
43-33-02-18,NO,NO,NO,NO,NO,NO,NO,NO,NO,Not at all
43-38-34-15,YES,YES,YES,NO,NO,NO,NO,NO,NO,A little
43-73-29-56,YES,YES,YES,NO,YES,NO,NO,NO,YES,A lot
43-75-78-22,NO,NO,NO,NO,NO,NO,NO,NO,NO,A little
43-90-23-81,YES,YES,NO,YES,NO,NO,NO,NO,NO,A little
43-93-31-20,NO,NO,NO,NO,NO,NO,NO,NO,NO,Not at all
44-42-13-16,YES,YES,YES,YES,YES,NO,YES,NO,YES,A lot
44-57-34-40,YES,NO,NO,NO,NO,NO,NO,NO,NO,A little
44-70-64-79,YES,YES,YES,NO,NO,NO,YES,NO,NO,A little
44-78-21-72,YES,YES,YES,NO,YES,NO,YES,NO,NO,Extremely
45-08-70-04,NO,NO,NO,NO,NO,NO,NO,NO,NO,Not at all
45-29-71-78,NO,NO,NO,NO,NO,NO,NO,NO,NO,Not at all
45-35-73-39,YES,YES,YES,NO,NO,NO,NO,NO,YES,A lot
45-35-82-88,NO,NO,NO,NO,NO,NO,NO,NO,NO,Not at all
45-48-42-00,YES,YES,YES,NO,NO,NO,YES,NO,NO,A lot
45-55-56-10,YES,YES,YES,NO,NO,NO,YES,NO,NO,A little
45-57-81-16,YES,YES,YES,YES,YES,NO,YES,NO,NO,A lot
45-61-82-18,NO,YES,YES,NO,NO,NO,NO,YES,NO,A lot
45-76-46-33,YES,NO,YES,NO,NO,NO,NO,NO,NO,A little
45-83-08-52,YES,YES,YES,NO,YES,NO,YES,NO,NO,A lot
45-89-47-83,YES,NO,YES,NO,NO,NO,NO,NO,NO,A lot
46-31-52-68,YES,YES,YES,NO,NO,NO,YES,NO,NO,A little
46-36-23-91,NO,NO,NO,NO,NO,NO,NO,NO,NO,Not at all
46-36-66-09,NO,NO,NO,NO,NO,NO,NO,NO,NO,Not at all
46-39-21-33,YES,YES,YES,NO,NO,NO,NO,NO,YES,A lot
46-69-30-18,YES,YES,YES,YES,YES,NO,YES,NO,YES,Extremely
46-77-48-68,YES,NO,YES,NO,NO,NO,NO,NO,NO,A little
46-90-41-39,YES,YES,YES,NO,YES,NO,YES,NO,NO,A little
47-02-72-98,NO,NO,YES,NO,YES,NO,NO,NO,NO,A little
47-18-39-01,YES,YES,YES,NO,NO,NO,YES,NO,YES,A little
47-27-29-93,NO,NO,NO,NO,NO,NO,NO,NO,NO,Not at all
47-60-20-01,NO,NO,YES,NO,NO,NO,NO,NO,NO,A little
47-97-77-17,YES,YES,YES,YES,YES,YES,YES,NO,NO,A little
48-00-56-77,YES,NO,YES,YES,YES,NO,YES,YES,YES,A lot
48-04-17-10,NO,NO,NO,NO,NO,NO,NO,NO,NO,Not at all
48-32-37-82,YES,NO,YES,YES,YES,NO,NO,NO,NO,A lot
48-33-61-54,NO,NO,NO,NO,NO,NO,NO,NO,NO,Not at all
48-35-58-48,YES,YES,YES,YES,YES,NO,NO,NO,YES,A little
48-51-10-23,YES,YES,NO,NO,NO,NO,NO,NO,NO,A little
48-55-31-69,YES,YES,YES,YES,YES,NO,YES,NO,YES,A lot
48-67-49-78,NO,NO,NO,NO,NO,NO,NO,NO,NO,Not at all
48-87-88-72,YES,YES,YES,NO,YES,NO,NO,NO,NO,A little
48-95-31-26,YES,YES,YES,YES,YES,YES,YES,YES,YES,Extremely
49-56-57-09,NO,NO,YES,NO,NO,NO,NO,NO,NO,A little
49-67-47-33,YES,YES,YES,YES,YES,NO,YES,NO,YES,Extremely
49-69-87-18,YES,YES,NO,YES,YES,NO,YES,NO,YES,Extremely
49-74-12-19,NO,NO,NO,NO,NO,NO,NO,NO,NO,Not at all
50-23-18-00,NO,NO,NO,NO,NO,NO,NO,NO,NO,A little
50-24-93-06,YES,NO,NO,NO,NO,NO,YES,NO,NO,A little
50-58-36-08,NO,NO,NO,NO,NO,NO,NO,NO,NO,Not at all
50-67-67-43,YES,YES,YES,YES,YES,NO,YES,NO,NO,Extremely
50-89-68-36,YES,YES,YES,YES,YES,NO,YES,NO,NO,Extremely
50-96-64-01,NO,NO,NO,NO,NO,NO,NO,NO,NO,Not at all
51-03-03-95,YES,YES,YES,NO,NO,NO,YES,NO,YES,A lot
51-04-81-57,NO,NO,NO,NO,NO,NO,NO,NO,NO,Not at all
51-15-36-00,YES,YES,YES,NO,YES,NO,YES,NO,YES,Extremely
51-55-97-33,YES,NO,YES,YES,YES,NO,YES,NO,YES,A little
51-84-88-88,YES,YES,YES,YES,YES,NO,YES,NO,NO,A lot
52-05-24-98,YES,YES,NO,NO,NO,NO,YES,NO,YES,A lot
52-06-67-62,YES,NO,NO,NO,NO,NO,YES,NO,NO,A little
52-15-08-75,YES,YES,YES,YES,YES,NO,YES,NO,NO,A lot
52-24-45-26,YES,YES,YES,NO,YES,NO,YES,NO,NO,Extremely
52-28-43-63,YES,NO,YES,NO,YES,NO,YES,NO,NO,A little
52-38-76-73,NO,NO,NO,NO,NO,NO,NO,NO,NO,Not at all
52-74-85-82,YES,NO,YES,NO,YES,NO,NO,NO,NO,A little
53-19-44-95,YES,NO,NO,NO,NO,NO,NO,YES,NO,A little
53-21-24-75,YES,YES,YES,YES,NO,NO,NO,NO,YES,A lot
53-72-96-01,YES,NO,YES,NO,YES,NO,NO,NO,NO,A little
53-87-39-27,YES,NO,YES,NO,NO,NO,NO,NO,YES,A little
53-88-11-68,YES,YES,YES,YES,YES,NO,YES,NO,YES,A lot
54-45-11-85,YES,YES,YES,YES,YES,YES,YES,NO,NO,Extremely
54-62-47-43,NO,NO,YES,YES,NO,NO,NO,NO,NO,A lot
54-66-49-39,YES,NO,YES,NO,NO,NO,NO,NO,NO,A little
54-96-12-87,NO,NO,YES,YES,YES,YES,YES,NO,NO,A little
55-01-48-60,YES,YES,YES,YES,YES,NO,YES,NO,NO,Extremely
55-37-78-79,NO,NO,NO,NO,NO,NO,NO,NO,NO,Not at all
55-38-96-18,NO,NO,NO,NO,NO,NO,NO,NO,NO,Not at all
55-45-47-11,YES,YES,NO,NO,NO,NO,YES,NO,NO,A lot
55-91-13-86,YES,NO,NO,NO,NO,NO,NO,NO,NO,A little
55-91-37-75,NO,NO,NO,NO,NO,NO,NO,NO,NO,Not at all
56-09-56-08,YES,YES,YES,YES,NO,NO,YES,NO,YES,A lot
56-21-49-31,YES,NO,YES,NO,YES,NO,YES,YES,NO,A little
56-28-95-37,YES,YES,YES,NO,NO,NO,YES,NO,NO,A little
56-39-11-35,NO,NO,YES,NO,YES,NO,NO,NO,NO,A little
56-94-01-10,YES,YES,YES,NO,YES,NO,YES,NO,YES,A lot
57-24-69-99,YES,YES,YES,NO,YES,NO,YES,NO,YES,A lot
57-24-95-07,YES,YES,YES,YES,YES,YES,YES,YES,NO,Extremely
57-27-40-40,NO,NO,NO,NO,NO,NO,NO,NO,NO,Not at all
57-38-86-89,NO,NO,YES,NO,NO,NO,NO,NO,NO,Not at all
57-52-45-75,YES,NO,YES,NO,YES,NO,YES,NO,NO,A lot
57-57-41-35,YES,YES,YES,YES,YES,NO,YES,NO,YES,A lot
57-88-50-44,YES,YES,YES,YES,YES,YES,YES,YES,NO,Extremely
58-02-65-66,NO,NO,NO,NO,NO,NO,NO,NO,NO,Not at all
58-38-62-66,YES,YES,YES,NO,YES,NO,NO,NO,NO,A little
58-45-12-71,YES,YES,YES,NO,YES,NO,NO,YES,YES,A lot
58-58-50-24,NO,NO,NO,NO,NO,NO,NO,NO,NO,Not at all
58-97-53-95,YES,NO,NO,NO,NO,NO,NO,NO,NO,A little
59-04-10-61,NO,NO,NO,NO,NO,NO,NO,NO,NO,Not at all
59-29-82-67,NO,NO,NO,NO,NO,NO,NO,NO,NO,Not at all
59-35-08-66,YES,YES,YES,NO,YES,NO,NO,NO,NO,A lot
59-45-30-11,YES,YES,YES,YES,YES,NO,YES,NO,YES,Extremely
59-85-07-92,NO,NO,NO,NO,NO,NO,NO,NO,NO,A little
59-98-69-64,YES,NO,YES,YES,YES,NO,YES,YES,NO,A lot
60-00-14-73,YES,YES,NO,NO,YES,NO,YES,NO,NO,A little
60-18-26-02,YES,YES,YES,NO,YES,NO,NO,NO,YES,A lot
60-20-26-32,YES,YES,YES,NO,NO,NO,YES,NO,NO,A little
60-30-46-89,NO,NO,NO,NO,NO,NO,NO,NO,NO,Not at all
60-45-22-93,YES,YES,YES,YES,YES,NO,YES,YES,YES,A lot
60-61-00-92,YES,YES,NO,NO,YES,NO,NO,NO,NO,A little
60-62-79-36,YES,YES,NO,NO,YES,NO,YES,NO,NO,A little
60-95-54-37,NO,NO,YES,NO,NO,NO,NO,NO,NO,A little
60-97-15-75,YES,NO,NO,NO,NO,NO,NO,NO,NO,A little
61-24-24-14,NO,NO,NO,NO,NO,NO,NO,NO,NO,Not at all
61-30-93-34,YES,NO,NO,NO,NO,NO,NO,NO,NO,A lot
61-39-09-69,NO,NO,NO,NO,NO,NO,NO,NO,NO,Not at all
61-49-11-52,YES,YES,YES,NO,YES,NO,NO,NO,NO,A little
61-57-55-69,YES,YES,YES,NO,YES,NO,NO,NO,NO,A little
61-61-84-70,YES,NO,NO,NO,NO,NO,YES,NO,NO,A little
61-75-01-22,NO,NO,NO,NO,NO,NO,NO,NO,NO,Not at all
62-00-28-43,YES,YES,YES,YES,YES,NO,YES,NO,NO,Extremely
62-04-49-53,YES,YES,YES,YES,YES,NO,YES,NO,YES,A little
62-10-58-08,NO,NO,NO,NO,NO,NO,NO,NO,NO,Not at all
62-21-50-55,YES,YES,YES,YES,YES,NO,YES,NO,NO,A lot
62-26-39-29,NO,NO,NO,NO,NO,NO,NO,NO,NO,Not at all
62-66-94-43,NO,NO,NO,NO,NO,NO,NO,NO,NO,A little
62-75-13-84,YES,YES,NO,NO,YES,NO,YES,NO,NO,A little
63-15-56-95,YES,NO,NO,NO,NO,NO,NO,NO,NO,Not at all
63-18-87-64,NO,NO,NO,NO,NO,NO,NO,NO,NO,Not at all
63-25-24-51,YES,NO,YES,NO,YES,NO,NO,NO,NO,A little
63-28-52-97,NO,NO,NO,NO,NO,NO,YES,NO,NO,Not at all
63-70-61-61,YES,YES,YES,YES,YES,NO,YES,NO,NO,A lot
64-51-38-06,YES,YES,YES,YES,NO,NO,YES,NO,NO,A lot
64-51-45-53,NO,NO,YES,NO,NO,NO,NO,NO,NO,A little
64-68-34-06,YES,NO,NO,YES,NO,NO,YES,NO,NO,A little
64-74-64-64,YES,NO,YES,YES,NO,NO,YES,NO,NO,A little
64-93-89-71,YES,YES,YES,NO,YES,NO,NO,NO,NO,A lot
64-95-38-26,YES,YES,NO,NO,NO,NO,NO,NO,NO,A little
65-75-15-99,YES,YES,YES,YES,YES,NO,YES,NO,NO,A lot
65-98-79-99,YES,NO,YES,YES,YES,NO,NO,NO,NO,A lot
66-44-64-50,YES,YES,YES,YES,YES,YES,YES,NO,YES,Extremely
67-18-67-83,YES,NO,YES,NO,NO,NO,YES,NO,NO,A little
68-03-65-53,NO,NO,NO,NO,NO,NO,NO,NO,NO,Not at all
68-16-94-55,YES,NO,NO,YES,YES,NO,NO,NO,YES,A lot
68-18-81-79,YES,YES,YES,YES,YES,NO,YES,NO,NO,Extremely
68-26-92-99,YES,YES,YES,NO,YES,NO,YES,NO,NO,A little
68-48-09-89,YES,NO,NO,NO,NO,NO,NO,NO,NO,A little
68-66-44-52,YES,YES,YES,NO,YES,NO,NO,NO,NO,A lot
68-84-69-98,NO,NO,NO,NO,NO,NO,NO,NO,NO,Not at all
68-89-84-09,YES,YES,YES,YES,NO,NO,NO,NO,NO,A lot
68-92-90-44,YES,YES,YES,NO,NO,NO,NO,NO,YES,A lot
69-50-07-46,YES,NO,YES,NO,NO,NO,YES,NO,YES,Extremely
69-50-77-07,YES,YES,NO,YES,YES,YES,YES,NO,NO,A lot
69-54-11-86,YES,YES,YES,NO,YES,NO,YES,NO,YES,A lot
69-56-81-47,YES,NO,YES,NO,NO,NO,NO,NO,NO,A little
69-69-11-97,YES,YES,YES,NO,NO,NO,NO,NO,YES,A little
69-75-58-87,NO,NO,NO,NO,NO,NO,NO,NO,NO,Not at all
69-84-92-78,YES,YES,YES,NO,YES,NO,YES,NO,NO,A lot
70-06-11-85,YES,NO,YES,NO,NO,NO,NO,NO,NO,A little
70-33-56-96,NO,NO,YES,NO,YES,NO,YES,NO,NO,Not at all
70-89-50-82,NO,NO,YES,NO,YES,NO,NO,NO,NO,A little
71-06-17-00,YES,NO,YES,NO,YES,NO,YES,NO,YES,A lot
71-42-69-39,NO,NO,YES,NO,YES,NO,NO,NO,NO,A little
71-46-50-36,NO,NO,NO,NO,NO,NO,NO,NO,NO,Not at all
71-54-97-38,NO,NO,NO,NO,NO,NO,NO,NO,NO,A little
71-81-05-41,NO,NO,NO,NO,NO,NO,NO,NO,NO,Not at all
71-87-66-71,YES,YES,YES,NO,YES,NO,YES,NO,YES,A lot
71-98-40-84,YES,NO,YES,NO,YES,NO,NO,NO,NO,A little
72-23-51-16,NO,NO,NO,NO,NO,NO,NO,NO,NO,Not at all
72-26-33-40,YES,YES,YES,NO,YES,NO,NO,NO,NO,A little
72-36-01-60,YES,YES,YES,YES,YES,NO,YES,NO,YES,Extremely
72-37-31-42,NO,NO,NO,NO,NO,NO,NO,NO,NO,Not at all
72-48-17-68,YES,NO,NO,NO,NO,NO,NO,NO,YES,Not at all
72-51-92-23,YES,NO,YES,NO,YES,NO,YES,NO,NO,A lot
72-58-00-67,YES,YES,YES,YES,YES,YES,NO,NO,NO,A lot
72-66-71-71,YES,YES,NO,YES,YES,NO,YES,NO,NO,A lot
72-67-93-54,YES,YES,YES,YES,YES,YES,YES,YES,YES,A little
72-84-14-29,YES,NO,NO,YES,YES,NO,NO,NO,NO,A lot
72-89-35-81,YES,YES,YES,NO,NO,NO,NO,NO,NO,A lot
73-08-96-72,YES,NO,NO,NO,NO,NO,NO,NO,NO,A little
73-42-00-69,NO,NO,NO,NO,YES,NO,NO,NO,NO,Not at all
73-44-61-35,YES,YES,YES,YES,YES,YES,NO,NO,NO,A little
73-48-13-56,YES,NO,NO,NO,NO,NO,NO,NO,NO,A little
73-48-23-31,YES,NO,NO,NO,NO,NO,YES,NO,NO,A little
73-72-83-29,YES,NO,YES,NO,YES,NO,NO,NO,YES,A lot
74-03-83-95,NO,NO,NO,NO,YES,NO,NO,NO,NO,A little
74-23-59-38,NO,NO,NO,NO,NO,NO,NO,NO,NO,Not at all
74-31-98-06,YES,YES,YES,YES,YES,YES,YES,NO,YES,A lot
74-34-13-03,YES,YES,YES,NO,NO,NO,YES,NO,YES,A lot
74-48-94-37,YES,YES,YES,NO,YES,NO,YES,NO,NO,A lot
74-64-91-44,YES,YES,YES,NO,YES,NO,YES,NO,NO,Extremely
74-69-75-31,YES,NO,YES,NO,YES,NO,NO,NO,NO,A little
75-07-14-53,YES,NO,YES,NO,NO,NO,YES,NO,NO,A lot
75-18-93-42,YES,YES,YES,YES,YES,NO,YES,NO,YES,A lot
75-30-55-60,YES,YES,YES,YES,YES,YES,YES,NO,YES,A lot
75-35-05-33,YES,YES,YES,NO,YES,NO,YES,NO,NO,A little
75-49-22-77,YES,YES,YES,YES,YES,YES,YES,NO,YES,A lot
76-17-97-03,YES,YES,NO,NO,YES,NO,NO,NO,YES,A lot
76-58-11-05,NO,NO,NO,NO,NO,NO,NO,NO,NO,Not at all
76-83-24-33,NO,NO,NO,NO,NO,NO,YES,NO,NO,A little
77-11-76-62,YES,NO,NO,NO,NO,NO,NO,NO,NO,Not at all
77-14-13-68,YES,NO,YES,YES,NO,NO,NO,NO,YES,A little
77-29-81-66,YES,YES,YES,NO,YES,NO,YES,NO,NO,A lot
77-48-91-64,NO,NO,NO,NO,NO,NO,NO,NO,NO,Not at all
77-87-31-78,YES,YES,YES,YES,YES,NO,NO,NO,NO,A lot
77-89-32-50,YES,YES,YES,YES,YES,NO,NO,NO,NO,A lot
77-92-23-80,YES,YES,YES,NO,YES,NO,NO,NO,YES,A lot
78-58-11-12,YES,YES,YES,YES,YES,YES,YES,NO,YES,Extremely
78-60-23-79,YES,NO,YES,NO,YES,NO,NO,NO,YES,A lot
78-76-90-78,NO,NO,NO,NO,NO,NO,NO,NO,NO,Not at all
78-91-79-12,NO,NO,YES,NO,NO,NO,NO,NO,NO,A little
78-91-88-48,YES,NO,YES,NO,NO,NO,NO,NO,NO,A little
79-10-35-57,NO,NO,NO,NO,NO,NO,NO,NO,NO,Not at all
79-30-79-26,YES,NO,NO,NO,YES,NO,NO,NO,NO,A little
79-56-20-22,YES,YES,YES,YES,YES,NO,YES,NO,NO,A little
79-87-49-96,YES,NO,YES,NO,NO,NO,YES,NO,YES,A lot
80-22-71-02,YES,NO,NO,NO,YES,NO,NO,NO,NO,A little
80-48-72-39,YES,NO,YES,NO,YES,NO,YES,NO,NO,A lot
80-88-34-25,YES,NO,NO,NO,YES,NO,NO,NO,NO,A little
80-91-76-81,YES,NO,NO,NO,YES,NO,YES,NO,YES,A lot
80-97-76-22,YES,YES,YES,NO,YES,NO,NO,NO,NO,A lot
81-51-57-93,YES,NO,YES,NO,YES,NO,NO,NO,NO,A little
81-69-03-02,NO,NO,NO,NO,NO,NO,NO,NO,NO,Not at all
82-04-66-80,YES,YES,YES,NO,NO,NO,NO,NO,NO,A little
82-16-93-71,YES,NO,YES,NO,YES,NO,NO,NO,YES,A lot
82-87-50-46,YES,NO,NO,NO,YES,NO,NO,NO,NO,A little
82-92-84-48,YES,NO,NO,NO,NO,YES,NO,NO,NO,A little
82-98-72-55,YES,NO,YES,YES,YES,NO,YES,NO,YES,Extremely
83-21-45-30,NO,NO,NO,NO,NO,NO,NO,NO,NO,A little
83-43-73-00,NO,NO,NO,NO,NO,NO,NO,NO,NO,Not at all
83-55-67-95,NO,YES,YES,NO,NO,NO,NO,NO,NO,A little
83-93-32-62,YES,YES,YES,NO,NO,NO,NO,NO,YES,A little
84-01-65-09,YES,YES,YES,YES,YES,NO,YES,NO,NO,Extremely
84-42-09-82,YES,YES,YES,YES,NO,NO,YES,NO,YES,A little
84-46-73-02,YES,NO,YES,YES,YES,NO,YES,NO,NO,A lot
84-62-81-15,YES,YES,YES,YES,YES,YES,YES,NO,YES,A lot
84-82-89-93,NO,NO,NO,NO,NO,NO,NO,NO,NO,Not at all
84-85-23-95,NO,NO,NO,NO,NO,NO,NO,NO,NO,A little
84-86-96-17,YES,YES,YES,YES,YES,NO,YES,NO,YES,A lot
84-90-15-10,YES,YES,YES,NO,NO,NO,NO,NO,NO,A little
84-93-87-42,YES,YES,YES,NO,YES,NO,YES,NO,NO,A little
85-05-14-92,YES,YES,YES,NO,NO,NO,NO,NO,NO,A little
85-07-19-99,NO,NO,NO,NO,YES,NO,YES,NO,NO,A lot
85-12-58-57,YES,NO,NO,YES,NO,NO,YES,NO,YES,Extremely
85-19-37-76,YES,YES,YES,YES,YES,NO,YES,NO,NO,A lot
85-34-28-39,YES,NO,YES,YES,YES,NO,NO,NO,NO,A little
85-78-34-10,YES,NO,NO,NO,NO,NO,YES,NO,NO,A little
86-04-65-66,NO,NO,NO,NO,YES,NO,NO,NO,NO,A little
86-20-76-20,YES,NO,NO,NO,NO,NO,NO,NO,NO,A little
86-60-44-34,YES,YES,YES,YES,YES,NO,NO,NO,YES,A lot
86-64-23-01,YES,YES,YES,NO,NO,NO,YES,NO,NO,A lot
86-66-88-59,YES,YES,YES,NO,YES,YES,YES,NO,YES,A lot
86-71-22-91,YES,YES,YES,NO,NO,NO,YES,NO,YES,A lot
86-91-29-12,YES,YES,YES,NO,NO,NO,NO,NO,NO,A little
86-95-05-55,YES,NO,YES,YES,YES,NO,NO,NO,YES,A lot
87-01-36-28,YES,YES,YES,NO,NO,NO,NO,NO,NO,A little
87-23-34-41,YES,YES,NO,YES,YES,NO,YES,NO,NO,A lot
87-35-60-51,YES,YES,YES,YES,YES,NO,YES,NO,NO,Extremely
87-44-70-71,NO,NO,YES,NO,YES,NO,NO,NO,NO,A little
87-48-59-39,YES,YES,YES,YES,YES,YES,YES,NO,YES,Extremely
87-61-41-63,YES,YES,NO,NO,YES,NO,YES,NO,NO,A lot
87-70-31-24,YES,YES,NO,NO,YES,NO,YES,NO,YES,A lot
87-94-52-14,NO,YES,NO,NO,YES,NO,NO,NO,NO,A little
88-13-51-58,YES,YES,YES,YES,YES,NO,YES,NO,YES,A little
88-24-99-02,YES,NO,YES,YES,YES,NO,NO,NO,NO,A lot
88-28-31-17,YES,YES,YES,YES,YES,NO,YES,NO,YES,Extremely
88-29-73-13,NO,NO,NO,NO,NO,NO,NO,NO,NO,Not at all
88-56-00-44,YES,YES,YES,YES,YES,YES,YES,NO,YES,A lot
88-58-17-70,NO,NO,NO,NO,NO,NO,NO,NO,NO,Not at all
88-67-95-97,YES,YES,YES,YES,YES,YES,YES,NO,YES,A little
88-88-80-10,YES,YES,YES,NO,NO,NO,YES,NO,YES,A lot
89-08-40-65,YES,YES,YES,NO,NO,YES,NO,NO,NO,A little
89-08-65-41,YES,YES,YES,YES,YES,NO,YES,YES,YES,A lot
89-18-69-83,YES,YES,YES,YES,YES,NO,YES,NO,YES,Extremely
89-39-88-34,NO,NO,NO,NO,NO,NO,NO,NO,NO,Not at all
89-65-33-51,YES,NO,NO,NO,NO,NO,YES,NO,NO,A little
89-65-57-82,NO,NO,NO,NO,NO,NO,YES,NO,NO,Not at all
89-93-74-40,YES,YES,YES,YES,YES,NO,YES,YES,NO,A little
90-95-95-43,NO,NO,NO,NO,NO,NO,NO,NO,NO,Not at all
91-00-32-16,YES,NO,YES,YES,YES,NO,NO,NO,NO,A lot
91-14-56-54,YES,YES,YES,NO,YES,NO,NO,NO,NO,A lot
91-17-82-05,YES,NO,NO,NO,NO,NO,NO,NO,NO,A little
91-36-09-47,YES,YES,YES,NO,YES,NO,NO,NO,NO,A little
91-83-49-03,YES,NO,YES,YES,YES,NO,YES,NO,NO,A little
92-20-60-53,YES,YES,YES,YES,YES,NO,YES,NO,NO,A lot
92-36-22-55,YES,YES,YES,YES,YES,YES,YES,YES,YES,A lot
92-38-87-71,YES,YES,YES,YES,YES,YES,YES,NO,YES,Extremely
92-42-52-09,YES,YES,YES,YES,YES,NO,NO,NO,NO,A lot
92-66-10-53,NO,NO,NO,NO,NO,NO,NO,NO,NO,Not at all
92-67-91-82,YES,YES,YES,YES,YES,NO,YES,NO,YES,Extremely
92-83-10-25,NO,NO,NO,NO,NO,NO,NO,NO,YES,Not at all
92-90-42-99,YES,YES,YES,NO,YES,NO,NO,NO,YES,A lot
93-55-82-79,YES,YES,YES,YES,NO,NO,NO,NO,NO,A little
93-69-62-61,NO,YES,YES,NO,YES,NO,NO,NO,NO,A little
93-79-64-74,YES,NO,NO,NO,NO,YES,NO,NO,NO,A lot
93-79-78-96,YES,YES,YES,YES,NO,NO,NO,NO,NO,A lot
93-84-10-19,NO,NO,NO,NO,NO,NO,NO,NO,NO,Not at all
93-91-64-97,YES,YES,YES,YES,YES,NO,YES,NO,NO,A little
94-01-09-26,NO,NO,NO,NO,NO,NO,NO,NO,NO,A little
94-12-65-06,YES,NO,YES,YES,YES,NO,NO,NO,NO,A lot
94-27-92-63,YES,YES,YES,NO,NO,NO,NO,NO,NO,A little
94-31-28-90,NO,NO,YES,NO,NO,NO,NO,NO,NO,Not at all
94-37-16-34,NO,NO,NO,NO,NO,NO,NO,NO,NO,Not at all
94-38-77-66,YES,YES,YES,YES,YES,NO,NO,NO,NO,A lot
94-47-72-64,YES,NO,NO,NO,YES,NO,YES,NO,NO,A lot
94-53-85-10,YES,YES,YES,YES,YES,NO,YES,NO,NO,A lot
94-73-04-14,NO,YES,NO,NO,NO,NO,NO,NO,YES,A little
94-83-89-60,NO,NO,NO,NO,NO,NO,NO,NO,NO,Not at all
95-13-66-88,YES,NO,YES,NO,NO,NO,NO,NO,NO,A little
95-23-54-25,YES,YES,YES,YES,YES,NO,YES,NO,NO,Extremely
95-33-09-89,YES,YES,YES,YES,YES,NO,YES,NO,NO,A lot
95-43-17-18,NO,NO,YES,NO,YES,NO,NO,NO,NO,A little
95-58-15-51,YES,NO,YES,NO,YES,NO,NO,NO,NO,A little
95-62-63-83,YES,YES,YES,NO,YES,NO,YES,YES,NO,A lot
95-71-13-54,YES,YES,YES,NO,NO,NO,NO,NO,NO,A little
95-86-10-92,NO,NO,NO,NO,NO,NO,NO,NO,NO,A little
96-04-71-13,YES,NO,YES,NO,NO,NO,NO,NO,NO,A little
96-09-98-35,YES,NO,YES,NO,YES,NO,YES,NO,YES,A lot
96-66-52-37,YES,NO,NO,NO,NO,NO,NO,NO,NO,A little
96-83-60-45,NO,NO,NO,NO,NO,NO,NO,NO,NO,Not at all
97-32-44-49,YES,YES,YES,YES,NO,NO,YES,NO,YES,A lot
98-06-76-33,YES,NO,YES,NO,YES,NO,YES,NO,YES,A little
98-11-86-35,YES,NO,NO,NO,NO,NO,NO,NO,YES,A little
98-27-08-13,NO,YES,NO,NO,NO,NO,NO,NO,YES,A little
98-53-14-41,YES,YES,YES,NO,NO,NO,YES,NO,YES,A lot
98-53-56-90,NO,NO,NO,NO,NO,NO,NO,NO,NO,A little
98-62-44-38,NO,NO,NO,NO,NO,NO,NO,NO,NO,A little
98-79-71-21,YES,YES,YES,NO,YES,YES,YES,NO,YES,A lot
98-83-26-90,NO,NO,NO,NO,NO,NO,NO,NO,NO,A little
98-85-26-70,YES,YES,YES,NO,YES,NO,YES,NO,YES,A lot
98-93-37-80,YES,YES,YES,YES,NO,NO,YES,NO,NO,A lot
99-21-18-63,YES,NO,NO,YES,YES,NO,YES,NO,NO,A little
99-39-38-50,YES,YES,YES,NO,YES,NO,YES,NO,NO,A lot
99-46-75-70,YES,YES,YES,YES,YES,YES,NO,NO,NO,A lot
99-49-49-47,NO,NO,NO,NO,NO,NO,NO,NO,NO,Not at all
99-55-65-60,YES,NO,YES,NO,YES,NO,YES,NO,NO,A lot
99-72-17-59,YES,NO,YES,NO,YES,NO,NO,NO,NO,A little
99-81-14-04,YES,YES,YES,NO,NO,NO,NO,NO,YES,A lot
