interview__key,zone,sector,hhid,result,s12q6,s12q7,s12q9,s12q11,s12q14
00-11-48-08,Plateau/Mountain,Rural,77-85-67-39,COMPLETE,,,1,1,2020-08-20T11:09:21
00-14-18-28,Plain,Rural,70-02-54-40,COMPLETE,,,2,1,2020-08-20T20:11:06
00-24-35-42,Plateau/Mountain,Rural,93-12-57-45,COMPLETE,,,1,3,2020-09-03T09:38:20
00-28-02-38,Plain,Urban,53-08-85-03,COMPLETE,,,3,1,2020-08-19T14:59:47
00-30-20-73,Plain,Urban,77-53-99-20,COMPLETE,,,1,1,2020-08-20T15:55:57
00-41-06-44,Plateau/Mountain,Rural,05-92-55-36,COMPLETE,,,2,1,2020-08-19T15:01:46
00-76-39-80,Tonle Sap,Urban,23-80-68-10,COMPLETE,,,2,1,2020-08-21T15:16:09
00-77-55-82,Plain,Rural,92-24-73-80,COMPLETE,,,1,2,2020-08-19T10:18:51
00-77-84-76,Plateau/Mountain,Urban,69-89-52-33,COMPLETE,,,1,2,2020-08-18T14:03:49
00-91-59-01,Tonle Sap,Urban,57-73-26-63,COMPLETE,,,2,1,2020-08-19T16:42:06
00-99-04-04,Plateau/Mountain,Urban,58-60-71-00,COMPLETE,,,1,1,2020-08-18T15:12:47
01-13-94-22,Plateau/Mountain,Urban,37-38-42-62,COMPLETE,,,2,1,2020-08-19T09:23:34
01-25-97-47,Plain,Urban,61-57-52-22,COMPLETE,,,1,1,2020-08-24T13:44:11
01-28-90-88,Tonle Sap,Rural,65-79-15-47,COMPLETE,,,3,1,2020-08-17T15:28:25
01-36-35-01,Tonle Sap,Urban,78-51-05-02,COMPLETE,,,1,2,2020-08-21T11:43:28
01-45-89-17,Plain,Rural,07-30-48-67,COMPLETE,,,2,1,2020-08-31T15:45:49
01-53-99-24,Coastal,Rural,39-65-12-80,COMPLETE,,,2,2,2020-08-18T11:28:03
01-74-04-52,Phnom Penh,Urban,06-13-20-73,COMPLETE,,,1,1,2020-08-19T11:06:47
02-36-19-45,Plateau/Mountain,Rural,34-82-43-53,COMPLETE,,,1,1,2020-08-25T08:57:53
02-39-28-57,Tonle Sap,Rural,30-40-80-54,COMPLETE,,,2,1,2020-08-20T14:19:38
02-42-13-55,Coastal,Rural,80-08-28-90,COMPLETE,,,1,1,2020-09-02T11:11:14
02-53-05-40,Plain,Rural,51-76-01-12,COMPLETE,,,1,1,2020-08-20T10:07:57
02-60-77-80,Plain,Urban,10-79-63-95,COMPLETE,,,2,1,2020-08-22T16:43:23
02-82-48-36,Plateau/Mountain,Urban,90-84-08-93,COMPLETE,,,2,1,2020-08-18T11:00:51
02-83-06-69,Coastal,Rural,84-21-43-62,COMPLETE,,,2,2,2020-08-18T14:53:28
02-98-13-39,Plain,Rural,39-42-49-58,COMPLETE,,,1,1,2020-08-18T14:39:55
02-98-52-98,Tonle Sap,Urban,08-93-15-56,COMPLETE,,,1,2,2020-08-19T12:40:55
03-07-95-46,Tonle Sap,Urban,15-48-87-63,COMPLETE,,,1,1,2020-08-17T15:37:36
03-69-22-18,Tonle Sap,Urban,59-07-21-08,COMPLETE,,,1,2,2020-08-19T10:34:20
03-97-19-11,Plain,Rural,76-85-11-67,COMPLETE,,,2,1,2020-09-01T09:15:15
03-98-01-40,Tonle Sap,Urban,60-62-45-60,COMPLETE,,,1,1,2020-08-18T15:03:07
04-16-87-48,Phnom Penh,Urban,99-85-76-10,COMPLETE,,,1,1,2020-08-17T16:58:47
04-17-16-88,Coastal,Urban,50-22-79-07,COMPLETE,,,2,1,2020-08-20T10:42:32
04-24-33-03,Plain,Rural,77-30-98-85,COMPLETE,,,1,1,2020-08-20T14:58:51
04-38-19-68,Tonle Sap,Rural,95-52-62-34,COMPLETE,,,3,1,2020-08-18T14:05:13
04-63-92-39,Phnom Penh,Urban,62-24-13-19,COMPLETE,,,3,1,2020-08-17T18:58:12
04-66-96-52,Tonle Sap,Rural,67-73-53-12,COMPLETE,,,2,1,2020-08-21T14:57:50
04-81-78-84,Plain,Urban,84-03-30-70,COMPLETE,,,1,1,2020-08-21T14:50:50
05-04-68-47,Plateau/Mountain,Rural,41-75-27-41,COMPLETE,,,1,1,2020-08-18T09:57:48
05-15-33-31,Plateau/Mountain,Rural,48-26-20-16,COMPLETE,,,1,1,2020-08-19T09:53:56
05-25-66-94,Plateau/Mountain,Rural,16-16-74-08,COMPLETE,,,7,1,2020-08-17T15:59:07
05-26-75-75,Plain,Urban,77-27-77-14,COMPLETE,,,1,1,2020-08-25T09:11:40
05-61-61-38,Plateau/Mountain,Rural,36-21-15-23,COMPLETE,,,10,1,2020-08-22T10:05:30
05-78-48-36,Plain,Rural,08-47-27-72,COMPLETE,,,1,2,2020-08-19T14:21:09
05-82-24-73,Tonle Sap,Rural,35-73-54-72,COMPLETE,,,1,1,2020-08-18T14:32:08
05-84-34-71,Tonle Sap,Rural,61-63-30-76,COMPLETE,,,1,1,2020-08-18T14:37:54
06-18-94-54,Plateau/Mountain,Urban,67-13-64-14,COMPLETE,,,1,1,2020-08-28T17:07:22
06-44-48-23,Plateau/Mountain,Rural,81-44-00-41,COMPLETE,,,1,1,2020-08-19T15:13:16
06-51-01-81,Plain,Rural,03-73-86-94,COMPLETE,,,1,1,2020-08-21T14:20:00
06-77-22-73,Tonle Sap,Urban,26-51-88-13,COMPLETE,,,2,1,2020-08-20T19:04:53
06-79-10-35,Tonle Sap,Rural,77-93-62-52,COMPLETE,,,1,1,2020-08-24T13:51:04
06-86-53-01,Plain,Urban,74-70-91-27,COMPLETE,,,2,1,2020-08-23T16:43:14
06-93-50-31,Phnom Penh,Urban,49-70-47-21,COMPLETE,,,1,1,2020-08-22T13:17:54
06-95-16-01,Plateau/Mountain,Rural,87-28-18-46,COMPLETE,,,2,2,2020-08-18T15:39:01
06-99-62-55,Tonle Sap,Rural,45-38-94-73,COMPLETE,,,1,1,2020-08-17T11:40:42
07-09-29-32,Tonle Sap,Rural,00-58-81-98,COMPLETE,,,1,1,2020-08-20T17:47:20
07-21-69-77,Coastal,Rural,47-11-27-08,COMPLETE,,,2,1,2020-08-17T17:41:52
07-38-15-10,Plain,Rural,03-70-64-11,COMPLETE,,,1,1,2020-08-20T16:23:29
07-45-98-59,Phnom Penh,Urban,22-24-98-60,COMPLETE,,,1,1,2020-08-22T10:19:01
07-57-68-78,Plateau/Mountain,Rural,83-59-81-76,COMPLETE,,,2,1,2020-08-20T09:25:33
07-87-14-21,Tonle Sap,Rural,35-97-34-27,COMPLETE,,,2,1,2020-08-20T08:52:34
07-87-20-23,Plain,Rural,43-00-29-22,COMPLETE,,,1,1,2020-08-24T15:00:59
07-92-66-86,Tonle Sap,Rural,90-44-03-73,COMPLETE,,,2,1,2020-08-18T15:41:34
08-27-46-13,Tonle Sap,Urban,98-88-61-90,COMPLETE,,,1,1,2020-08-17T18:13:20
08-37-54-38,Plain,Rural,77-72-21-65,COMPLETE,,,2,1,2020-08-20T16:26:02
08-42-45-60,Plateau/Mountain,Rural,51-70-04-92,COMPLETE,,,1,1,2020-08-22T18:47:26
08-66-93-20,Tonle Sap,Rural,13-37-97-60,COMPLETE,,,1,1,2020-08-19T09:29:41
08-76-74-15,Coastal,Rural,96-22-27-19,COMPLETE,,,6,1,2020-08-20T12:22:11
08-87-72-25,Tonle Sap,Urban,89-66-82-87,COMPLETE,,,1,1,2020-08-27T13:15:34
08-92-82-63,Tonle Sap,Urban,81-84-06-93,COMPLETE,,,2,1,2020-08-20T19:00:11
09-26-24-56,Plain,Urban,34-95-18-20,COMPLETE,,,1,1,2020-08-21T15:53:31
09-48-37-76,Tonle Sap,Urban,50-58-30-13,COMPLETE,,,1,1,2020-08-21T08:49:57
09-52-36-40,Plain,Rural,70-67-72-55,COMPLETE,,,1,1,2020-08-22T17:01:49
09-54-86-04,Plain,Rural,17-24-59-14,COMPLETE,,,1,1,2020-08-18T15:15:23
09-56-25-86,Plateau/Mountain,Rural,47-91-71-45,COMPLETE,,,1,1,2020-08-21T09:48:26
09-56-37-66,Tonle Sap,Urban,54-26-95-74,COMPLETE,,,1,1,2020-08-22T10:50:23
09-70-29-30,Plain,Rural,65-60-56-98,COMPLETE,,,1,1,2020-08-24T11:11:01
09-72-73-80,Plateau/Mountain,Rural,97-72-62-58,COMPLETE,,,1,1,2020-08-24T15:41:26
09-99-80-99,Plateau/Mountain,Urban,95-37-40-37,COMPLETE,,,2,1,2020-08-18T08:34:53
10-00-23-23,Phnom Penh,Urban,33-73-37-44,COMPLETE,,,1,1,2020-08-19T13:29:19
10-24-50-53,Tonle Sap,Urban,02-09-81-12,COMPLETE,,,1,1,2020-08-24T12:22:12
10-62-87-07,Tonle Sap,Rural,63-59-43-21,COMPLETE,,,1,1,2020-08-17T10:31:12
10-67-83-00,Plateau/Mountain,Rural,15-84-14-64,COMPLETE,,,1,1,2020-08-31T14:50:43
10-73-31-63,Plateau/Mountain,Rural,60-78-53-60,COMPLETE,,,1,2,2020-08-21T11:03:48
11-20-56-39,Tonle Sap,Urban,64-88-44-02,COMPLETE,,,1,1,2020-08-17T11:03:55
11-27-77-65,Plateau/Mountain,Rural,16-15-36-94,COMPLETE,,,1,1,2020-08-17T15:15:15
11-29-24-37,Tonle Sap,Urban,20-31-92-98,COMPLETE,,,2,2,2020-08-17T11:21:27
11-37-75-66,Tonle Sap,Rural,12-62-80-65,COMPLETE,,,1,1,2020-08-18T11:46:38
11-65-32-70,Plateau/Mountain,Urban,79-16-59-94,COMPLETE,,,2,1,2020-08-20T15:11:04
11-71-20-07,Tonle Sap,Urban,91-07-09-62,COMPLETE,,,1,1,2020-08-22T15:17:08
11-74-42-47,Plain,Rural,44-41-36-03,COMPLETE,,,1,1,2020-08-17T10:40:29
11-84-40-86,Plain,Urban,74-28-94-85,COMPLETE,,,1,1,2020-08-24T14:15:24
11-90-81-43,Plateau/Mountain,Urban,72-39-85-25,COMPLETE,,,1,1,2020-08-22T12:13:39
12-07-47-45,Plain,Urban,85-23-26-16,COMPLETE,,,1,1,2020-08-19T18:38:10
12-14-50-11,Coastal,Rural,31-07-95-65,COMPLETE,,,2,1,2020-08-20T09:33:44
12-35-90-39,Plateau/Mountain,Rural,49-62-76-81,COMPLETE,,,1,1,2020-08-21T09:56:56
12-37-68-17,Tonle Sap,Rural,39-88-41-14,COMPLETE,,,2,1,2020-09-02T11:14:26
12-38-10-28,Tonle Sap,Urban,22-68-88-64,COMPLETE,,,2,1,2020-08-22T10:46:25
12-70-03-22,Plateau/Mountain,Urban,31-19-56-61,COMPLETE,,,1,1,2020-08-20T15:52:02
12-89-15-03,Plain,Rural,96-61-77-64,COMPLETE,,,1,1,2020-08-17T11:33:57
12-90-25-18,Plateau/Mountain,Urban,24-90-09-87,COMPLETE,,,1,1,2020-08-21T18:57:32
13-05-07-31,Tonle Sap,Rural,64-57-05-02,COMPLETE,,,2,1,2020-08-30T14:22:26
13-40-45-67,Coastal,Rural,43-99-18-22,COMPLETE,,,1,1,2020-08-17T12:57:23
13-50-00-00,Plain,Rural,37-74-05-89,COMPLETE,,,1,2,2020-08-18T14:55:23
13-60-37-63,Tonle Sap,Rural,10-14-95-30,COMPLETE,,,2,1,2020-08-19T10:43:19
13-70-88-03,Tonle Sap,Rural,52-85-28-28,COMPLETE,,,1,1,2020-08-22T16:08:54
13-73-84-95,Plain,Rural,10-60-64-68,COMPLETE,,,1,1,2020-08-19T11:28:45
13-85-44-31,Tonle Sap,Rural,24-25-08-46,COMPLETE,,,1,1,2020-08-21T10:39:36
14-54-93-04,Plateau/Mountain,Rural,70-01-24-50,COMPLETE,,,2,1,2020-08-18T11:52:43
14-56-06-34,Plateau/Mountain,Rural,43-36-09-19,COMPLETE,,,1,1,2020-08-20T10:08:14
14-61-96-73,Plain,Rural,93-41-46-86,COMPLETE,,,2,1,2020-08-17T11:54:37
14-80-37-38,Plain,Rural,20-94-74-60,COMPLETE,,,1,1,2020-08-23T09:44:25
14-91-69-00,Plateau/Mountain,Urban,99-34-76-86,COMPLETE,,,1,1,2020-08-17T17:53:45
15-10-58-17,Tonle Sap,Rural,20-04-61-28,COMPLETE,,,1,1,2020-08-18T10:29:50
15-28-98-50,Plateau/Mountain,Rural,86-24-40-72,COMPLETE,,,1,3,2020-08-21T15:34:31
15-35-12-75,Plateau/Mountain,Rural,82-61-03-96,COMPLETE,,,2,1,2020-08-25T14:34:25
15-48-48-18,Tonle Sap,Rural,01-23-89-33,COMPLETE,,,5,1,2020-08-30T17:09:45
15-68-10-75,Tonle Sap,Rural,76-31-56-28,COMPLETE,,,1,1,2020-08-21T20:49:32
15-68-73-91,Plain,Urban,12-68-96-63,COMPLETE,,,1,1,2020-08-26T19:03:28
15-91-45-68,Tonle Sap,Rural,38-46-69-29,COMPLETE,,,2,1,2020-08-19T17:08:40
15-99-35-27,Coastal,Rural,14-61-51-00,COMPLETE,,,1,1,2020-08-17T16:38:47
16-13-61-65,Tonle Sap,Urban,29-10-18-55,COMPLETE,,,1,1,2020-08-22T15:30:04
16-15-69-73,Coastal,Rural,14-09-14-31,COMPLETE,,,1,1,2020-08-30T12:34:43
16-46-87-02,Plateau/Mountain,Rural,29-66-44-87,COMPLETE,,,1,1,2020-08-19T17:33:47
16-93-86-61,Coastal,Rural,16-89-51-12,COMPLETE,,,1,1,2020-08-17T12:25:34
17-58-97-56,Plateau/Mountain,Urban,45-09-31-36,COMPLETE,,,1,1,2020-08-19T15:21:28
17-59-02-00,Plateau/Mountain,Rural,21-12-00-74,COMPLETE,,,1,1,2020-08-20T11:39:57
17-68-18-77,Plain,Rural,82-21-09-94,COMPLETE,,,1,1,2020-08-21T10:29:51
17-71-66-38,Tonle Sap,Rural,56-78-80-75,COMPLETE,,,1,1,2020-08-18T11:51:14
17-88-60-75,Plain,Rural,49-32-98-99,COMPLETE,,,1,1,2020-08-20T09:57:05
17-99-50-48,Plateau/Mountain,Rural,33-60-64-25,COMPLETE,,,2,1,2020-08-19T16:44:50
18-42-12-21,Plateau/Mountain,Urban,37-97-28-81,COMPLETE,,,1,1,2020-08-18T15:57:20
18-45-01-24,Plateau/Mountain,Rural,22-13-91-19,COMPLETE,,,2,1,2020-08-20T15:56:19
18-49-28-85,Coastal,Rural,18-60-06-86,COMPLETE,,,2,1,2020-08-17T11:51:43
18-58-08-30,Tonle Sap,Urban,09-99-31-05,COMPLETE,,,2,1,2020-08-18T16:34:47
18-63-30-02,Plain,Rural,93-80-92-56,COMPLETE,,,1,1,2020-08-22T10:49:30
18-72-98-16,Plateau/Mountain,Rural,79-70-95-18,COMPLETE,,,2,1,2020-08-23T15:04:11
18-82-62-40,Tonle Sap,Urban,11-39-17-04,COMPLETE,,,2,1,2020-08-24T15:26:04
19-03-30-38,Coastal,Rural,06-58-66-37,COMPLETE,,,2,1,2020-08-19T11:58:53
19-72-19-66,Plain,Rural,20-56-43-54,COMPLETE,,,2,1,2020-08-18T09:47:18
19-75-91-64,Tonle Sap,Rural,74-32-87-07,COMPLETE,,,1,1,2020-08-21T17:12:32
19-80-86-64,Plain,Rural,51-86-87-77,COMPLETE,,,1,1,2020-08-19T17:02:53
19-90-05-01,Tonle Sap,Urban,57-13-57-62,COMPLETE,,,1,1,2020-08-20T13:19:38
20-13-45-35,Plain,Urban,22-95-33-57,COMPLETE,,,2,2,2020-08-22T12:02:37
20-21-76-10,Plain,Rural,38-47-08-02,COMPLETE,,,2,1,2020-08-19T10:07:08
20-33-11-22,Plain,Rural,43-98-71-46,COMPLETE,,,1,1,2020-08-18T10:04:14
20-35-26-66,Tonle Sap,Rural,49-64-42-33,COMPLETE,,,1,1,2020-08-21T17:40:16
20-86-70-58,Phnom Penh,Urban,86-75-67-53,COMPLETE,,,1,1,2020-08-18T15:30:35
21-01-98-99,Phnom Penh,Urban,11-87-94-81,COMPLETE,,,1,1,2020-08-18T13:14:01
21-56-73-53,Tonle Sap,Rural,57-12-71-54,COMPLETE,,,1,1,2020-08-18T14:32:05
21-59-52-44,Plateau/Mountain,Urban,59-32-50-97,COMPLETE,,,2,2,2020-08-20T12:29:32
21-88-93-32,Coastal,Urban,50-60-22-41,COMPLETE,,,1,1,2020-08-21T09:22:39
21-99-47-06,Tonle Sap,Rural,41-55-79-65,COMPLETE,,,1,2,2020-08-17T11:37:50
22-07-73-87,Plain,Rural,51-09-32-63,COMPLETE,,,2,1,2020-08-20T10:42:28
22-94-17-72,Coastal,Rural,84-42-09-16,COMPLETE,,,2,1,2020-08-20T12:11:49
23-16-16-83,Plain,Rural,21-48-82-69,COMPLETE,,,3,1,2020-08-22T18:30:30
23-32-08-95,Plateau/Mountain,Rural,48-66-61-35,COMPLETE,,,1,1,2020-08-21T12:47:32
23-45-74-97,Tonle Sap,Rural,31-95-80-95,COMPLETE,,,1,1,2020-08-19T11:35:45
23-62-03-55,Plain,Rural,30-64-04-32,COMPLETE,,,1,1,2020-08-19T17:00:35
23-70-43-39,Plateau/Mountain,Rural,58-74-21-13,COMPLETE,,,1,1,2020-08-18T17:24:08
23-73-33-69,Coastal,Rural,69-40-67-20,COMPLETE,,,2,1,2020-08-19T09:20:57
23-75-13-28,Plateau/Mountain,Rural,81-61-67-83,COMPLETE,,,1,1,2020-08-19T11:39:11
23-92-16-23,Plain,Rural,47-69-71-49,COMPLETE,,,2,1,2020-08-17T15:05:00
24-18-89-36,Tonle Sap,Urban,13-64-94-46,COMPLETE,,,1,1,2020-08-22T13:51:57
24-21-42-95,Plain,Urban,43-84-93-81,COMPLETE,,,2,1,2020-08-18T10:03:31
24-26-83-06,Plateau/Mountain,Urban,50-02-07-28,COMPLETE,,,1,1,2020-08-20T10:05:18
24-27-66-72,Plain,Rural,50-25-24-53,COMPLETE,,,2,2,2020-08-21T16:40:10
24-77-97-66,Phnom Penh,Urban,21-43-32-94,COMPLETE,,,1,1,2020-08-22T17:54:52
24-82-48-65,Coastal,Urban,33-65-64-57,COMPLETE,,,1,1,2020-08-20T13:29:33
25-03-90-32,Plateau/Mountain,Rural,43-77-41-72,COMPLETE,,,2,1,2020-08-17T17:14:18
25-15-60-76,Tonle Sap,Rural,17-31-25-64,COMPLETE,,,1,1,2020-08-18T10:57:20
25-20-77-34,Plain,Urban,86-26-40-80,COMPLETE,,,2,1,2020-08-20T16:28:42
25-26-91-49,Plateau/Mountain,Urban,16-08-75-75,COMPLETE,,,1,1,2020-08-17T14:30:50
25-71-53-69,Plain,Urban,07-23-68-44,COMPLETE,,,2,2,2020-08-22T11:24:10
25-74-41-33,Tonle Sap,Rural,07-04-15-77,COMPLETE,,,1,1,2020-08-19T12:34:18
25-77-33-12,Coastal,Rural,03-19-61-47,COMPLETE,,,1,1,2020-08-20T10:39:28
25-77-58-96,Plain,Rural,58-92-09-56,COMPLETE,,,1,1,2020-08-19T18:14:43
25-80-38-05,Plain,Rural,38-95-05-30,COMPLETE,,,2,1,2020-08-18T10:20:27
25-99-07-45,Tonle Sap,Urban,91-39-41-42,COMPLETE,,,1,1,2020-08-26T18:25:32
26-30-31-96,Tonle Sap,Rural,78-34-47-68,COMPLETE,,,1,2,2020-08-22T10:17:39
26-35-70-67,Tonle Sap,Rural,04-39-38-48,COMPLETE,,,2,1,2020-08-19T14:28:49
26-42-39-36,Phnom Penh,Urban,49-32-19-62,COMPLETE,,,1,1,2020-08-22T10:20:46
26-46-53-29,Coastal,Rural,44-75-18-56,COMPLETE,,,1,1,2020-08-24T11:31:06
26-71-05-97,Phnom Penh,Urban,03-47-39-56,COMPLETE,,,1,1,2020-08-20T16:12:55
26-82-19-76,Phnom Penh,Urban,64-34-51-84,COMPLETE,,,2,1,2020-08-31T16:49:40
26-90-72-50,Tonle Sap,Urban,58-90-89-47,COMPLETE,,,1,1,2020-08-18T19:02:39
27-10-24-86,Coastal,Rural,40-04-59-84,COMPLETE,,,2,1,2020-08-22T12:13:26
27-21-45-15,Coastal,Rural,75-90-44-61,COMPLETE,,,1,1,2020-08-21T14:09:41
27-28-72-74,Coastal,Rural,64-98-89-35,COMPLETE,,,2,1,2020-09-01T14:32:56
27-77-41-77,Plateau/Mountain,Rural,86-03-34-86,COMPLETE,,,2,1,2020-08-18T14:59:52
27-78-57-26,Plain,Rural,23-01-08-57,COMPLETE,,,6,1,2020-08-24T10:10:53
27-81-23-37,Plateau/Mountain,Rural,58-66-56-84,COMPLETE,,,4,1,2020-08-20T14:35:32
27-93-66-33,Plateau/Mountain,Rural,79-44-03-21,COMPLETE,,,2,1,2020-08-21T09:01:55
28-33-99-35,Plain,Urban,40-15-14-22,COMPLETE,,,2,1,2020-08-21T16:46:00
28-42-49-04,Coastal,Rural,43-27-17-94,COMPLETE,,,1,1,2020-08-18T12:03:39
28-50-35-79,Plateau/Mountain,Rural,06-22-76-33,COMPLETE,,,2,1,2020-08-19T17:50:22
28-74-89-74,Tonle Sap,Rural,70-32-33-45,COMPLETE,,,2,1,2020-08-21T11:38:26
28-84-30-20,Tonle Sap,Rural,51-25-89-78,COMPLETE,,,1,1,2020-08-20T11:32:07
28-86-65-82,Coastal,Urban,82-87-12-79,COMPLETE,,,1,1,2020-08-20T18:02:45
29-06-57-28,Plain,Rural,19-30-87-22,COMPLETE,,,2,1,2020-08-17T19:23:02
29-21-47-59,Plain,Rural,78-08-38-71,COMPLETE,,,1,1,2020-08-22T15:30:34
29-70-95-81,Plain,Rural,53-27-69-08,COMPLETE,,,1,1,2020-08-19T13:56:48
29-90-09-46,Coastal,Urban,04-29-75-90,COMPLETE,,,2,1,2020-08-22T11:44:26
29-99-54-57,Coastal,Urban,74-33-37-50,COMPLETE,,,1,1,2020-08-21T14:48:55
30-17-96-80,Plateau/Mountain,Rural,85-17-79-03,COMPLETE,,,2,1,2020-08-19T08:51:20
30-18-79-31,Plain,Rural,96-27-56-50,COMPLETE,,,1,2,2020-08-17T10:48:36
30-43-85-89,Plateau/Mountain,Urban,46-69-08-47,COMPLETE,,,2,1,2020-08-17T15:38:21
30-69-97-11,Plain,Rural,96-66-00-15,COMPLETE,,,1,1,2020-08-17T16:02:43
30-73-16-30,Plain,Urban,92-47-65-51,COMPLETE,,,1,1,2020-08-17T15:55:49
30-75-44-55,Tonle Sap,Rural,65-79-97-04,COMPLETE,,,1,2,2020-08-18T10:15:41
31-20-25-17,Tonle Sap,Rural,31-77-11-76,COMPLETE,,,1,1,2020-08-19T13:23:54
31-86-71-90,Plain,Rural,95-58-00-86,COMPLETE,,,4,1,2020-08-19T12:28:37
31-88-86-50,Tonle Sap,Urban,10-91-23-20,COMPLETE,,,1,1,2020-08-21T12:30:41
32-10-46-50,Plateau/Mountain,Rural,00-87-55-01,COMPLETE,,,3,1,2020-09-02T09:36:20
32-10-98-20,Phnom Penh,Urban,65-86-02-16,COMPLETE,,,1,1,2020-08-17T16:12:47
32-17-83-82,Tonle Sap,Rural,44-73-60-72,COMPLETE,,,1,1,2020-08-18T12:47:50
32-82-88-73,Plateau/Mountain,Rural,69-19-88-76,COMPLETE,,,2,1,2020-08-19T11:01:44
33-18-70-95,Plain,Rural,71-70-43-89,COMPLETE,,,1,1,2020-08-21T15:19:32
33-26-70-01,Plain,Rural,10-44-66-45,COMPLETE,,,2,1,2020-08-19T16:15:20
33-36-95-06,Plain,Rural,89-00-48-77,COMPLETE,,,2,1,2020-08-26T10:40:27
33-72-44-36,Tonle Sap,Urban,70-03-55-46,COMPLETE,,,1,1,2020-08-22T12:59:53
33-81-90-06,Coastal,Urban,02-74-27-81,COMPLETE,,,2,1,2020-08-22T14:05:12
34-47-49-71,Coastal,Rural,60-30-50-39,COMPLETE,,,1,1,2020-08-24T13:13:22
34-77-97-45,Plateau/Mountain,Rural,76-23-25-51,COMPLETE,,,2,1,2020-08-20T15:43:26
35-34-30-60,Phnom Penh,Urban,85-32-52-21,COMPLETE,,,1,1,2020-08-19T19:17:12
35-44-52-02,Plain,Rural,37-59-89-29,COMPLETE,,,1,1,2020-08-19T15:32:55
35-51-88-26,Tonle Sap,Urban,35-83-31-55,COMPLETE,,,2,1,2020-08-30T18:26:20
35-65-67-78,Tonle Sap,Rural,70-23-85-74,COMPLETE,,,2,1,2020-08-23T11:02:43
35-88-46-37,Tonle Sap,Rural,81-09-13-14,COMPLETE,,,1,1,2020-08-25T13:21:08
36-23-40-85,Phnom Penh,Urban,90-21-66-00,COMPLETE,,,1,1,2020-08-20T10:57:17
36-40-40-95,Plateau/Mountain,Rural,17-44-93-64,COMPLETE,,,1,2,2020-08-22T11:06:29
36-78-86-37,Plain,Rural,88-30-00-91,COMPLETE,,,1,1,2020-08-22T15:51:04
36-96-36-15,Plateau/Mountain,Urban,84-02-94-51,COMPLETE,,,2,1,2020-08-21T09:49:00
37-01-34-02,Tonle Sap,Urban,69-32-19-34,COMPLETE,,,1,1,2020-08-18T10:58:39
37-36-10-30,Plateau/Mountain,Rural,61-67-62-11,COMPLETE,,,1,1,2020-08-21T15:59:49
37-37-25-64,Plain,Rural,37-35-21-59,COMPLETE,,,2,1,2020-08-19T10:07:07
37-46-33-40,Coastal,Urban,04-67-67-79,COMPLETE,,,2,1,2020-08-19T11:45:54
37-67-25-85,Phnom Penh,Urban,17-95-47-97,COMPLETE,,,2,1,2020-08-18T09:44:21
37-67-94-43,Coastal,Rural,38-57-15-36,COMPLETE,,,1,1,2020-08-18T11:38:40
37-68-52-01,Plateau/Mountain,Urban,10-49-48-16,COMPLETE,,,1,1,2020-08-20T14:57:09
37-96-69-76,Plain,Rural,20-63-84-89,COMPLETE,,,2,1,2020-08-26T10:46:03
38-05-50-95,Tonle Sap,Rural,27-18-98-28,COMPLETE,,,2,1,2020-08-30T12:00:08
38-37-50-95,Tonle Sap,Rural,33-90-94-09,COMPLETE,,,1,1,2020-08-18T17:04:08
38-95-73-31,Tonle Sap,Rural,13-38-53-48,COMPLETE,,,1,1,2020-08-18T16:20:18
38-97-46-43,Tonle Sap,Rural,12-06-01-16,COMPLETE,,,3,1,2020-08-18T11:11:29
39-16-32-68,Tonle Sap,Rural,10-34-66-28,COMPLETE,,,2,1,2020-08-19T12:03:59
39-16-76-43,Plain,Rural,36-24-68-93,COMPLETE,,,2,1,2020-08-21T10:33:05
39-39-07-11,Plateau/Mountain,Rural,80-75-69-52,COMPLETE,,,1,1,2020-08-20T09:21:01
39-41-55-55,Tonle Sap,Rural,99-85-34-24,COMPLETE,,,1,1,2020-08-17T15:31:49
39-73-65-69,Plain,Rural,74-76-86-26,COMPLETE,,,4,2,2020-08-23T14:47:56
39-99-50-70,Tonle Sap,Rural,55-27-15-59,COMPLETE,,,2,1,2020-08-24T12:14:19
40-04-63-14,Plain,Rural,71-20-63-65,COMPLETE,,,1,1,2020-08-22T13:53:38
40-15-28-88,Plain,Rural,38-10-58-45,COMPLETE,,,2,1,2020-08-18T11:08:59
40-35-88-17,Plateau/Mountain,Urban,78-10-54-66,COMPLETE,,,2,1,2020-09-02T10:15:03
40-55-47-18,Plain,Rural,14-69-23-96,COMPLETE,,,1,1,2020-08-18T13:49:27
40-69-66-33,Tonle Sap,Rural,16-16-84-33,COMPLETE,,,2,1,2020-08-19T19:40:52
40-96-24-33,Plain,Rural,57-47-09-99,COMPLETE,,,1,1,2020-08-21T17:56:32
41-10-13-07,Plain,Rural,82-88-26-96,COMPLETE,,,1,1,2020-08-19T10:38:32
41-25-77-25,Plateau/Mountain,Rural,17-97-33-60,COMPLETE,,,1,1,2020-08-23T16:10:09
41-44-58-52,Tonle Sap,Rural,85-48-29-06,COMPLETE,,,3,1,2020-08-18T14:22:53
41-64-39-09,Plain,Urban,77-94-03-11,COMPLETE,,,1,1,2020-08-21T10:36:38
41-71-66-92,Plateau/Mountain,Urban,06-74-15-09,COMPLETE,,,1,1,2020-08-21T12:11:37
42-09-07-47,Coastal,Rural,83-96-46-59,COMPLETE,,,2,1,2020-08-20T14:14:21
42-13-55-45,Phnom Penh,Urban,01-77-99-03,COMPLETE,,,1,1,2020-08-21T09:42:19
42-14-67-79,Plain,Rural,58-78-28-96,COMPLETE,,,2,1,2020-08-18T12:29:06
42-18-88-63,Plateau/Mountain,Urban,39-67-27-96,COMPLETE,,,1,1,2020-08-20T09:17:24
42-23-81-85,Plain,Urban,13-82-02-17,COMPLETE,,,1,1,2020-08-22T14:47:46
42-26-51-22,Coastal,Rural,79-97-96-47,COMPLETE,,,2,2,2020-08-21T09:09:35
42-49-85-02,Plain,Rural,90-99-13-40,COMPLETE,,,1,1,2020-08-19T10:45:03
42-50-23-93,Tonle Sap,Rural,90-32-33-48,COMPLETE,,,1,1,2020-08-18T16:05:59
42-56-44-00,Plateau/Mountain,Urban,60-94-00-23,COMPLETE,,,2,1,2020-08-23T12:23:22
42-68-61-66,Tonle Sap,Rural,36-49-92-02,COMPLETE,,,1,2,2020-08-19T09:43:15
42-73-68-70,Phnom Penh,Urban,60-49-28-82,COMPLETE,,,1,1,2020-08-18T14:46:17
42-79-45-13,Tonle Sap,Rural,02-33-05-53,COMPLETE,,,1,2,2020-08-26T10:58:12
43-30-92-61,Tonle Sap,Rural,42-53-24-27,COMPLETE,,,1,1,2020-08-18T10:59:27
43-33-02-18,Plain,Urban,10-74-26-64,COMPLETE,,,3,1,2020-08-22T18:50:55
43-38-34-15,Tonle Sap,Rural,26-61-07-62,COMPLETE,,,4,1,2020-09-01T14:44:22
43-73-29-56,Plateau/Mountain,Rural,00-78-85-35,COMPLETE,,,1,2,2020-08-25T18:01:44
43-75-78-22,Plain,Rural,46-38-48-60,COMPLETE,,,1,1,2020-08-20T09:47:08
43-90-23-81,Coastal,Urban,91-84-56-29,COMPLETE,,,3,1,2020-08-20T11:45:59
43-93-31-20,Phnom Penh,Urban,03-61-95-52,COMPLETE,,,2,1,2020-08-25T09:21:25
44-42-13-16,Phnom Penh,Urban,69-64-03-36,COMPLETE,,,1,1,2020-08-17T10:44:47
44-57-34-40,Tonle Sap,Rural,17-18-98-33,COMPLETE,,,2,1,2020-08-17T12:20:05
44-70-64-79,Tonle Sap,Rural,87-43-26-36,COMPLETE,,,1,1,2020-08-18T14:25:20
44-78-21-72,Plain,Urban,50-21-99-60,COMPLETE,,,1,1,2020-08-20T10:31:00
45-08-70-04,Plateau/Mountain,Urban,32-01-12-24,COMPLETE,,,9,2,2020-08-31T17:19:30
45-29-71-78,Phnom Penh,Urban,53-71-01-04,COMPLETE,,,1,1,2020-08-22T10:41:11
45-35-73-39,Plateau/Mountain,Rural,41-43-22-50,COMPLETE,,,2,2,2020-08-21T15:07:31
45-35-82-88,Plain,Rural,54-67-05-10,COMPLETE,,,1,1,2020-08-21T11:39:27
45-48-42-00,Plateau/Mountain,Rural,85-52-34-63,COMPLETE,,,2,1,2020-08-19T09:03:46
45-55-56-10,Coastal,Urban,66-39-65-35,COMPLETE,,,2,1,2020-08-18T09:48:04
45-57-81-16,Plain,Rural,90-09-15-99,COMPLETE,,,2,1,2020-08-19T14:25:32
45-61-82-18,Plateau/Mountain,Rural,89-30-18-91,COMPLETE,,,1,1,2020-08-19T09:02:06
45-76-46-33,Tonle Sap,Urban,26-35-26-67,COMPLETE,,,1,1,2020-08-20T14:44:55
45-83-08-52,Tonle Sap,Rural,70-84-90-44,COMPLETE,,,1,1,2020-08-22T13:21:05
45-89-47-83,Phnom Penh,Urban,24-93-77-06,COMPLETE,,,2,1,2020-08-23T11:57:59
46-31-52-68,Plain,Rural,26-01-67-49,COMPLETE,,,1,1,2020-08-20T16:10:43
46-36-23-91,Tonle Sap,Rural,85-07-42-46,COMPLETE,,,1,1,2020-08-19T10:26:51
46-36-66-09,Plain,Rural,29-72-87-62,COMPLETE,,,2,1,2020-08-21T14:49:13
46-39-21-33,Coastal,Rural,90-91-21-27,COMPLETE,,,2,1,2020-08-20T15:17:40
46-69-30-18,Tonle Sap,Urban,25-75-52-06,COMPLETE,,,2,1,2020-08-20T14:48:40
46-77-48-68,Plain,Urban,26-38-46-89,COMPLETE,,,2,1,2020-08-20T14:14:16
46-90-41-39,Plateau/Mountain,Urban,81-22-88-54,COMPLETE,,,1,2,2020-08-22T12:16:10
47-02-72-98,Tonle Sap,Rural,48-19-55-10,COMPLETE,,,1,1,2020-08-21T09:35:11
47-18-39-01,Coastal,Rural,82-86-43-24,COMPLETE,,,1,1,2020-08-20T16:59:12
47-27-29-93,Plateau/Mountain,Rural,83-19-73-79,COMPLETE,,,1,1,2020-08-24T11:14:28
47-60-20-01,Plain,Rural,31-15-72-28,COMPLETE,,,3,1,2020-08-19T16:10:50
47-97-77-17,Plain,Rural,42-37-35-39,COMPLETE,,,2,1,2020-08-18T09:47:27
48-00-56-77,Plateau/Mountain,Rural,56-16-72-34,COMPLETE,,,2,4,2020-08-20T08:23:37
48-04-17-10,Plain,Rural,63-59-39-83,COMPLETE,,,1,1,2020-08-28T15:09:44
48-32-37-82,Plateau/Mountain,Urban,09-98-65-95,COMPLETE,,,1,1,2020-08-18T15:48:54
48-33-61-54,Plain,Urban,17-05-42-95,COMPLETE,,,1,1,2020-08-18T10:20:06
48-35-58-48,Plain,Rural,85-55-87-14,COMPLETE,,,1,1,2020-08-21T13:48:05
48-51-10-23,Plateau/Mountain,Urban,26-27-12-90,COMPLETE,,,2,2,2020-08-20T16:01:15
48-55-31-69,Plain,Urban,65-18-75-73,COMPLETE,,,2,1,2020-08-19T11:47:19
48-67-49-78,Plain,Rural,31-37-61-18,COMPLETE,,,2,1,2020-08-21T11:49:25
48-87-88-72,Tonle Sap,Rural,35-06-44-66,COMPLETE,,,1,2,2020-08-19T12:00:39
48-95-31-26,Tonle Sap,Rural,83-87-99-34,COMPLETE,,,2,1,2020-08-18T16:02:42
49-56-57-09,Tonle Sap,Urban,14-91-38-18,COMPLETE,,,1,1,2020-08-18T08:19:02
49-67-47-33,Tonle Sap,Rural,11-70-80-76,COMPLETE,,,1,1,2020-08-22T14:29:22
49-69-87-18,Tonle Sap,Rural,89-42-49-71,COMPLETE,,,1,1,2020-08-18T16:45:53
49-74-12-19,Plateau/Mountain,Urban,71-96-71-79,COMPLETE,,,1,1,2020-08-22T14:57:10
50-23-18-00,Tonle Sap,Rural,29-14-15-14,COMPLETE,,,2,1,2020-08-21T11:36:09
50-24-93-06,Tonle Sap,Urban,10-50-22-17,COMPLETE,,,2,1,2020-08-19T11:23:43
50-58-36-08,Plain,Rural,56-30-18-48,COMPLETE,,,1,1,2020-08-18T15:57:29
50-67-67-43,Coastal,Rural,50-87-50-62,COMPLETE,,,1,1,2020-08-21T10:02:05
50-89-68-36,Tonle Sap,Rural,23-22-45-29,COMPLETE,,,2,1,2020-08-21T11:44:49
50-96-64-01,Tonle Sap,Rural,23-47-35-56,COMPLETE,,,3,1,2020-08-31T09:20:37
51-03-03-95,Phnom Penh,Urban,53-20-99-21,COMPLETE,,,1,1,2020-08-19T11:41:34
51-04-81-57,Plateau/Mountain,Rural,22-97-49-80,COMPLETE,,,1,2,2020-08-22T12:36:42
51-15-36-00,Coastal,Rural,54-68-38-16,COMPLETE,,,1,1,2020-08-18T14:08:55
51-55-97-33,Phnom Penh,Urban,61-55-74-69,COMPLETE,,,1,1,2020-08-19T14:19:58
51-84-88-88,Plain,Rural,67-96-98-63,COMPLETE,,,1,1,2020-08-18T15:48:46
52-05-24-98,Tonle Sap,Rural,37-52-27-69,COMPLETE,,,2,1,2020-08-20T09:55:48
52-06-67-62,Plain,Rural,92-10-05-03,COMPLETE,,,1,1,2020-08-17T14:48:26
52-15-08-75,Tonle Sap,Rural,79-66-17-97,COMPLETE,,,2,1,2020-08-20T14:45:32
52-24-45-26,Tonle Sap,Rural,67-80-49-96,COMPLETE,,,3,1,2020-08-22T09:31:56
52-28-43-63,Phnom Penh,Urban,30-60-61-62,COMPLETE,,,2,1,2020-08-19T16:23:08
52-38-76-73,Phnom Penh,Urban,71-34-54-52,COMPLETE,,,2,1,2020-08-24T14:49:02
52-74-85-82,Tonle Sap,Rural,27-65-63-90,COMPLETE,,,1,1,2020-08-21T14:42:09
53-19-44-95,Plain,Rural,20-85-63-70,COMPLETE,,,1,1,2020-08-20T18:52:25
53-21-24-75,Plain,Urban,95-39-32-21,COMPLETE,,,1,1,2020-08-17T15:23:47
53-72-96-01,Plain,Rural,75-72-87-95,COMPLETE,,,1,1,2020-08-23T09:08:10
53-87-39-27,Tonle Sap,Rural,18-72-11-99,COMPLETE,,,2,1,2020-08-17T15:08:24
53-88-11-68,Plain,Rural,34-09-41-70,COMPLETE,,,1,1,2020-08-21T10:56:12
54-45-11-85,Plateau/Mountain,Rural,14-08-48-93,COMPLETE,,,1,2,2020-08-17T12:31:32
54-62-47-43,Phnom Penh,Urban,41-52-92-46,COMPLETE,,,2,1,2020-08-17T16:51:44
54-66-49-39,Plain,Urban,87-94-65-95,COMPLETE,,,3,1,2020-08-23T11:02:13
54-96-12-87,Tonle Sap,Urban,10-97-14-67,COMPLETE,,,1,1,2020-08-21T14:34:40
55-01-48-60,Tonle Sap,Rural,48-69-11-17,COMPLETE,,,1,1,2020-08-21T07:42:36
55-37-78-79,Plain,Urban,68-41-36-89,COMPLETE,,,2,1,2020-08-18T11:03:48
55-38-96-18,Phnom Penh,Urban,33-71-56-61,COMPLETE,,,3,1,2020-08-21T16:49:43
55-45-47-11,Plain,Rural,94-05-09-20,COMPLETE,,,4,2,2020-08-21T20:16:59
55-91-13-86,Plain,Urban,52-61-02-40,COMPLETE,,,2,1,2020-08-25T13:51:07
55-91-37-75,Phnom Penh,Urban,32-50-95-79,COMPLETE,,,1,1,2020-08-24T13:17:36
56-09-56-08,Plateau/Mountain,Rural,58-55-23-92,COMPLETE,,,1,1,2020-08-19T14:20:07
56-21-49-31,Plain,Rural,30-21-60-24,COMPLETE,,,1,1,2020-08-20T11:00:16
56-28-95-37,Coastal,Urban,55-46-89-32,COMPLETE,,,2,1,2020-08-21T15:30:34
56-39-11-35,Plateau/Mountain,Urban,67-54-92-61,COMPLETE,,,1,2,2020-08-17T14:45:16
56-94-01-10,Tonle Sap,Rural,36-56-02-54,COMPLETE,,,1,1,2020-08-23T12:59:07
57-24-69-99,Plain,Rural,91-63-01-55,COMPLETE,,,1,1,2020-08-31T11:09:21
57-24-95-07,Plain,Rural,76-03-70-21,COMPLETE,,,2,1,2020-08-20T16:13:33
57-27-40-40,Plain,Rural,88-00-07-74,COMPLETE,,,1,2,2020-08-23T10:13:32
57-38-86-89,Plateau/Mountain,Urban,23-07-02-32,COMPLETE,,,2,1,2020-08-23T10:56:19
57-52-45-75,Plain,Rural,43-60-19-99,COMPLETE,,,1,1,2020-08-17T15:45:08
57-57-41-35,Plateau/Mountain,Rural,44-12-75-86,COMPLETE,,,1,1,2020-08-17T16:53:04
57-88-50-44,Tonle Sap,Rural,75-46-44-48,COMPLETE,,,2,1,2020-08-21T15:37:41
58-02-65-66,Plain,Rural,48-86-62-86,COMPLETE,,,3,1,2020-08-21T15:25:24
58-38-62-66,Coastal,Rural,94-70-40-44,COMPLETE,,,1,1,2020-08-24T18:41:18
58-45-12-71,Plain,Rural,20-89-59-77,COMPLETE,,,1,1,2020-08-17T16:52:36
58-58-50-24,Phnom Penh,Urban,27-02-70-68,COMPLETE,,,1,1,2020-08-21T15:20:21
58-97-53-95,Plateau/Mountain,Rural,18-82-10-22,COMPLETE,,,2,1,2020-08-17T15:36:27
59-04-10-61,Plain,Rural,61-20-42-71,COMPLETE,,,1,1,2020-08-18T15:43:23
59-29-82-67,Plain,Rural,07-81-51-32,COMPLETE,,,1,1,2020-08-21T10:24:22
59-35-08-66,Plain,Rural,20-42-30-21,COMPLETE,,,1,1,2020-08-21T16:49:01
59-45-30-11,Plateau/Mountain,Rural,33-44-26-54,COMPLETE,,,1,1,2020-08-19T11:32:01
59-85-07-92,Plain,Rural,37-77-42-09,COMPLETE,,,4,2,2020-08-18T12:30:01
59-98-69-64,Plain,Urban,30-87-19-67,COMPLETE,,,1,1,2020-08-19T17:19:16
60-00-14-73,Plain,Rural,70-51-30-36,COMPLETE,,,1,1,2020-08-22T12:49:39
60-18-26-02,Plain,Urban,12-47-86-50,COMPLETE,,,1,1,2020-08-18T14:43:51
60-20-26-32,Plateau/Mountain,Rural,62-83-34-08,COMPLETE,,,1,1,2020-08-17T15:21:03
60-30-46-89,Coastal,Rural,06-02-01-85,COMPLETE,,,1,1,2020-08-19T13:51:32
60-45-22-93,Plateau/Mountain,Urban,99-10-97-05,COMPLETE,,,3,1,2020-08-17T10:41:59
60-61-00-92,Tonle Sap,Rural,69-13-85-90,COMPLETE,,,1,1,2020-08-17T18:26:49
60-62-79-36,Tonle Sap,Urban,88-64-50-68,COMPLETE,,,1,1,2020-08-18T14:34:12
60-95-54-37,Tonle Sap,Urban,98-31-64-91,COMPLETE,,,1,1,2020-08-17T13:41:12
60-97-15-75,Tonle Sap,Rural,26-43-83-33,COMPLETE,,,2,1,2020-08-21T08:31:40
61-24-24-14,Plain,Rural,72-70-85-95,COMPLETE,,,1,1,2020-08-21T12:20:55
61-30-93-34,Tonle Sap,Rural,00-84-86-11,COMPLETE,,,1,1,2020-08-20T11:36:10
61-39-09-69,Plateau/Mountain,Urban,04-12-64-70,COMPLETE,,,1,1,2020-08-22T15:50:45
61-49-11-52,Plain,Urban,58-32-73-26,COMPLETE,,,1,1,2020-08-20T09:58:49
61-57-55-69,Plateau/Mountain,Rural,24-05-00-21,COMPLETE,,,1,1,2020-08-21T14:39:33
61-61-84-70,Tonle Sap,Rural,23-70-12-71,COMPLETE,,,1,1,2020-08-30T16:23:39
61-75-01-22,Plain,Urban,19-44-79-96,COMPLETE,,,1,1,2020-08-22T11:41:42
62-00-28-43,Plateau/Mountain,Urban,00-43-11-81,COMPLETE,,,,3,2020-08-24T11:09:12
62-04-49-53,Tonle Sap,Rural,68-60-51-64,COMPLETE,,,1,1,2020-08-17T13:05:37
62-10-58-08,Plateau/Mountain,Rural,51-72-85-98,COMPLETE,,,2,1,2020-08-20T10:52:53
62-21-50-55,Tonle Sap,Rural,43-79-39-05,COMPLETE,,,1,1,2020-08-18T09:07:55
62-26-39-29,Plain,Rural,39-08-24-13,COMPLETE,,,1,1,2020-08-23T15:28:05
62-66-94-43,Coastal,Rural,84-19-75-52,COMPLETE,,,1,1,2020-08-25T10:02:53
62-75-13-84,Plain,Rural,22-00-20-65,COMPLETE,,,2,1,2020-08-26T11:31:25
63-15-56-95,Tonle Sap,Rural,56-11-34-52,COMPLETE,,,2,1,2020-08-31T15:26:13
63-18-87-64,Plateau/Mountain,Urban,70-51-23-22,COMPLETE,,,1,1,2020-08-22T15:19:53
63-25-24-51,Phnom Penh,Urban,60-41-03-26,COMPLETE,,,1,1,2020-08-21T10:09:30
63-28-52-97,Tonle Sap,Rural,75-18-91-78,COMPLETE,,,1,1,2020-08-21T16:35:02
63-70-61-61,Plateau/Mountain,Rural,98-76-82-13,COMPLETE,,,1,1,2020-08-17T11:39:48
64-51-38-06,Tonle Sap,Rural,08-53-40-91,COMPLETE,,,2,1,2020-08-22T11:54:10
64-51-45-53,Tonle Sap,Rural,10-59-70-70,COMPLETE,,,1,1,2020-08-18T13:54:07
64-68-34-06,Tonle Sap,Rural,20-85-92-42,COMPLETE,,,1,1,2020-08-18T10:00:15
64-74-64-64,Plain,Rural,34-00-28-01,COMPLETE,,,1,1,2020-08-19T16:57:45
64-93-89-71,Tonle Sap,Rural,76-67-45-40,COMPLETE,,,1,1,2020-08-21T17:37:53
64-95-38-26,Plateau/Mountain,Rural,86-03-64-37,COMPLETE,,,1,1,2020-08-18T18:31:01
65-75-15-99,Plain,Rural,81-22-64-88,COMPLETE,,,1,1,2020-08-21T13:02:21
65-98-79-99,Plain,Rural,92-97-61-32,COMPLETE,,,1,1,2020-08-19T09:44:23
66-44-64-50,Tonle Sap,Rural,21-83-50-98,COMPLETE,,,1,2,2020-08-24T16:19:08
67-18-67-83,Coastal,Rural,07-76-26-70,COMPLETE,,,1,1,2020-08-19T15:26:53
68-03-65-53,Tonle Sap,Urban,92-18-40-14,COMPLETE,,,2,1,2020-08-30T10:07:38
68-16-94-55,Plateau/Mountain,Rural,56-65-29-99,COMPLETE,,,1,1,2020-08-18T13:59:30
68-18-81-79,Phnom Penh,Urban,02-67-76-94,COMPLETE,,,1,1,2020-08-21T16:17:33
68-26-92-99,Tonle Sap,Urban,35-30-27-50,COMPLETE,,,1,1,2020-08-18T15:09:59
68-48-09-89,Phnom Penh,Urban,72-03-14-59,COMPLETE,,,1,1,2020-08-21T14:16:46
68-66-44-52,Plateau/Mountain,Rural,45-47-97-58,COMPLETE,,,1,1,2020-08-18T11:41:58
68-84-69-98,Tonle Sap,Rural,65-72-41-25,COMPLETE,,,1,1,2020-08-19T10:59:30
68-89-84-09,Tonle Sap,Rural,74-88-20-55,COMPLETE,,,1,1,2020-09-02T10:42:52
68-92-90-44,Plateau/Mountain,Rural,08-00-64-41,COMPLETE,,,1,1,2020-08-20T11:29:14
69-50-07-46,Coastal,Rural,02-06-64-53,COMPLETE,,,1,1,2020-08-21T14:43:50
69-50-77-07,Plain,Rural,17-28-17-09,COMPLETE,,,2,1,2020-08-24T16:53:51
69-54-11-86,Tonle Sap,Rural,80-57-55-11,COMPLETE,,,1,1,2020-08-23T12:01:37
69-56-81-47,Coastal,Rural,49-31-14-89,COMPLETE,,,1,1,2020-08-24T14:33:15
69-69-11-97,Plain,Rural,17-28-45-54,COMPLETE,,,1,1,2020-08-23T17:03:54
69-75-58-87,Plain,Rural,35-58-75-06,COMPLETE,,,1,1,2020-08-19T11:12:16
69-84-92-78,Tonle Sap,Urban,98-06-52-11,COMPLETE,,,1,1,2020-08-17T12:08:40
70-06-11-85,Tonle Sap,Rural,04-04-54-65,COMPLETE,,,2,1,2020-08-20T10:39:23
70-33-56-96,Phnom Penh,Urban,33-12-14-62,COMPLETE,,,1,1,2020-09-01T13:09:51
70-89-50-82,Tonle Sap,Urban,71-26-70-71,COMPLETE,,,3,1,2020-08-24T09:23:57
71-06-17-00,Tonle Sap,Rural,45-93-10-00,COMPLETE,,,1,1,2020-08-18T13:43:47
71-42-69-39,Plateau/Mountain,Urban,04-37-87-16,COMPLETE,,,2,1,2020-08-19T16:30:08
71-46-50-36,Coastal,Urban,46-34-50-62,COMPLETE,,,2,1,2020-08-22T12:59:15
71-54-97-38,Plain,Rural,67-54-39-53,COMPLETE,,,1,1,2020-08-21T14:16:01
71-81-05-41,Plateau/Mountain,Rural,43-12-56-49,COMPLETE,,,2,2,2020-08-22T16:20:11
71-87-66-71,Tonle Sap,Rural,03-19-90-30,COMPLETE,,,1,1,2020-08-20T13:42:33
71-98-40-84,Plain,Rural,01-72-87-61,COMPLETE,,,1,1,2020-08-20T16:23:51
72-23-51-16,Tonle Sap,Rural,29-14-80-67,COMPLETE,,,3,1,2020-08-21T09:38:33
72-26-33-40,Plain,Rural,32-74-22-23,COMPLETE,,,1,1,2020-08-24T15:33:09
72-36-01-60,Plain,Rural,20-28-82-61,COMPLETE,,,1,1,2020-08-20T10:25:05
72-37-31-42,Plain,Rural,28-24-96-40,COMPLETE,,,1,1,2020-08-23T09:28:00
72-48-17-68,Plain,Rural,88-74-48-63,COMPLETE,,,1,1,2020-08-20T18:31:06
72-51-92-23,Tonle Sap,Urban,37-46-32-38,COMPLETE,,,1,1,2020-08-19T10:35:39
72-58-00-67,Coastal,Rural,39-82-57-25,COMPLETE,,,1,1,2020-08-17T18:33:26
72-66-71-71,Tonle Sap,Rural,27-87-20-09,COMPLETE,,,2,1,2020-08-20T14:31:21
72-67-93-54,Plain,Rural,42-59-84-80,COMPLETE,,,1,1,2020-08-18T12:25:22
72-84-14-29,Coastal,Urban,21-99-38-55,COMPLETE,,,2,1,2020-09-01T15:02:08
72-89-35-81,Plain,Rural,67-87-22-18,COMPLETE,,,2,1,2020-08-27T14:29:57
73-08-96-72,Tonle Sap,Rural,34-77-93-33,COMPLETE,,,1,1,2020-08-19T12:07:35
73-42-00-69,Phnom Penh,Urban,51-97-69-96,COMPLETE,,,1,1,2020-08-22T10:52:39
73-44-61-35,Tonle Sap,Rural,58-08-83-14,COMPLETE,,,1,1,2020-08-20T08:26:03
73-48-13-56,Tonle Sap,Urban,01-76-24-15,COMPLETE,,,1,2,2020-08-21T09:10:26
73-48-23-31,Coastal,Rural,63-07-27-19,COMPLETE,,,1,1,2020-08-17T16:05:24
73-72-83-29,Tonle Sap,Urban,10-03-50-70,COMPLETE,,,2,1,2020-08-23T15:46:41
74-03-83-95,Plain,Rural,00-65-11-89,COMPLETE,,,1,1,2020-08-20T15:24:22
74-23-59-38,Plain,Urban,54-08-61-18,COMPLETE,,,1,1,2020-08-19T17:53:00
74-31-98-06,Coastal,Rural,51-01-94-67,COMPLETE,,,2,1,2020-08-20T09:55:14
74-34-13-03,Tonle Sap,Urban,10-31-68-54,COMPLETE,,,2,1,2020-08-23T10:22:05
74-48-94-37,Tonle Sap,Rural,17-70-25-92,COMPLETE,,,1,1,2020-08-21T17:14:44
74-64-91-44,Plain,Urban,74-41-59-10,COMPLETE,,,3,2,2020-08-21T15:16:54
74-69-75-31,Phnom Penh,Urban,23-90-14-52,COMPLETE,,,2,1,2020-08-21T15:28:09
75-07-14-53,Plain,Rural,08-23-20-49,COMPLETE,,,2,1,2020-08-18T17:20:51
75-18-93-42,Tonle Sap,Rural,62-82-91-08,COMPLETE,,,1,1,2020-08-17T10:26:29
75-30-55-60,Tonle Sap,Rural,10-74-21-81,COMPLETE,,,1,1,2020-08-18T14:26:48
75-35-05-33,Coastal,Rural,67-14-96-86,COMPLETE,,,1,1,2020-08-18T13:42:43
75-49-22-77,Coastal,Rural,14-39-38-95,COMPLETE,,,1,1,2020-08-18T08:35:42
76-17-97-03,Plateau/Mountain,Rural,16-06-53-95,COMPLETE,,,1,1,2020-08-18T10:52:08
76-58-11-05,Plateau/Mountain,Rural,39-37-85-76,COMPLETE,,,1,1,2020-08-18T10:48:54
76-83-24-33,Plain,Rural,43-84-79-30,COMPLETE,,,1,1,2020-08-18T10:07:27
77-11-76-62,Plain,Rural,12-46-48-54,COMPLETE,,,2,1,2020-08-18T16:46:45
77-14-13-68,Plateau/Mountain,Rural,05-31-55-82,COMPLETE,,,1,1,2020-08-19T17:31:56
77-29-81-66,Tonle Sap,Rural,84-32-24-91,COMPLETE,,,1,1,2020-08-20T10:59:45
77-48-91-64,Phnom Penh,Urban,89-88-17-80,COMPLETE,,,1,1,2020-08-20T09:41:07
77-87-31-78,Plateau/Mountain,Urban,44-36-05-05,COMPLETE,,,1,1,2020-08-17T17:28:22
77-89-32-50,Plain,Rural,40-10-14-39,COMPLETE,,,1,1,2020-08-17T13:10:52
77-92-23-80,Tonle Sap,Rural,23-17-50-70,COMPLETE,,,1,1,2020-08-22T11:10:37
78-58-11-12,Plateau/Mountain,Rural,36-70-29-58,COMPLETE,,,1,1,2020-08-18T10:46:14
78-60-23-79,Plain,Urban,36-75-19-42,COMPLETE,,,1,2,2020-08-19T16:06:49
78-76-90-78,Phnom Penh,Urban,52-53-40-53,COMPLETE,,,1,1,2020-08-20T12:54:08
78-91-79-12,Coastal,Rural,55-07-87-33,COMPLETE,,,1,1,2020-08-19T10:19:16
78-91-88-48,Plateau/Mountain,Urban,97-96-10-91,COMPLETE,,,1,1,2020-08-17T10:51:31
79-10-35-57,Phnom Penh,Urban,06-66-82-75,COMPLETE,,,1,1,2020-08-20T09:35:15
79-30-79-26,Plain,Rural,76-07-74-64,COMPLETE,,,1,1,2020-08-22T09:21:52
79-56-20-22,Tonle Sap,Rural,25-32-76-30,COMPLETE,,,1,1,2020-08-20T16:17:25
79-87-49-96,Plain,Urban,22-02-20-35,COMPLETE,,,7,2,2020-08-28T11:59:53
80-22-71-02,Coastal,Urban,70-30-24-05,COMPLETE,,,1,1,2020-08-23T18:32:26
80-48-72-39,Tonle Sap,Urban,47-76-61-62,COMPLETE,,,1,1,2020-09-01T09:54:46
80-88-34-25,Plain,Rural,87-32-17-19,COMPLETE,,,2,1,2020-08-18T16:31:31
80-91-76-81,Tonle Sap,Rural,70-14-57-65,COMPLETE,,,2,2,2020-08-19T11:54:11
80-97-76-22,Tonle Sap,Rural,69-70-59-96,COMPLETE,,,2,1,2020-08-17T15:41:21
81-51-57-93,Plateau/Mountain,Rural,22-71-47-45,COMPLETE,,,2,1,2020-08-21T15:39:54
81-69-03-02,Phnom Penh,Urban,12-81-88-26,COMPLETE,,,1,1,2020-08-18T10:13:10
82-04-66-80,Plateau/Mountain,Urban,47-80-83-62,COMPLETE,,,2,1,2020-08-21T15:42:17
82-16-93-71,Tonle Sap,Rural,61-93-66-97,COMPLETE,,,2,1,2020-08-18T15:08:41
82-87-50-46,Tonle Sap,Rural,06-60-44-44,COMPLETE,,,1,1,2020-08-19T15:11:03
82-92-84-48,Plateau/Mountain,Rural,20-62-96-31,COMPLETE,,,2,1,2020-08-18T12:59:02
82-98-72-55,Plain,Urban,41-62-99-64,COMPLETE,,,2,1,2020-08-17T16:29:38
83-21-45-30,Tonle Sap,Urban,91-77-64-26,COMPLETE,,,2,1,2020-08-20T09:13:10
83-43-73-00,Tonle Sap,Urban,52-81-79-26,COMPLETE,,,2,1,2020-08-20T15:09:26
83-55-67-95,Plateau/Mountain,Rural,42-42-74-85,COMPLETE,,,1,1,2020-08-18T09:02:55
83-93-32-62,Coastal,Rural,81-74-14-22,COMPLETE,,,1,1,2020-08-19T18:34:41
84-01-65-09,Tonle Sap,Rural,02-03-26-64,COMPLETE,,,1,,2020-08-31T18:57:04
84-42-09-82,Plain,Rural,30-83-50-12,COMPLETE,,,2,1,2020-08-21T11:40:16
84-46-73-02,Tonle Sap,Rural,62-82-26-82,COMPLETE,,,1,1,2020-08-30T14:53:36
84-62-81-15,Plain,Rural,53-58-66-13,COMPLETE,,,1,1,2020-08-18T16:42:21
84-82-89-93,Plateau/Mountain,Rural,24-06-73-35,COMPLETE,,,1,1,2020-08-21T10:46:08
84-85-23-95,Plateau/Mountain,Rural,46-69-63-29,COMPLETE,,,1,1,2020-08-18T10:32:55
84-86-96-17,Tonle Sap,Rural,35-94-42-76,COMPLETE,,,2,1,2020-08-23T09:46:32
84-90-15-10,Phnom Penh,Urban,81-27-33-22,COMPLETE,,,1,1,2020-08-21T11:19:51
84-93-87-42,Plain,Rural,13-60-22-88,COMPLETE,,,2,1,2020-08-18T09:28:39
85-05-14-92,Plain,Rural,66-07-48-67,COMPLETE,,,1,1,2020-08-17T12:05:55
85-07-19-99,Tonle Sap,Rural,94-21-33-51,COMPLETE,,,2,1,2020-09-02T11:47:43
85-12-58-57,Tonle Sap,Rural,54-35-19-45,COMPLETE,,,2,1,2020-08-18T15:53:16
85-19-37-76,Tonle Sap,Urban,53-59-74-83,COMPLETE,,,1,1,2020-08-20T18:26:36
85-34-28-39,Plain,Rural,46-83-48-62,COMPLETE,,,3,1,2020-08-21T12:09:18
85-78-34-10,Plain,Rural,91-58-43-90,COMPLETE,,,1,1,2020-08-19T13:41:38
86-04-65-66,Tonle Sap,Urban,73-54-09-30,COMPLETE,,,1,2,2020-08-21T16:26:11
86-20-76-20,Coastal,Urban,82-99-51-56,COMPLETE,,,2,1,2020-08-19T16:40:19
86-60-44-34,Tonle Sap,Rural,89-77-54-00,COMPLETE,,,1,3,2020-08-18T11:54:29
86-64-23-01,Plain,Rural,24-67-16-26,COMPLETE,,,1,1,2020-08-21T09:53:36
86-66-88-59,Plateau/Mountain,Rural,65-85-49-02,COMPLETE,,,1,2,2020-08-17T16:46:25
86-71-22-91,Tonle Sap,Urban,07-84-14-95,COMPLETE,,,2,1,2020-08-31T14:02:47
86-91-29-12,Tonle Sap,Rural,15-07-18-29,COMPLETE,,,2,1,2020-08-23T16:43:41
86-95-05-55,Tonle Sap,Urban,99-16-00-23,COMPLETE,,,4,2,2020-08-18T11:40:50
87-01-36-28,Phnom Penh,Urban,44-87-94-13,COMPLETE,,,1,1,2020-08-19T10:43:36
87-23-34-41,Tonle Sap,Urban,03-88-90-62,COMPLETE,,,1,1,2020-08-20T16:04:45
87-35-60-51,Coastal,Rural,64-61-47-92,COMPLETE,,,1,1,2020-08-17T18:50:04
87-44-70-71,Tonle Sap,Rural,80-54-35-72,COMPLETE,,,1,1,2020-08-21T11:58:04
87-48-59-39,Plain,Rural,42-91-79-69,COMPLETE,,,2,1,2020-08-17T10:52:10
87-61-41-63,Plateau/Mountain,Rural,40-41-44-80,COMPLETE,,,2,1,2020-09-01T17:52:07
87-70-31-24,Plain,Rural,03-63-90-12,COMPLETE,,,1,1,2020-08-19T16:27:58
87-94-52-14,Tonle Sap,Rural,83-42-84-48,COMPLETE,,,7,1,2020-08-23T11:57:10
88-13-51-58,Tonle Sap,Rural,98-39-07-64,COMPLETE,,,2,1,2020-08-17T18:43:31
88-24-99-02,Coastal,Rural,14-79-85-97,COMPLETE,,,1,1,2020-08-18T15:27:05
88-28-31-17,Tonle Sap,Rural,23-05-87-71,COMPLETE,,,2,1,2020-08-21T12:39:20
88-29-73-13,Plain,Urban,33-78-53-00,COMPLETE,,,1,1,2020-08-21T14:54:35
88-56-00-44,Plain,Rural,43-90-34-57,COMPLETE,,,2,1,2020-08-18T12:34:52
88-58-17-70,Phnom Penh,Urban,36-56-52-26,COMPLETE,,,2,1,2020-08-19T09:06:12
88-67-95-97,Plateau/Mountain,Rural,68-42-89-25,COMPLETE,,,1,1,2020-08-27T17:15:47
88-88-80-10,Plain,Rural,33-71-70-67,COMPLETE,,,2,1,2020-08-21T18:04:11
89-08-40-65,Tonle Sap,Rural,25-05-87-56,COMPLETE,,,1,1,2020-08-24T11:10:15
89-08-65-41,Tonle Sap,Rural,61-34-19-06,COMPLETE,,,2,1,2020-08-18T16:19:07
89-18-69-83,Plateau/Mountain,Rural,21-47-97-09,COMPLETE,,,6,1,2020-08-23T10:09:18
89-39-88-34,Coastal,Rural,43-45-74-03,COMPLETE,,,1,1,2020-08-17T10:15:27
89-65-33-51,Phnom Penh,Urban,19-01-67-56,COMPLETE,,,2,1,2020-08-31T13:39:34
89-65-57-82,Tonle Sap,Rural,85-90-63-78,COMPLETE,,,1,1,2020-08-30T10:42:52
89-93-74-40,Plateau/Mountain,Rural,42-77-29-46,COMPLETE,,,1,1,2020-08-18T14:03:07
90-95-95-43,Plain,Rural,03-16-29-25,COMPLETE,,,2,1,2020-08-21T16:28:42
91-00-32-16,Phnom Penh,Urban,39-93-61-48,COMPLETE,,,1,1,2020-08-18T14:48:42
91-14-56-54,Plain,Rural,63-08-06-55,COMPLETE,,,1,1,2020-08-21T16:12:13
91-17-82-05,Tonle Sap,Rural,36-61-25-07,COMPLETE,,,2,1,2020-08-18T13:16:54
91-36-09-47,Plateau/Mountain,Rural,26-16-58-29,COMPLETE,,,2,1,2020-08-27T08:57:57
91-83-49-03,Plain,Rural,67-16-72-03,COMPLETE,,,1,1,2020-08-19T10:58:54
92-20-60-53,Plain,Urban,61-67-47-85,COMPLETE,,,1,1,2020-08-20T18:48:17
92-36-22-55,Tonle Sap,Rural,33-89-25-03,COMPLETE,,,1,1,2020-08-19T18:47:34
92-38-87-71,Tonle Sap,Rural,72-30-30-44,COMPLETE,,,1,1,2020-08-23T09:25:53
92-42-52-09,Coastal,Rural,56-62-34-18,COMPLETE,,,2,1,2020-08-20T11:03:11
92-66-10-53,Plateau/Mountain,Rural,88-52-42-98,COMPLETE,,,1,1,2020-08-21T10:58:24
92-67-91-82,Tonle Sap,Rural,11-85-90-08,COMPLETE,,,1,1,2020-08-18T14:27:25
92-83-10-25,Tonle Sap,Rural,95-90-33-05,COMPLETE,,,1,1,2020-08-20T17:40:13
92-90-42-99,Coastal,Rural,71-91-57-15,COMPLETE,,,2,1,2020-08-22T15:03:22
93-55-82-79,Tonle Sap,Rural,28-22-42-65,COMPLETE,,,1,1,2020-08-22T14:46:35
93-69-62-61,Plain,Rural,72-18-25-93,COMPLETE,,,3,1,2020-08-21T11:52:09
93-79-64-74,Plateau/Mountain,Rural,83-03-85-50,COMPLETE,,,1,2,2020-08-28T15:41:19
93-79-78-96,Phnom Penh,Urban,13-33-94-73,COMPLETE,,,1,1,2020-08-20T10:40:36
93-84-10-19,Tonle Sap,Rural,36-84-67-64,COMPLETE,,,1,1,2020-08-19T17:17:28
93-91-64-97,Plain,Rural,85-73-39-95,COMPLETE,,,1,1,2020-08-18T14:29:00
94-01-09-26,Coastal,Rural,63-39-93-82,COMPLETE,,,2,2,2020-08-17T11:08:59
94-12-65-06,Plain,Rural,96-80-04-95,COMPLETE,,,2,1,2020-08-25T15:17:37
94-27-92-63,Tonle Sap,Rural,15-79-11-21,COMPLETE,,,1,1,2020-08-17T17:30:35
94-31-28-90,Plain,Urban,69-60-23-67,COMPLETE,,,2,1,2020-08-17T12:29:19
94-37-16-34,Plain,Rural,43-56-12-42,COMPLETE,,,2,2,2020-08-17T10:54:25
94-38-77-66,Coastal,Rural,68-78-48-22,COMPLETE,,,1,1,2020-08-17T16:56:20
94-47-72-64,Tonle Sap,Rural,06-76-31-17,COMPLETE,,,1,3,2020-09-01T11:23:38
94-53-85-10,Tonle Sap,Urban,90-36-96-32,COMPLETE,,,1,2,2020-08-21T12:30:18
94-73-04-14,Plateau/Mountain,Rural,93-38-58-60,COMPLETE,,,1,1,2020-08-17T16:43:47
94-83-89-60,Tonle Sap,Rural,83-81-13-95,COMPLETE,,,3,1,2020-08-19T16:26:43
95-13-66-88,Plateau/Mountain,Urban,66-07-04-55,COMPLETE,,,2,1,2020-08-17T14:42:28
95-23-54-25,Plain,Urban,11-55-61-21,COMPLETE,,,2,1,2020-08-18T10:11:33
95-33-09-89,Plateau/Mountain,Rural,50-69-77-44,COMPLETE,,,1,1,2020-08-18T09:48:53
95-43-17-18,Tonle Sap,Rural,92-16-45-30,COMPLETE,,,1,1,2020-08-17T11:23:48
95-58-15-51,Tonle Sap,Urban,14-02-03-59,COMPLETE,,,1,1,2020-08-20T15:36:19
95-62-63-83,Tonle Sap,Rural,81-25-51-62,COMPLETE,,,2,1,2020-08-19T15:58:03
95-71-13-54,Plateau/Mountain,Rural,00-77-77-21,COMPLETE,,,2,1,2020-08-20T15:19:54
95-86-10-92,Plain,Rural,40-17-52-95,COMPLETE,,,2,1,2020-08-18T09:07:50
96-04-71-13,Tonle Sap,Rural,65-27-71-41,COMPLETE,,,1,1,2020-08-19T09:39:01
96-09-98-35,Coastal,Rural,21-55-86-41,COMPLETE,,,1,1,2020-08-24T08:47:19
96-66-52-37,Coastal,Rural,77-84-75-59,COMPLETE,,,1,1,2020-08-24T17:04:13
96-83-60-45,Plain,Rural,51-59-93-03,COMPLETE,,,1,1,2020-08-22T16:37:21
97-32-44-49,Plateau/Mountain,Urban,95-77-11-56,COMPLETE,,,1,2,2020-08-17T15:25:44
98-06-76-33,Tonle Sap,Rural,85-62-72-46,COMPLETE,,,1,1,2020-08-18T13:33:26
98-11-86-35,Plateau/Mountain,Rural,77-78-49-46,COMPLETE,,,1,1,2020-08-20T15:45:01
98-27-08-13,Tonle Sap,Rural,79-71-58-05,COMPLETE,,,1,1,2020-08-20T15:28:04
98-53-14-41,Tonle Sap,Rural,10-79-69-18,COMPLETE,,,2,1,2020-09-01T13:51:08
98-53-56-90,Plateau/Mountain,Urban,96-88-86-83,COMPLETE,,,1,1,2020-08-19T10:18:38
98-62-44-38,Phnom Penh,Urban,89-23-79-02,COMPLETE,,,1,1,2020-08-18T11:28:45
98-79-71-21,Plateau/Mountain,Rural,16-86-44-89,COMPLETE,,,1,1,2020-08-18T09:59:31
98-83-26-90,Plain,Rural,66-48-64-90,COMPLETE,,,1,1,2020-08-18T11:43:39
98-85-26-70,Plain,Rural,40-59-75-04,COMPLETE,,,2,1,2020-08-22T16:57:55
98-93-37-80,Coastal,Rural,63-65-88-89,COMPLETE,,,1,1,2020-08-19T11:20:11
99-21-18-63,Plateau/Mountain,Rural,31-28-06-21,COMPLETE,,,1,1,2020-08-19T12:40:51
99-39-38-50,Tonle Sap,Rural,83-35-89-96,COMPLETE,,,1,1,2020-08-19T10:14:36
99-46-75-70,Plain,Rural,66-35-04-80,COMPLETE,,,2,1,2020-08-17T19:20:08
99-49-49-47,Tonle Sap,Rural,21-35-15-73,COMPLETE,,,1,1,2020-08-23T12:54:37
99-55-65-60,Plateau/Mountain,Rural,36-50-61-21,COMPLETE,,,1,1,2020-08-24T10:03:40
99-72-17-59,Plain,Rural,35-08-26-31,COMPLETE,,,1,1,2020-08-24T15:49:48
99-81-14-04,Phnom Penh,Urban,11-00-97-56,COMPLETE,,,2,1,2020-08-22T16:06:57
