interview__key,s11aq1,s11aq2,s11aq3,s11aq4,s11aq5,s11aq6,s11aq7,s11aq8,s11aq9,s11aq10,s11aq11,s11aq12__1,s11aq12__2,s11aq12__3,s11aq12__4,s11aq13,s11aq14,s11aq16,s11aq17
00-76-39-80,2,34,Village chief,10,Wing agents,NO,,YES,Don't know,NO,,YES,YES,NO,NO,YES,,,
00-91-59-01,2,68,Village chief,10,Wing agents,NO,,YES,Don't know,NO,,YES,YES,YES,YES,YES,,,
00-99-04-04,,,,,,,,,,,,,,,,,,YES,
02-36-19-45,2,25,Village chief,60,Wing agents,NO,,YES,NO,NO,,YES,YES,NO,NO,YES,,,
02-82-48-36,1,22,Commune council members,90,Wing agents,NO,,YES,Don't know,YES,Risk of family members misusing it,YES,NO,NO,NO,YES,,,
02-98-13-39,,,,,,,,,,,,,,,,,,NO,Unaware of the program
04-24-33-03,2,24,Village chief,15,Wing agents,NO,,YES,Don't know,NO,,YES,NO,NO,NO,YES,,,
05-15-33-31,2,22,Village chief,60,Wing agents,NO,,YES,NO,YES,The need for money will be more in the future,YES,YES,NO,NO,YES,,,
05-25-66-94,2,44,Village chief,20,Wing agents,NO,,YES,Don't know,NO,,YES,YES,NO,NO,YES,,,
06-79-10-35,1,10,Village chief,30,Wing agents,NO,,YES,YES,NO,,YES,YES,NO,YES,YES,,,
06-99-62-55,2,22,Village chief,30,Wing agents,NO,,YES,NO,NO,,NO,NO,NO,YES,YES,,,
07-09-29-32,1,25,Village chief,120,Wing agents,NO,,YES,Don't know,NO,,YES,YES,YES,NO,YES,,,
07-87-14-21,2,32,Village chief,30,Wing agents,NO,,YES,YES,NO,,YES,YES,YES,NO,YES,,,
07-92-66-86,2,28,Village chief,15,Wing agents,NO,,YES,Don't know,NO,,YES,NO,NO,YES,YES,,,
08-87-72-25,3,53,Village chief,15,Wing agents,NO,,YES,Don't know,YES,The need for money will be more in the future,YES,NO,NO,YES,YES,,,
09-52-36-40,2,24,Village chief,30,Wing agents,NO,,YES,Don't know,NO,,YES,NO,NO,NO,YES,,,
10-24-50-53,,,,,,,,,,,,,,,,,,NO,Unaware of the program
12-14-50-11,2,29,Village chief,10,Wing agents,YES,1000,YES,YES,YES,The need for money will be more in the future,YES,YES,NO,NO,YES,,,
12-35-90-39,2,40,Village chief,2,Wing agents,NO,,YES,YES,NO,,YES,YES,NO,NO,YES,,,
13-70-88-03,2,26,Village chief,30,Wing agents,NO,,YES,Don't know,NO,,YES,NO,NO,YES,YES,,,
13-85-44-31,2,34,Village chief,120,Wing agents,NO,,YES,NO,NO,,YES,YES,NO,NO,YES,,,
15-28-98-50,2,24,Village chief,5,Wing agents,NO,,YES,Don't know,NO,,YES,NO,NO,YES,YES,,,
16-46-87-02,2,25,Village chief,30,Wing agents,NO,,YES,Don't know,NO,,YES,NO,NO,NO,YES,,,
18-72-98-16,2,34,Commune council members,30,Wing agents,NO,,YES,Don't know,NO,,YES,YES,NO,NO,YES,,,
19-72-19-66,2,29,Other village members,15,Wing agents,NO,,YES,Don't know,NO,,YES,YES,NO,NO,YES,,,
23-32-08-95,1,12,Village chief,5,Wing agents,NO,,YES,NO,NO,,YES,NO,NO,NO,YES,,,
23-45-74-97,2,22,Village chief,5,Wing agents,NO,,YES,NO,NO,,YES,NO,NO,NO,YES,,,
27-81-23-37,2,48,Village chief,60,Wing agents,NO,,YES,NO,NO,,YES,YES,NO,NO,YES,,,
27-93-66-33,2,40,Village chief,3,Wing agents,NO,,YES,Don't know,NO,,YES,YES,NO,NO,YES,,,
28-74-89-74,2,38,Village chief,15,Wing agents,NO,,YES,YES,YES,The need for money will be more in the future,YES,YES,NO,NO,YES,,,
28-86-65-82,2,34,Village chief,10,Wing agents,NO,,YES,Don't know,NO,,YES,YES,NO,NO,YES,,,
30-18-79-31,2,26,Village chief,30,Wing agents,NO,,YES,Don't know,NO,,YES,YES,NO,NO,YES,,,
30-75-44-55,2,40,Village chief,60,Wing agents,NO,,YES,NO,NO,,YES,YES,NO,NO,YES,,,
31-20-25-17,2,32,Village chief,30,Wing agents,NO,,YES,Don't know,NO,,YES,NO,NO,NO,YES,,,
32-82-88-73,2,26,Village chief,30,Wing agents,NO,,YES,YES,NO,,YES,YES,YES,NO,YES,,,
33-72-44-36,1,15,Village chief,30,Wing agents,NO,,YES,YES,NO,,YES,YES,NO,NO,YES,,,
34-47-49-71,2,20,Village chief,30,Wing agents,NO,,YES,Don't know,NO,,YES,NO,NO,NO,YES,,,
35-88-46-37,2,40,Village chief,30,Wing agents,NO,,YES,YES,NO,,YES,NO,NO,NO,YES,,,
36-40-40-95,2,40,Village chief,20,Wing agents,NO,,YES,Don't know,NO,,YES,NO,NO,NO,YES,,,
37-36-10-30,2,22,Other village members,5,Wing agents,NO,,YES,Don't know,NO,,YES,YES,NO,NO,YES,,,
37-67-94-43,,,,,,,,,,,,,,,,,,YES,
38-97-46-43,2,72,Village chief,30,Wing agents,NO,,YES,NO,NO,,YES,NO,NO,NO,YES,,,
39-16-32-68,2,46,Other village members,60,Wing agents,NO,,YES,Don't know,NO,,YES,YES,YES,NO,YES,,,
39-16-76-43,2,40,Village chief,60,Wing agents,NO,,YES,YES,NO,,YES,YES,YES,NO,YES,,,
39-73-65-69,2,22,Commune council members,10,Wing agents,NO,,YES,Don't know,NO,,YES,YES,YES,YES,YES,,,
41-25-77-25,2,40,Village chief,10,Wing agents,NO,,YES,Don't know,NO,,YES,NO,NO,NO,YES,,,
41-44-58-52,2,24,Village chief,10,Wing agents,NO,,YES,YES,NO,,YES,NO,NO,NO,YES,,,
42-49-85-02,2,34,Village chief,30,Wing agents,NO,,YES,NO,NO,,YES,YES,NO,NO,YES,,,
42-56-44-00,,,,,,,,,,,,,,,,,,NO,Didn’t know the transfer was for them
43-73-29-56,,,,,,,,,,,,,,,,,,NO,Unaware of the program
43-75-78-22,2,30,Village chief,10,Wing agents,NO,,YES,Don't know,NO,,YES,NO,NO,NO,YES,,,
44-42-13-16,,,,,,,,,,,,,,,,,,YES,
44-70-64-79,2,44,Village chief,30,Wing agents,NO,,YES,Don't know,NO,,YES,NO,NO,NO,YES,,,
44-78-21-72,2,54,Village chief,15,Wing agents,NO,,YES,Don't know,NO,,YES,YES,NO,NO,YES,,,
45-57-81-16,,,,,,,,,,,,,,,,,,NO,Other (specify)
46-90-41-39,1,12,Village chief,30,Wing agents,NO,,YES,NO,NO,,YES,YES,NO,NO,YES,,,
48-04-17-10,3,30,Village chief,30,Wing agents,NO,,YES,Don't know,NO,,YES,YES,NO,NO,YES,,,
48-32-37-82,2,40,Village chief,60,Wing agents,NO,,YES,YES,NO,,YES,YES,NO,NO,YES,,,
48-55-31-69,1,12,Commune council members,30,Wing agents,NO,,YES,Don't know,NO,,YES,NO,NO,YES,YES,,,
48-87-88-72,,,,,,,,,,,,,,,,,,YES,
49-67-47-33,1,12,Village chief,60,Wing agents,NO,,YES,YES,NO,,YES,YES,NO,NO,YES,,,
49-69-87-18,1,16,Village chief,15,Wing agents,NO,,YES,Don't know,NO,,YES,NO,NO,NO,YES,,,
50-23-18-00,2,40,Village chief,10,Wing agents,NO,,YES,YES,YES,Risk of family members misusing it,YES,NO,NO,NO,YES,,,
51-03-03-95,1,25,Village chief,20,Wing agents,NO,,YES,NO,NO,,YES,YES,NO,NO,YES,,,
52-05-24-98,2,32,Commune council members,30,Wing agents,NO,,YES,NO,NO,,YES,NO,NO,NO,YES,,,
52-15-08-75,2,28,Village chief,60,Wing agents,NO,,YES,YES,NO,,YES,YES,NO,NO,YES,,,
54-45-11-85,2,52,Village chief,5,Wing agents,NO,,YES,NO,NO,,YES,NO,NO,NO,YES,,,
57-24-69-99,2,29,Village chief,15,Wing agents,NO,,YES,Don't know,NO,,YES,YES,NO,NO,YES,,,
57-57-41-35,1,14,Village chief,10,Wing agents,NO,,YES,Don't know,NO,,YES,NO,NO,NO,YES,,,
57-88-50-44,1,15,Other village members,5,Wing agents,NO,,YES,NO,NO,,YES,YES,NO,NO,YES,,,
59-35-08-66,,,,,,,,,,,,,,,,,,YES,
60-00-14-73,2,12,Village chief,20,Wing agents,NO,,YES,Don't know,NO,,YES,NO,NO,NO,YES,,,
61-49-11-52,2,24,Village chief,30,Wing agents,NO,,YES,Don't know,NO,,YES,YES,NO,NO,YES,,,
61-57-55-69,2,54,Commune council members,10,Wing agents,NO,,YES,Don't know,NO,,YES,YES,YES,NO,YES,,,
61-61-84-70,3,42,Village chief,30,Wing agents,NO,,YES,NO,NO,,YES,NO,NO,YES,YES,,,
62-00-28-43,1,12,Commune council members,30,Wing agents,NO,,YES,NO,YES,The need for money will be more in the future,YES,YES,NO,NO,YES,,,
62-21-50-55,2,40,Village chief,30,Wing agents,NO,,YES,Don't know,NO,,YES,NO,NO,NO,YES,,,
64-93-89-71,2,32,Commune council members,120,Wing agents,NO,,YES,Don't know,NO,,YES,YES,YES,NO,YES,,,
69-50-07-46,2,32,Commune council members,15,Wing agents,NO,,YES,NO,NO,,YES,YES,NO,NO,YES,,,
69-50-77-07,2,48,Commune council members,5,Wing agents,NO,,YES,NO,YES,Not safe to keep at home,YES,YES,NO,NO,YES,,,
71-06-17-00,2,54,Village chief,20,Wing agents,NO,,YES,Don't know,NO,,YES,YES,NO,NO,YES,,,
71-87-66-71,2,25,Village chief,40,Wing agents,NO,,YES,Don't know,NO,,YES,NO,NO,YES,YES,,,
72-26-33-40,,,,,,,,,,,,,,,,,,NO,Didn’t know the transfer was for them
73-72-83-29,,,,,,,,,,,,,,,,,,NO,Didn’t know the transfer was for them
74-48-94-37,2,28,Village chief,240,Wing agents,NO,,YES,Don't know,NO,,YES,NO,NO,NO,YES,,,
75-18-93-42,,,,,,,,,,,,,,,,,,NO,Unaware of the program
75-30-55-60,2,35,Village chief,30,Wing agents,NO,,YES,Don't know,YES,Temptation to use the money for non-urgent purpose,YES,NO,NO,NO,YES,,,
77-29-81-66,2,24,Village chief,3,Wing agents,NO,,YES,NO,YES,The need for money will be more in the future,YES,YES,NO,NO,YES,,,
77-48-91-64,,,,,,,,,,,,,,,,,,YES,
79-56-20-22,,,,,,,,,,,,,,,,,,NO,Unaware of the program
79-87-49-96,3,72,Commune council members,20,Wing agents,NO,,YES,NO,NO,,YES,YES,NO,NO,YES,,,
80-88-34-25,,,,,,,,,,,,,,,,,,NO,Unaware of the program
80-97-76-22,2,30,Village chief,30,Wing agents,NO,,YES,YES,NO,,YES,YES,YES,NO,YES,,,
82-16-93-71,2,40,Village chief,30,Wing agents,NO,,YES,Don't know,YES,Risk of family members misusing it,YES,YES,NO,NO,YES,,,
82-87-50-46,2,32,Village chief,30,Wing agents,NO,,YES,Don't know,NO,,YES,NO,NO,NO,YES,,,
82-98-72-55,1,17,Village chief,60,Wing agents,NO,,YES,NO,NO,,YES,NO,NO,NO,YES,,,
83-43-73-00,,,,,,,,,,,,,,,,,,NO,Didn’t know the transfer was for them
84-01-65-09,2,40,Village chief,30,Wing agents,NO,,YES,NO,NO,,YES,NO,NO,NO,YES,,,
85-12-58-57,2,28,Village chief,5,Wing agents,NO,,YES,Don't know,NO,,YES,NO,NO,NO,YES,,,
86-60-44-34,2,26,Village chief,20,Wing agents,NO,,YES,Don't know,NO,,YES,NO,NO,YES,YES,,,
86-95-05-55,2,40,Village chief,20,Wing agents,YES,2000,YES,YES,NO,,YES,YES,NO,NO,YES,,,
87-35-60-51,2,34,Village chief,120,Wing agents,NO,,YES,NO,NO,,YES,NO,NO,NO,YES,,,
87-48-59-39,1,12,Other village members,120,Wing agents,NO,,YES,NO,NO,,YES,NO,NO,NO,YES,,,
88-56-00-44,2,32,Village chief,5,Wing agents,NO,,YES,YES,NO,,YES,NO,NO,NO,YES,,,
88-88-80-10,2,42,Radio/fm/tv/newspaper,180,Wing agents,NO,,YES,Don't know,NO,,YES,NO,YES,NO,YES,,,
89-08-40-65,,,,,,,,,,,,,,,,,,NO,Didn’t know the transfer was for them
93-55-82-79,1,20,Commune council members,60,Wing agents,NO,,YES,Don't know,NO,,YES,YES,NO,NO,YES,,,
93-79-64-74,3,28,Village chief,30,Wing agents,NO,,YES,Don't know,NO,,YES,NO,NO,NO,YES,,,
94-31-28-90,2,29,Village chief,10,Wing agents,NO,,YES,Don't know,NO,,YES,YES,NO,YES,YES,,,
94-53-85-10,2,26,Village chief,5,Wing agents,NO,,YES,Don't know,NO,,YES,NO,NO,NO,YES,,,
95-23-54-25,2,44,Village chief,30,Wing agents,NO,,YES,Don't know,NO,,YES,YES,NO,NO,YES,,,
95-33-09-89,2,26,Village chief,5,Wing agents,NO,,YES,Don't know,YES,The need for money will be more in the future,YES,NO,NO,YES,YES,,,
95-43-17-18,2,20,Village chief,30,Wing agents,NO,,YES,NO,NO,,YES,NO,NO,NO,YES,,,
96-04-71-13,2,25,Village chief,30,Wing agents,NO,,YES,Don't know,NO,,YES,YES,NO,NO,YES,,,
98-53-14-41,,,,,,,,,,,,,,,,,,NO,Other (specify)
98-85-26-70,2,28,Village chief,15,Wing agents,NO,,YES,NO,NO,,YES,NO,NO,NO,YES,,,
99-21-18-63,2,50,Village chief,60,Wing agents,NO,,YES,YES,NO,,YES,NO,NO,NO,YES,,,
99-39-38-50,2,40,Village chief,10,Wing agents,NO,,YES,Don't know,NO,,YES,NO,NO,NO,YES,,,
99-46-75-70,,,,,,,,,,,,,,,,,,NO,Unaware of the program
