interview__key,Sec11_SafetyNets__id,s11q1,s11q2,s11q3,s11q8__1,s11q8__2,s11q8__3,s11q8__4,s11q8__5,s11q8__6,s11q8__96
00-14-18-28,Food,NO,,,,,,,,,
00-14-18-28,Direct Cash Transfers,NO,,,,,,,,,
00-14-18-28,Other in-kind transfers (excluding food),YES,,Government,NO,NO,NO,NO,NO,YES,NO
00-76-39-80,Food,NO,,,,,,,,,
00-76-39-80,Direct Cash Transfers,YES,34,Government,YES,NO,NO,NO,NO,NO,NO
00-76-39-80,Other in-kind transfers (excluding food),NO,,,,,,,,,
00-91-59-01,Food,NO,,,,,,,,,
00-91-59-01,Direct Cash Transfers,YES,68,Government,YES,NO,NO,NO,NO,NO,NO
00-91-59-01,Other in-kind transfers (excluding food),NO,,,,,,,,,
00-99-04-04,Food,YES,,Community organization,NO,NO,NO,NO,NO,NO,YES
00-99-04-04,Direct Cash Transfers,NO,,,,,,,,,
00-99-04-04,Other in-kind transfers (excluding food),NO,,,,,,,,,
02-36-19-45,Food,NO,,,,,,,,,
02-36-19-45,Direct Cash Transfers,YES,25,Government,YES,NO,NO,NO,NO,NO,NO
02-36-19-45,Other in-kind transfers (excluding food),NO,,,,,,,,,
02-82-48-36,Food,NO,,,,,,,,,
02-82-48-36,Direct Cash Transfers,YES,22,Government,YES,NO,NO,NO,NO,NO,NO
02-82-48-36,Other in-kind transfers (excluding food),NO,,,,,,,,,
04-24-33-03,Food,NO,,,,,,,,,
04-24-33-03,Direct Cash Transfers,YES,24,Government,YES,NO,NO,NO,NO,NO,NO
04-24-33-03,Other in-kind transfers (excluding food),NO,,,,,,,,,
05-15-33-31,Food,NO,,,,,,,,,
05-15-33-31,Direct Cash Transfers,YES,22,Government,YES,NO,NO,NO,NO,NO,NO
05-15-33-31,Other in-kind transfers (excluding food),NO,,,,,,,,,
05-25-66-94,Food,NO,,,,,,,,,
05-25-66-94,Direct Cash Transfers,YES,44,Government,YES,NO,NO,NO,NO,NO,NO
05-25-66-94,Other in-kind transfers (excluding food),NO,,,,,,,,,
06-79-10-35,Food,YES,,Ngo,NO,NO,NO,NO,NO,NO,YES
06-79-10-35,Direct Cash Transfers,YES,10,Government,YES,NO,NO,NO,NO,NO,NO
06-79-10-35,Other in-kind transfers (excluding food),YES,,Ngo,NO,NO,NO,NO,NO,NO,YES
06-99-62-55,Food,YES,,Government,NO,NO,NO,NO,NO,YES,NO
06-99-62-55,Direct Cash Transfers,YES,22,Government,YES,NO,NO,NO,NO,NO,NO
06-99-62-55,Other in-kind transfers (excluding food),NO,,,,,,,,,
07-09-29-32,Food,NO,,,,,,,,,
07-09-29-32,Direct Cash Transfers,YES,25,Government,YES,NO,NO,NO,NO,NO,NO
07-09-29-32,Other in-kind transfers (excluding food),NO,,,,,,,,,
07-87-14-21,Food,NO,,,,,,,,,
07-87-14-21,Direct Cash Transfers,YES,32,Government,YES,NO,NO,NO,NO,NO,NO
07-87-14-21,Other in-kind transfers (excluding food),NO,,,,,,,,,
07-92-66-86,Food,NO,,,,,,,,,
07-92-66-86,Direct Cash Transfers,YES,28,Government,YES,NO,NO,NO,NO,NO,NO
07-92-66-86,Other in-kind transfers (excluding food),NO,,,,,,,,,
08-87-72-25,Food,NO,,,,,,,,,
08-87-72-25,Direct Cash Transfers,YES,53,Government,YES,NO,NO,NO,NO,NO,NO
08-87-72-25,Other in-kind transfers (excluding food),NO,,,,,,,,,
09-52-36-40,Food,NO,,,,,,,,,
09-52-36-40,Direct Cash Transfers,YES,24,Government,YES,NO,NO,NO,NO,NO,NO
09-52-36-40,Other in-kind transfers (excluding food),NO,,,,,,,,,
10-24-50-53,Food,YES,,Government,NO,NO,NO,NO,NO,YES,NO
10-24-50-53,Direct Cash Transfers,NO,,,,,,,,,
10-24-50-53,Other in-kind transfers (excluding food),NO,,,,,,,,,
12-14-50-11,Food,NO,,,,,,,,,
12-14-50-11,Direct Cash Transfers,YES,29,Government,YES,NO,NO,NO,NO,NO,NO
12-14-50-11,Other in-kind transfers (excluding food),NO,,,,,,,,,
12-35-90-39,Food,NO,,,,,,,,,
12-35-90-39,Direct Cash Transfers,YES,40,Government,YES,NO,NO,NO,NO,NO,NO
12-35-90-39,Other in-kind transfers (excluding food),NO,,,,,,,,,
12-89-15-03,Food,YES,,Religious body,NO,NO,NO,NO,NO,NO,YES
12-89-15-03,Direct Cash Transfers,NO,,,,,,,,,
12-89-15-03,Other in-kind transfers (excluding food),NO,,,,,,,,,
13-70-88-03,Food,NO,,,,,,,,,
13-70-88-03,Direct Cash Transfers,YES,26,Government,YES,NO,NO,NO,NO,NO,NO
13-70-88-03,Other in-kind transfers (excluding food),NO,,,,,,,,,
13-85-44-31,Food,NO,,,,,,,,,
13-85-44-31,Direct Cash Transfers,YES,34,Government,YES,NO,NO,NO,NO,NO,NO
13-85-44-31,Other in-kind transfers (excluding food),NO,,,,,,,,,
15-28-98-50,Food,YES,,Other,NO,NO,NO,NO,NO,NO,YES
15-28-98-50,Direct Cash Transfers,YES,28,Government,YES,NO,NO,NO,NO,NO,YES
15-28-98-50,Other in-kind transfers (excluding food),NO,,,,,,,,,
16-46-87-02,Food,NO,,,,,,,,,
16-46-87-02,Direct Cash Transfers,YES,25,Government,YES,NO,NO,NO,NO,NO,NO
16-46-87-02,Other in-kind transfers (excluding food),NO,,,,,,,,,
17-59-02-00,Food,NO,,,,,,,,,
17-59-02-00,Direct Cash Transfers,NO,,,,,,,,,
17-59-02-00,Other in-kind transfers (excluding food),YES,,Government,NO,NO,NO,NO,NO,YES,NO
18-72-98-16,Food,YES,,Government,NO,NO,NO,NO,NO,YES,NO
18-72-98-16,Direct Cash Transfers,YES,38,Government,YES,YES,NO,NO,NO,NO,NO
18-72-98-16,Other in-kind transfers (excluding food),YES,,Government,NO,NO,NO,NO,NO,YES,NO
19-72-19-66,Food,NO,,,,,,,,,
19-72-19-66,Direct Cash Transfers,YES,29,Government,YES,NO,NO,NO,NO,NO,NO
19-72-19-66,Other in-kind transfers (excluding food),NO,,,,,,,,,
20-13-45-35,Food,NO,,,,,,,,,
20-13-45-35,Direct Cash Transfers,NO,,,,,,,,,
20-13-45-35,Other in-kind transfers (excluding food),YES,,Government,NO,NO,NO,NO,NO,YES,NO
20-21-76-10,Food,NO,,,,,,,,,
20-21-76-10,Direct Cash Transfers,YES,8,Ngo,NO,NO,YES,NO,NO,NO,NO
20-21-76-10,Other in-kind transfers (excluding food),NO,,,,,,,,,
23-32-08-95,Food,NO,,,,,,,,,
23-32-08-95,Direct Cash Transfers,YES,12,Government,YES,NO,NO,NO,NO,NO,NO
23-32-08-95,Other in-kind transfers (excluding food),NO,,,,,,,,,
23-45-74-97,Food,NO,,,,,,,,,
23-45-74-97,Direct Cash Transfers,YES,22,Government,YES,NO,NO,NO,NO,NO,NO
23-45-74-97,Other in-kind transfers (excluding food),NO,,,,,,,,,
27-28-72-74,Food,NO,,,,,,,,,
27-28-72-74,Direct Cash Transfers,YES,60,Ngo,NO,NO,NO,NO,NO,NO,YES
27-28-72-74,Other in-kind transfers (excluding food),NO,,,,,,,,,
27-81-23-37,Food,YES,,Government,NO,NO,NO,NO,NO,NO,YES
27-81-23-37,Direct Cash Transfers,YES,48,Government,YES,NO,NO,NO,NO,NO,NO
27-81-23-37,Other in-kind transfers (excluding food),NO,,Government,,,,,,,
27-93-66-33,Food,YES,,Other,NO,NO,NO,NO,NO,NO,YES
27-93-66-33,Direct Cash Transfers,YES,40,Government,YES,NO,NO,NO,NO,NO,NO
27-93-66-33,Other in-kind transfers (excluding food),NO,,,,,,,,,
28-74-89-74,Food,NO,,,,,,,,,
28-74-89-74,Direct Cash Transfers,YES,38,Government,YES,NO,NO,NO,NO,NO,NO
28-74-89-74,Other in-kind transfers (excluding food),NO,,,,,,,,,
28-86-65-82,Food,NO,,,,,,,,,
28-86-65-82,Direct Cash Transfers,YES,34,Government,YES,NO,NO,NO,NO,NO,NO
28-86-65-82,Other in-kind transfers (excluding food),NO,,,,,,,,,
30-18-79-31,Food,NO,,,,,,,,,
30-18-79-31,Direct Cash Transfers,YES,26,Government,YES,NO,NO,NO,NO,NO,NO
30-18-79-31,Other in-kind transfers (excluding food),NO,,,,,,,,,
30-75-44-55,Food,YES,,Government,NO,NO,NO,NO,NO,YES,NO
30-75-44-55,Direct Cash Transfers,YES,40,Government,YES,NO,NO,NO,NO,NO,NO
30-75-44-55,Other in-kind transfers (excluding food),NO,,,,,,,,,
31-20-25-17,Food,NO,,,,,,,,,
31-20-25-17,Direct Cash Transfers,YES,32,Government,YES,NO,NO,NO,NO,NO,NO
31-20-25-17,Other in-kind transfers (excluding food),NO,,,,,,,,,
32-82-88-73,Food,NO,,,,,,,,,
32-82-88-73,Direct Cash Transfers,YES,26,Government,YES,NO,NO,NO,NO,NO,NO
32-82-88-73,Other in-kind transfers (excluding food),YES,,Religious body,NO,NO,NO,NO,NO,NO,YES
33-72-44-36,Food,NO,,,,,,,,,
33-72-44-36,Direct Cash Transfers,YES,15,Government,YES,NO,NO,NO,NO,NO,NO
33-72-44-36,Other in-kind transfers (excluding food),NO,,,,,,,,,
34-47-49-71,Food,NO,,,,,,,,,
34-47-49-71,Direct Cash Transfers,YES,20,Government,YES,NO,NO,NO,NO,NO,NO
34-47-49-71,Other in-kind transfers (excluding food),NO,,,,,,,,,
35-51-88-26,Food,YES,,Government,NO,NO,NO,NO,NO,YES,NO
35-51-88-26,Direct Cash Transfers,YES,30,Ngo,NO,NO,NO,NO,NO,NO,YES
35-51-88-26,Other in-kind transfers (excluding food),NO,,,,,,,,,
35-88-46-37,Food,NO,,,,,,,,,
35-88-46-37,Direct Cash Transfers,YES,40,Government,YES,NO,NO,NO,NO,NO,NO
35-88-46-37,Other in-kind transfers (excluding food),NO,,,,,,,,,
36-40-40-95,Food,NO,,,,,,,,,
36-40-40-95,Direct Cash Transfers,YES,40,Government,YES,NO,NO,NO,NO,NO,NO
36-40-40-95,Other in-kind transfers (excluding food),NO,,,,,,,,,
37-36-10-30,Food,NO,,,,,,,,,
37-36-10-30,Direct Cash Transfers,YES,22,Government,YES,NO,NO,NO,NO,NO,NO
37-36-10-30,Other in-kind transfers (excluding food),NO,,,,,,,,,
38-97-46-43,Food,NO,,,,,,,,,
38-97-46-43,Direct Cash Transfers,YES,72,Government,YES,NO,NO,NO,NO,NO,NO
38-97-46-43,Other in-kind transfers (excluding food),NO,,,,,,,,,
39-16-32-68,Food,NO,,,,,,,,,
39-16-32-68,Direct Cash Transfers,YES,46,Government,YES,NO,NO,NO,NO,NO,NO
39-16-32-68,Other in-kind transfers (excluding food),NO,,,,,,,,,
39-16-76-43,Food,NO,,,,,,,,,
39-16-76-43,Direct Cash Transfers,YES,40,Government,YES,NO,NO,NO,NO,NO,NO
39-16-76-43,Other in-kind transfers (excluding food),NO,,,,,,,,,
39-39-07-11,Food,NO,,,,,,,,,
39-39-07-11,Direct Cash Transfers,NO,,,,,,,,,
39-39-07-11,Other in-kind transfers (excluding food),YES,,Community organization,NO,NO,NO,NO,NO,NO,YES
39-73-65-69,Food,NO,,,,,,,,,
39-73-65-69,Direct Cash Transfers,YES,22,Government,YES,NO,NO,NO,NO,NO,NO
39-73-65-69,Other in-kind transfers (excluding food),NO,,,,,,,,,
40-35-88-17,Food,YES,,Other,NO,NO,NO,NO,NO,NO,YES
40-35-88-17,Direct Cash Transfers,NO,,,,,,,,,
40-35-88-17,Other in-kind transfers (excluding food),NO,,,,,,,,,
41-25-77-25,Food,NO,,,,,,,,,
41-25-77-25,Direct Cash Transfers,YES,40,Government,YES,NO,NO,NO,NO,NO,NO
41-25-77-25,Other in-kind transfers (excluding food),NO,,,,,,,,,
41-44-58-52,Food,NO,,,,,,,,,
41-44-58-52,Direct Cash Transfers,YES,24,Government,YES,NO,NO,NO,NO,NO,NO
41-44-58-52,Other in-kind transfers (excluding food),NO,,,,,,,,,
42-49-85-02,Food,NO,,,,,,,,,
42-49-85-02,Direct Cash Transfers,YES,34,Government,YES,NO,NO,NO,NO,NO,NO
42-49-85-02,Other in-kind transfers (excluding food),NO,,,,,,,,,
43-75-78-22,Food,NO,,,,,,,,,
43-75-78-22,Direct Cash Transfers,YES,30,Government,YES,NO,NO,NO,NO,NO,NO
43-75-78-22,Other in-kind transfers (excluding food),NO,,,,,,,,,
44-70-64-79,Food,NO,,,,,,,,,
44-70-64-79,Direct Cash Transfers,YES,44,Government,YES,NO,NO,NO,NO,NO,NO
44-70-64-79,Other in-kind transfers (excluding food),NO,,,,,,,,,
44-78-21-72,Food,NO,,,,,,,,,
44-78-21-72,Direct Cash Transfers,YES,54,Government,YES,NO,NO,NO,NO,NO,NO
44-78-21-72,Other in-kind transfers (excluding food),NO,,,,,,,,,
45-83-08-52,Food,NO,,,,,,,,,
45-83-08-52,Direct Cash Transfers,NO,,,,,,,,,
45-83-08-52,Other in-kind transfers (excluding food),YES,,Government,NO,NO,NO,NO,NO,NO,YES
46-90-41-39,Food,NO,,,,,,,,,
46-90-41-39,Direct Cash Transfers,YES,12,Government,YES,NO,NO,NO,NO,NO,NO
46-90-41-39,Other in-kind transfers (excluding food),NO,,,,,,,,,
48-04-17-10,Food,NO,,,,,,,,,
48-04-17-10,Direct Cash Transfers,YES,30,Government,YES,NO,NO,NO,NO,NO,NO
48-04-17-10,Other in-kind transfers (excluding food),YES,,Community organization,NO,NO,NO,NO,NO,YES,NO
48-32-37-82,Food,NO,,,,,,,,,
48-32-37-82,Direct Cash Transfers,YES,40,Government,YES,NO,NO,NO,NO,NO,NO
48-32-37-82,Other in-kind transfers (excluding food),NO,,,,,,,,,
48-55-31-69,Food,NO,,,,,,,,,
48-55-31-69,Direct Cash Transfers,YES,12,Government,YES,NO,NO,NO,NO,NO,NO
48-55-31-69,Other in-kind transfers (excluding food),NO,,,,,,,,,
49-67-47-33,Food,NO,,,,,,,,,
49-67-47-33,Direct Cash Transfers,YES,12,Government,YES,NO,NO,NO,NO,NO,NO
49-67-47-33,Other in-kind transfers (excluding food),NO,,,,,,,,,
49-69-87-18,Food,NO,,,,,,,,,
49-69-87-18,Direct Cash Transfers,YES,16,Government,YES,NO,NO,NO,NO,NO,NO
49-69-87-18,Other in-kind transfers (excluding food),NO,,,,,,,,,
49-74-12-19,Food,NO,,,,,,,,,
49-74-12-19,Direct Cash Transfers,NO,,,,,,,,,
49-74-12-19,Other in-kind transfers (excluding food),YES,,Government,NO,NO,NO,NO,NO,YES,NO
50-23-18-00,Food,NO,,,,,,,,,
50-23-18-00,Direct Cash Transfers,YES,40,Government,YES,NO,NO,NO,NO,NO,NO
50-23-18-00,Other in-kind transfers (excluding food),NO,,,,,,,,,
51-03-03-95,Food,YES,,Government,NO,NO,NO,NO,NO,YES,NO
51-03-03-95,Direct Cash Transfers,YES,25,Government,YES,NO,NO,NO,NO,NO,NO
51-03-03-95,Other in-kind transfers (excluding food),NO,,,,,,,,,
52-05-24-98,Food,NO,,,,,,,,,
52-05-24-98,Direct Cash Transfers,YES,32,Government,YES,NO,NO,NO,NO,NO,NO
52-05-24-98,Other in-kind transfers (excluding food),NO,,,,,,,,,
52-15-08-75,Food,NO,,,,,,,,,
52-15-08-75,Direct Cash Transfers,YES,28,Government,YES,NO,NO,NO,NO,NO,NO
52-15-08-75,Other in-kind transfers (excluding food),NO,,,,,,,,,
53-19-44-95,Food,NO,,,,,,,,,
53-19-44-95,Direct Cash Transfers,NO,,,,,,,,,
53-19-44-95,Other in-kind transfers (excluding food),YES,,Government,NO,NO,NO,NO,NO,YES,NO
54-45-11-85,Food,YES,,Other,NO,NO,NO,NO,NO,NO,YES
54-45-11-85,Direct Cash Transfers,YES,52,Government,YES,NO,NO,NO,NO,NO,NO
54-45-11-85,Other in-kind transfers (excluding food),NO,,,,,,,,,
56-09-56-08,Food,YES,,Government,NO,NO,NO,NO,NO,YES,NO
56-09-56-08,Direct Cash Transfers,NO,,,,,,,,,
56-09-56-08,Other in-kind transfers (excluding food),NO,,,,,,,,,
57-24-69-99,Food,YES,,Government,NO,NO,NO,NO,NO,YES,NO
57-24-69-99,Direct Cash Transfers,YES,29,Government,YES,NO,NO,NO,NO,NO,NO
57-24-69-99,Other in-kind transfers (excluding food),NO,,,,,,,,,
57-38-86-89,Food,NO,,,,,,,,,
57-38-86-89,Direct Cash Transfers,NO,,,,,,,,,
57-38-86-89,Other in-kind transfers (excluding food),YES,,Government,NO,NO,NO,NO,NO,YES,NO
57-57-41-35,Food,NO,,,,,,,,,
57-57-41-35,Direct Cash Transfers,YES,14,Government,YES,NO,NO,NO,NO,NO,NO
57-57-41-35,Other in-kind transfers (excluding food),NO,,,,,,,,,
57-88-50-44,Food,NO,,,,,,,,,
57-88-50-44,Direct Cash Transfers,YES,15,Government,YES,NO,NO,NO,NO,NO,NO
57-88-50-44,Other in-kind transfers (excluding food),NO,,,,,,,,,
58-02-65-66,Food,NO,,,,,,,,,
58-02-65-66,Direct Cash Transfers,NO,,,,,,,,,
58-02-65-66,Other in-kind transfers (excluding food),YES,,Government,NO,NO,NO,NO,NO,YES,NO
60-00-14-73,Food,NO,,,,,,,,,
60-00-14-73,Direct Cash Transfers,YES,12,Government,YES,NO,NO,NO,NO,NO,NO
60-00-14-73,Other in-kind transfers (excluding food),NO,,,,,,,,,
61-24-24-14,Food,NO,,,,,,,,,
61-24-24-14,Direct Cash Transfers,YES,12,Government,NO,YES,NO,NO,NO,NO,NO
61-24-24-14,Other in-kind transfers (excluding food),NO,,,,,,,,,
61-49-11-52,Food,NO,,,,,,,,,
61-49-11-52,Direct Cash Transfers,YES,24,Government,YES,NO,NO,NO,NO,NO,NO
61-49-11-52,Other in-kind transfers (excluding food),NO,,,,,,,,,
61-57-55-69,Food,NO,,,,,,,,,
61-57-55-69,Direct Cash Transfers,YES,54,Government,YES,NO,NO,NO,NO,NO,NO
61-57-55-69,Other in-kind transfers (excluding food),NO,,,,,,,,,
61-61-84-70,Food,NO,,,,,,,,,
61-61-84-70,Direct Cash Transfers,YES,42,Government,YES,NO,NO,NO,NO,NO,NO
61-61-84-70,Other in-kind transfers (excluding food),NO,,,,,,,,,
62-00-28-43,Food,NO,,,,,,,,,
62-00-28-43,Direct Cash Transfers,YES,12,Government,YES,NO,NO,NO,NO,NO,NO
62-00-28-43,Other in-kind transfers (excluding food),NO,,,,,,,,,
62-21-50-55,Food,NO,,,,,,,,,
62-21-50-55,Direct Cash Transfers,YES,40,Government,YES,NO,NO,NO,NO,NO,NO
62-21-50-55,Other in-kind transfers (excluding food),NO,,,,,,,,,
62-75-13-84,Food,YES,,Religious body,NO,NO,NO,NO,NO,NO,YES
62-75-13-84,Direct Cash Transfers,NO,,,,,,,,,
62-75-13-84,Other in-kind transfers (excluding food),NO,,,,,,,,,
64-93-89-71,Food,NO,,,,,,,,,
64-93-89-71,Direct Cash Transfers,YES,32,Government,YES,NO,NO,NO,NO,NO,NO
64-93-89-71,Other in-kind transfers (excluding food),NO,,,,,,,,,
66-44-64-50,Food,YES,,Government,NO,NO,NO,NO,NO,NO,YES
66-44-64-50,Direct Cash Transfers,NO,,,,,,,,,
66-44-64-50,Other in-kind transfers (excluding food),YES,,Government,NO,NO,NO,NO,NO,NO,YES
69-50-07-46,Food,YES,,Other,NO,NO,NO,NO,NO,NO,YES
69-50-07-46,Direct Cash Transfers,YES,34,Government,YES,NO,NO,NO,NO,NO,NO
69-50-07-46,Other in-kind transfers (excluding food),NO,,,,,,,,,
69-50-77-07,Food,YES,,Government,NO,NO,NO,NO,NO,YES,NO
69-50-77-07,Direct Cash Transfers,YES,48,Government,YES,NO,NO,NO,NO,NO,NO
69-50-77-07,Other in-kind transfers (excluding food),YES,,Government,NO,NO,YES,NO,NO,NO,NO
71-06-17-00,Food,NO,,,,,,,,,
71-06-17-00,Direct Cash Transfers,YES,54,Government,YES,NO,NO,NO,NO,NO,NO
71-06-17-00,Other in-kind transfers (excluding food),NO,,,,,,,,,
71-87-66-71,Food,NO,,,,,,,,,
71-87-66-71,Direct Cash Transfers,YES,25,Government,YES,NO,NO,NO,NO,NO,NO
71-87-66-71,Other in-kind transfers (excluding food),NO,,,,,,,,,
71-98-40-84,Food,NO,,,,,,,,,
71-98-40-84,Direct Cash Transfers,NO,,,,,,,,,
71-98-40-84,Other in-kind transfers (excluding food),YES,,Ngo,NO,NO,NO,NO,NO,YES,NO
72-67-93-54,Food,NO,,,,,,,,,
72-67-93-54,Direct Cash Transfers,NO,,,,,,,,,
72-67-93-54,Other in-kind transfers (excluding food),YES,,Government,NO,NO,NO,NO,NO,YES,NO
74-34-13-03,Food,YES,,Government,NO,NO,NO,NO,NO,YES,NO
74-34-13-03,Direct Cash Transfers,NO,,,,,,,,,
74-34-13-03,Other in-kind transfers (excluding food),YES,,Government,NO,NO,NO,NO,NO,YES,NO
74-48-94-37,Food,NO,,,,,,,,,
74-48-94-37,Direct Cash Transfers,YES,28,Government,YES,NO,NO,NO,NO,NO,NO
74-48-94-37,Other in-kind transfers (excluding food),NO,,,,,,,,,
75-18-93-42,Food,YES,,Government,NO,NO,NO,NO,NO,YES,NO
75-18-93-42,Direct Cash Transfers,YES,5,Government,NO,YES,NO,NO,NO,NO,NO
75-18-93-42,Other in-kind transfers (excluding food),NO,,,,,,,,,
75-30-55-60,Food,NO,,,,,,,,,
75-30-55-60,Direct Cash Transfers,YES,35,Government,YES,NO,NO,NO,NO,NO,NO
75-30-55-60,Other in-kind transfers (excluding food),NO,,,,,,,,,
75-35-05-33,Food,NO,,,,,,,,,
75-35-05-33,Direct Cash Transfers,YES,18,Government,NO,NO,NO,NO,NO,NO,YES
75-35-05-33,Other in-kind transfers (excluding food),NO,,,,,,,,,
77-11-76-62,Food,NO,,,,,,,,,
77-11-76-62,Direct Cash Transfers,NO,,,,,,,,,
77-11-76-62,Other in-kind transfers (excluding food),YES,,Government,NO,NO,NO,NO,NO,YES,NO
77-29-81-66,Food,NO,,,,,,,,,
77-29-81-66,Direct Cash Transfers,YES,24,Government,YES,NO,NO,NO,NO,NO,NO
77-29-81-66,Other in-kind transfers (excluding food),NO,,,,,,,,,
77-87-31-78,Food,YES,,Community organization,NO,NO,NO,NO,NO,YES,NO
77-87-31-78,Direct Cash Transfers,NO,,,,,,,,,
77-87-31-78,Other in-kind transfers (excluding food),NO,,,,,,,,,
77-92-23-80,Food,NO,,,,,,,,,
77-92-23-80,Direct Cash Transfers,NO,,,,,,,,,
77-92-23-80,Other in-kind transfers (excluding food),YES,,Government,NO,NO,NO,NO,NO,YES,NO
78-58-11-12,Food,YES,,Religious body,NO,NO,NO,NO,NO,NO,YES
78-58-11-12,Direct Cash Transfers,YES,5,Religious body,NO,NO,NO,NO,NO,NO,YES
78-58-11-12,Other in-kind transfers (excluding food),NO,,,,,,,,,
79-87-49-96,Food,NO,,,,,,,,,
79-87-49-96,Direct Cash Transfers,YES,72,Government,YES,NO,NO,NO,NO,NO,NO
79-87-49-96,Other in-kind transfers (excluding food),NO,,,,,,,,,
80-88-34-25,Food,NO,,,,,,,,,
80-88-34-25,Direct Cash Transfers,NO,,,,,,,,,
80-88-34-25,Other in-kind transfers (excluding food),YES,,Government,NO,NO,NO,NO,NO,YES,NO
80-91-76-81,Food,NO,,,,,,,,,
80-91-76-81,Direct Cash Transfers,NO,,,,,,,,,
80-91-76-81,Other in-kind transfers (excluding food),YES,,Government,NO,NO,NO,NO,NO,YES,NO
80-97-76-22,Food,NO,,,,,,,,,
80-97-76-22,Direct Cash Transfers,YES,30,Government,YES,NO,NO,NO,NO,NO,NO
80-97-76-22,Other in-kind transfers (excluding food),NO,,,,,,,,,
82-16-93-71,Food,NO,,,,,,,,,
82-16-93-71,Direct Cash Transfers,YES,40,Government,YES,NO,NO,NO,NO,NO,NO
82-16-93-71,Other in-kind transfers (excluding food),NO,,,,,,,,,
82-87-50-46,Food,NO,,,,,,,,,
82-87-50-46,Direct Cash Transfers,YES,32,Government,YES,NO,NO,NO,NO,NO,NO
82-87-50-46,Other in-kind transfers (excluding food),NO,,,,,,,,,
82-98-72-55,Food,NO,,,,,,,,,
82-98-72-55,Direct Cash Transfers,YES,17,Government,YES,NO,NO,NO,NO,NO,NO
82-98-72-55,Other in-kind transfers (excluding food),NO,,,,,,,,,
84-01-65-09,Food,NO,,,,,,,,,
84-01-65-09,Direct Cash Transfers,YES,40,Government,YES,NO,NO,NO,NO,NO,NO
84-01-65-09,Other in-kind transfers (excluding food),NO,,,,,,,,,
85-12-58-57,Food,NO,,,,,,,,,
85-12-58-57,Direct Cash Transfers,YES,28,Government,YES,NO,NO,NO,NO,NO,NO
85-12-58-57,Other in-kind transfers (excluding food),YES,,Government,NO,NO,NO,NO,NO,YES,NO
86-60-44-34,Food,NO,,,,,,,,,
86-60-44-34,Direct Cash Transfers,YES,26,Government,YES,NO,NO,NO,NO,NO,NO
86-60-44-34,Other in-kind transfers (excluding food),NO,,,,,,,,,
86-66-88-59,Food,NO,,,,,,,,,
86-66-88-59,Direct Cash Transfers,NO,,,,,,,,,
86-66-88-59,Other in-kind transfers (excluding food),YES,,Government,NO,NO,NO,NO,NO,YES,NO
86-91-29-12,Food,NO,,,,,,,,,
86-91-29-12,Direct Cash Transfers,NO,,,,,,,,,
86-91-29-12,Other in-kind transfers (excluding food),YES,,Government,NO,NO,NO,NO,NO,YES,NO
86-95-05-55,Food,NO,,,,,,,,,
86-95-05-55,Direct Cash Transfers,YES,40,Government,YES,NO,NO,NO,NO,NO,NO
86-95-05-55,Other in-kind transfers (excluding food),NO,,,,,,,,,
87-35-60-51,Food,NO,,,,,,,,,
87-35-60-51,Direct Cash Transfers,YES,34,Government,YES,NO,NO,NO,NO,NO,NO
87-35-60-51,Other in-kind transfers (excluding food),NO,,,,,,,,,
87-48-59-39,Food,NO,,,,,,,,,
87-48-59-39,Direct Cash Transfers,YES,12,Government,YES,NO,NO,NO,NO,NO,NO
87-48-59-39,Other in-kind transfers (excluding food),NO,,,,,,,,,
88-56-00-44,Food,NO,,,,,,,,,
88-56-00-44,Direct Cash Transfers,YES,32,Government,YES,NO,NO,NO,NO,NO,NO
88-56-00-44,Other in-kind transfers (excluding food),NO,,,,,,,,,
88-88-80-10,Food,NO,,,,,,,,,
88-88-80-10,Direct Cash Transfers,YES,42,Government,YES,NO,NO,NO,NO,NO,NO
88-88-80-10,Other in-kind transfers (excluding food),NO,,,,,,,,,
89-08-65-41,Food,NO,,,,,,,,,
89-08-65-41,Direct Cash Transfers,YES,8,Ngo,NO,NO,YES,NO,NO,NO,NO
89-08-65-41,Other in-kind transfers (excluding food),NO,,,,,,,,,
92-66-10-53,Food,NO,,,,,,,,,
92-66-10-53,Direct Cash Transfers,NO,,,,,,,,,
92-66-10-53,Other in-kind transfers (excluding food),YES,,Government,NO,NO,NO,NO,NO,YES,NO
93-55-82-79,Food,NO,,,,,,,,,
93-55-82-79,Direct Cash Transfers,YES,20,Government,YES,NO,NO,NO,NO,NO,NO
93-55-82-79,Other in-kind transfers (excluding food),NO,,,,,,,,,
93-79-64-74,Food,NO,,,,,,,,,
93-79-64-74,Direct Cash Transfers,YES,28,Government,YES,NO,NO,NO,NO,NO,NO
93-79-64-74,Other in-kind transfers (excluding food),NO,,,,,,,,,
94-31-28-90,Food,NO,,,,,,,,,
94-31-28-90,Direct Cash Transfers,YES,29,Government,YES,NO,NO,NO,NO,NO,NO
94-31-28-90,Other in-kind transfers (excluding food),NO,,,,,,,,,
94-53-85-10,Food,YES,,Other,NO,NO,NO,NO,NO,NO,YES
94-53-85-10,Direct Cash Transfers,YES,26,Government,YES,NO,NO,NO,NO,NO,NO
94-53-85-10,Other in-kind transfers (excluding food),NO,,,,,,,,,
94-73-04-14,Food,NO,,,,,,,,,
94-73-04-14,Direct Cash Transfers,NO,,,,,,,,,
94-73-04-14,Other in-kind transfers (excluding food),YES,,Government,NO,NO,NO,NO,NO,YES,NO
95-23-54-25,Food,NO,,,,,,,,,
95-23-54-25,Direct Cash Transfers,YES,44,Government,YES,NO,NO,NO,NO,NO,NO
95-23-54-25,Other in-kind transfers (excluding food),NO,,,,,,,,,
95-33-09-89,Food,YES,,Religious body,NO,NO,NO,NO,NO,NO,YES
95-33-09-89,Direct Cash Transfers,YES,26,Government,YES,NO,NO,NO,NO,NO,NO
95-33-09-89,Other in-kind transfers (excluding food),YES,,Religious body,NO,NO,NO,NO,NO,NO,YES
95-43-17-18,Food,NO,,,,,,,,,
95-43-17-18,Direct Cash Transfers,YES,60,Government,YES,NO,NO,NO,NO,NO,NO
95-43-17-18,Other in-kind transfers (excluding food),NO,,,,,,,,,
96-04-71-13,Food,YES,,Government,NO,NO,NO,NO,NO,YES,NO
96-04-71-13,Direct Cash Transfers,YES,25,Government,YES,NO,NO,NO,NO,NO,NO
96-04-71-13,Other in-kind transfers (excluding food),NO,,,,,,,,,
96-09-98-35,Food,YES,,Religious body,NO,NO,YES,NO,NO,NO,NO
96-09-98-35,Direct Cash Transfers,NO,,,,,,,,,
96-09-98-35,Other in-kind transfers (excluding food),NO,,,,,,,,,
98-06-76-33,Food,YES,,International organization,NO,NO,YES,NO,NO,NO,NO
98-06-76-33,Direct Cash Transfers,YES,8,International organization,NO,NO,NO,YES,NO,NO,NO
98-06-76-33,Other in-kind transfers (excluding food),NO,,,,,,,,,
98-53-56-90,Food,YES,,Government,NO,NO,NO,NO,NO,YES,NO
98-53-56-90,Direct Cash Transfers,NO,,,,,,,,,
98-53-56-90,Other in-kind transfers (excluding food),NO,,,,,,,,,
98-79-71-21,Food,NO,,,,,,,,,
98-79-71-21,Direct Cash Transfers,NO,,,,,,,,,
98-79-71-21,Other in-kind transfers (excluding food),YES,,International organization,NO,NO,NO,NO,NO,NO,YES
98-85-26-70,Food,NO,,,,,,,,,
98-85-26-70,Direct Cash Transfers,YES,28,Government,YES,NO,NO,NO,NO,NO,NO
98-85-26-70,Other in-kind transfers (excluding food),NO,,,,,,,,,
99-21-18-63,Food,NO,,,,,,,,,
99-21-18-63,Direct Cash Transfers,YES,50,Government,YES,NO,NO,NO,NO,NO,NO
99-21-18-63,Other in-kind transfers (excluding food),NO,,,,,,,,,
99-39-38-50,Food,NO,,,,,,,,,
99-39-38-50,Direct Cash Transfers,YES,40,Government,YES,NO,NO,NO,NO,NO,NO
99-39-38-50,Other in-kind transfers (excluding food),YES,,Government,NO,NO,NO,NO,NO,YES,NO
99-46-75-70,Food,YES,,Religious body,NO,NO,NO,NO,NO,NO,YES
99-46-75-70,Direct Cash Transfers,NO,,,,,,,,,
99-46-75-70,Other in-kind transfers (excluding food),NO,,,,,,,,,
99-49-49-47,Food,YES,,Ngo,NO,NO,NO,NO,NO,NO,YES
99-49-49-47,Direct Cash Transfers,NO,,,,,,,,,
99-49-49-47,Other in-kind transfers (excluding food),NO,,,,,,,,,
