interview__key,s6q1,s6q2,s6q3,s6q4,s6q4a,s6q4b,s6q4c,s6q5,s6q6,s6q7,s6q8,s6q8a,s6q8b__1,s6q8b__2,s6q8c,s6q9,s6q10__0,s6q10__1,s6q10__2,s6q11,s6q12,s6q13,s6q14,s6q15,s6q16,s6q17__1,s6q17__2,s6q17__3,s6q17__4,s6q17__5,s6q17__6,s6q17__7
00-11-48-08,YES,,,,YES,,,"AGRICULTURE, HUNTING, FISHING","In a family farm, raising family livestock, or fishing",,,,,,,NO,,,,NO,,,,YES,YES,,,,,,,
00-14-18-28,YES,,,,NO,Business/office closed due to coronavirus legal restrictions,EDUCATION,EDUCATION,As an employee for someone else,YES,,,NO,NO,Yes,NO,,,,NO,,,,YES,YES,,,,,,,
00-24-35-42,YES,,,,YES,,,"AGRICULTURE, HUNTING, FISHING","In a family farm, raising family livestock, or fishing",,,,,,,3,,,,NO,,,,YES,YES,,,,,,,
00-28-02-38,YES,,,,YES,,,BUYING AND SELLING,In your own business,,,,,,,NO,,,,YES,BUYING AND SELLING,Less,No customers/few customers,NO,,,,,,,,
00-30-20-73,YES,,,,YES,,,MANUFACTURING,As an employee for someone else,YES,,,NO,NO,No,NO,,,,NO,,,,YES,YES,,,,,,,
00-41-06-44,YES,,,,YES,,,"AGRICULTURE, HUNTING, FISHING","In a family farm, raising family livestock, or fishing",,,,,,,3,,,,NO,,,,YES,YES,,,,,,,
00-76-39-80,YES,,,,YES,,,"AGRICULTURE, HUNTING, FISHING","In a family farm, raising family livestock, or fishing",,,,,,,3,,,,NO,,,,YES,YES,,,,,,,
00-77-55-82,YES,,,,YES,,,TRANSPORTATION,As an employee for someone else,YES,,,NO,NO,No,3,,,,NO,,,,YES,YES,,,,,,,
00-77-84-76,YES,,,,YES,,,TRANSPORTATION,As an employee for someone else,YES,,,NO,NO,No,NO,,,,NO,,,,YES,YES,,,,,,,
00-91-59-01,YES,,,,YES,,,BUYING AND SELLING,In your own business,,,,,,,NO,,,,YES,BUYING AND SELLING,Less,No customers/few customers,NO,,,,,,,,
00-99-04-04,NO,NO,,,,,,,,,,,,,,3,,,,NO,,,,YES,YES,,,,,,,
01-13-94-22,NO,NO,,,,,,,,,,,,,,3,,,,YES,BUYING AND SELLING,Less,No customers/few customers,NO,,,,,,,,
01-25-97-47,YES,,,,YES,,,BUYING AND SELLING,In a business operated by a household member,,,,,,,NO,,,,YES,BUYING AND SELLING,The same,,NO,,,,,,,,
01-28-90-88,NO,YES,Not farming season,"AGRICULTURE, HUNTING, FISHING",,,,,,,,,,,,YES,2,,,NO,,,,YES,YES,,,,,,,
01-36-35-01,YES,,,,YES,,,PERSONAL SERVICES,In a business operated by a household member,,,,,,,3,,,,YES,PERSONAL SERVICES,Less,No customers/few customers,NO,,,,,,,,
01-45-89-17,YES,,,,YES,,,"AGRICULTURE, HUNTING, FISHING","In a family farm, raising family livestock, or fishing",,,,,,,3,,,,NO,,,,YES,YES,,,,,,,
01-53-99-24,YES,,,,YES,,,"AGRICULTURE, HUNTING, FISHING","In a family farm, raising family livestock, or fishing",,,,,,,NO,,,,NO,,,,YES,YES,,,,,,,
01-74-04-52,YES,,,,YES,,,BUYING AND SELLING,In a business operated by a household member,,,,,,,NO,,,,YES,BUYING AND SELLING,Less,No customers/few customers,NO,,,,,,,,
02-36-19-45,YES,,,,YES,,,PERSONAL SERVICES,As an employee for someone else,YES,,,NO,NO,Yes,NO,,,,NO,,,,YES,YES,,,,,,,
02-39-28-57,YES,,,,YES,,,BUYING AND SELLING,In your own business,,,,,,,3,,,,YES,BUYING AND SELLING,Less,No customers/few customers,NO,,,,,,,,
02-42-13-55,YES,,,,YES,,,BUYING AND SELLING,In your own business,,,,,,,YES,5,7,2,YES,BUYING AND SELLING,Less,No customers/few customers,NO,,,,,,,,
02-53-05-40,YES,,,,NO,Seasonal worker,PERSONAL SERVICES,"AGRICULTURE, HUNTING, FISHING","In a family farm, raising family livestock, or fishing",,,,,,,NO,,,,NO,,,,YES,YES,,,,,,,
02-60-77-80,YES,,,,YES,,,BUYING AND SELLING,In a business operated by a household member,,,,,,,3,,,,YES,BUYING AND SELLING,The same,,YES,YES,,,,,,,
02-82-48-36,YES,,,,YES,,,"AGRICULTURE, HUNTING, FISHING","In a family farm, raising family livestock, or fishing",,,,,,,NO,,,,NO,,,,YES,YES,,,,,,,
02-83-06-69,YES,,,,NO,Seasonal worker,CONSTRUCTION,"AGRICULTURE, HUNTING, FISHING","In a family farm, raising family livestock, or fishing",,,,,,,NO,,,,NO,,,,YES,YES,,,,,,,
02-98-13-39,YES,,,,YES,,,"AGRICULTURE, HUNTING, FISHING","In a family farm, raising family livestock, or fishing",,,,,,,YES,4,,,NO,,,,YES,YES,,,,,,,
02-98-52-98,YES,,,,YES,,,"AGRICULTURE, HUNTING, FISHING","In a family farm, raising family livestock, or fishing",,,,,,,YES,3,,,YES,BUYING AND SELLING,The same,,YES,YES,,,,,,,
03-07-95-46,YES,,,,YES,,,BUYING AND SELLING,In a business operated by a household member,,,,,,,NO,,,,YES,BUYING AND SELLING,The same,,NO,,,,,,,,
03-69-22-18,YES,,,,YES,,,PUBLIC ADMINISTRATION,As an employee for someone else,YES,,,NO,YES,No,YES,2,5,6,NO,,,,NO,,,,,,,,
03-97-19-11,YES,,,,YES,,,CONSTRUCTION,As an employee for someone else,YES,,,NO,NO,No,3,,,,NO,,,,NO,,,,,,,,
03-98-01-40,YES,,,,YES,,,PUBLIC ADMINISTRATION,As an employee for someone else,YES,,,NO,YES,No,NO,,,,YES,BUYING AND SELLING,The same,,YES,YES,,,,,,,
04-16-87-48,YES,,,,NO,Seasonal worker,CONSTRUCTION,TRANSPORTATION,As an employee for someone else,NO,No payment,FURLOUGH,NO,NO,No,NO,,,,NO,,,,NO,,,,,,,,
04-17-16-88,YES,,,,YES,,,BUYING AND SELLING,In a business operated by a household member,,,,,,,YES,1,,,YES,BUYING AND SELLING,The same,,NO,,,,,,,,
04-24-33-03,NO,NO,,,,,,,,,,,,,,NO,,,,NO,,,,NO,,,,,,,,
04-38-19-68,YES,,,,NO,Other,"OTHER, SPECIFY",BUYING AND SELLING,As an employee for someone else,YES,,,NO,NO,No,3,,,,NO,,,,YES,YES,,,,,,,
04-63-92-39,YES,,,,YES,,,TRANSPORTATION,As an employee for someone else,YES,,,NO,NO,No,NO,,,,NO,,,,NO,,,,,,,,
04-66-96-52,NO,NO,,,,,,,,,,,,,,NO,,,,NO,,,,YES,YES,,,,,,,
04-81-78-84,YES,,,,YES,,,"AGRICULTURE, HUNTING, FISHING","In a family farm, raising family livestock, or fishing",,,,,,,NO,,,,YES,BUYING AND SELLING,Less,Usual place of business closed to coronavirus legal restrictions,YES,YES,,,,,,,
05-04-68-47,YES,,,,YES,,,"AGRICULTURE, HUNTING, FISHING","In a family farm, raising family livestock, or fishing",,,,,,,NO,,,,NO,,,,YES,YES,,,,,,,
05-15-33-31,NO,NO,,,,,,,,,,,,,,3,,,,NO,,,,NO,,,,,,,,
05-25-66-94,YES,,,,YES,,,MANUFACTURING,As an employee for someone else,YES,,,YES,NO,Yes,YES,1,,,NO,,,,YES,YES,,,,,,,
05-26-75-75,YES,,,,YES,,,ELECTRICITY/WATER/GAS /WASTE,In your own business,,,,,,,NO,,,,YES,ELECTRICITY/WATER/GAS /WASTE,The same,,NO,,,,,,,,
05-61-61-38,NO,NO,,,,,,,,,,,,,,NO,,,,NO,,,,YES,YES,,,,,,,
05-78-48-36,NO,NO,,,,,,,,,,,,,,NO,,,,NO,,,,YES,YES,,,,,,,
05-82-24-73,YES,,,,YES,,,CONSTRUCTION,As an employee for someone else,YES,,,YES,NO,Yes,YES,2,,,NO,,,,NO,,,,,,,,
05-84-34-71,YES,,,,YES,,,TRANSPORTATION,"In a family farm, raising family livestock, or fishing",,,,,,,NO,,,,YES,TRANSPORTATION,Less,No customers/few customers,YES,YES,,,,,,,
06-18-94-54,YES,,,,YES,,,BUYING AND SELLING,In your own business,,,,,,,3,,,,YES,BUYING AND SELLING,Less,No customers/few customers,NO,,,,,,,,
06-44-48-23,YES,,,,YES,,,"AGRICULTURE, HUNTING, FISHING","In a family farm, raising family livestock, or fishing",,,,,,,YES,3,4,,NO,,,,YES,YES,,,,,,,
06-51-01-81,YES,,,,YES,,,BUYING AND SELLING,In a business operated by a household member,,,,,,,3,,,,YES,BUYING AND SELLING,Less,Need to take care of a family member,NO,,,,,,,,
06-77-22-73,YES,,,,YES,,,BUYING AND SELLING,In a business operated by a household member,,,,,,,3,,,,YES,BUYING AND SELLING,The same,,NO,,,,,,,,
06-79-10-35,YES,,,,YES,,,"AGRICULTURE, HUNTING, FISHING","In a family farm, raising family livestock, or fishing",,,,,,,NO,,,,YES,BUYING AND SELLING,The same,,YES,NO,NO,NO,NO,NO,NO,NO,YES
06-86-53-01,YES,,,,YES,,,CONSTRUCTION,As an employee for someone else,YES,,,NO,NO,No,NO,,,,NO,,,,YES,YES,,,,,,,
06-93-50-31,NO,YES,Seasonal worker,CONSTRUCTION,,,,,,,,,,,,NO,,,,NO,,,,YES,YES,,,,,,,
06-95-16-01,NO,NO,,,,,,,,,,,,,,NO,,,,NO,,,,YES,YES,,,,,,,
06-99-62-55,NO,NO,,,,,,,,,,,,,,YES,2,,,NO,,,,NO,,,,,,,,
07-09-29-32,YES,,,,YES,,,"AGRICULTURE, HUNTING, FISHING",As an employee for someone else,YES,,,NO,NO,No,NO,,,,NO,,,,NO,,,,,,,,
07-21-69-77,YES,,,,YES,,,"AGRICULTURE, HUNTING, FISHING","In a family farm, raising family livestock, or fishing",,,,,,,NO,,,,YES,BUYING AND SELLING,Less,No customers/few customers,YES,YES,,,,,,,
07-38-15-10,NO,YES,Business/office closed for another reason,"AGRICULTURE, HUNTING, FISHING",,,,,,,,,,,,YES,2,,,NO,,,,YES,YES,,,,,,,
07-45-98-59,YES,,,,YES,,,ELECTRICITY/WATER/GAS /WASTE,As an employee for someone else,YES,,,NO,NO,No,NO,,,,NO,,,,NO,,,,,,,,
07-57-68-78,NO,NO,,,,,,,,,,,,,,NO,,,,NO,,,,NO,,,,,,,,
07-87-14-21,NO,YES,Ill/quarantined,MANUFACTURING,,,,,,,,,,,,YES,3,,,NO,,,,YES,YES,,,,,,,
07-87-20-23,YES,,,,YES,,,"AGRICULTURE, HUNTING, FISHING","In a family farm, raising family livestock, or fishing",,,,,,,YES,5,,,NO,,,,YES,YES,,,,,,,
07-92-66-86,YES,,,,YES,,,"AGRICULTURE, HUNTING, FISHING","In a family farm, raising family livestock, or fishing",,,,,,,3,,,,NO,,,,YES,YES,,,,,,,
08-27-46-13,NO,NO,,,,,,,,,,,,,,NO,,,,YES,CONSTRUCTION,Less,Usual place of business closed for another reason,YES,YES,,,,,,,
08-37-54-38,YES,,,,YES,,,"AGRICULTURE, HUNTING, FISHING","In a family farm, raising family livestock, or fishing",,,,,,,3,,,,NO,,,,YES,YES,,,,,,,
08-42-45-60,YES,,,,YES,,,"AGRICULTURE, HUNTING, FISHING",As an employee for someone else,YES,,,NO,NO,No,NO,,,,YES,BUYING AND SELLING,Less,No customers/few customers,YES,YES,,,,,,,
08-66-93-20,NO,YES,Vacation,MANUFACTURING,,,,,,,,,,,,NO,,,,YES,BUYING AND SELLING,Less,No customers/few customers,NO,,,,,,,,
08-76-74-15,YES,,,,YES,,,"AGRICULTURE, HUNTING, FISHING","In a family farm, raising family livestock, or fishing",,,,,,,3,,,,NO,,,,YES,YES,,,,,,,
08-87-72-25,YES,,,,NO,Business/office closed due to coronavirus legal restrictions,"OTHER, SPECIFY","OTHER, SPECIFY",As an employee for someone else,YES,,,NO,NO,No,3,,,,NO,,,,NO,,,,,,,,
08-92-82-63,YES,,,,YES,,,EDUCATION,As an employee for someone else,YES,,,YES,YES,Yes,NO,,,,NO,,,,YES,YES,,,,,,,
09-26-24-56,NO,YES,Business/office closed for another reason,CONSTRUCTION,,,,,,,,,,,,NO,,,,NO,,,,NO,,,,,,,,
09-48-37-76,NO,NO,,,,,,,,,,,,,,3,,,,YES,BUYING AND SELLING,Less,No customers/few customers,YES,YES,,,,,,,
09-52-36-40,NO,NO,,,,,,,,,,,,,,NO,,,,NO,,,,NO,,,,,,,,
09-54-86-04,YES,,,,YES,,,EDUCATION,"As an apprentice, trainee, intern",YES,,,NO,YES,Yes,NO,,,,NO,,,,NO,,,,,,,,
09-56-25-86,YES,,,,YES,,,"AGRICULTURE, HUNTING, FISHING",As an employee for someone else,YES,,,NO,NO,No,3,,,,NO,,,,NO,,,,,,,,
09-56-37-66,NO,YES,Vacation,PROFESSIONAL/ SCIENTIFIC/TECHNICAL ACTIVITIES,,,,,,,,,,,,NO,,,,NO,,,,NO,,,,,,,,
09-70-29-30,YES,,,,YES,,,"AGRICULTURE, HUNTING, FISHING","In a family farm, raising family livestock, or fishing",,,,,,,YES,2,,,NO,,,,YES,YES,,,,,,,
09-72-73-80,NO,NO,,,,,,,,,,,,,,NO,,,,NO,,,,YES,YES,,,,,,,
09-99-80-99,YES,,,,YES,,,BUYING AND SELLING,In a business operated by a household member,,,,,,,3,,,,YES,BUYING AND SELLING,The same,,NO,,,,,,,,
10-00-23-23,YES,,,,YES,,,HEALTH,As an employee for someone else,YES,,,NO,NO,No,3,,,,YES,BUYING AND SELLING,No revenue,No customers/few customers,NO,,,,,,,,
10-24-50-53,NO,NO,,,,,,,,,,,,,,3,,,,NO,,,,NO,,,,,,,,
10-62-87-07,YES,,,,YES,,,PERSONAL SERVICES,"As an apprentice, trainee, intern",YES,,,NO,NO,No,3,,,,NO,,,,YES,YES,,,,,,,
10-67-83-00,YES,,,,YES,,,PERSONAL SERVICES,As an employee for someone else,YES,,,NO,NO,No,NO,,,,NO,,,,YES,YES,,,,,,,
10-73-31-63,YES,,,,YES,,,"AGRICULTURE, HUNTING, FISHING","In a family farm, raising family livestock, or fishing",,,,,,,YES,2,,,NO,,,,YES,YES,,,,,,,
11-20-56-39,YES,,,,YES,,,PERSONAL SERVICES,In a business operated by a household member,,,,,,,3,,,,YES,PERSONAL SERVICES,Less,No customers/few customers,YES,YES,,,,,,,
11-27-77-65,YES,,,,YES,,,"AGRICULTURE, HUNTING, FISHING","In a family farm, raising family livestock, or fishing",,,,,,,YES,3,,,NO,,,,YES,YES,,,,,,,
11-29-24-37,YES,,,,YES,,,BUYING AND SELLING,In your own business,,,,,,,NO,,,,YES,BUYING AND SELLING,Less,No customers/few customers,NO,,,,,,,,
11-37-75-66,YES,,,,YES,,,"AGRICULTURE, HUNTING, FISHING","In a family farm, raising family livestock, or fishing",,,,,,,NO,,,,YES,BUYING AND SELLING,No revenue,Ill with another disease,YES,YES,,,,,,,
11-65-32-70,YES,,,,YES,,,BUYING AND SELLING,In a business operated by a household member,,,,,,,NO,,,,YES,BUYING AND SELLING,Less,No customers/few customers,YES,YES,,,,,,,
11-71-20-07,YES,,,,NO,Seasonal worker,CONSTRUCTION,"AGRICULTURE, HUNTING, FISHING","In a family farm, raising family livestock, or fishing",,,,,,,NO,,,,NO,,,,YES,YES,,,,,,,
11-74-42-47,NO,YES,Business/office closed due to coronavirus legal restrictions,MANUFACTURING,,,,,,,,,,,,NO,,,,NO,,,,NO,,,,,,,,
11-84-40-86,YES,,,,YES,,,"AGRICULTURE, HUNTING, FISHING","In a family farm, raising family livestock, or fishing",,,,,,,NO,,,,NO,,,,YES,YES,,,,,,,
11-90-81-43,YES,,,,YES,,,"AGRICULTURE, HUNTING, FISHING",As an employee for someone else,YES,,,NO,NO,No,NO,,,,NO,,,,YES,YES,,,,,,,
12-07-47-45,YES,,,,YES,,,CONSTRUCTION,As an employee for someone else,YES,,,NO,NO,No,YES,2,,,NO,,,,NO,,,,,,,,
12-14-50-11,NO,YES,Ill/quarantined,"AGRICULTURE, HUNTING, FISHING",,,,,,,,,,,,YES,1,,,NO,,,,YES,YES,,,,,,,
12-35-90-39,YES,,,,YES,,,"AGRICULTURE, HUNTING, FISHING",As an employee for someone else,YES,,,NO,NO,No,NO,,,,NO,,,,NO,,,,,,,,
12-37-68-17,YES,,,,YES,,,CONSTRUCTION,In your own business,,,,,,,3,,,,YES,BUYING AND SELLING,Less,No customers/few customers,NO,,,,,,,,
12-38-10-28,YES,,,,YES,,,BUYING AND SELLING,In your own business,,,,,,,3,,,,YES,BUYING AND SELLING,Less,No customers/few customers,NO,,,,,,,,
12-70-03-22,YES,,,,YES,,,PUBLIC ADMINISTRATION,As an employee for someone else,YES,,,NO,NO,Yes,NO,,,,NO,,,,NO,,,,,,,,
12-89-15-03,NO,NO,,,,,,,,,,,,,,NO,,,,NO,,,,YES,YES,,,,,,,
12-90-25-18,NO,NO,,,,,,,,,,,,,,3,,,,YES,BUYING AND SELLING,The same,,NO,,,,,,,,
13-05-07-31,NO,YES,Seasonal worker,"AGRICULTURE, HUNTING, FISHING",,,,,,,,,,,,YES,3,7,,NO,,,,YES,YES,,,,,,,
13-40-45-67,NO,NO,,,,,,,,,,,,,,NO,,,,YES,BUYING AND SELLING,Less,No customers/few customers,NO,,,,,,,,
13-50-00-00,YES,,,,YES,,,"AGRICULTURE, HUNTING, FISHING","In a family farm, raising family livestock, or fishing",,,,,,,NO,,,,YES,BUYING AND SELLING,Less,No customers/few customers,YES,YES,,,,,,,
13-60-37-63,NO,NO,,,,,,,,,,,,,,NO,,,,NO,,,,YES,YES,,,,,,,
13-70-88-03,NO,NO,,,,,,,,,,,,,,3,,,,NO,,,,NO,,,,,,,,
13-73-84-95,YES,,,,YES,,,BUYING AND SELLING,In a business operated by a household member,,,,,,,3,,,,YES,BUYING AND SELLING,Less,No customers/few customers,NO,,,,,,,,
13-85-44-31,YES,,,,YES,,,"AGRICULTURE, HUNTING, FISHING","In a family farm, raising family livestock, or fishing",,,,,,,NO,,,,NO,,,,YES,YES,,,,,,,
14-54-93-04,NO,NO,,,,,,,,,,,,,,NO,,,,NO,,,,NO,,,,,,,,
14-56-06-34,NO,YES,Furlough (temporarily laid off),"AGRICULTURE, HUNTING, FISHING",,,,,,,,,,,,YES,4,3,,NO,,,,YES,YES,,,,,,,
14-61-96-73,YES,,,,YES,,,"AGRICULTURE, HUNTING, FISHING","In a family farm, raising family livestock, or fishing",,,,,,,3,,,,NO,,,,YES,YES,,,,,,,
14-80-37-38,NO,YES,Ill/quarantined,"AGRICULTURE, HUNTING, FISHING",,,,,,,,,,,,NO,,,,NO,,,,YES,YES,,,,,,,
14-91-69-00,YES,,,,YES,,,"AGRICULTURE, HUNTING, FISHING","In a family farm, raising family livestock, or fishing",,,,,,,YES,6,,,NO,,,,YES,YES,,,,,,,
15-10-58-17,YES,,,,YES,,,BUYING AND SELLING,In your own business,,,,,,,3,,,,YES,BUYING AND SELLING,Less,No customers/few customers,NO,,,,,,,,
15-28-98-50,YES,,,,YES,,,"AGRICULTURE, HUNTING, FISHING",As an employee for someone else,YES,,,NO,NO,No,NO,,,,NO,,,,NO,,,,,,,,
15-35-12-75,NO,YES,Seasonal worker,"AGRICULTURE, HUNTING, FISHING",,,,,,,,,,,,NO,,,,NO,,,,YES,YES,,,,,,,
15-48-48-18,YES,,,,YES,,,"AGRICULTURE, HUNTING, FISHING","In a family farm, raising family livestock, or fishing",,,,,,,NO,,,,NO,,,,YES,YES,,,,,,,
15-68-10-75,YES,,,,YES,,,"AGRICULTURE, HUNTING, FISHING","In a family farm, raising family livestock, or fishing",,,,,,,NO,,,,NO,,,,YES,YES,,,,,,,
15-68-73-91,YES,,,,YES,,,CONSTRUCTION,As an employee for someone else,YES,,,NO,NO,No,NO,,,,NO,,,,YES,YES,,,,,,,
15-91-45-68,YES,,,,YES,,,"AGRICULTURE, HUNTING, FISHING","In a family farm, raising family livestock, or fishing",,,,,,,NO,,,,NO,,,,YES,YES,,,,,,,
15-99-35-27,NO,NO,,,,,,,,,,,,,,YES,5,,,NO,,,,YES,YES,,,,,,,
16-13-61-65,YES,,,,YES,,,PERSONAL SERVICES,In your own business,,,,,,,3,,,,YES,PERSONAL SERVICES,The same,,NO,,,,,,,,
16-15-69-73,YES,,,,YES,,,BUYING AND SELLING,In a business operated by a household member,,,,,,,3,,,,YES,BUYING AND SELLING,Less,No customers/few customers,NO,,,,,,,,
16-46-87-02,YES,,,,YES,,,PERSONAL SERVICES,As an employee for someone else,YES,,,NO,NO,No,NO,,,,NO,,,,NO,,,,,,,,
16-93-86-61,YES,,,,YES,,,"AGRICULTURE, HUNTING, FISHING","In a family farm, raising family livestock, or fishing",,,,,,,NO,,,,NO,,,,YES,YES,,,,,,,
17-58-97-56,YES,,,,YES,,,EDUCATION,As an employee for someone else,NO,Full normal payment,BUSINESS / OFFICE CLOSED DUE TO  CORONAVIRUS LEGAL RESTRICTIONS,YES,NO,No,YES,4,,,YES,BUYING AND SELLING,Higher,,NO,,,,,,,,
17-59-02-00,YES,,,,YES,,,"AGRICULTURE, HUNTING, FISHING","In a family farm, raising family livestock, or fishing",,,,,,,NO,,,,YES,AGRICULTURE,No revenue,Other,YES,YES,,,,,,,
17-68-18-77,YES,,,,NO,Vacation,PUBLIC ADMINISTRATION,"AGRICULTURE, HUNTING, FISHING","In a family farm, raising family livestock, or fishing",,,,,,,NO,,,,YES,BUYING AND SELLING,Less,No customers/few customers,YES,YES,,,,,,,
17-71-66-38,YES,,,,YES,,,BUYING AND SELLING,In your own business,,,,,,,YES,3,4,,YES,BUYING AND SELLING,The same,,YES,YES,,,,,,,
17-88-60-75,YES,,,,YES,,,MANUFACTURING,In your own business,,,,,,,3,,,,YES,MANUFACTURING,Less,No customers/few customers,NO,,,,,,,,
17-99-50-48,YES,,,,YES,,,MANUFACTURING,As an employee for someone else,YES,,,YES,NO,Yes,NO,,,,NO,,,,YES,YES,,,,,,,
18-42-12-21,NO,NO,,,,,,,,,,,,,,NO,,,,NO,,,,NO,,,,,,,,
18-45-01-24,NO,NO,,,,,,,,,,,,,,NO,,,,NO,,,,NO,,,,,,,,
18-49-28-85,NO,NO,,,,,,,,,,,,,,YES,4,,,NO,,,,NO,,,,,,,,
18-58-08-30,NO,NO,,,,,,,,,,,,,,3,,,,NO,,,,NO,,,,,,,,
18-63-30-02,YES,,,,YES,,,"AGRICULTURE, HUNTING, FISHING","In a family farm, raising family livestock, or fishing",,,,,,,3,,,,YES,BUYING AND SELLING,The same,,YES,YES,,,,,,,
18-72-98-16,NO,YES,MATERNITY LEAVE,MANUFACTURING,,,,,,,,,,,,3,,,,NO,,,,YES,YES,,,,,,,
18-82-62-40,YES,,,,YES,,,BUYING AND SELLING,In your own business,,,,,,,NO,,,,YES,BUYING AND SELLING,Less,No customers/few customers,YES,YES,,,,,,,
19-03-30-38,NO,NO,,,,,,,,,,,,,,YES,3,,,NO,,,,NO,,,,,,,,
19-72-19-66,YES,,,,YES,,,"AGRICULTURE, HUNTING, FISHING","In a family farm, raising family livestock, or fishing",,,,,,,NO,,,,NO,,,,YES,YES,,,,,,,
19-75-91-64,YES,,,,YES,,,BUYING AND SELLING,In a business operated by a household member,,,,,,,3,,,,YES,BUYING AND SELLING,Higher,,NO,,,,,,,,
19-80-86-64,YES,,,,YES,,,"AGRICULTURE, HUNTING, FISHING","In a family farm, raising family livestock, or fishing",,,,,,,NO,,,,YES,BUYING AND SELLING,No revenue,Other,YES,YES,,,,,,,
19-90-05-01,YES,,,,YES,,,FINANCIAL/INSURANCE/ REAL EST. SERVICES,As an employee for someone else,YES,,,YES,YES,Yes,NO,,,,YES,FINANCIAL/INSURANCE/ REAL EST. SERVICES,Higher,,NO,,,,,,,,
20-13-45-35,YES,,,,YES,,,BUYING AND SELLING,In your own business,,,,,,,3,,,,YES,BUYING AND SELLING,The same,,YES,YES,,,,,,,
20-21-76-10,YES,,,,YES,,,MANUFACTURING,As an employee for someone else,YES,,,YES,NO,Yes,NO,,,,YES,BUYING AND SELLING,Less,No customers/few customers,YES,YES,,,,,,,
20-33-11-22,YES,,,,NO,Business/office closed for another reason,MANUFACTURING,"AGRICULTURE, HUNTING, FISHING",As an employee for someone else,YES,,,NO,NO,No,NO,,,,NO,,,,NO,,,,,,,,
20-35-26-66,YES,,,,YES,,,PERSONAL SERVICES,In a business operated by a household member,,,,,,,NO,,,,YES,PERSONAL SERVICES,Less,No customers/few customers,NO,,,,,,,,
20-86-70-58,NO,NO,,,,,,,,,,,,,,3,,,,NO,,,,NO,,,,,,,,
21-01-98-99,YES,,,,YES,,,BUYING AND SELLING,In your own business,,,,,,,3,,,,YES,BUYING AND SELLING,The same,,NO,,,,,,,,
21-56-73-53,YES,,,,YES,,,MANUFACTURING,As an employee for someone else,YES,,,NO,NO,No,YES,5,,,NO,,,,YES,YES,,,,,,,
21-59-52-44,NO,NO,,,,,,,,,,,,,,NO,,,,NO,,,,NO,,,,,,,,
21-88-93-32,NO,NO,,,,,,,,,,,,,,3,,,,NO,,,,NO,,,,,,,,
21-99-47-06,YES,,,,YES,,,"AGRICULTURE, HUNTING, FISHING","In a family farm, raising family livestock, or fishing",,,,,,,NO,,,,NO,,,,YES,YES,,,,,,,
22-07-73-87,NO,NO,,,,,,,,,,,,,,3,,,,NO,,,,YES,YES,,,,,,,
22-94-17-72,YES,,,,YES,,,"AGRICULTURE, HUNTING, FISHING",In your own business,,,,,,,3,,,,YES,BUYING AND SELLING,Less,No customers/few customers,YES,YES,,,,,,,
23-16-16-83,YES,,,,YES,,,CONSTRUCTION,As an employee for someone else,YES,,,NO,NO,No,3,,,,NO,,,,YES,YES,,,,,,,
23-32-08-95,YES,,,,YES,,,"AGRICULTURE, HUNTING, FISHING","In a family farm, raising family livestock, or fishing",,,,,,,NO,,,,NO,,,,YES,YES,,,,,,,
23-45-74-97,YES,,,,YES,,,PERSONAL SERVICES,As an employee for someone else,YES,,,NO,NO,No,NO,,,,NO,,,,YES,YES,,,,,,,
23-62-03-55,NO,NO,,,,,,,,,,,,,,3,,,,NO,,,,YES,YES,,,,,,,
23-70-43-39,YES,,,,YES,,,TRANSPORTATION,In a business operated by a household member,,,,,,,3,,,,YES,BUYING AND SELLING,The same,,YES,YES,,,,,,,
23-73-33-69,NO,NO,,,,,,,,,,,,,,NO,,,,NO,,,,NO,,,,,,,,
23-75-13-28,YES,,,,YES,,,"AGRICULTURE, HUNTING, FISHING","In a family farm, raising family livestock, or fishing",,,,,,,3,,,,NO,,,,YES,YES,,,,,,,
23-92-16-23,YES,,,,YES,,,MANUFACTURING,As an employee for someone else,YES,,,NO,NO,Yes,NO,,,,NO,,,,YES,YES,,,,,,,
24-18-89-36,YES,,,,YES,,,BUYING AND SELLING,In a business operated by a household member,,,,,,,3,,,,YES,BUYING AND SELLING,The same,,NO,,,,,,,,
24-21-42-95,YES,,,,YES,,,"AGRICULTURE, HUNTING, FISHING","In a family farm, raising family livestock, or fishing",,,,,,,3,,,,NO,,,,YES,YES,,,,,,,
24-26-83-06,YES,,,,YES,,,PERSONAL SERVICES,In a business operated by a household member,,,,,,,3,,,,YES,PERSONAL SERVICES,Less,No customers/few customers,NO,,,,,,,,
24-27-66-72,YES,,,,YES,,,BUYING AND SELLING,In a business operated by a household member,,,,,,,3,,,,YES,BUYING AND SELLING,Less,No customers/few customers,YES,YES,,,,,,,
24-77-97-66,YES,,,,YES,,,BUYING AND SELLING,In a business operated by a household member,,,,,,,3,,,,YES,BUYING AND SELLING,Higher,,NO,,,,,,,,
24-82-48-65,YES,,,,YES,,,BUYING AND SELLING,In a business operated by a household member,,,,,,,3,,,,YES,BUYING AND SELLING,The same,,NO,,,,,,,,
25-03-90-32,YES,,,,YES,,,"AGRICULTURE, HUNTING, FISHING","In a family farm, raising family livestock, or fishing",,,,,,,3,,,,NO,,,,YES,YES,,,,,,,
25-15-60-76,YES,,,,YES,,,BUYING AND SELLING,In a business operated by a household member,,,,,,,NO,,,,YES,BUYING AND SELLING,Less,No customers/few customers,NO,,,,,,,,
25-20-77-34,YES,,,,YES,,,MANUFACTURING,As an employee for someone else,YES,,,NO,NO,No,NO,,,,NO,,,,YES,YES,,,,,,,
25-26-91-49,YES,,,,YES,,,BUYING AND SELLING,In a business operated by a household member,,,,,,,NO,,,,YES,BUYING AND SELLING,Less,No customers/few customers,YES,YES,,,,,,,
25-71-53-69,YES,,,,YES,,,PROFESSIONAL/ SCIENTIFIC/TECHNICAL ACTIVITIES,As an employee for someone else,YES,,,YES,YES,Yes,NO,,,,YES,BUYING AND SELLING,The same,,YES,YES,,,,,,,
25-74-41-33,NO,YES,Business/office closed for another reason,"OTHER, SPECIFY",,,,,,,,,,,,3,,,,YES,"OTHER, SPECIFY",No revenue,Usual place of business closed for another reason,NO,,,,,,,,
25-77-33-12,NO,NO,,,,,,,,,,,,,,NO,,,,NO,,,,YES,YES,,,,,,,
25-77-58-96,YES,,,,YES,,,MANUFACTURING,As an employee for someone else,YES,,,NO,YES,Yes,YES,3,,,NO,,,,YES,YES,,,,,,,
25-80-38-05,YES,,,,YES,,,"AGRICULTURE, HUNTING, FISHING","In a family farm, raising family livestock, or fishing",,,,,,,YES,6,,,NO,,,,YES,YES,,,,,,,
25-99-07-45,YES,,,,YES,,,BUYING AND SELLING,In your own business,,,,,,,3,,,,YES,BUYING AND SELLING,Less,No customers/few customers,NO,,,,,,,,
26-30-31-96,YES,,,,YES,,,"AGRICULTURE, HUNTING, FISHING","In a family farm, raising family livestock, or fishing",,,,,,,3,,,,YES,MANUFACTURING,The same,,YES,YES,,,,,,,
26-35-70-67,YES,,,,YES,,,"AGRICULTURE, HUNTING, FISHING",As an employee for someone else,YES,,,NO,NO,No,NO,,,,NO,,,,YES,YES,,,,,,,
26-42-39-36,NO,NO,,,,,,,,,,,,,,3,,,,NO,,,,NO,,,,,,,,
26-46-53-29,YES,,,,NO,Seasonal worker,CONSTRUCTION,"AGRICULTURE, HUNTING, FISHING","In a family farm, raising family livestock, or fishing",,,,,,,3,,,,NO,,,,YES,YES,,,,,,,
26-71-05-97,YES,,,,YES,,,EDUCATION,As an employee for someone else,NO,Partial payment,ILL /  QUARANTINED,YES,NO,Yes,NO,,,,NO,,,,NO,,,,,,,,
26-82-19-76,YES,,,,YES,,,BUYING AND SELLING,In your own business,,,,,,,NO,,,,YES,BUYING AND SELLING,Less,No customers/few customers,NO,,,,,,,,
26-90-72-50,YES,,,,YES,,,MANUFACTURING,As an employee for someone else,YES,,,YES,NO,Yes,NO,,,,NO,,,,YES,YES,,,,,,,
27-10-24-86,NO,NO,,,,,,,,,,,,,,NO,,,,NO,,,,NO,,,,,,,,
27-21-45-15,YES,,,,YES,,,"AGRICULTURE, HUNTING, FISHING","In a family farm, raising family livestock, or fishing",,,,,,,YES,4,3,,NO,,,,YES,YES,,,,,,,
27-28-72-74,YES,,,,YES,,,"AGRICULTURE, HUNTING, FISHING","In a family farm, raising family livestock, or fishing",,,,,,,3,,,,NO,,,,YES,YES,,,,,,,
27-77-41-77,NO,NO,,,,,,,,,,,,,,NO,,,,NO,,,,YES,YES,,,,,,,
27-78-57-26,YES,,,,YES,,,"AGRICULTURE, HUNTING, FISHING","In a family farm, raising family livestock, or fishing",,,,,,,NO,,,,NO,,,,YES,YES,,,,,,,
27-81-23-37,YES,,,,NO,Furlough (temporarily laid off),CONSTRUCTION,PERSONAL SERVICES,As an employee for someone else,YES,,,NO,NO,No,3,,,,NO,,,,YES,YES,,,,,,,
27-93-66-33,NO,NO,,,,,,,,,,,,,,NO,,,,NO,,,,YES,YES,,,,,,,
28-33-99-35,YES,,,,YES,,,BUYING AND SELLING,In your own business,,,,,,,NO,,,,YES,BUYING AND SELLING,Less,No customers/few customers,NO,,,,,,,,
28-42-49-04,YES,,,,YES,,,"AGRICULTURE, HUNTING, FISHING",In a business operated by a household member,,,,,,,NO,,,,YES,BUYING AND SELLING,The same,,YES,YES,,,,,,,
28-50-35-79,NO,YES,Seasonal worker,"AGRICULTURE, HUNTING, FISHING",,,,,,,,,,,,3,,,,NO,,,,NO,,,,,,,,
28-74-89-74,NO,NO,,,,,,,,,,,,,,NO,,,,NO,,,,NO,,,,,,,,
28-84-30-20,NO,NO,,,,,,,,,,,,,,3,,,,NO,,,,YES,YES,,,,,,,
28-86-65-82,YES,,,,YES,,,PROFESSIONAL/ SCIENTIFIC/TECHNICAL ACTIVITIES,In your own business,,,,,,,3,,,,YES,PROFESSIONAL/ SCIENTIFIC/TECHNICAL ACTIVITIES,The same,,NO,,,,,,,,
29-06-57-28,YES,,,,YES,,,PERSONAL SERVICES,As an employee for someone else,YES,,,NO,NO,No,NO,,,,NO,,,,NO,,,,,,,,
29-21-47-59,YES,,,,YES,,,"AGRICULTURE, HUNTING, FISHING","In a family farm, raising family livestock, or fishing",,,,,,,NO,,,,YES,BUYING AND SELLING,The same,,YES,YES,,,,,,,
29-70-95-81,YES,,,,YES,,,"AGRICULTURE, HUNTING, FISHING","In a family farm, raising family livestock, or fishing",,,,,,,3,,,,NO,,,,YES,YES,,,,,,,
29-90-09-46,NO,NO,,,,,,,,,,,,,,YES,1,9,10,NO,,,,NO,,,,,,,,
29-99-54-57,NO,NO,,,,,,,,,,,,,,3,,,,YES,BUYING AND SELLING,Higher,,NO,,,,,,,,
30-17-96-80,NO,NO,,,,,,,,,,,,,,NO,,,,NO,,,,YES,YES,,,,,,,
30-18-79-31,NO,NO,,,,,,,,,,,,,,3,,,,NO,,,,NO,,,,,,,,
30-43-85-89,YES,,,,YES,,,BUYING AND SELLING,In your own business,,,,,,,3,,,,YES,BUYING AND SELLING,Less,No customers/few customers,NO,,,,,,,,
30-69-97-11,YES,,,,YES,,,"AGRICULTURE, HUNTING, FISHING","In a family farm, raising family livestock, or fishing",,,,,,,3,,,,NO,,,,YES,YES,,,,,,,
30-73-16-30,YES,,,,YES,,,BUYING AND SELLING,In a business operated by a household member,,,,,,,3,,,,YES,BUYING AND SELLING,Less,No customers/few customers,NO,,,,,,,,
30-75-44-55,YES,,,,YES,,,MANUFACTURING,As an employee for someone else,YES,,,NO,NO,No,NO,,,,NO,,,,NO,,,,,,,,
31-20-25-17,NO,NO,,,,,,,,,,,,,,NO,,,,NO,,,,YES,YES,,,,,,,
31-86-71-90,YES,,,,YES,,,CONSTRUCTION,As an employee for someone else,YES,,,NO,NO,No,3,,,,NO,,,,NO,,,,,,,,
31-88-86-50,YES,,,,YES,,,PERSONAL SERVICES,In your own business,,,,,,,NO,,,,YES,BUYING AND SELLING,Higher,,NO,,,,,,,,
32-10-46-50,YES,,,,YES,,,BUYING AND SELLING,In your own business,,,,,,,3,,,,YES,BUYING AND SELLING,Higher,,YES,YES,,,,,,,
32-10-98-20,YES,,,,YES,,,PUBLIC ADMINISTRATION,As an employee for someone else,YES,,,YES,YES,No,3,,,,YES,BUYING AND SELLING,The same,,YES,YES,,,,,,,
32-17-83-82,YES,,,,YES,,,CONSTRUCTION,As an employee for someone else,YES,,,NO,NO,No,NO,,,,NO,,,,NO,,,,,,,,
32-82-88-73,YES,,,,YES,,,"AGRICULTURE, HUNTING, FISHING","In a family farm, raising family livestock, or fishing",,,,,,,NO,,,,YES,BUYING AND SELLING,Less,Ill with another disease,YES,YES,,,,,,,
33-18-70-95,NO,NO,,,,,,,,,,,,,,3,,,,NO,,,,YES,YES,,,,,,,
33-26-70-01,YES,,,,YES,,,BUYING AND SELLING,In your own business,,,,,,,YES,3,5,,YES,BUYING AND SELLING,Less,No customers/few customers,NO,,,,,,,,
33-36-95-06,NO,YES,Business/office closed due to coronavirus legal restrictions,MANUFACTURING,,,,,,,,,,,,YES,8,,,NO,,,,NO,,,,,,,,
33-72-44-36,YES,,,,YES,,,CONSTRUCTION,As an employee for someone else,YES,,,NO,NO,No,3,,,,NO,,,,NO,,,,,,,,
33-81-90-06,YES,,,,YES,,,BUYING AND SELLING,In a business operated by a household member,,,,,,,3,,,,YES,BUYING AND SELLING,The same,,NO,,,,,,,,
34-47-49-71,NO,NO,,,,,,,,,,,,,,3,,,,NO,,,,NO,,,,,,,,
34-77-97-45,YES,,,,YES,,,TRANSPORTATION,In your own business,,,,,,,YES,1,,,YES,TRANSPORTATION,The same,,YES,YES,,,,,,,
35-34-30-60,YES,,,,YES,,,BUYING AND SELLING,In a business operated by a household member,,,,,,,3,,,,YES,BUYING AND SELLING,The same,,NO,,,,,,,,
35-44-52-02,NO,NO,,,,,,,,,,,,,,NO,,,,NO,,,,NO,,,,,,,,
35-51-88-26,YES,,,,NO,Furlough (temporarily laid off),PERSONAL SERVICES,PERSONAL SERVICES,As an employee for someone else,YES,,,NO,NO,No,YES,4,,,NO,,,,YES,YES,,,,,,,
35-65-67-78,YES,,,,NO,Other,"AGRICULTURE, HUNTING, FISHING",PERSONAL SERVICES,As an employee for someone else,YES,,,NO,YES,No,3,,,,NO,,,,YES,YES,,,,,,,
35-88-46-37,NO,NO,,,,,,,,,,,,,,YES,8,3,,NO,,,,NO,,,,,,,,
36-23-40-85,YES,,,,YES,,,BUYING AND SELLING,In your own business,,,,,,,NO,,,,YES,BUYING AND SELLING,Less,No customers/few customers,NO,,,,,,,,
36-40-40-95,YES,,,,YES,,,PERSONAL SERVICES,As an employee for someone else,YES,,,NO,NO,No,NO,,,,NO,,,,NO,,,,,,,,
36-78-86-37,YES,,,,YES,,,"AGRICULTURE, HUNTING, FISHING","In a family farm, raising family livestock, or fishing",,,,,,,NO,,,,NO,,,,YES,YES,,,,,,,
36-96-36-15,NO,NO,,,,,,,,,,,,,,3,,,,YES,MANUFACTURING,Less,No customers/few customers,NO,,,,,,,,
37-01-34-02,YES,,,,YES,,,PERSONAL SERVICES,As an employee for someone else,YES,,,NO,YES,No,3,,,,NO,,,,NO,,,,,,,,
37-36-10-30,NO,NO,,,,,,,,,,,,,,NO,,,,YES,BUYING AND SELLING,Less,Can't get inputs,NO,,,,,,,,
37-37-25-64,NO,YES,Furlough (temporarily laid off),MANUFACTURING,,,,,,,,,,,,YES,1,,,NO,,,,NO,,,,,,,,
37-46-33-40,NO,YES,MATERNITY LEAVE,BUYING AND SELLING,,,,,,,,,,,,YES,1,,,NO,,,,NO,,,,,,,,
37-67-25-85,YES,,,,YES,,,PERSONAL SERVICES,As an employee for someone else,YES,,,NO,NO,Yes,NO,,,,YES,TRANSPORTATION,Less,No customers/few customers,NO,,,,,,,,
37-67-94-43,YES,,,,YES,,,TRANSPORTATION,"In a family farm, raising family livestock, or fishing",,,,,,,NO,,,,YES,TRANSPORTATION,Less,No customers/few customers,YES,YES,,,,,,,
37-68-52-01,YES,,,,YES,,,"AGRICULTURE, HUNTING, FISHING","In a family farm, raising family livestock, or fishing",,,,,,,YES,2,,,NO,,,,YES,YES,,,,,,,
37-96-69-76,YES,,,,YES,,,"AGRICULTURE, HUNTING, FISHING","In a family farm, raising family livestock, or fishing",,,,,,,3,,,,NO,,,,YES,YES,,,,,,,
38-05-50-95,YES,,,,YES,,,BUYING AND SELLING,In a business operated by a household member,,,,,,,YES,3,,,YES,BUYING AND SELLING,Less,No customers/few customers,NO,,,,,,,,
38-37-50-95,YES,,,,YES,,,"AGRICULTURE, HUNTING, FISHING","In a family farm, raising family livestock, or fishing",,,,,,,YES,3,,,NO,,,,YES,YES,,,,,,,
38-95-73-31,NO,YES,Seasonal worker,"AGRICULTURE, HUNTING, FISHING",,,,,,,,,,,,3,,,,NO,,,,YES,YES,,,,,,,
38-97-46-43,YES,,,,YES,,,"AGRICULTURE, HUNTING, FISHING","In a family farm, raising family livestock, or fishing",,,,,,,NO,,,,NO,,,,YES,YES,,,,,,,
39-16-32-68,NO,YES,Seasonal worker,CONSTRUCTION,,,,,,,,,,,,NO,,,,NO,,,,YES,YES,,,,,,,
39-16-76-43,NO,NO,,,,,,,,,,,,,,YES,6,5,4,NO,,,,NO,,,,,,,,
39-39-07-11,NO,YES,Seasonal worker,CONSTRUCTION,,,,,,,,,,,,YES,3,,,NO,,,,YES,YES,,,,,,,
39-41-55-55,YES,,,,YES,,,CONSTRUCTION,As an employee for someone else,YES,,,NO,NO,No,YES,2,,,NO,,,,YES,YES,,,,,,,
39-73-65-69,YES,,,,YES,,,BUYING AND SELLING,In your own business,,,,,,,YES,5,,,YES,BUYING AND SELLING,The same,,YES,YES,,,,,,,
39-99-50-70,YES,,,,YES,,,CONSTRUCTION,As an employee for someone else,YES,,,NO,NO,No,NO,,,,NO,,,,NO,,,,,,,,
40-04-63-14,YES,,,,YES,,,"AGRICULTURE, HUNTING, FISHING",As an employee for someone else,YES,,,YES,NO,No,NO,,,,NO,,,,NO,,,,,,,,
40-15-28-88,YES,,,,YES,,,"AGRICULTURE, HUNTING, FISHING","In a family farm, raising family livestock, or fishing",,,,,,,NO,,,,NO,,,,YES,YES,,,,,,,
40-35-88-17,YES,,,,YES,,,"AGRICULTURE, HUNTING, FISHING",As an employee for someone else,YES,,,NO,NO,No,NO,,,,NO,,,,NO,,,,,,,,
40-55-47-18,YES,,,,YES,,,BUYING AND SELLING,In your own business,,,,,,,NO,,,,YES,BUYING AND SELLING,The same,,YES,YES,,,,,,,
40-69-66-33,YES,,,,YES,,,BUYING AND SELLING,In a business operated by a household member,,,,,,,3,,,,YES,BUYING AND SELLING,The same,,YES,YES,,,,,,,
40-96-24-33,YES,,,,YES,,,"AGRICULTURE, HUNTING, FISHING","In a family farm, raising family livestock, or fishing",,,,,,,NO,,,,NO,,,,YES,YES,,,,,,,
41-10-13-07,NO,NO,,,,,,,,,,,,,,3,,,,NO,,,,YES,YES,,,,,,,
41-25-77-25,YES,,,,YES,,,"AGRICULTURE, HUNTING, FISHING",As an employee for someone else,YES,,,NO,NO,No,NO,,,,NO,,,,YES,YES,,,,,,,
41-44-58-52,YES,,,,YES,,,"AGRICULTURE, HUNTING, FISHING","In a family farm, raising family livestock, or fishing",,,,,,,3,,,,NO,,,,YES,YES,,,,,,,
41-64-39-09,YES,,,,YES,,,PROFESSIONAL/ SCIENTIFIC/TECHNICAL ACTIVITIES,In a business operated by a household member,,,,,,,NO,,,,YES,PROFESSIONAL/ SCIENTIFIC/TECHNICAL ACTIVITIES,Less,No customers/few customers,YES,YES,,,,,,,
41-71-66-92,YES,,,,YES,,,BUYING AND SELLING,In a business operated by a household member,,,,,,,3,,,,YES,BUYING AND SELLING,The same,,NO,,,,,,,,
42-09-07-47,YES,,,,YES,,,BUYING AND SELLING,In a business operated by a household member,,,,,,,YES,5,4,,YES,BUYING AND SELLING,The same,,NO,,,,,,,,
42-13-55-45,YES,,,,YES,,,TRANSPORTATION,In your own business,,,,,,,YES,4,,,YES,BUYING AND SELLING,Less,No customers/few customers,NO,,,,,,,,
42-14-67-79,NO,NO,,,,,,,,,,,,,,NO,,,,NO,,,,YES,NO,NO,NO,NO,YES,NO,NO,NO
42-18-88-63,YES,,,,YES,,,HEALTH,As an employee for someone else,YES,,,NO,NO,Yes,3,,,,NO,,,,YES,YES,,,,,,,
42-23-81-85,YES,,,,YES,,,"AGRICULTURE, HUNTING, FISHING","In a family farm, raising family livestock, or fishing",,,,,,,NO,,,,NO,,,,YES,YES,,,,,,,
42-26-51-22,YES,,,,YES,,,"AGRICULTURE, HUNTING, FISHING","In a family farm, raising family livestock, or fishing",,,,,,,NO,,,,YES,BUYING AND SELLING,The same,,YES,YES,,,,,,,
42-49-85-02,YES,,,,YES,,,"AGRICULTURE, HUNTING, FISHING","In a family farm, raising family livestock, or fishing",,,,,,,NO,,,,NO,,,,YES,YES,,,,,,,
42-50-23-93,YES,,,,YES,,,"AGRICULTURE, HUNTING, FISHING","In a family farm, raising family livestock, or fishing",,,,,,,3,,,,NO,,,,YES,YES,,,,,,,
42-56-44-00,YES,,,,YES,,,BUYING AND SELLING,In a business operated by a household member,,,,,,,NO,,,,YES,BUYING AND SELLING,The same,,NO,,,,,,,,
42-68-61-66,YES,,,,YES,,,"AGRICULTURE, HUNTING, FISHING","In a family farm, raising family livestock, or fishing",,,,,,,3,,,,NO,,,,YES,YES,,,,,,,
42-73-68-70,YES,,,,YES,,,BUYING AND SELLING,In a business operated by a household member,,,,,,,3,,,,YES,BUYING AND SELLING,The same,,NO,,,,,,,,
42-79-45-13,YES,,,,YES,,,PERSONAL SERVICES,As an employee for someone else,YES,,,NO,NO,No,NO,,,,NO,,,,NO,,,,,,,,
43-30-92-61,NO,NO,,,,,,,,,,,,,,NO,,,,NO,,,,NO,,,,,,,,
43-33-02-18,YES,,,,YES,,,BUYING AND SELLING,In a business operated by a household member,,,,,,,3,,,,YES,BUYING AND SELLING,The same,,NO,,,,,,,,
43-38-34-15,NO,NO,,,,,,,,,,,,,,NO,,,,NO,,,,YES,YES,,,,,,,
43-73-29-56,NO,NO,,,,,,,,,,,,,,NO,,,,NO,,,,YES,YES,,,,,,,
43-75-78-22,YES,,,,YES,,,MANUFACTURING,In your own business,,,,,,,NO,,,,YES,MANUFACTURING,Higher,,YES,YES,,,,,,,
43-90-23-81,NO,YES,Seasonal worker,"AGRICULTURE, HUNTING, FISHING",,,,,,,,,,,,NO,,,,NO,,,,YES,YES,,,,,,,
43-93-31-20,NO,NO,,,,,,,,,,,,,,NO,,,,YES,BUYING AND SELLING,Less,No customers/few customers,NO,,,,,,,,
44-42-13-16,YES,,,,YES,,,BUYING AND SELLING,In a business operated by a household member,,,,,,,NO,,,,YES,BUYING AND SELLING,Less,No customers/few customers,NO,,,,,,,,
44-57-34-40,YES,,,,YES,,,BUYING AND SELLING,In a business operated by a household member,,,,,,,NO,,,,YES,BUYING AND SELLING,Less,No customers/few customers,NO,,,,,,,,
44-70-64-79,NO,NO,,,,,,,,,,,,,,3,,,,YES,BUYING AND SELLING,Less,No customers/few customers,NO,,,,,,,,
44-78-21-72,YES,,,,YES,,,PERSONAL SERVICES,As an employee for someone else,YES,,,NO,NO,No,NO,,,,NO,,,,YES,YES,,,,,,,
45-08-70-04,YES,,,,YES,,,"AGRICULTURE, HUNTING, FISHING","In a family farm, raising family livestock, or fishing",,,,,,,YES,10,11,,NO,,,,YES,YES,,,,,,,
45-29-71-78,YES,,,,YES,,,CONSTRUCTION,In your own business,,,,,,,NO,,,,YES,CONSTRUCTION,The same,,NO,,,,,,,,
45-35-73-39,YES,,,,YES,,,BUYING AND SELLING,In a business operated by a household member,,,,,,,NO,,,,YES,BUYING AND SELLING,The same,,YES,YES,,,,,,,
45-35-82-88,YES,,,,YES,,,PUBLIC ADMINISTRATION,As an employee for someone else,YES,,,NO,NO,Yes,3,,,,NO,,,,YES,YES,,,,,,,
45-48-42-00,YES,,,,YES,,,EDUCATION,As an employee for someone else,YES,,,NO,YES,Yes,3,,,,NO,,,,YES,YES,,,,,,,
45-55-56-10,NO,NO,,,,,,,,,,,,,,3,,,,YES,BUYING AND SELLING,Less,No customers/few customers,NO,,,,,,,,
45-57-81-16,YES,,,,YES,,,MANUFACTURING,As an employee for someone else,YES,,,YES,YES,Yes,NO,,,,NO,,,,NO,,,,,,,,
45-61-82-18,NO,NO,,,,,,,,,,,,,,YES,6,,,YES,BUYING AND SELLING,The same,,YES,YES,,,,,,,
45-76-46-33,YES,,,,YES,,,"AGRICULTURE, HUNTING, FISHING","In a family farm, raising family livestock, or fishing",,,,,,,3,,,,YES,TRANSPORTATION,The same,,YES,YES,,,,,,,
45-83-08-52,YES,,,,YES,,,BUYING AND SELLING,In a business operated by a household member,,,,,,,3,,,,YES,BUYING AND SELLING,Less,No customers/few customers,NO,,,,,,,,
45-89-47-83,YES,,,,YES,,,BUYING AND SELLING,In your own business,,,,,,,3,,,,YES,BUYING AND SELLING,Less,No customers/few customers,NO,,,,,,,,
46-31-52-68,YES,,,,YES,,,"AGRICULTURE, HUNTING, FISHING","In a family farm, raising family livestock, or fishing",,,,,,,3,,,,NO,,,,YES,YES,,,,,,,
46-36-23-91,YES,,,,YES,,,BUYING AND SELLING,In a business operated by a household member,,,,,,,3,,,,YES,BUYING AND SELLING,Higher,,YES,YES,,,,,,,
46-36-66-09,YES,,,,YES,,,BUYING AND SELLING,In a business operated by a household member,,,,,,,NO,,,,YES,BUYING AND SELLING,Less,No customers/few customers,NO,,,,,,,,
46-39-21-33,YES,,,,NO,Need to care for ill relative,MANUFACTURING,BUYING AND SELLING,In your own business,,,,,,,NO,,,,YES,BUYING AND SELLING,The same,,YES,YES,,,,,,,
46-69-30-18,NO,YES,Not able to go to farm due to movement restrctions,"AGRICULTURE, HUNTING, FISHING",,,,,,,,,,,,3,,,,NO,,,,NO,,,,,,,,
46-77-48-68,NO,NO,,,,,,,,,,,,,,NO,,,,NO,,,,NO,,,,,,,,
46-90-41-39,NO,YES,Ill/quarantined,"AGRICULTURE, HUNTING, FISHING",,,,,,,,,,,,3,,,,NO,,,,YES,YES,,,,,,,
47-02-72-98,YES,,,,YES,,,BUYING AND SELLING,In a business operated by a household member,,,,,,,3,,,,YES,BUYING AND SELLING,Less,No customers/few customers,YES,YES,,,,,,,
47-18-39-01,NO,NO,,,,,,,,,,,,,,3,,,,NO,,,,YES,YES,,,,,,,
47-27-29-93,YES,,,,YES,,,PERSONAL SERVICES,As an employee for someone else,YES,,,NO,NO,No,NO,,,,NO,,,,NO,,,,,,,,
47-60-20-01,YES,,,,YES,,,BUYING AND SELLING,In your own business,,,,,,,NO,,,,YES,BUYING AND SELLING,Less,No customers/few customers,NO,,,,,,,,
47-97-77-17,YES,,,,YES,,,MANUFACTURING,"In a family farm, raising family livestock, or fishing",,,,,,,3,,,,NO,,,,YES,YES,,,,,,,
48-00-56-77,YES,,,,YES,,,"AGRICULTURE, HUNTING, FISHING","In a family farm, raising family livestock, or fishing",,,,,,,3,,,,NO,,,,YES,YES,,,,,,,
48-04-17-10,YES,,,,YES,,,CONSTRUCTION,As an employee for someone else,YES,,,NO,NO,No,NO,,,,NO,,,,NO,,,,,,,,
48-32-37-82,NO,YES,Not farming season,"AGRICULTURE, HUNTING, FISHING",,,,,,,,,,,,YES,5,,,NO,,,,NO,,,,,,,,
48-33-61-54,YES,,,,YES,,,PERSONAL SERVICES,As an employee for someone else,YES,,,NO,NO,No,NO,,,,NO,,,,NO,,,,,,,,
48-35-58-48,NO,NO,,,,,,,,,,,,,,3,,,,NO,,,,YES,YES,,,,,,,
48-51-10-23,YES,,,,YES,,,"AGRICULTURE, HUNTING, FISHING","In a family farm, raising family livestock, or fishing",,,,,,,NO,,,,NO,,,,YES,YES,,,,,,,
48-55-31-69,YES,,,,YES,,,"AGRICULTURE, HUNTING, FISHING","In a family farm, raising family livestock, or fishing",,,,,,,3,,,,YES,BUYING AND SELLING,Less,No customers/few customers,YES,YES,,,,,,,
48-67-49-78,YES,,,,YES,,,BUYING AND SELLING,In your own business,,,,,,,3,,,,YES,BUYING AND SELLING,Less,No customers/few customers,YES,YES,,,,,,,
48-87-88-72,YES,,,,YES,,,CONSTRUCTION,As an employee for someone else,YES,,,NO,NO,No,YES,3,4,,NO,,,,NO,,,,,,,,
48-95-31-26,YES,,,,YES,,,CONSTRUCTION,As an employee for someone else,YES,,,NO,NO,No,YES,6,2,7,NO,,,,NO,,,,,,,,
49-56-57-09,YES,,,,YES,,,"AGRICULTURE, HUNTING, FISHING","In a family farm, raising family livestock, or fishing",,,,,,,3,,,,NO,,,,YES,YES,,,,,,,
49-67-47-33,YES,,,,YES,,,"AGRICULTURE, HUNTING, FISHING","In a family farm, raising family livestock, or fishing",,,,,,,3,,,,NO,,,,YES,NO,NO,NO,NO,NO,NO,NO,YES
49-69-87-18,NO,YES,Other,"AGRICULTURE, HUNTING, FISHING",,,,,,,,,,,,3,,,,NO,,,,NO,,,,,,,,
49-74-12-19,YES,,,,YES,,,"AGRICULTURE, HUNTING, FISHING","In a family farm, raising family livestock, or fishing",,,,,,,3,,,,YES,BUYING AND SELLING,Higher,,YES,YES,,,,,,,
50-23-18-00,YES,,,,YES,,,"AGRICULTURE, HUNTING, FISHING","In a family farm, raising family livestock, or fishing",,,,,,,YES,5,,,NO,,,,YES,YES,,,,,,,
50-24-93-06,NO,NO,,,,,,,,,,,,,,NO,,,,NO,,,,NO,,,,,,,,
50-58-36-08,YES,,,,YES,,,"AGRICULTURE, HUNTING, FISHING",As an employee for someone else,YES,,,YES,NO,No,NO,,,,NO,,,,NO,,,,,,,,
50-67-67-43,NO,NO,,,,,,,,,,,,,,3,,,,NO,,,,NO,,,,,,,,
50-89-68-36,NO,YES,Not farming season,"AGRICULTURE, HUNTING, FISHING",,,,,,,,,,,,3,,,,NO,,,,YES,YES,,,,,,,
50-96-64-01,NO,YES,Seasonal worker,"AGRICULTURE, HUNTING, FISHING",,,,,,,,,,,,3,,,,NO,,,,YES,YES,,,,,,,
51-03-03-95,YES,,,,YES,,,ELECTRICITY/WATER/GAS /WASTE,As an employee for someone else,YES,,,YES,NO,No,NO,,,,NO,,,,NO,,,,,,,,
51-04-81-57,YES,,,,YES,,,CONSTRUCTION,As an employee for someone else,NO,Partial payment,FURLOUGH,NO,NO,No,NO,,,,NO,,,,YES,YES,,,,,,,
51-15-36-00,NO,YES,Ill/quarantined,"AGRICULTURE, HUNTING, FISHING",,,,,,,,,,,,NO,,,,NO,,,,YES,YES,,,,,,,
51-55-97-33,YES,,,,YES,,,BUYING AND SELLING,In your own business,,,,,,,NO,,,,YES,BUYING AND SELLING,Higher,,YES,YES,,,,,,,
51-84-88-88,YES,,,,YES,,,"AGRICULTURE, HUNTING, FISHING",As an employee for someone else,YES,,,NO,NO,No,NO,,,,NO,,,,NO,,,,,,,,
52-05-24-98,NO,NO,,,,,,,,,,,,,,YES,4,,,NO,,,,YES,YES,,,,,,,
52-06-67-62,YES,,,,YES,,,BUYING AND SELLING,In your own business,,,,,,,YES,3,,,YES,BUYING AND SELLING,Less,No customers/few customers,NO,,,,,,,,
52-15-08-75,YES,,,,YES,,,"AGRICULTURE, HUNTING, FISHING","In a family farm, raising family livestock, or fishing",,,,,,,NO,,,,NO,,,,YES,YES,,,,,,,
52-24-45-26,YES,,,,YES,,,"AGRICULTURE, HUNTING, FISHING","In a family farm, raising family livestock, or fishing",,,,,,,NO,,,,NO,,,,YES,YES,,,,,,,
52-28-43-63,NO,NO,,,,,,,,,,,,,,3,,,,YES,BUYING AND SELLING,Less,No customers/few customers,NO,,,,,,,,
52-38-76-73,YES,,,,YES,,,PUBLIC ADMINISTRATION,As an employee for someone else,YES,,,YES,NO,Yes,YES,5,,,YES,BUYING AND SELLING,The same,,NO,,,,,,,,
52-74-85-82,YES,,,,YES,,,TRANSPORTATION,As an employee for someone else,YES,,,YES,NO,No,3,,,,NO,,,,YES,YES,,,,,,,
53-19-44-95,YES,,,,YES,,,EDUCATION,As an employee for someone else,YES,,,NO,YES,Yes,NO,,,,YES,BUYING AND SELLING,Less,No customers/few customers,YES,YES,,,,,,,
53-21-24-75,YES,,,,YES,,,"AGRICULTURE, HUNTING, FISHING","In a family farm, raising family livestock, or fishing",,,,,,,NO,,,,NO,,,,YES,YES,,,,,,,
53-72-96-01,YES,,,,YES,,,BUYING AND SELLING,In your own business,,,,,,,3,,,,YES,BUYING AND SELLING,Less,No customers/few customers,NO,,,,,,,,
53-87-39-27,YES,,,,YES,,,BUYING AND SELLING,In your own business,,,,,,,YES,5,,,YES,BUYING AND SELLING,The same,,NO,,,,,,,,
53-88-11-68,NO,YES,Business/office closed due to coronavirus legal restrictions,MANUFACTURING,,,,,,,,,,,,3,,,,NO,,,,YES,YES,,,,,,,
54-45-11-85,YES,,,,NO,Seasonal worker,"AGRICULTURE, HUNTING, FISHING",CONSTRUCTION,As an employee for someone else,YES,,,NO,NO,No,NO,,,,NO,,,,NO,,,,,,,,
54-62-47-43,NO,NO,,,,,,,,,,,,,,3,,,,YES,TRANSPORTATION,Less,No customers/few customers,NO,,,,,,,,
54-66-49-39,NO,YES,Vacation,MANUFACTURING,,,,,,,,,,,,NO,,,,NO,,,,YES,YES,,,,,,,
54-96-12-87,YES,,,,YES,,,PROFESSIONAL/ SCIENTIFIC/TECHNICAL ACTIVITIES,As an employee for someone else,YES,,,YES,YES,Yes,3,,,,NO,,,,NO,,,,,,,,
55-01-48-60,YES,,,,YES,,,BUYING AND SELLING,In your own business,,,,,,,3,,,,YES,BUYING AND SELLING,The same,,YES,YES,,,,,,,
55-37-78-79,YES,,,,YES,,,"AGRICULTURE, HUNTING, FISHING","In a family farm, raising family livestock, or fishing",,,,,,,3,,,,NO,,,,YES,YES,,,,,,,
55-38-96-18,NO,NO,,,,,,,,,,,,,,NO,,,,YES,BUYING AND SELLING,Less,No customers/few customers,NO,,,,,,,,
55-45-47-11,YES,,,,YES,,,BUYING AND SELLING,In a business operated by a household member,,,,,,,3,,,,YES,BUYING AND SELLING,The same,,NO,,,,,,,,
55-91-13-86,YES,,,,YES,,,MANUFACTURING,In a business operated by a household member,,,,,,,3,,,,YES,MANUFACTURING,The same,,NO,,,,,,,,
55-91-37-75,YES,,,,YES,,,BUYING AND SELLING,In your own business,,,,,,,NO,,,,YES,BUYING AND SELLING,Less,No customers/few customers,NO,,,,,,,,
56-09-56-08,YES,,,,YES,,,CONSTRUCTION,As an employee for someone else,YES,,,NO,NO,No,3,,,,NO,,,,YES,YES,,,,,,,
56-21-49-31,YES,,,,YES,,,BUYING AND SELLING,In a business operated by a household member,,,,,,,3,,,,YES,BUYING AND SELLING,Less,No customers/few customers,NO,,,,,,,,
56-28-95-37,NO,NO,,,,,,,,,,,,,,NO,,,,NO,,,,YES,YES,,,,,,,
56-39-11-35,YES,,,,YES,,,PROFESSIONAL/ SCIENTIFIC/TECHNICAL ACTIVITIES,As an employee for someone else,YES,,,NO,YES,Yes,NO,,,,YES,BUYING AND SELLING,The same,,NO,,,,,,,,
56-94-01-10,YES,,,,YES,,,"AGRICULTURE, HUNTING, FISHING","In a family farm, raising family livestock, or fishing",,,,,,,3,,,,NO,,,,YES,YES,,,,,,,
57-24-69-99,YES,,,,NO,Business/office closed for another reason,CONSTRUCTION,"AGRICULTURE, HUNTING, FISHING","In a family farm, raising family livestock, or fishing",,,,,,,YES,2,,,NO,,,,YES,YES,,,,,,,
57-24-95-07,NO,YES,Not able to go to farm due to lack of inputs,"AGRICULTURE, HUNTING, FISHING",,,,,,,,,,,,3,,,,NO,,,,YES,NO,NO,NO,NO,YES,NO,NO,NO
57-27-40-40,YES,,,,YES,,,MANUFACTURING,As an employee for someone else,YES,,,YES,YES,Yes,NO,,,,NO,,,,YES,YES,,,,,,,
57-38-86-89,YES,,,,NO,Other,"OTHER, SPECIFY",BUYING AND SELLING,In your own business,,,,,,,3,,,,YES,BUYING AND SELLING,Higher,,YES,YES,,,,,,,
57-52-45-75,YES,,,,YES,,,BUYING AND SELLING,In a business operated by a household member,,,,,,,3,,,,YES,BUYING AND SELLING,The same,,NO,,,,,,,,
57-57-41-35,NO,NO,,,,,,,,,,,,,,NO,,,,NO,,,,NO,,,,,,,,
57-88-50-44,NO,YES,Ill/quarantined,"AGRICULTURE, HUNTING, FISHING",,,,,,,,,,,,YES,4,5,,NO,,,,YES,YES,,,,,,,
58-02-65-66,YES,,,,YES,,,PUBLIC ADMINISTRATION,As an employee for someone else,YES,,,NO,NO,Yes,NO,,,,NO,,,,YES,YES,,,,,,,
58-38-62-66,NO,NO,,,,,,,,,,,,,,NO,,,,NO,,,,NO,,,,,,,,
58-45-12-71,YES,,,,YES,,,MANUFACTURING,As an employee for someone else,YES,,,YES,NO,No,YES,5,,,NO,,,,YES,YES,,,,,,,
58-58-50-24,NO,NO,,,,,,,,,,,,,,NO,,,,NO,,,,NO,,,,,,,,
58-97-53-95,YES,,,,YES,,,BUYING AND SELLING,In your own business,,,,,,,YES,3,4,,YES,BUYING AND SELLING,The same,,YES,YES,,,,,,,
59-04-10-61,YES,,,,YES,,,"AGRICULTURE, HUNTING, FISHING",As an employee for someone else,YES,,,NO,NO,No,NO,,,,NO,,,,YES,YES,,,,,,,
59-29-82-67,YES,,,,YES,,,"AGRICULTURE, HUNTING, FISHING","In a family farm, raising family livestock, or fishing",,,,,,,NO,,,,NO,,,,YES,YES,,,,,,,
59-35-08-66,NO,NO,,,,,,,,,,,,,,3,,,,NO,,,,NO,,,,,,,,
59-45-30-11,YES,,,,NO,Not farming season,"AGRICULTURE, HUNTING, FISHING","AGRICULTURE, HUNTING, FISHING","In a family farm, raising family livestock, or fishing",,,,,,,3,,,,YES,BUYING AND SELLING,The same,,YES,NO,NO,NO,NO,YES,NO,NO,NO
59-85-07-92,NO,NO,,,,,,,,,,,,,,NO,,,,NO,,,,YES,YES,,,,,,,
59-98-69-64,NO,NO,,,,,,,,,,,,,,3,,,,NO,,,,NO,,,,,,,,
60-00-14-73,YES,,,,YES,,,"AGRICULTURE, HUNTING, FISHING","In a family farm, raising family livestock, or fishing",,,,,,,3,,,,NO,,,,YES,YES,,,,,,,
60-18-26-02,NO,YES,Ill/quarantined,CONSTRUCTION,,,,,,,,,,,,3,,,,NO,,,,NO,,,,,,,,
60-20-26-32,YES,,,,YES,,,PUBLIC ADMINISTRATION,As an employee for someone else,YES,,,YES,NO,Yes,NO,,,,NO,,,,YES,YES,,,,,,,
60-30-46-89,YES,,,,YES,,,"AGRICULTURE, HUNTING, FISHING","In a family farm, raising family livestock, or fishing",,,,,,,3,,,,NO,,,,YES,YES,,,,,,,
60-45-22-93,NO,NO,,,,,,,,,,,,,,NO,,,,NO,,,,YES,YES,,,,,,,
60-61-00-92,NO,YES,Seasonal worker,PERSONAL SERVICES,,,,,,,,,,,,3,,,,NO,,,,YES,YES,,,,,,,
60-62-79-36,YES,,,,YES,,,PERSONAL SERVICES,In your own business,,,,,,,3,,,,YES,PERSONAL SERVICES,The same,,YES,YES,,,,,,,
60-95-54-37,YES,,,,YES,,,"AGRICULTURE, HUNTING, FISHING","In a family farm, raising family livestock, or fishing",,,,,,,NO,,,,YES,PERSONAL SERVICES,The same,,YES,YES,,,,,,,
60-97-15-75,YES,,,,YES,,,"AGRICULTURE, HUNTING, FISHING","In a family farm, raising family livestock, or fishing",,,,,,,3,,,,NO,,,,YES,YES,,,,,,,
61-24-24-14,YES,,,,YES,,,"AGRICULTURE, HUNTING, FISHING","In a family farm, raising family livestock, or fishing",,,,,,,3,,,,NO,,,,YES,YES,,,,,,,
61-30-93-34,YES,,,,YES,,,BUYING AND SELLING,In your own business,,,,,,,3,,,,YES,BUYING AND SELLING,The same,,YES,YES,,,,,,,
61-39-09-69,NO,NO,,,,,,,,,,,,,,3,,,,NO,,,,NO,,,,,,,,
61-49-11-52,NO,YES,Seasonal worker,"AGRICULTURE, HUNTING, FISHING",,,,,,,,,,,,NO,,,,NO,,,,NO,,,,,,,,
61-57-55-69,YES,,,,YES,,,"AGRICULTURE, HUNTING, FISHING","In a family farm, raising family livestock, or fishing",,,,,,,NO,,,,NO,,,,YES,YES,,,,,,,
61-61-84-70,YES,,,,YES,,,BUYING AND SELLING,In your own business,,,,,,,NO,,,,YES,BUYING AND SELLING,Less,No customers/few customers,NO,,,,,,,,
61-75-01-22,YES,,,,YES,,,"AGRICULTURE, HUNTING, FISHING","In a family farm, raising family livestock, or fishing",,,,,,,NO,,,,NO,,,,YES,YES,,,,,,,
62-00-28-43,YES,,,,YES,,,PERSONAL SERVICES,As an employee for someone else,YES,,,NO,YES,No,YES,6,,,NO,,,,NO,,,,,,,,
62-04-49-53,YES,,,,YES,,,"AGRICULTURE, HUNTING, FISHING","In a family farm, raising family livestock, or fishing",,,,,,,NO,,,,NO,,,,YES,YES,,,,,,,
62-10-58-08,NO,YES,Seasonal worker,"AGRICULTURE, HUNTING, FISHING",,,,,,,,,,,,3,,,,NO,,,,YES,YES,,,,,,,
62-21-50-55,NO,NO,,,,,,,,,,,,,,NO,,,,NO,,,,NO,,,,,,,,
62-26-39-29,YES,,,,YES,,,CONSTRUCTION,As an employee for someone else,YES,,,NO,NO,No,YES,6,,,NO,,,,YES,YES,,,,,,,
62-66-94-43,NO,NO,,,,,,,,,,,,,,NO,,,,NO,,,,NO,,,,,,,,
62-75-13-84,YES,,,,YES,,,"AGRICULTURE, HUNTING, FISHING","In a family farm, raising family livestock, or fishing",,,,,,,3,,,,NO,,,,YES,YES,,,,,,,
63-15-56-95,YES,,,,YES,,,"AGRICULTURE, HUNTING, FISHING","In a family farm, raising family livestock, or fishing",,,,,,,3,,,,NO,,,,YES,YES,,,,,,,
63-18-87-64,YES,,,,YES,,,BUYING AND SELLING,In a business operated by a household member,,,,,,,3,,,,YES,BUYING AND SELLING,Less,Usual place of business closed to coronavirus legal restrictions,NO,,,,,,,,
63-25-24-51,YES,,,,YES,,,FINANCIAL/INSURANCE/ REAL EST. SERVICES,As an employee for someone else,YES,,,YES,YES,Yes,NO,,,,NO,,,,NO,,,,,,,,
63-28-52-97,YES,,,,YES,,,"AGRICULTURE, HUNTING, FISHING","In a family farm, raising family livestock, or fishing",,,,,,,YES,6,,,NO,,,,YES,YES,,,,,,,
63-70-61-61,YES,,,,YES,,,"AGRICULTURE, HUNTING, FISHING","In a family farm, raising family livestock, or fishing",,,,,,,NO,,,,NO,,,,YES,YES,,,,,,,
64-51-38-06,NO,NO,,,,,,,,,,,,,,NO,,,,NO,,,,NO,,,,,,,,
64-51-45-53,YES,,,,YES,,,BUYING AND SELLING,In a business operated by a household member,,,,,,,3,,,,YES,BUYING AND SELLING,Less,No customers/few customers,NO,,,,,,,,
64-68-34-06,YES,,,,YES,,,"AGRICULTURE, HUNTING, FISHING",In your own business,,,,,,,YES,2,4,,YES,AGRICULTURE,Less,Seasonal closure,YES,YES,,,,,,,
64-74-64-64,YES,,,,YES,,,"AGRICULTURE, HUNTING, FISHING","In a family farm, raising family livestock, or fishing",,,,,,,NO,,,,NO,,,,YES,YES,,,,,,,
64-93-89-71,YES,,,,YES,,,MANUFACTURING,As an employee for someone else,YES,,,NO,NO,No,YES,2,,,NO,,,,NO,,,,,,,,
64-95-38-26,YES,,,,YES,,,"AGRICULTURE, HUNTING, FISHING","In a family farm, raising family livestock, or fishing",,,,,,,3,,,,YES,BUYING AND SELLING,Less,No customers/few customers,YES,YES,,,,,,,
65-75-15-99,NO,YES,Seasonal worker,PERSONAL SERVICES,,,,,,,,,,,,YES,3,,,NO,,,,YES,YES,,,,,,,
65-98-79-99,NO,NO,,,,,,,,,,,,,,NO,,,,NO,,,,NO,,,,,,,,
66-44-64-50,YES,,,,YES,,,"AGRICULTURE, HUNTING, FISHING",As an employee for someone else,YES,,,NO,NO,No,3,,,,NO,,,,YES,YES,,,,,,,
67-18-67-83,NO,YES,Business/office closed for another reason,CONSTRUCTION,,,,,,,,,,,,NO,,,,NO,,,,YES,YES,,,,,,,
68-03-65-53,YES,,,,YES,,,"AGRICULTURE, HUNTING, FISHING","In a family farm, raising family livestock, or fishing",,,,,,,3,,,,NO,,,,YES,YES,,,,,,,
68-16-94-55,NO,YES,Seasonal worker,CONSTRUCTION,,,,,,,,,,,,3,,,,NO,,,,YES,YES,,,,,,,
68-18-81-79,YES,,,,YES,,,BUYING AND SELLING,In your own business,,,,,,,3,,,,YES,BUYING AND SELLING,Less,No customers/few customers,NO,,,,,,,,
68-26-92-99,YES,,,,YES,,,BUYING AND SELLING,In your own business,,,,,,,YES,4,2,,YES,BUYING AND SELLING,Less,Usual place of business closed to coronavirus legal restrictions,NO,,,,,,,,
68-48-09-89,YES,,,,YES,,,BUYING AND SELLING,In your own business,,,,,,,NO,,,,YES,BUYING AND SELLING,Less,No customers/few customers,NO,,,,,,,,
68-66-44-52,NO,YES,Seasonal worker,"AGRICULTURE, HUNTING, FISHING",,,,,,,,,,,,YES,2,,,NO,,,,YES,YES,,,,,,,
68-84-69-98,YES,,,,YES,,,PUBLIC ADMINISTRATION,As an employee for someone else,YES,,,YES,YES,Yes,3,,,,NO,,,,YES,YES,,,,,,,
68-89-84-09,NO,YES,Ill/quarantined,"AGRICULTURE, HUNTING, FISHING",,,,,,,,,,,,3,,,,YES,BUYING AND SELLING,The same,,YES,YES,,,,,,,
68-92-90-44,YES,,,,YES,,,"AGRICULTURE, HUNTING, FISHING",As an employee for someone else,YES,,,NO,NO,No,3,,,,NO,,,,YES,YES,,,,,,,
69-50-07-46,NO,YES,Not farming season,"AGRICULTURE, HUNTING, FISHING",,,,,,,,,,,,NO,,,,NO,,,,NO,,,,,,,,
69-50-77-07,NO,YES,Ill/quarantined,"AGRICULTURE, HUNTING, FISHING",,,,,,,,,,,,3,,,,NO,,,,YES,YES,,,,,,,
69-54-11-86,YES,,,,YES,,,"AGRICULTURE, HUNTING, FISHING","In a family farm, raising family livestock, or fishing",,,,,,,3,,,,NO,,,,YES,YES,,,,,,,
69-56-81-47,YES,,,,YES,,,"AGRICULTURE, HUNTING, FISHING","In a family farm, raising family livestock, or fishing",,,,,,,3,,,,NO,,,,YES,YES,,,,,,,
69-69-11-97,NO,YES,Vacation,MANUFACTURING,,,,,,,,,,,,3,,,,NO,,,,YES,YES,,,,,,,
69-75-58-87,YES,,,,NO,Laid off while business continues,HEALTH,HEALTH,In your own business,,,,,,,NO,,,,YES,HEALTH,The same,,YES,YES,,,,,,,
69-84-92-78,YES,,,,YES,,,"AGRICULTURE, HUNTING, FISHING","In a family farm, raising family livestock, or fishing",,,,,,,NO,,,,YES,BUYING AND SELLING,Less,No customers/few customers,YES,YES,,,,,,,
70-06-11-85,YES,,,,YES,,,"AGRICULTURE, HUNTING, FISHING","In a family farm, raising family livestock, or fishing",,,,,,,YES,4,,,NO,,,,YES,YES,,,,,,,
70-33-56-96,NO,NO,,,,,,,,,,,,,,NO,,,,YES,BUYING AND SELLING,Less,No customers/few customers,NO,,,,,,,,
70-89-50-82,YES,,,,YES,,,BUYING AND SELLING,In a business operated by a household member,,,,,,,3,,,,YES,BUYING AND SELLING,Less,No customers/few customers,NO,,,,,,,,
71-06-17-00,YES,,,,NO,Seasonal worker,"AGRICULTURE, HUNTING, FISHING","AGRICULTURE, HUNTING, FISHING","In a family farm, raising family livestock, or fishing",,,,,,,3,,,,NO,,,,YES,YES,,,,,,,
71-42-69-39,NO,NO,,,,,,,,,,,,,,3,,,,YES,BUYING AND SELLING,Less,Can't get inputs,NO,,,,,,,,
71-46-50-36,NO,NO,,,,,,,,,,,,,,NO,,,,NO,,,,NO,,,,,,,,
71-54-97-38,YES,,,,YES,,,"AGRICULTURE, HUNTING, FISHING","In a family farm, raising family livestock, or fishing",,,,,,,NO,,,,NO,,,,YES,YES,,,,,,,
71-81-05-41,YES,,,,YES,,,BUYING AND SELLING,In your own business,,,,,,,NO,,,,YES,BUYING AND SELLING,Less,No customers/few customers,YES,YES,,,,,,,
71-87-66-71,NO,NO,,,,,,,,,,,,,,NO,,,,NO,,,,YES,NO,NO,NO,NO,NO,NO,NO,YES
71-98-40-84,YES,,,,YES,,,BUYING AND SELLING,In your own business,,,,,,,3,,,,YES,TRANSPORTATION,Less,No customers/few customers,YES,YES,,,,,,,
72-23-51-16,YES,,,,YES,,,"AGRICULTURE, HUNTING, FISHING","In a family farm, raising family livestock, or fishing",,,,,,,NO,,,,NO,,,,YES,YES,,,,,,,
72-26-33-40,YES,,,,YES,,,"AGRICULTURE, HUNTING, FISHING","In a family farm, raising family livestock, or fishing",,,,,,,3,,,,NO,,,,YES,YES,,,,,,,
72-36-01-60,YES,,,,YES,,,CONSTRUCTION,As an employee for someone else,YES,,,NO,NO,No,YES,3,,,YES,BUYING AND SELLING,Less,No customers/few customers,YES,YES,,,,,,,
72-37-31-42,YES,,,,YES,,,CONSTRUCTION,As an employee for someone else,YES,,,NO,NO,No,YES,3,,,NO,,,,YES,YES,,,,,,,
72-48-17-68,YES,,,,YES,,,"AGRICULTURE, HUNTING, FISHING","In a family farm, raising family livestock, or fishing",,,,,,,3,,,,NO,,,,YES,YES,,,,,,,
72-51-92-23,NO,NO,,,,,,,,,,,,,,3,,,,YES,BUYING AND SELLING,The same,,YES,YES,,,,,,,
72-58-00-67,NO,NO,,,,,,,,,,,,,,NO,,,,NO,,,,NO,,,,,,,,
72-66-71-71,NO,NO,,,,,,,,,,,,,,NO,,,,NO,,,,YES,YES,,,,,,,
72-67-93-54,NO,NO,,,,,,,,,,,,,,NO,,,,NO,,,,YES,NO,NO,NO,NO,NO,NO,NO,YES
72-84-14-29,YES,,,,YES,,,BUYING AND SELLING,In your own business,,,,,,,NO,,,,YES,BUYING AND SELLING,Less,No customers/few customers,NO,,,,,,,,
72-89-35-81,YES,,,,YES,,,BUYING AND SELLING,In your own business,,,,,,,NO,,,,YES,BUYING AND SELLING,Less,No customers/few customers,NO,,,,,,,,
73-08-96-72,YES,,,,YES,,,"AGRICULTURE, HUNTING, FISHING","In a family farm, raising family livestock, or fishing",,,,,,,3,,,,YES,MANUFACTURING,The same,,YES,YES,,,,,,,
73-42-00-69,YES,,,,YES,,,PERSONAL SERVICES,In your own business,,,,,,,3,,,,YES,PERSONAL SERVICES,Less,No customers/few customers,NO,,,,,,,,
73-44-61-35,YES,,,,YES,,,BUYING AND SELLING,In your own business,,,,,,,NO,,,,YES,BUYING AND SELLING,The same,,NO,,,,,,,,
73-48-13-56,YES,,,,YES,,,"AGRICULTURE, HUNTING, FISHING",As an employee for someone else,YES,,,YES,NO,No,NO,,,,NO,,,,NO,,,,,,,,
73-48-23-31,NO,YES,Seasonal worker,"AGRICULTURE, HUNTING, FISHING",,,,,,,,,,,,NO,,,,NO,,,,YES,YES,,,,,,,
73-72-83-29,YES,,,,YES,,,PERSONAL SERVICES,As an employee for someone else,YES,,,NO,NO,Yes,NO,,,,YES,BUYING AND SELLING,Less,No customers/few customers,YES,YES,,,,,,,
74-03-83-95,NO,NO,,,,,,,,,,,,,,NO,,,,NO,,,,NO,,,,,,,,
74-23-59-38,YES,,,,YES,,,PERSONAL SERVICES,In a business operated by a household member,,,,,,,3,,,,YES,PERSONAL SERVICES,The same,,NO,,,,,,,,
74-31-98-06,NO,YES,Seasonal worker,"AGRICULTURE, HUNTING, FISHING",,,,,,,,,,,,YES,1,,,YES,BUYING AND SELLING,Less,No customers/few customers,YES,YES,,,,,,,
74-34-13-03,NO,YES,Ill/quarantined,BUYING AND SELLING,,,,,,,,,,,,NO,,,,YES,BUYING AND SELLING,No revenue,Ill with another disease,YES,YES,,,,,,,
74-48-94-37,YES,,,,YES,,,"AGRICULTURE, HUNTING, FISHING","In a family farm, raising family livestock, or fishing",,,,,,,3,,,,NO,,,,YES,YES,,,,,,,
74-64-91-44,YES,,,,YES,,,BUYING AND SELLING,In a business operated by a household member,,,,,,,3,,,,YES,BUYING AND SELLING,Less,No customers/few customers,NO,,,,,,,,
74-69-75-31,YES,,,,YES,,,BUYING AND SELLING,In your own business,,,,,,,NO,,,,YES,BUYING AND SELLING,Less,No customers/few customers,NO,,,,,,,,
75-07-14-53,NO,NO,,,,,,,,,,,,,,3,,,,YES,PERSONAL SERVICES,The same,,YES,YES,,,,,,,
75-18-93-42,NO,YES,Ill/quarantined,"AGRICULTURE, HUNTING, FISHING",,,,,,,,,,,,YES,5,,,NO,,,,YES,YES,,,,,,,
75-30-55-60,YES,,,,YES,,,"AGRICULTURE, HUNTING, FISHING","In a family farm, raising family livestock, or fishing",,,,,,,3,,,,NO,,,,YES,YES,,,,,,,
75-35-05-33,YES,,,,YES,,,"AGRICULTURE, HUNTING, FISHING","In a family farm, raising family livestock, or fishing",,,,,,,NO,,,,NO,,,,YES,YES,,,,,,,
75-49-22-77,NO,NO,,,,,,,,,,,,,,NO,,,,NO,,,,NO,,,,,,,,
76-17-97-03,YES,,,,YES,,,"AGRICULTURE, HUNTING, FISHING","In a family farm, raising family livestock, or fishing",,,,,,,3,,,,NO,,,,YES,YES,,,,,,,
76-58-11-05,YES,,,,YES,,,"OTHER, SPECIFY",As an employee for someone else,YES,,,NO,NO,Yes,NO,,,,NO,,,,YES,YES,,,,,,,
76-83-24-33,YES,,,,YES,,,BUYING AND SELLING,In a business operated by a household member,,,,,,,NO,,,,YES,BUYING AND SELLING,Less,No customers/few customers,YES,YES,,,,,,,
77-11-76-62,YES,,,,YES,,,MANUFACTURING,As an employee for someone else,YES,,,YES,NO,Yes,NO,,,,NO,,,,YES,YES,,,,,,,
77-14-13-68,YES,,,,YES,,,"AGRICULTURE, HUNTING, FISHING","In a family farm, raising family livestock, or fishing",,,,,,,YES,3,,,NO,,,,YES,YES,,,,,,,
77-29-81-66,YES,,,,YES,,,"AGRICULTURE, HUNTING, FISHING","In a family farm, raising family livestock, or fishing",,,,,,,3,,,,NO,,,,YES,YES,,,,,,,
77-48-91-64,YES,,,,YES,,,CONSTRUCTION,As an employee for someone else,YES,,,NO,NO,No,NO,,,,YES,BUYING AND SELLING,Less,No customers/few customers,YES,YES,,,,,,,
77-87-31-78,YES,,,,YES,,,HEALTH,As an employee for someone else,YES,,,YES,NO,No,YES,2,,,NO,,,,YES,YES,,,,,,,
77-89-32-50,YES,,,,YES,,,MANUFACTURING,As an employee for someone else,YES,,,NO,NO,No,NO,,,,NO,,,,YES,YES,,,,,,,
77-92-23-80,YES,,,,YES,,,BUYING AND SELLING,In your own business,,,,,,,3,,,,YES,BUYING AND SELLING,Less,No customers/few customers,YES,YES,,,,,,,
78-58-11-12,YES,,,,NO,Laid off while business continues,CONSTRUCTION,"AGRICULTURE, HUNTING, FISHING","In a family farm, raising family livestock, or fishing",,,,,,,3,,,,NO,,,,YES,YES,,,,,,,
78-60-23-79,YES,,,,YES,,,"AGRICULTURE, HUNTING, FISHING","In a family farm, raising family livestock, or fishing",,,,,,,3,,,,YES,BUYING AND SELLING,Less,No customers/few customers,YES,YES,,,,,,,
78-76-90-78,YES,,,,YES,,,BUYING AND SELLING,In your own business,,,,,,,NO,,,,YES,MANUFACTURING,The same,,NO,,,,,,,,
78-91-79-12,NO,NO,,,,,,,,,,,,,,3,,,,NO,,,,NO,,,,,,,,
78-91-88-48,YES,,,,YES,,,"AGRICULTURE, HUNTING, FISHING",In a business operated by a household member,,,,,,,NO,,,,YES,BUYING AND SELLING,Higher,,NO,,,,,,,,
79-10-35-57,YES,,,,YES,,,BUYING AND SELLING,In your own business,,,,,,,NO,,,,YES,BUYING AND SELLING,The same,,NO,,,,,,,,
79-30-79-26,YES,,,,YES,,,TRANSPORTATION,In your own business,,,,,,,NO,,,,YES,TRANSPORTATION,Less,No customers/few customers,YES,YES,,,,,,,
79-56-20-22,NO,NO,,,,,,,,,,,,,,NO,,,,NO,,,,NO,,,,,,,,
79-87-49-96,YES,,,,YES,,,"AGRICULTURE, HUNTING, FISHING",As an employee for someone else,YES,,,NO,NO,No,NO,,,,NO,,,,NO,,,,,,,,
80-22-71-02,YES,,,,YES,,,BUYING AND SELLING,In a business operated by a household member,,,,,,,3,,,,YES,BUYING AND SELLING,The same,,NO,,,,,,,,
80-48-72-39,YES,,,,YES,,,"AGRICULTURE, HUNTING, FISHING","In a family farm, raising family livestock, or fishing",,,,,,,3,,,,YES,BUYING AND SELLING,The same,,YES,YES,,,,,,,
80-88-34-25,YES,,,,YES,,,CONSTRUCTION,As an employee for someone else,YES,,,NO,NO,No,NO,,,,NO,,,,NO,,,,,,,,
80-91-76-81,NO,NO,,,,,,,,,,,,,,NO,,,,YES,CONSTRUCTION,Less,Usual place of business closed to coronavirus legal restrictions,NO,,,,,,,,
80-97-76-22,YES,,,,YES,,,"AGRICULTURE, HUNTING, FISHING","In a family farm, raising family livestock, or fishing",,,,,,,NO,,,,NO,,,,YES,YES,,,,,,,
81-51-57-93,NO,YES,Seasonal worker,"AGRICULTURE, HUNTING, FISHING",,,,,,,,,,,,NO,,,,NO,,,,YES,YES,,,,,,,
81-69-03-02,YES,,,,YES,,,PERSONAL SERVICES,In your own business,,,,,,,3,,,,YES,BUYING AND SELLING,Less,No customers/few customers,NO,,,,,,,,
82-04-66-80,NO,NO,,,,,,,,,,,,,,YES,3,,,NO,,,,YES,YES,,,,,,,
82-16-93-71,YES,,,,YES,,,BUYING AND SELLING,In your own business,,,,,,,NO,,,,YES,BUYING AND SELLING,Less,No customers/few customers,NO,,,,,,,,
82-87-50-46,NO,NO,,,,,,,,,,,,,,NO,,,,NO,,,,NO,,,,,,,,
82-92-84-48,YES,,,,YES,,,"AGRICULTURE, HUNTING, FISHING",In your own business,,,,,,,NO,,,,YES,BUYING AND SELLING,Less,Seasonal closure,YES,YES,,,,,,,
82-98-72-55,YES,,,,YES,,,"AGRICULTURE, HUNTING, FISHING",As an employee for someone else,YES,,,NO,NO,No,NO,,,,NO,,,,NO,,,,,,,,
83-21-45-30,YES,,,,YES,,,HEALTH,As an employee for someone else,YES,,,YES,YES,No,NO,,,,NO,,,,NO,,,,,,,,
83-43-73-00,YES,,,,YES,,,BUYING AND SELLING,As an employee for someone else,YES,,,NO,NO,No,NO,,,,NO,,,,NO,,,,,,,,
83-55-67-95,YES,,,,YES,,,"AGRICULTURE, HUNTING, FISHING","In a family farm, raising family livestock, or fishing",,,,,,,3,,,,YES,BUYING AND SELLING,Less,No customers/few customers,YES,YES,,,,,,,
83-93-32-62,YES,,,,YES,,,"AGRICULTURE, HUNTING, FISHING","In a family farm, raising family livestock, or fishing",,,,,,,3,,,,NO,,,,YES,YES,,,,,,,
84-01-65-09,NO,NO,,,,,,,,,,,,,,NO,,,,NO,,,,NO,,,,,,,,
84-42-09-82,YES,,,,YES,,,BUYING AND SELLING,In a business operated by a household member,,,,,,,3,,,,YES,BUYING AND SELLING,The same,,YES,YES,,,,,,,
84-46-73-02,YES,,,,NO,Furlough (temporarily laid off),MANUFACTURING,"AGRICULTURE, HUNTING, FISHING",As an employee for someone else,YES,,,NO,NO,No,3,,,,NO,,,,YES,YES,,,,,,,
84-62-81-15,YES,,,,YES,,,"AGRICULTURE, HUNTING, FISHING",In a business operated by a household member,,,,,,,YES,2,4,,YES,BUYING AND SELLING,Less,No customers/few customers,YES,YES,,,,,,,
84-82-89-93,YES,,,,YES,,,"AGRICULTURE, HUNTING, FISHING","In a family farm, raising family livestock, or fishing",,,,,,,NO,,,,NO,,,,YES,YES,,,,,,,
84-85-23-95,YES,,,,YES,,,CONSTRUCTION,In your own business,,,,,,,YES,2,,,YES,CONSTRUCTION,Less,No customers/few customers,NO,,,,,,,,
84-86-96-17,NO,NO,,,,,,,,,,,,,,NO,,,,NO,,,,NO,,,,,,,,
84-90-15-10,NO,NO,,,,,,,,,,,,,,NO,,,,NO,,,,NO,,,,,,,,
84-93-87-42,YES,,,,YES,,,"AGRICULTURE, HUNTING, FISHING","In a family farm, raising family livestock, or fishing",,,,,,,NO,,,,NO,,,,YES,YES,,,,,,,
85-05-14-92,NO,NO,,,,,,,,,,,,,,3,,,,NO,,,,YES,YES,,,,,,,
85-07-19-99,YES,,,,YES,,,BUYING AND SELLING,In your own business,,,,,,,3,,,,YES,BUYING AND SELLING,Less,No customers/few customers,YES,YES,,,,,,,
85-12-58-57,NO,NO,,,,,,,,,,,,,,NO,,,,NO,,,,YES,YES,,,,,,,
85-19-37-76,NO,YES,Seasonal worker,BUYING AND SELLING,,,,,,,,,,,,YES,5,4,,YES,BUYING AND SELLING,Less,Can't get inputs,NO,,,,,,,,
85-34-28-39,YES,,,,YES,,,MANUFACTURING,As an employee for someone else,YES,,,YES,YES,No,NO,,,,NO,,,,YES,YES,,,,,,,
85-78-34-10,NO,YES,Ill/quarantined,PERSONAL SERVICES,,,,,,,,,,,,NO,,,,NO,,,,YES,YES,,,,,,,
86-04-65-66,YES,,,,YES,,,"AGRICULTURE, HUNTING, FISHING","In a family farm, raising family livestock, or fishing",,,,,,,3,,,,NO,,,,YES,YES,,,,,,,
86-20-76-20,YES,,,,YES,,,BUYING AND SELLING,In a business operated by a household member,,,,,,,3,,,,YES,BUYING AND SELLING,Less,No customers/few customers,YES,YES,,,,,,,
86-60-44-34,NO,YES,Seasonal worker,"AGRICULTURE, HUNTING, FISHING",,,,,,,,,,,,YES,2,,,NO,,,,NO,,,,,,,,
86-64-23-01,YES,,,,YES,,,"AGRICULTURE, HUNTING, FISHING","In a family farm, raising family livestock, or fishing",,,,,,,NO,,,,NO,,,,YES,YES,,,,,,,
86-66-88-59,YES,,,,YES,,,"AGRICULTURE, HUNTING, FISHING","In a family farm, raising family livestock, or fishing",,,,,,,3,,,,NO,,,,YES,YES,,,,,,,
86-71-22-91,NO,NO,,,,,,,,,,,,,,NO,,,,NO,,,,NO,,,,,,,,
86-91-29-12,YES,,,,YES,,,"AGRICULTURE, HUNTING, FISHING","In a family farm, raising family livestock, or fishing",,,,,,,3,,,,NO,,,,YES,YES,,,,,,,
86-95-05-55,YES,,,,YES,,,"AGRICULTURE, HUNTING, FISHING","In a family farm, raising family livestock, or fishing",,,,,,,NO,,,,NO,,,,YES,YES,,,,,,,
87-01-36-28,YES,,,,YES,,,BUYING AND SELLING,In your own business,,,,,,,YES,4,,,YES,BUYING AND SELLING,Less,No customers/few customers,NO,,,,,,,,
87-23-34-41,NO,NO,,,,,,,,,,,,,,3,,,,YES,BUYING AND SELLING,The same,,YES,YES,,,,,,,
87-35-60-51,YES,,,,YES,,,"AGRICULTURE, HUNTING, FISHING","In a family farm, raising family livestock, or fishing",,,,,,,NO,,,,NO,,,,YES,YES,,,,,,,
87-44-70-71,NO,NO,,,,,,,,,,,,,,3,,,,YES,TRANSPORTATION,Less,No customers/few customers,NO,,,,,,,,
87-48-59-39,NO,NO,,,,,,,,,,,,,,3,,,,NO,,,,NO,,,,,,,,
87-61-41-63,YES,,,,YES,,,"AGRICULTURE, HUNTING, FISHING","In a family farm, raising family livestock, or fishing",,,,,,,3,,,,NO,,,,YES,YES,,,,,,,
87-70-31-24,YES,,,,YES,,,CONSTRUCTION,As an employee for someone else,YES,,,NO,NO,No,3,,,,NO,,,,YES,YES,,,,,,,
87-94-52-14,YES,,,,YES,,,"AGRICULTURE, HUNTING, FISHING","In a family farm, raising family livestock, or fishing",,,,,,,NO,,,,NO,,,,YES,YES,,,,,,,
88-13-51-58,YES,,,,YES,,,"AGRICULTURE, HUNTING, FISHING","In a family farm, raising family livestock, or fishing",,,,,,,NO,,,,NO,,,,YES,YES,,,,,,,
88-24-99-02,NO,NO,,,,,,,,,,,,,,YES,3,,,NO,,,,NO,,,,,,,,
88-28-31-17,NO,NO,,,,,,,,,,,,,,YES,3,1,,NO,,,,YES,YES,,,,,,,
88-29-73-13,YES,,,,YES,,,BUYING AND SELLING,In a business operated by a household member,,,,,,,3,,,,YES,BUYING AND SELLING,The same,,NO,,,,,,,,
88-56-00-44,YES,,,,YES,,,"AGRICULTURE, HUNTING, FISHING",As an employee for someone else,YES,,,NO,NO,No,NO,,,,NO,,,,NO,,,,,,,,
88-58-17-70,YES,,,,YES,,,FINANCIAL/INSURANCE/ REAL EST. SERVICES,As an employee for someone else,YES,,,YES,NO,Yes,NO,,,,NO,,,,NO,,,,,,,,
88-67-95-97,YES,,,,YES,,,"AGRICULTURE, HUNTING, FISHING","In a family farm, raising family livestock, or fishing",,,,,,,3,,,,NO,,,,YES,YES,,,,,,,
88-88-80-10,NO,YES,MATERNITY LEAVE,MANUFACTURING,,,,,,,,,,,,NO,,,,NO,,,,YES,YES,,,,,,,
89-08-40-65,YES,,,,YES,,,"AGRICULTURE, HUNTING, FISHING","In a family farm, raising family livestock, or fishing",,,,,,,3,,,,NO,,,,YES,YES,,,,,,,
89-08-65-41,YES,,,,YES,,,BUYING AND SELLING,As an employee for someone else,YES,,,NO,NO,No,NO,,,,NO,,,,YES,YES,,,,,,,
89-18-69-83,NO,NO,,,,,,,,,,,,,,YES,2,1,,NO,,,,NO,,,,,,,,
89-39-88-34,YES,,,,YES,,,PUBLIC ADMINISTRATION,As an employee for someone else,YES,,,NO,YES,No,NO,,,,YES,BUYING AND SELLING,The same,,YES,YES,,,,,,,
89-65-33-51,YES,,,,YES,,,BUYING AND SELLING,In your own business,,,,,,,YES,1,,,YES,BUYING AND SELLING,Less,No customers/few customers,NO,,,,,,,,
89-65-57-82,YES,,,,YES,,,"AGRICULTURE, HUNTING, FISHING","In a family farm, raising family livestock, or fishing",,,,,,,3,,,,YES,BUYING AND SELLING,Less,No customers/few customers,YES,YES,,,,,,,
89-93-74-40,NO,NO,,,,,,,,,,,,,,YES,3,,,NO,,,,YES,YES,,,,,,,
90-95-95-43,YES,,,,YES,,,BUYING AND SELLING,In a business operated by a household member,,,,,,,NO,,,,YES,BUYING AND SELLING,Less,No customers/few customers,YES,YES,,,,,,,
91-00-32-16,YES,,,,YES,,,CONSTRUCTION,As an employee for someone else,YES,,,NO,NO,No,YES,2,,,NO,,,,YES,YES,,,,,,,
91-14-56-54,NO,YES,Business/office closed due to coronavirus legal restrictions,MANUFACTURING,,,,,,,,,,,,YES,2,,,NO,,,,NO,,,,,,,,
91-17-82-05,YES,,,,YES,,,BUYING AND SELLING,In a business operated by a household member,,,,,,,3,,,,YES,BUYING AND SELLING,Less,No customers/few customers,NO,,,,,,,,
91-36-09-47,YES,,,,YES,,,BUYING AND SELLING,In a business operated by a household member,,,,,,,3,,,,YES,BUYING AND SELLING,The same,,YES,YES,,,,,,,
91-83-49-03,YES,,,,YES,,,"AGRICULTURE, HUNTING, FISHING","In a family farm, raising family livestock, or fishing",,,,,,,NO,,,,NO,,,,YES,YES,,,,,,,
92-20-60-53,YES,,,,YES,,,CONSTRUCTION,As an employee for someone else,YES,,,NO,NO,No,YES,9,8,2,NO,,,,NO,,,,,,,,
92-36-22-55,NO,NO,,,,,,,,,,,,,,3,,,,NO,,,,YES,YES,,,,,,,
92-38-87-71,YES,,,,YES,,,"AGRICULTURE, HUNTING, FISHING","In a family farm, raising family livestock, or fishing",,,,,,,3,,,,NO,,,,YES,YES,,,,,,,
92-42-52-09,NO,NO,,,,,,,,,,,,,,YES,5,3,4,YES,BUYING AND SELLING,Less,No customers/few customers,NO,,,,,,,,
92-66-10-53,YES,,,,YES,,,PUBLIC ADMINISTRATION,As an employee for someone else,YES,,,YES,NO,No,NO,,,,NO,,,,YES,YES,,,,,,,
92-67-91-82,YES,,,,YES,,,"AGRICULTURE, HUNTING, FISHING","In a family farm, raising family livestock, or fishing",,,,,,,3,,,,NO,,,,YES,YES,,,,,,,
92-83-10-25,YES,,,,YES,,,"AGRICULTURE, HUNTING, FISHING","In a family farm, raising family livestock, or fishing",,,,,,,3,,,,NO,,,,YES,NO,NO,NO,NO,NO,NO,NO,YES
92-90-42-99,YES,,,,YES,,,"AGRICULTURE, HUNTING, FISHING","In a family farm, raising family livestock, or fishing",,,,,,,NO,,,,NO,,,,YES,YES,,,,,,,
93-55-82-79,YES,,,,YES,,,PUBLIC ADMINISTRATION,As an employee for someone else,YES,,,NO,YES,Yes,NO,,,,NO,,,,YES,YES,,,,,,,
93-69-62-61,YES,,,,YES,,,"AGRICULTURE, HUNTING, FISHING","In a family farm, raising family livestock, or fishing",,,,,,,NO,,,,NO,,,,YES,YES,,,,,,,
93-79-64-74,YES,,,,YES,,,"AGRICULTURE, HUNTING, FISHING","In a family farm, raising family livestock, or fishing",,,,,,,3,,,,NO,,,,YES,YES,,,,,,,
93-79-78-96,YES,,,,YES,,,BUYING AND SELLING,In a business operated by a household member,,,,,,,NO,,,,YES,BUYING AND SELLING,Less,No customers/few customers,NO,,,,,,,,
93-84-10-19,YES,,,,YES,,,"AGRICULTURE, HUNTING, FISHING","In a family farm, raising family livestock, or fishing",,,,,,,3,,,,NO,,,,YES,YES,,,,,,,
93-91-64-97,YES,,,,YES,,,PROFESSIONAL/ SCIENTIFIC/TECHNICAL ACTIVITIES,In your own business,,,,,,,3,,,,YES,PROFESSIONAL/ SCIENTIFIC/TECHNICAL ACTIVITIES,Less,No customers/few customers,NO,,,,,,,,
94-01-09-26,YES,,,,YES,,,"AGRICULTURE, HUNTING, FISHING","In a family farm, raising family livestock, or fishing",,,,,,,NO,,,,NO,,,,YES,YES,,,,,,,
94-12-65-06,YES,,,,YES,,,"AGRICULTURE, HUNTING, FISHING","In a family farm, raising family livestock, or fishing",,,,,,,NO,,,,NO,,,,YES,YES,,,,,,,
94-27-92-63,YES,,,,NO,Seasonal worker,CONSTRUCTION,BUYING AND SELLING,In your own business,,,,,,,NO,,,,YES,BUYING AND SELLING,Less,No customers/few customers,YES,YES,,,,,,,
94-31-28-90,YES,,,,NO,Laid off while business continues,BUYING AND SELLING,BUYING AND SELLING,As an employee for someone else,YES,,,NO,NO,No,NO,,,,YES,BUYING AND SELLING,Less,No customers/few customers,NO,,,,,,,,
94-37-16-34,YES,,,,YES,,,MANUFACTURING,As an employee for someone else,YES,,,YES,YES,Yes,YES,1,,,NO,,,,YES,YES,,,,,,,
94-38-77-66,YES,,,,YES,,,BUYING AND SELLING,In your own business,,,,,,,NO,,,,YES,BUYING AND SELLING,Higher,,YES,YES,,,,,,,
94-47-72-64,YES,,,,NO,Seasonal worker,"AGRICULTURE, HUNTING, FISHING","AGRICULTURE, HUNTING, FISHING",As an employee for someone else,YES,,,NO,NO,No,NO,,,,NO,,,,YES,YES,,,,,,,
94-53-85-10,NO,NO,,,,,,,,,,,,,,NO,,,,NO,,,,YES,YES,,,,,,,
94-73-04-14,YES,,,,YES,,,PROFESSIONAL/ SCIENTIFIC/TECHNICAL ACTIVITIES,In your own business,,,,,,,YES,4,,,YES,PROFESSIONAL/ SCIENTIFIC/TECHNICAL ACTIVITIES,The same,,YES,YES,,,,,,,
94-83-89-60,YES,,,,YES,,,"AGRICULTURE, HUNTING, FISHING","In a family farm, raising family livestock, or fishing",,,,,,,NO,,,,NO,,,,YES,YES,,,,,,,
95-13-66-88,YES,,,,YES,,,BUYING AND SELLING,In a business operated by a household member,,,,,,,YES,1,,,YES,BUYING AND SELLING,Less,No customers/few customers,YES,YES,,,,,,,
95-23-54-25,YES,,,,YES,,,MANUFACTURING,As an employee for someone else,YES,,,NO,NO,No,NO,,,,NO,,,,NO,,,,,,,,
95-33-09-89,YES,,,,YES,,,"AGRICULTURE, HUNTING, FISHING","In a family farm, raising family livestock, or fishing",,,,,,,3,,,,YES,MANUFACTURING,The same,,YES,YES,,,,,,,
95-43-17-18,YES,,,,YES,,,ELECTRICITY/WATER/GAS /WASTE,As an employee for someone else,YES,,,NO,YES,Yes,NO,,,,NO,,,,YES,YES,,,,,,,
95-58-15-51,YES,,,,YES,,,PROFESSIONAL/ SCIENTIFIC/TECHNICAL ACTIVITIES,In a business operated by a household member,,,,,,,YES,8,7,4,YES,PROFESSIONAL/ SCIENTIFIC/TECHNICAL ACTIVITIES,Less,No customers/few customers,NO,,,,,,,,
95-62-63-83,YES,,,,YES,,,BUYING AND SELLING,In your own business,,,,,,,3,,,,YES,BUYING AND SELLING,Less,No customers/few customers,NO,,,,,,,,
95-71-13-54,NO,YES,Vacation,HEALTH,,,,,,,,,,,,NO,,,,NO,,,,YES,YES,,,,,,,
95-86-10-92,NO,NO,,,,,,,,,,,,,,NO,,,,NO,,,,YES,YES,,,,,,,
96-04-71-13,NO,NO,,,,,,,,,,,,,,3,,,,NO,,,,NO,,,,,,,,
96-09-98-35,NO,NO,,,,,,,,,,,,,,YES,3,,,YES,BUYING AND SELLING,Less,No customers/few customers,NO,,,,,,,,
96-66-52-37,YES,,,,NO,Seasonal worker,CONSTRUCTION,"AGRICULTURE, HUNTING, FISHING","In a family farm, raising family livestock, or fishing",,,,,,,YES,2,,,NO,,,,YES,YES,,,,,,,
96-83-60-45,YES,,,,YES,,,"AGRICULTURE, HUNTING, FISHING","In a family farm, raising family livestock, or fishing",,,,,,,NO,,,,YES,BUYING AND SELLING,Less,No customers/few customers,YES,YES,,,,,,,
97-32-44-49,NO,YES,Business/office closed due to coronavirus legal restrictions,CONSTRUCTION,,,,,,,,,,,,YES,4,5,,NO,,,,YES,YES,,,,,,,
98-06-76-33,YES,,,,YES,,,"AGRICULTURE, HUNTING, FISHING","In a family farm, raising family livestock, or fishing",,,,,,,3,,,,NO,,,,YES,YES,,,,,,,
98-11-86-35,YES,,,,YES,,,"AGRICULTURE, HUNTING, FISHING",In your own business,,,,,,,NO,,,,YES,BUYING AND SELLING,The same,,YES,YES,,,,,,,
98-27-08-13,YES,,,,YES,,,"AGRICULTURE, HUNTING, FISHING","In a family farm, raising family livestock, or fishing",,,,,,,NO,,,,NO,,,,YES,YES,,,,,,,
98-53-14-41,YES,,,,YES,,,BUYING AND SELLING,In a business operated by a household member,,,,,,,3,,,,YES,BUYING AND SELLING,The same,,YES,YES,,,,,,,
98-53-56-90,YES,,,,YES,,,CONSTRUCTION,As an employee for someone else,YES,,,NO,NO,Refused,YES,3,,,NO,,,,NO,,,,,,,,
98-62-44-38,NO,YES,Ill/quarantined,BUYING AND SELLING,,,,,,,,,,,,3,,,,YES,BUYING AND SELLING,Less,No customers/few customers,NO,,,,,,,,
98-79-71-21,YES,,,,YES,,,"AGRICULTURE, HUNTING, FISHING","In a family farm, raising family livestock, or fishing",,,,,,,NO,,,,NO,,,,YES,YES,,,,,,,
98-83-26-90,YES,,,,YES,,,BUYING AND SELLING,In a business operated by a household member,,,,,,,YES,3,4,5,YES,BUYING AND SELLING,The same,,NO,,,,,,,,
98-85-26-70,NO,NO,,,,,,,,,,,,,,NO,,,,NO,,,,NO,,,,,,,,
98-93-37-80,YES,,,,YES,,,"AGRICULTURE, HUNTING, FISHING","In a family farm, raising family livestock, or fishing",,,,,,,YES,3,,,NO,,,,YES,YES,,,,,,,
99-21-18-63,YES,,,,YES,,,"AGRICULTURE, HUNTING, FISHING","In a family farm, raising family livestock, or fishing",,,,,,,YES,2,3,,NO,,,,YES,YES,,,,,,,
99-39-38-50,NO,NO,,,,,,,,,,,,,,3,,,,YES,BUYING AND SELLING,The same,,NO,,,,,,,,
99-46-75-70,NO,NO,,,,,,,,,,,,,,3,,,,NO,,,,NO,,,,,,,,
99-49-49-47,YES,,,,YES,,,"AGRICULTURE, HUNTING, FISHING",As an employee for someone else,YES,,,YES,NO,Yes,3,,,,NO,,,,NO,,,,,,,,
99-55-65-60,YES,,,,YES,,,PUBLIC ADMINISTRATION,As an employee for someone else,YES,,,NO,NO,Yes,3,,,,NO,,,,YES,YES,,,,,,,
99-72-17-59,YES,,,,YES,,,"AGRICULTURE, HUNTING, FISHING","In a family farm, raising family livestock, or fishing",,,,,,,3,,,,YES,TRANSPORTATION,Less,No customers/few customers,YES,YES,,,,,,,
99-81-14-04,NO,NO,,,,,,,,,,,,,,NO,,,,YES,BUYING AND SELLING,Less,No customers/few customers,NO,,,,,,,,
