interview__key,zone,sector,hhweight_adj,s01q02,s01q03,s01q04,s01q05
77-92-23-80,Tonle Sap,Rural,11816.091796875,បន្ទាយមានជ័យ / Banteay Meanchey,មង្គលបូរី / Mongkol Borei,សំបួរ / Sambuor (Mongkol Borei),1
38-97-46-43,Tonle Sap,Rural,12708.01171875,បន្ទាយមានជ័យ / Banteay Meanchey,មង្គលបូរី / Mongkol Borei,សំបួរ / Sambuor (Mongkol Borei),1
62-21-50-55,Tonle Sap,Rural,12708.01171875,បន្ទាយមានជ័យ / Banteay Meanchey,មង្គលបូរី / Mongkol Borei,សំបួរ / Sambuor (Mongkol Borei),1
77-29-81-66,Tonle Sap,Rural,12708.01171875,បន្ទាយមានជ័យ / Banteay Meanchey,មង្គលបូរី / Mongkol Borei,សំបួរ / Sambuor (Mongkol Borei),1
72-66-71-71,Tonle Sap,Rural,12708.01171875,បន្ទាយមានជ័យ / Banteay Meanchey,មង្គលបូរី / Mongkol Borei,ស្រះរាំង / Srah Reang,1
10-62-87-07,Tonle Sap,Rural,8811.7001953125,បន្ទាយមានជ័យ / Banteay Meanchey,មង្គលបូរី / Mongkol Borei,ស្រះរាំង / Srah Reang,1
60-97-15-75,Tonle Sap,Rural,5565.4921875,បន្ទាយមានជ័យ / Banteay Meanchey,ភ្នំស្រុក / Phnum Srok,ស្ពានស្រែង / Spean Sraeng,1
56-94-01-10,Tonle Sap,Rural,6842.2724609375,បន្ទាយមានជ័យ / Banteay Meanchey,ភ្នំស្រុក / Phnum Srok,ភ្នំដី / Phnum Dei,1
73-08-96-72,Tonle Sap,Rural,4730.1455078125,បន្ទាយមានជ័យ / Banteay Meanchey,ភ្នំស្រុក / Phnum Srok,ភ្នំដី / Phnum Dei,1
75-18-93-42,Tonle Sap,Rural,5193.4521484375,បន្ទាយមានជ័យ / Banteay Meanchey,ភ្នំស្រុក / Phnum Srok,ភ្នំដី / Phnum Dei,1
52-24-45-26,Tonle Sap,Rural,7100.35009765625,បន្ទាយមានជ័យ / Banteay Meanchey,ព្រះនេត្រព្រះ / Preah Netr Preah,ព្រះនេត្រព្រះ / Preak Netr Preah,1
63-15-56-95,Tonle Sap,Rural,5601.8779296875,បន្ទាយមានជ័យ / Banteay Meanchey,ព្រះនេត្រព្រះ / Preah Netr Preah,ព្រះនេត្រព្រះ / Preak Netr Preah,1
82-87-50-46,Tonle Sap,Rural,8004.8037109375,បន្ទាយមានជ័យ / Banteay Meanchey,ព្រះនេត្រព្រះ / Preah Netr Preah,ព្រះនេត្រព្រះ / Preak Netr Preah,1
28-74-89-74,Tonle Sap,Rural,7100.35009765625,បន្ទាយមានជ័យ / Banteay Meanchey,ព្រះនេត្រព្រះ / Preah Netr Preah,ព្រះនេត្រព្រះ / Preak Netr Preah,1
20-35-26-66,Tonle Sap,Rural,6315.6640625,បន្ទាយមានជ័យ / Banteay Meanchey,ព្រះនេត្រព្រះ / Preah Netr Preah,រហាល / Rohal,1
92-67-91-82,Tonle Sap,Rural,6092.69580078125,បន្ទាយមានជ័យ / Banteay Meanchey,ព្រះនេត្រព្រះ / Preah Netr Preah,រហាល / Rohal,1
55-01-48-60,Tonle Sap,Rural,6315.6640625,បន្ទាយមានជ័យ / Banteay Meanchey,ព្រះនេត្រព្រះ / Preah Netr Preah,រហាល / Rohal,1
61-61-84-70,Tonle Sap,Rural,7472.13232421875,បន្ទាយមានជ័យ / Banteay Meanchey,ព្រះនេត្រព្រះ / Preah Netr Preah,រហាល / Rohal,1
44-57-34-40,Tonle Sap,Rural,5542.49365234375,បន្ទាយមានជ័យ / Banteay Meanchey,ថ្មពួក / Thma Puok,គោករមៀត / Kouk Romiet,1
61-30-93-34,Tonle Sap,Rural,5728.17578125,បន្ទាយមានជ័យ / Banteay Meanchey,ថ្មពួក / Thma Puok,គោករមៀត / Kouk Romiet,1
15-68-10-75,Tonle Sap,Rural,5937.8037109375,បន្ទាយមានជ័យ / Banteay Meanchey,ថ្មពួក / Thma Puok,ភូមិថ្មី / Phum Thmei,1
46-36-23-91,Tonle Sap,Rural,5728.17578125,បន្ទាយមានជ័យ / Banteay Meanchey,ថ្មពួក / Thma Puok,ភូមិថ្មី / Phum Thmei,1
07-09-29-32,Tonle Sap,Rural,9477.08984375,បន្ទាយមានជ័យ / Banteay Meanchey,ស្វាយចេក / Svay Chek,ស្វាយចេក / Svay Chek,1
69-54-11-86,Tonle Sap,Rural,7930.49365234375,បន្ទាយមានជ័យ / Banteay Meanchey,ស្វាយចេក / Svay Chek,ស្វាយចេក / Svay Chek,1
95-43-17-18,Tonle Sap,Rural,7105.23681640625,បន្ទាយមានជ័យ / Banteay Meanchey,ស្វាយចេក / Svay Chek,ស្វាយចេក / Svay Chek,1
43-30-92-61,Tonle Sap,Rural,7105.23681640625,បន្ទាយមានជ័យ / Banteay Meanchey,ស្វាយចេក / Svay Chek,ស្វាយចេក / Svay Chek,1
64-51-38-06,Tonle Sap,Rural,7353.0712890625,បន្ទាយមានជ័យ / Banteay Meanchey,ស្វាយចេក / Svay Chek,ស្វាយចេក / Svay Chek,1
03-69-22-18,Tonle Sap,Urban,2143.875732421875,បន្ទាយមានជ័យ / Banteay Meanchey,ម៉ាឡៃ / Malai,ម៉ាឡៃ / Malai,1
12-38-10-28,Tonle Sap,Urban,2143.875732421875,បន្ទាយមានជ័យ / Banteay Meanchey,ម៉ាឡៃ / Malai,ម៉ាឡៃ / Malai,1
02-98-52-98,Tonle Sap,Urban,2143.875732421875,បន្ទាយមានជ័យ / Banteay Meanchey,ម៉ាឡៃ / Malai,ម៉ាឡៃ / Malai,1
68-84-69-98,Tonle Sap,Rural,4979.64697265625,បន្ទាយមានជ័យ / Banteay Meanchey,ម៉ាឡៃ / Malai,អូរសំព័រ / Ou Sampoar,1
46-69-30-18,Tonle Sap,Urban,2078.26708984375,បាត់ដំបង / Battambang,ថ្មគោល / Thma Koul,តាពូង / Ta Pung,1
48-55-31-69,Plain,Urban,2078.26708984375,បាត់ដំបង / Battambang,ថ្មគោល / Thma Koul,តាពូង / Ta Pung,1
61-49-11-52,Plain,Urban,2307.65185546875,បាត់ដំបង / Battambang,ថ្មគោល / Thma Koul,តាពូង / Ta Pung,1
33-72-44-36,Tonle Sap,Urban,2873.474365234375,បាត់ដំបង / Battambang,ថ្មគោល / Thma Koul,តាពូង / Ta Pung,1
82-98-72-55,Plain,Urban,2404.54296875,បាត់ដំបង / Battambang,ថ្មគោល / Thma Koul,តាពូង / Ta Pung,1
80-97-76-22,Tonle Sap,Rural,5264.7431640625,បាត់ដំបង / Battambang,ថ្មគោល / Thma Koul,អន្លង់រុន / Anlong Run,1
72-23-51-16,Tonle Sap,Rural,4795.0771484375,បាត់ដំបង / Battambang,ថ្មគោល / Thma Koul,អន្លង់រុន / Anlong Run,1
52-05-24-98,Tonle Sap,Rural,4795.0771484375,បាត់ដំបង / Battambang,ថ្មគោល / Thma Koul,អន្លង់រុន / Anlong Run,1
07-87-14-21,Tonle Sap,Rural,6936.19775390625,បាត់ដំបង / Battambang,ថ្មគោល / Thma Koul,អន្លង់រុន / Anlong Run,1
94-83-89-60,Tonle Sap,Rural,6593.1884765625,បាត់ដំបង / Battambang,ថ្មគោល / Thma Koul,បឹងព្រីង / Boeng Pring,1
26-35-70-67,Tonle Sap,Rural,6870.01513671875,បាត់ដំបង / Battambang,ថ្មគោល / Thma Koul,បឹងព្រីង / Boeng Pring,1
21-56-73-53,Tonle Sap,Rural,5937.81298828125,បាត់ដំបង / Battambang,ថ្មគោល / Thma Koul,បឹងព្រីង / Boeng Pring,1
43-38-34-15,Tonle Sap,Rural,8209.798828125,បាត់ដំបង / Battambang,ថ្មគោល / Thma Koul,បឹងព្រីង / Boeng Pring,1
03-98-01-40,Tonle Sap,Urban,1595.8001708984375,បាត់ដំបង / Battambang,បាត់ដំបង / Krong Bat Dambang,ទួលតាឯក / Tuol Ta Aek,1
45-76-46-33,Tonle Sap,Urban,1595.8001708984375,បាត់ដំបង / Battambang,បាត់ដំបង / Krong Bat Dambang,ទួលតាឯក / Tuol Ta Aek,1
08-27-46-13,Tonle Sap,Urban,1585.6634521484375,បាត់ដំបង / Battambang,បាត់ដំបង / Krong Bat Dambang,ព្រែកព្រះស្ដេច / Preaek Preah Sdach,1
25-99-07-45,Tonle Sap,Urban,1585.6634521484375,បាត់ដំបង / Battambang,បាត់ដំបង / Krong Bat Dambang,ព្រែកព្រះស្ដេច / Preaek Preah Sdach,1
54-96-12-87,Tonle Sap,Urban,1585.6634521484375,បាត់ដំបង / Battambang,បាត់ដំបង / Krong Bat Dambang,ព្រែកព្រះស្ដេច / Preaek Preah Sdach,1
39-16-32-68,Tonle Sap,Rural,6863.4033203125,បាត់ដំបង / Battambang,ឯកភ្នំ / Aek Phnum,ព្រែកហ្លួង / Preaek Luong,1
84-01-65-09,Tonle Sap,Rural,6863.4033203125,បាត់ដំបង / Battambang,ឯកភ្នំ / Aek Phnum,ព្រែកហ្លួង / Preaek Luong,1
96-04-71-13,Tonle Sap,Rural,6863.4033203125,បាត់ដំបង / Battambang,ឯកភ្នំ / Aek Phnum,ព្រែកហ្លួង / Preaek Luong,1
71-87-66-71,Tonle Sap,Rural,6214.03076171875,បាត់ដំបង / Battambang,ឯកភ្នំ / Aek Phnum,ព្រែកហ្លួង / Preaek Luong,1
35-88-46-37,Tonle Sap,Rural,5414.9365234375,បាត់ដំបង / Battambang,ឯកភ្នំ / Aek Phnum,ព្រែកហ្លួង / Preaek Luong,1
79-56-20-22,Tonle Sap,Rural,8100.07861328125,បាត់ដំបង / Battambang,មោងឫស្សី / Moung Ruessei,ឫស្សីក្រាំង / Ruessei Krang,1
41-44-58-52,Tonle Sap,Rural,8100.07861328125,បាត់ដំបង / Battambang,មោងឫស្សី / Moung Ruessei,ឫស្សីក្រាំង / Ruessei Krang,1
32-17-83-82,Tonle Sap,Rural,6505.07421875,បាត់ដំបង / Battambang,មោងឫស្សី / Moung Ruessei,ឫស្សីក្រាំង / Ruessei Krang,1
42-68-61-66,Tonle Sap,Rural,5929.775390625,បាត់ដំបង / Battambang,មោងឫស្សី / Moung Ruessei,តាលាស់ / Ta Loas,1
05-82-24-73,Tonle Sap,Rural,6136.609375,បាត់ដំបង / Battambang,មោងឫស្សី / Moung Ruessei,តាលាស់ / Ta Loas,1
11-37-75-66,Tonle Sap,Rural,6136.609375,បាត់ដំបង / Battambang,មោងឫស្សី / Moung Ruessei,តាលាស់ / Ta Loas,1
82-16-93-71,Tonle Sap,Rural,5006.3701171875,បាត់ដំបង / Battambang,រតនមណ្ឌល / Rotonak Mondol,ផ្លូវមាស / Phlov Meas,1
24-18-89-36,Tonle Sap,Urban,2041.0361328125,បាត់ដំបង / Battambang,សង្កែ / Sangkae,អន្លង់វិល / Anlong Vil,1
31-20-25-17,Tonle Sap,Rural,8768.681640625,បាត់ដំបង / Battambang,210,21006,1
88-13-51-58,Tonle Sap,Rural,6342.03076171875,បាត់ដំបង / Battambang,210,21006,1
89-08-40-65,Tonle Sap,Rural,5382.72119140625,បាត់ដំបង / Battambang,កំរៀង / Kamrieng,បឹងរាំង / Boeung Reang,1
48-95-31-26,Tonle Sap,Rural,10165.0390625,បាត់ដំបង / Battambang,កំរៀង / Kamrieng,តាសែន / Ta Saen,1
05-84-34-71,Tonle Sap,Rural,7886.83642578125,បាត់ដំបង / Battambang,កំរៀង / Kamrieng,តាសែន / Ta Saen,1
57-88-50-44,Tonle Sap,Rural,7621.01123046875,បាត់ដំបង / Battambang,កំរៀង / Kamrieng,តាសែន / Ta Saen,1
94-47-72-64,Tonle Sap,Rural,5617.2265625,បាត់ដំបង / Battambang,រុក្ខគិរី / Rukhak Kiri,ព្រៃត្រឡាច / Prey Tralach,1
88-28-31-17,Tonle Sap,Rural,5435.14111328125,បាត់ដំបង / Battambang,រុក្ខគិរី / Rukhak Kiri,ព្រៃត្រឡាច / Prey Tralach,1
98-53-14-41,Tonle Sap,Rural,6224.72119140625,បាត់ដំបង / Battambang,រុក្ខគិរី / Rukhak Kiri,ស្តុកប្រវឹក / Sdok Pravoek,1
49-69-87-18,Tonle Sap,Rural,8022.802734375,បាត់ដំបង / Battambang,រុក្ខគិរី / Rukhak Kiri,ស្តុកប្រវឹក / Sdok Pravoek,1
06-51-01-81,Plain,Rural,11163.84765625,កំពង់ចាម / Kampong Cham,បាធាយ / Batheay,សំបូរ / Sambour,1
53-88-11-68,Plain,Rural,10002.1240234375,កំពង់ចាម / Kampong Cham,បាធាយ / Batheay,សំបូរ / Sambour,1
03-97-19-11,Plain,Rural,8982.009765625,កំពង់ចាម / Kampong Cham,បាធាយ / Batheay,សំបូរ / Sambour,1
19-72-19-66,Plain,Rural,10817.20703125,កំពង់ចាម / Kampong Cham,បាធាយ / Batheay,សណ្ដែក / Sandaek,1
07-38-15-10,Plain,Rural,11271.38671875,កំពង់ចាម / Kampong Cham,បាធាយ / Batheay,សណ្ដែក / Sandaek,1
69-75-58-87,Plain,Rural,9068.53125,កំពង់ចាម / Kampong Cham,បាធាយ / Batheay,សណ្ដែក / Sandaek,1
28-33-99-35,Plain,Urban,2369.2119140625,កំពង់ចាម / Kampong Cham,កំពង់ចាម / Krong Kampong Cham,កំពង់ចាម / Kampong Cham,1
01-25-97-47,Plain,Urban,1649.8193359375,កំពង់ចាម / Kampong Cham,កំពង់ចាម / Krong Kampong Cham,វាលវង់ / Veal Vong (Krong Kampong Cham),1
05-26-75-75,Plain,Urban,1811.4151611328125,កំពង់ចាម / Kampong Cham,កំពង់ចាម / Krong Kampong Cham,វាលវង់ / Veal Vong (Krong Kampong Cham),1
74-64-91-44,Plain,Urban,2386.504638671875,កំពង់ចាម / Kampong Cham,កំពង់ចាម / Krong Kampong Cham,វាលវង់ / Veal Vong (Krong Kampong Cham),1
09-52-36-40,Plain,Rural,13288.8544921875,កំពង់ចាម / Kampong Cham,កំពង់សៀម / Kampong Siem,កោះរកា / Kaoh Roka,1
29-06-57-28,Plain,Rural,9611.2880859375,កំពង់ចាម / Kampong Cham,កំពង់សៀម / Kampong Siem,កោះរកា / Kaoh Roka,1
23-92-16-23,Plain,Rural,9963.0224609375,កំពង់ចាម / Kampong Cham,កំពង់សៀម / Kampong Siem,កោះរកា / Kaoh Roka,1
93-91-64-97,Plain,Rural,10672.1162109375,កំពង់ចាម / Kampong Cham,កំពង់សៀម / Kampong Siem,កោះរកា / Kaoh Roka,1
94-37-16-34,Plain,Rural,13288.8544921875,កំពង់ចាម / Kampong Cham,កំពង់សៀម / Kampong Siem,កោះរកា / Kaoh Roka,1
98-83-26-90,Plain,Rural,8667.765625,កំពង់ចាម / Kampong Cham,កំពង់សៀម / Kampong Siem,ក្រឡា / Krala,1
33-26-70-01,Plain,Rural,8700.912109375,កំពង់ចាម / Kampong Cham,កងមាស / Kang Meas,អង្គរបាន / Angkor Ban,1
57-24-95-07,Plain,Rural,9070.833984375,កំពង់ចាម / Kampong Cham,កងមាស / Kang Meas,ខ្ចៅ / Khchau,1
55-45-47-11,Plain,Rural,7690.53173828125,កំពង់ចាម / Kampong Cham,កងមាស / Kang Meas,ខ្ចៅ / Khchau,1
88-56-00-44,Plain,Rural,12544.5771484375,កំពង់ចាម / Kampong Cham,ព្រៃឈរ / Prey Chhor,ថ្មពូន / Thma Pun (Prey Chhor),1
50-96-64-01,Tonle Sap,Rural,10885.4658203125,កំពង់ចាម / Kampong Cham,ព្រៃឈរ / Prey Chhor,ថ្មពូន / Thma Pun (Prey Chhor),1
72-36-01-60,Plain,Rural,11693.81640625,កំពង់ចាម / Kampong Cham,ព្រៃឈរ / Prey Chhor,ថ្មពូន / Thma Pun (Prey Chhor),1
04-66-96-52,Tonle Sap,Rural,9914.376953125,កំពង់ចាម / Kampong Cham,ព្រៃឈរ / Prey Chhor,ថ្មពូន / Thma Pun (Prey Chhor),1
65-75-15-99,Plain,Rural,9288.0068359375,កំពង់ចាម / Kampong Cham,ព្រៃឈរ / Prey Chhor,ត្រពាំងព្រះ / Trapeang Preah,1
87-44-70-71,Tonle Sap,Rural,10297.5380859375,កំពង់ចាម / Kampong Cham,ព្រៃឈរ / Prey Chhor,ត្រពាំងព្រះ / Trapeang Preah,1
23-45-74-97,Tonle Sap,Rural,11106.18359375,កំពង់ចាម / Kampong Cham,ព្រៃឈរ / Prey Chhor,ត្រពាំងព្រះ / Trapeang Preah,1
88-88-80-10,Plain,Rural,9141.826171875,កំពង់ចាម / Kampong Cham,ស្រីសន្ធរ / Srei Santhor,ប្រាំយ៉ាម / Pram Yam,1
20-13-45-35,Plain,Urban,2057.916748046875,កំពង់ចាម / Kampong Cham,ស្រីសន្ធរ / Srei Santhor,ព្រែកពោធិ / Preaek Pou,1
59-98-69-64,Plain,Urban,1803.21728515625,កំពង់ចាម / Kampong Cham,ស្រីសន្ធរ / Srei Santhor,ព្រែកពោធិ / Preaek Pou,1
18-58-08-30,Tonle Sap,Urban,1466.730712890625,កំពង់ឆ្នាំង / Kampong Chhnang,កំពង់ឆ្នាំង / Krong Kampong Chhnang,កំពង់ឆ្នាំង / Kampong Chhnang,1
26-90-72-50,Tonle Sap,Urban,1932.3892822265625,កំពង់ឆ្នាំង / Kampong Chhnang,កំពង់ឆ្នាំង / Krong Kampong Chhnang,កំពង់ឆ្នាំង / Kampong Chhnang,1
94-53-85-10,Tonle Sap,Urban,2037.44580078125,កំពង់ឆ្នាំង / Kampong Chhnang,កំពង់ឆ្នាំង / Krong Kampong Chhnang,ខ្សាម / Khsam,1
60-62-79-36,Tonle Sap,Urban,1703.898681640625,កំពង់ឆ្នាំង / Kampong Chhnang,កំពង់ឆ្នាំង / Krong Kampong Chhnang,ខ្សាម / Khsam,1
38-05-50-95,Tonle Sap,Rural,4431.669921875,កំពង់ឆ្នាំង / Kampong Chhnang,កំពង់ត្រឡាច / Kampong Tralach,អំពិលទឹក / Ampil Tuek,1
08-66-93-20,Tonle Sap,Rural,5810.63671875,កំពង់ឆ្នាំង / Kampong Chhnang,កំពង់ត្រឡាច / Kampong Tralach,អូរឫស្សី / Ou Ruessei,1
02-39-28-57,Tonle Sap,Rural,5416.5654296875,កំពង់ឆ្នាំង / Kampong Chhnang,កំពង់ត្រឡាច / Kampong Tralach,អូរឫស្សី / Ou Ruessei,1
12-37-68-17,Tonle Sap,Rural,5810.63671875,កំពង់ឆ្នាំង / Kampong Chhnang,កំពង់ត្រឡាច / Kampong Tralach,អូរឫស្សី / Ou Ruessei,1
62-04-49-53,Tonle Sap,Rural,5857.19140625,កំពង់ឆ្នាំង / Kampong Chhnang,សាមគ្គីមានជ័យ / Sameakki Mean Chey,40704,1
96-66-52-37,Coastal,Rural,4710.0673828125,កំពង់ឆ្នាំង / Kampong Chhnang,សាមគ្គីមានជ័យ / Sameakki Mean Chey,ត្បែងខ្ពស់ / Tbaeng Khpos,1
80-91-76-81,Tonle Sap,Rural,5222.013671875,កំពង់ឆ្នាំង / Kampong Chhnang,សាមគ្គីមានជ័យ / Sameakki Mean Chey,ត្បែងខ្ពស់ / Tbaeng Khpos,1
84-46-73-02,Tonle Sap,Rural,4710.0673828125,កំពង់ឆ្នាំង / Kampong Chhnang,សាមគ្គីមានជ័យ / Sameakki Mean Chey,ត្បែងខ្ពស់ / Tbaeng Khpos,1
13-85-44-31,Tonle Sap,Rural,4958.00634765625,កំពង់ឆ្នាំង / Kampong Chhnang,ទឹកផុស / Tuek Phos,អភិវឌ្ឍន៍ / Akphivoadth,1
66-44-64-50,Tonle Sap,Rural,4821.12255859375,កំពង់ឆ្នាំង / Kampong Chhnang,ទឹកផុស / Tuek Phos,ក្រាំងស្គារ / Krang Skear,1
68-89-84-09,Tonle Sap,Rural,4821.12255859375,កំពង់ឆ្នាំង / Kampong Chhnang,ទឹកផុស / Tuek Phos,ក្រាំងស្គារ / Krang Skear,1
35-65-67-78,Tonle Sap,Rural,5110.3662109375,កំពង់ឆ្នាំង / Kampong Chhnang,ទឹកផុស / Tuek Phos,ក្រាំងស្គារ / Krang Skear,1
98-06-76-33,Tonle Sap,Rural,5110.3662109375,កំពង់ឆ្នាំង / Kampong Chhnang,ទឹកផុស / Tuek Phos,ក្រាំងស្គារ / Krang Skear,1
38-95-73-31,Tonle Sap,Rural,4997.91796875,កំពង់ឆ្នាំង / Kampong Chhnang,ទឹកផុស / Tuek Phos,ទួលខ្ពស់ / Tuol Khpos,1
93-84-10-19,Tonle Sap,Rural,5759.67626953125,កំពង់ឆ្នាំង / Kampong Chhnang,ទឹកផុស / Tuek Phos,ទួលខ្ពស់ / Tuol Khpos,1
04-38-19-68,Tonle Sap,Rural,4997.91796875,កំពង់ឆ្នាំង / Kampong Chhnang,ទឹកផុស / Tuek Phos,ទួលខ្ពស់ / Tuol Khpos,1
71-06-17-00,Tonle Sap,Rural,7423.4248046875,កំពង់ឆ្នាំង / Kampong Chhnang,ទឹកផុស / Tuek Phos,ទួលខ្ពស់ / Tuol Khpos,1
09-72-73-80,Plateau/Mountain,Rural,7810.25537109375,កំពង់ស្ពឺ / Kampong Speu,បរសេដ្ឋ / Basedth,ភារីមានជ័យ / Pheari Mean Chey,1
34-77-97-45,Plateau/Mountain,Rural,7980.39501953125,កំពង់ស្ពឺ / Kampong Speu,បរសេដ្ឋ / Basedth,ពោធិអង្ក្រង / Pou Angkrang,1
14-54-93-04,Plateau/Mountain,Rural,7980.39501953125,កំពង់ស្ពឺ / Kampong Speu,បរសេដ្ឋ / Basedth,ពោធិអង្ក្រង / Pou Angkrang,1
61-57-55-69,Plateau/Mountain,Rural,7398.59033203125,កំពង់ស្ពឺ / Kampong Speu,គងពិសី / Kong Pisei,ស្រង់ / Srang,1
51-04-81-57,Plateau/Mountain,Rural,8238.87109375,កំពង់ស្ពឺ / Kampong Speu,គងពិសី / Kong Pisei,ស្រង់ / Srang,1
18-72-98-16,Plateau/Mountain,Rural,7398.59033203125,កំពង់ស្ពឺ / Kampong Speu,គងពិសី / Kong Pisei,ស្រង់ / Srang,1
45-61-82-18,Plateau/Mountain,Rural,3869.066650390625,កំពង់ស្ពឺ / Kampong Speu,ឱរ៉ាល់ / Aoral,ហោងសំណំ / Haong Samnam,1
92-66-10-53,Plateau/Mountain,Rural,3722.272216796875,កំពង់ស្ពឺ / Kampong Speu,ឱរ៉ាល់ / Aoral,ហោងសំណំ / Haong Samnam,1
41-25-77-25,Plateau/Mountain,Rural,4440.0341796875,កំពង់ស្ពឺ / Kampong Speu,ឱរ៉ាល់ / Aoral,ហោងសំណំ / Haong Samnam,1
14-56-06-34,Plateau/Mountain,Rural,5911.1337890625,កំពង់ស្ពឺ / Kampong Speu,ឧដុង្គ / Odongk,ជំពូព្រឹក្ស / Chumpu Proeks,1
27-81-23-37,Plateau/Mountain,Rural,5911.1337890625,កំពង់ស្ពឺ / Kampong Speu,ឧដុង្គ / Odongk,ជំពូព្រឹក្ស / Chumpu Proeks,1
17-99-50-48,Plateau/Mountain,Rural,7479.30712890625,កំពង់ស្ពឺ / Kampong Speu,ឧដុង្គ / Odongk,ជំពូព្រឹក្ស / Chumpu Proeks,1
05-25-66-94,Plateau/Mountain,Rural,5664.3271484375,កំពង់ស្ពឺ / Kampong Speu,ឧដុង្គ / Odongk,ក្រាំងចេក / Krang Chek,1
23-32-08-95,Plateau/Mountain,Rural,7040.2607421875,កំពង់ស្ពឺ / Kampong Speu,ឧដុង្គ / Odongk,ក្រាំងចេក / Krang Chek,1
02-36-19-45,Plateau/Mountain,Rural,7967.78662109375,កំពង់ស្ពឺ / Kampong Speu,ឧដុង្គ / Odongk,វាលពង់ / Veal Pung,1
12-70-03-22,Plateau/Mountain,Urban,1445.01220703125,កំពង់ស្ពឺ / Kampong Speu,ឧដុង្គ / Odongk,វាំងចាស់ / Veang Chas,1
01-13-94-22,Plateau/Mountain,Urban,1586.547607421875,កំពង់ស្ពឺ / Kampong Speu,ឧដុង្គ / Odongk,វាំងចាស់ / Veang Chas,1
17-58-97-56,Plateau/Mountain,Urban,1828.361572265625,កំពង់ស្ពឺ / Kampong Speu,ឧដុង្គ / Odongk,វាំងចាស់ / Veang Chas,1
61-39-09-69,Plateau/Mountain,Urban,1975.79345703125,កំពង់ស្ពឺ / Kampong Speu,សំរោងទង / Samraong Tong,ត្រពាំងគង / Trapeang Kong,1
97-32-44-49,Plateau/Mountain,Urban,1799.5335693359375,កំពង់ស្ពឺ / Kampong Speu,សំរោងទង / Samraong Tong,ត្រពាំងគង / Trapeang Kong,1
45-08-70-04,Plateau/Mountain,Urban,1799.5335693359375,កំពង់ស្ពឺ / Kampong Speu,សំរោងទង / Samraong Tong,ត្រពាំងគង / Trapeang Kong,1
41-71-66-92,Plateau/Mountain,Urban,1975.79345703125,កំពង់ស្ពឺ / Kampong Speu,សំរោងទង / Samraong Tong,ត្រពាំងគង / Trapeang Kong,1
56-39-11-35,Plateau/Mountain,Urban,1799.5335693359375,កំពង់ស្ពឺ / Kampong Speu,សំរោងទង / Samraong Tong,ត្រពាំងគង / Trapeang Kong,1
84-85-23-95,Plateau/Mountain,Rural,6848.69287109375,កំពង់ស្ពឺ / Kampong Speu,សំរោងទង / Samraong Tong,ទំព័រមាស / Tumpoar Meas,1
78-58-11-12,Plateau/Mountain,Rural,7149.16650390625,កំពង់ស្ពឺ / Kampong Speu,ថ្ពង / Thpong,យាអង្គ / Yeang Angk,1
25-74-41-33,Tonle Sap,Rural,10704.8544921875,កំពង់ធំ / Kampong Thom,បារាយណ៍ / Baray,បឹង / Boeng,1
25-15-60-76,Tonle Sap,Rural,7207.18408203125,កំពង់ធំ / Kampong Thom,បារាយណ៍ / Baray,បឹង / Boeng,1
75-30-55-60,Tonle Sap,Rural,10219.9482421875,កំពង់ធំ / Kampong Thom,បារាយណ៍ / Baray,ចើងដើង / Chaeung Daeung,1
50-24-93-06,Tonle Sap,Urban,2041.6854248046875,កំពង់ធំ / Kampong Thom,ស្ទឹងសែន / Krong Stueng Saen,កំពង់ធំ / Kampong Thum,1
03-07-95-46,Tonle Sap,Urban,2041.6854248046875,កំពង់ធំ / Kampong Thom,ស្ទឹងសែន / Krong Stueng Saen,កំពង់ធំ / Kampong Thum,1
10-24-50-53,Tonle Sap,Urban,2673.921142578125,កំពង់ធំ / Kampong Thom,ស្ទឹងសែន / Krong Stueng Saen,កំពង់ធំ / Kampong Thum,1
00-91-59-01,Tonle Sap,Urban,3329.550537109375,កំពង់ធំ / Kampong Thom,ស្ទឹងសែន / Krong Stueng Saen,កំពង់ធំ / Kampong Thum,1
73-48-13-56,Tonle Sap,Urban,2408.12841796875,កំពង់ធំ / Kampong Thom,ស្ទឹងសែន / Krong Stueng Saen,កំពង់ធំ / Kampong Thum,1
74-34-13-03,Tonle Sap,Urban,2673.921142578125,កំពង់ធំ / Kampong Thom,ស្ទឹងសែន / Krong Stueng Saen,កំពង់ក្របៅ / Kampong Krabau,1
86-95-05-55,Tonle Sap,Urban,2786.1904296875,កំពង់ធំ / Kampong Thom,ស្ទឹងសែន / Krong Stueng Saen,កំពង់ក្របៅ / Kampong Krabau,1
86-71-22-91,Tonle Sap,Urban,2502.6650390625,កំពង់ធំ / Kampong Thom,ស្ទឹងសែន / Krong Stueng Saen,ស្រយ៉ូវ / Srayov,1
86-04-65-66,Tonle Sap,Urban,2586.508056640625,កំពង់ធំ / Kampong Thom,ស្ទឹងសែន / Krong Stueng Saen,ស្រយ៉ូវ / Srayov,1
68-03-65-53,Tonle Sap,Urban,2774.6845703125,កំពង់ធំ / Kampong Thom,ស្ទឹងសែន / Krong Stueng Saen,ស្រយ៉ូវ / Srayov,1
06-77-22-73,Tonle Sap,Urban,2681.163818359375,កំពង់ធំ / Kampong Thom,ស្ទឹងសែន / Krong Stueng Saen,ស្រយ៉ូវ / Srayov,1
15-48-48-18,Tonle Sap,Rural,8133.8271484375,កំពង់ធំ / Kampong Thom,ប្រាសាទបល្ល័ង្គ / Prasat Ballangk,ក្រយា / Kraya,1
84-86-96-17,Tonle Sap,Rural,7058.06982421875,កំពង់ធំ / Kampong Thom,ប្រាសាទបល្ល័ង្គ / Prasat Ballangk,ក្រយា / Kraya,1
13-60-37-63,Tonle Sap,Rural,9429.572265625,កំពង់ធំ / Kampong Thom,ប្រាសាទសំបូរ / Prasat Sambour,ឈូក / Chhuk,1
98-27-08-13,Tonle Sap,Rural,8743.001953125,កំពង់ធំ / Kampong Thom,ប្រាសាទសំបូរ / Prasat Sambour,ឈូក / Chhuk,1
92-36-22-55,Tonle Sap,Rural,9429.572265625,កំពង់ធំ / Kampong Thom,ប្រាសាទសំបូរ / Prasat Sambour,ឈូក / Chhuk,1
26-30-31-96,Tonle Sap,Rural,8448.3193359375,កំពង់ធំ / Kampong Thom,ប្រាសាទសំបូរ / Prasat Sambour,ឈូក / Chhuk,1
52-15-08-75,Tonle Sap,Rural,9188.5556640625,កំពង់ធំ / Kampong Thom,ប្រាសាទសំបូរ / Prasat Sambour,សំបូរណ៍ / Sambour,1
39-41-55-55,Tonle Sap,Rural,10148.7685546875,កំពង់ធំ / Kampong Thom,ប្រាសាទសំបូរ / Prasat Sambour,សំបូរណ៍ / Sambour,1
38-37-50-95,Tonle Sap,Rural,8275.1962890625,កំពង់ធំ / Kampong Thom,ប្រាសាទសំបូរ / Prasat Sambour,សំបូរណ៍ / Sambour,1
39-99-50-70,Tonle Sap,Rural,9574.353515625,កំពង់ធំ / Kampong Thom,ប្រាសាទសំបូរ / Prasat Sambour,សំបូរណ៍ / Sambour,1
13-05-07-31,Tonle Sap,Rural,9574.353515625,កំពង់ធំ / Kampong Thom,ប្រាសាទសំបូរ / Prasat Sambour,សំបូរណ៍ / Sambour,1
93-55-82-79,Tonle Sap,Rural,7178.33642578125,កំពង់ធំ / Kampong Thom,ស្ទោង / Stoung,ពាមបាង / Peam Bang,1
49-67-47-33,Tonle Sap,Rural,8803.5703125,កំពង់ធំ / Kampong Thom,ស្ទោង / Stoung,ពាមបាង / Peam Bang,1
74-48-94-37,Tonle Sap,Rural,6945.64697265625,កំពង់ធំ / Kampong Thom,ស្ទោង / Stoung,ពាមបាង / Peam Bang,1
64-51-45-53,Tonle Sap,Rural,6945.64697265625,កំពង់ធំ / Kampong Thom,ស្ទោង / Stoung,ពាមបាង / Peam Bang,1
50-89-68-36,Tonle Sap,Rural,6945.64697265625,កំពង់ធំ / Kampong Thom,ស្ទោង / Stoung,ពាមបាង / Peam Bang,1
15-91-45-68,Tonle Sap,Rural,5848.11474609375,កំពង់ធំ / Kampong Thom,ស្ទោង / Stoung,ប្រឡាយ / Pralay,1
06-79-10-35,Tonle Sap,Rural,8686.2255859375,កំពង់ធំ / Kampong Thom,ស្ទោង / Stoung,ប្រឡាយ / Pralay,1
64-93-89-71,Tonle Sap,Rural,8686.2255859375,កំពង់ធំ / Kampong Thom,ស្ទោង / Stoung,ប្រឡាយ / Pralay,1
44-70-64-79,Tonle Sap,Rural,7704.77880859375,កំពង់ធំ / Kampong Thom,ស្ទោង / Stoung,ប្រឡាយ / Pralay,1
16-93-86-61,Coastal,Rural,3910.024169921875,កំពត / Kampot,អង្គរជ័យ / Angkor Chey,អង្គភ្នំតូច / Angk Phnum Touch,1
69-56-81-47,Coastal,Rural,4947.3203125,កំពត / Kampot,អង្គរជ័យ / Angkor Chey,អង្គភ្នំតូច / Angk Phnum Touch,1
27-28-72-74,Coastal,Rural,4325.154296875,កំពត / Kampot,អង្គរជ័យ / Angkor Chey,ដំបូកខ្ពស់ / Dambouk Khpos,1
47-18-39-01,Coastal,Rural,5004.17822265625,កំពត / Kampot,អង្គរជ័យ / Angkor Chey,ដំបូកខ្ពស់ / Dambouk Khpos,1
18-49-28-85,Coastal,Rural,4325.154296875,កំពត / Kampot,អង្គរជ័យ / Angkor Chey,ដំបូកខ្ពស់ / Dambouk Khpos,1
34-47-49-71,Coastal,Rural,5004.17822265625,កំពត / Kampot,អង្គរជ័យ / Angkor Chey,ដំបូកខ្ពស់ / Dambouk Khpos,1
46-39-21-33,Coastal,Rural,4184.95166015625,កំពត / Kampot,អង្គរជ័យ / Angkor Chey,ដំបូកខ្ពស់ / Dambouk Khpos,1
02-83-06-69,Coastal,Rural,4026.172119140625,កំពត / Kampot,អង្គរជ័យ / Angkor Chey,ដំបូកខ្ពស់ / Dambouk Khpos,1
19-03-30-38,Coastal,Rural,6520.048828125,កំពត / Kampot,អង្គរជ័យ / Angkor Chey,ប្រភ្នំ / Praphnum,1
60-30-46-89,Coastal,Rural,4562.82470703125,កំពត / Kampot,អង្គរជ័យ / Angkor Chey,ប្រភ្នំ / Praphnum,1
25-77-33-12,Coastal,Rural,6520.048828125,កំពត / Kampot,អង្គរជ័យ / Angkor Chey,ប្រភ្នំ / Praphnum,1
73-48-23-31,Coastal,Rural,4888.26123046875,កំពត / Kampot,អង្គរជ័យ / Angkor Chey,ប្រភ្នំ / Praphnum,1
92-90-42-99,Coastal,Rural,4888.26123046875,កំពត / Kampot,អង្គរជ័យ / Angkor Chey,ប្រភ្នំ / Praphnum,1
75-35-05-33,Coastal,Rural,5038.23388671875,កំពត / Kampot,អង្គរជ័យ / Angkor Chey,តានី / Tani,1
23-73-33-69,Coastal,Rural,5340.50341796875,កំពត / Kampot,អង្គរជ័យ / Angkor Chey,តានី / Tani,1
75-49-22-77,Coastal,Rural,5340.50341796875,កំពត / Kampot,អង្គរជ័យ / Angkor Chey,តានី / Tani,1
89-39-88-34,Coastal,Rural,4196.5166015625,កំពត / Kampot,ជុំគិរី / Chum Kiri,ស្នាយអញ្ជិត / Snay Anhchit,1
07-21-69-77,Coastal,Rural,4659.69921875,កំពត / Kampot,ជុំគិរី / Chum Kiri,ស្នាយអញ្ជិត / Snay Anhchit,1
67-18-67-83,Coastal,Rural,4196.5166015625,កំពត / Kampot,ជុំគិរី / Chum Kiri,ស្នាយអញ្ជិត / Snay Anhchit,1
83-93-32-62,Coastal,Rural,4028.180908203125,កំពត / Kampot,ជុំគិរី / Chum Kiri,ស្រែក្នុង / Srae Knong,1
94-38-77-66,Coastal,Rural,4485.67431640625,កំពត / Kampot,ជុំគិរី / Chum Kiri,ស្រែក្នុង / Srae Knong,1
78-91-79-12,Coastal,Rural,4187.0400390625,កំពត / Kampot,ជុំគិរី / Chum Kiri,ស្រែក្នុង / Srae Knong,1
15-99-35-27,Coastal,Rural,4187.0400390625,កំពត / Kampot,ជុំគិរី / Chum Kiri,ស្រែក្នុង / Srae Knong,1
98-93-37-80,Coastal,Rural,4175.7587890625,កំពត / Kampot,ដងទង់ / Dang Tong,ស្រែជាខាងជើង / Srae Chea Khang Cheung,1
42-26-51-22,Coastal,Rural,5468.83984375,កំពត / Kampot,ដងទង់ / Dang Tong,ស្រែជាខាងជើង / Srae Chea Khang Cheung,1
94-01-09-26,Coastal,Rural,5698.458984375,កំពត / Kampot,ដងទង់ / Dang Tong,ស្រែជាខាងជើង / Srae Chea Khang Cheung,1
01-53-99-24,Coastal,Rural,4142.13916015625,កំពត / Kampot,ដងទង់ / Dang Tong,អង្គ រមាស / Angkor Meas,1
28-42-49-04,Coastal,Rural,4437.57080078125,កំពត / Kampot,ដងទង់ / Dang Tong,អង្គ រមាស / Angkor Meas,1
33-81-90-06,Coastal,Urban,4592.8251953125,កំពត / Kampot,កំពង់ត្រាច / Kampong Trach,កំពង់ត្រាចខាងកើត / Kampong Trach Khang Kaeut,1
04-17-16-88,Coastal,Urban,4592.8251953125,កំពត / Kampot,កំពង់ត្រាច / Kampong Trach,កំពង់ត្រាចខាងកើត / Kampong Trach Khang Kaeut,1
72-84-14-29,Coastal,Urban,4437.21728515625,កំពត / Kampot,កំពង់ត្រាច / Kampong Trach,កំពង់ត្រាចខាងកើត / Kampong Trach Khang Kaeut,1
45-55-56-10,Coastal,Urban,5718.95849609375,កំពត / Kampot,កំពង់ត្រាច / Kampong Trach,កំពង់ត្រាចខាងកើត / Kampong Trach Khang Kaeut,1
42-09-07-47,Coastal,Rural,4592.35595703125,កំពត / Kampot,កំពង់ត្រាច / Kampong Trach,កំពង់ត្រាចខាងលិច / Kampong Trach Khang Lech,1
92-42-52-09,Coastal,Rural,4753.404296875,កំពត / Kampot,កំពង់ត្រាច / Kampong Trach,កំពង់ត្រាចខាងលិច / Kampong Trach Khang Lech,1
74-31-98-06,Coastal,Rural,3629.484619140625,កំពត / Kampot,កំពង់ត្រាច / Kampong Trach,កំពង់ត្រាចខាងលិច / Kampong Trach Khang Lech,1
72-37-31-42,Plain,Rural,9286.634765625,កណ្ដាល / Kandal,កណ្ដាលស្ទឹង / Kandal Stueng,គោកត្រប់ / Kouk Trab,1
85-34-28-39,Plain,Rural,10702.0595703125,កណ្ដាល / Kandal,កណ្ដាលស្ទឹង / Kandal Stueng,គោកត្រប់ / Kouk Trab,1
76-83-24-33,Plain,Rural,11542.4697265625,កណ្ដាល / Kandal,កណ្ដាលស្ទឹង / Kandal Stueng,គោកត្រប់ / Kouk Trab,1
25-77-58-96,Plain,Rural,11542.4697265625,កណ្ដាល / Kandal,កណ្ដាលស្ទឹង / Kandal Stueng,គោកត្រប់ / Kouk Trab,1
53-72-96-01,Plain,Rural,9976.255859375,កណ្ដាល / Kandal,កណ្ដាលស្ទឹង / Kandal Stueng,គោកត្រប់ / Kouk Trab,1
57-27-40-40,Plain,Rural,10124.970703125,កណ្ដាល / Kandal,កណ្ដាលស្ទឹង / Kandal Stueng,រលាំងកែន / Roleang Kaen,1
20-33-11-22,Plain,Rural,9425.0693359375,កណ្ដាល / Kandal,កណ្ដាលស្ទឹង / Kandal Stueng,រលាំងកែន / Roleang Kaen,1
09-54-86-04,Plain,Rural,9796.763671875,កណ្ដាល / Kandal,កណ្ដាលស្ទឹង / Kandal Stueng,រលាំងកែន / Roleang Kaen,1
71-54-97-38,Plain,Rural,10124.970703125,កណ្ដាល / Kandal,កណ្ដាលស្ទឹង / Kandal Stueng,រលាំងកែន / Roleang Kaen,1
61-75-01-22,Plain,Urban,1859.165771484375,កណ្ដាល / Kandal,កៀនស្វាយ / Kien Svay,ដីឥដ្ឋ / Dei Edth,1
06-86-53-01,Plain,Urban,1859.165771484375,កណ្ដាល / Kandal,កៀនស្វាយ / Kien Svay,ដីឥដ្ឋ / Dei Edth,1
60-18-26-02,Plain,Urban,2329.291748046875,កណ្ដាល / Kandal,កៀនស្វាយ / Kien Svay,គគីរ / Kokir (Kien Svay),1
55-37-78-79,Plain,Urban,1968.78515625,កណ្ដាល / Kandal,កៀនស្វាយ / Kien Svay,គគីរ / Kokir (Kien Svay),1
73-44-61-35,Tonle Sap,Rural,13687.5517578125,កណ្ដាល / Kandal,លើកដែក / Leuk Daek,ព្រែកទន្លាប់ / Preaek Tonloab,1
19-75-91-64,Tonle Sap,Rural,9215.3232421875,កណ្ដាល / Kandal,លើកដែក / Leuk Daek,ព្រែកទន្លាប់ / Preaek Tonloab,1
13-70-88-03,Tonle Sap,Rural,9899.6494140625,កណ្ដាល / Kandal,លើកដែក / Leuk Daek,ព្រែកទន្លាប់ / Preaek Tonloab,1
59-35-08-66,Plain,Rural,13011.2470703125,កណ្ដាល / Kandal,ល្វាឯម / Lvea Aem,អរិយក្សត្រ / Akreiy Ksatv,1
87-48-59-39,Plain,Rural,13011.2470703125,កណ្ដាល / Kandal,ល្វាឯម / Lvea Aem,អរិយក្សត្រ / Akreiy Ksatv,1
51-84-88-88,Plain,Rural,9754.892578125,កណ្ដាល / Kandal,ល្វាឯម / Lvea Aem,អរិយក្សត្រ / Akreiy Ksatv,1
17-68-18-77,Plain,Rural,7978.5166015625,កណ្ដាល / Kandal,ល្វាឯម / Lvea Aem,អរិយក្សត្រ / Akreiy Ksatv,1
65-98-79-99,Plain,Rural,11070.568359375,កណ្ដាល / Kandal,ល្វាឯម / Lvea Aem,សារិកាកែវ / Sarikakaev,1
47-60-20-01,Plain,Rural,10650.5439453125,កណ្ដាល / Kandal,ល្វាឯម / Lvea Aem,សារិកាកែវ / Sarikakaev,1
46-36-66-09,Plain,Rural,10650.5439453125,កណ្ដាល / Kandal,ល្វាឯម / Lvea Aem,សារិកាកែវ / Sarikakaev,1
48-33-61-54,Plain,Urban,1940.8941650390625,កណ្ដាល / Kandal,មុខកំពូល / Mukh Kampul,ព្រែកអញ្ចាញ / Preaek Anhchanh,1
44-78-21-72,Plain,Urban,2161.327392578125,កណ្ដាល / Kandal,មុខកំពូល / Mukh Kampul,ព្រែកអញ្ចាញ / Preaek Anhchanh,1
42-23-81-85,Plain,Urban,2236.7158203125,កណ្ដាល / Kandal,មុខកំពូល / Mukh Kampul,ព្រែកអញ្ចាញ / Preaek Anhchanh,1
72-89-35-81,Plain,Rural,9205.880859375,កណ្ដាល / Kandal,មុខកំពូល / Mukh Kampul,ឫស្សីជ្រោយ / Ruessei Chrouy,1
57-24-69-99,Plain,Rural,13673.52734375,កណ្ដាល / Kandal,មុខកំពូល / Mukh Kampul,ឫស្សីជ្រោយ / Ruessei Chrouy,1
61-24-24-14,Plain,Rural,9568.9326171875,កណ្ដាល / Kandal,មុខកំពូល / Mukh Kampul,ស្វាយអំពារ / Svay Ampear,1
56-21-49-31,Plain,Rural,13673.52734375,កណ្ដាល / Kandal,មុខកំពូល / Mukh Kampul,ស្វាយអំពារ / Svay Ampear,1
33-36-95-06,Plain,Rural,14440.9853515625,កណ្ដាល / Kandal,ស្អាង / S'ang,ព្រែកអំបិល / Preaek Ambel,1
11-74-42-47,Plain,Rural,11418.9453125,កណ្ដាល / Kandal,ស្អាង / S'ang,ព្រែកអំបិល / Preaek Ambel,1
78-60-23-79,Plain,Urban,2170.527099609375,កណ្ដាល / Kandal,ស្អាង / S'ang,ព្រែកគយ / Preaek Koy,1
24-21-42-95,Plain,Urban,2406.44580078125,កណ្ដាល / Kandal,ស្អាង / S'ang,ព្រែកគយ / Preaek Koy,1
09-26-24-56,Plain,Urban,2243.2431640625,កណ្ដាល / Kandal,ស្អាង / S'ang,ព្រែកគយ / Preaek Koy,1
48-04-17-10,Plain,Rural,10159.1650390625,កណ្ដាល / Kandal,ស្អាង / S'ang,ស្វាយប្រទាល / Svay Prateal,1
69-50-77-07,Plain,Rural,12147.875,កណ្ដាល / Kandal,ស្អាង / S'ang,ស្វាយប្រទាល / Svay Prateal,1
95-23-54-25,Plain,Urban,1588.4466552734375,កណ្ដាល / Kandal,ស្អាង / S'ang,ស្វាយរលំ / Svay Rolum,1
25-20-77-34,Plain,Urban,1438.1578369140625,កណ្ដាល / Kandal,ស្អាង / S'ang,ស្វាយរលំ / Svay Rolum,1
02-60-77-80,Plain,Urban,1205.669677734375,កណ្ដាល / Kandal,ស្អាង / S'ang,ស្វាយរលំ / Svay Rolum,1
00-28-02-38,Plain,Urban,1253.217529296875,កណ្ដាល / Kandal,ស្អាង / S'ang,ស្វាយរលំ / Svay Rolum,1
25-71-53-69,Plain,Urban,1443.64990234375,កណ្ដាល / Kandal,តាខ្មៅ / Krong Ta Khmau,ព្រែកឫស្សី / Preaek Ruessei,1
46-77-48-68,Plain,Urban,1702.7572021484375,កណ្ដាល / Kandal,តាខ្មៅ / Krong Ta Khmau,ព្រែកឫស្សី / Preaek Ruessei,1
04-81-78-84,Plain,Urban,1826.637939453125,កណ្ដាល / Kandal,តាខ្មៅ / Krong Ta Khmau,ព្រែកឫស្សី / Preaek Ruessei,1
55-91-13-86,Plain,Urban,1826.637939453125,កណ្ដាល / Kandal,តាខ្មៅ / Krong Ta Khmau,ព្រែកឫស្សី / Preaek Ruessei,1
94-31-28-90,Plain,Urban,2088.275146484375,កណ្ដាល / Kandal,តាខ្មៅ / Krong Ta Khmau,ព្រែកឫស្សី / Preaek Ruessei,1
11-84-40-86,Plain,Urban,2091.849365234375,កណ្ដាល / Kandal,តាខ្មៅ / Krong Ta Khmau,ដើមមៀន / Daeum Mien,1
56-28-95-37,Coastal,Urban,601.42425537109375,កោះកុង / Koh Kong,មណ្ឌលសីមា / Mondol Seima,ប៉ាក់ខ្លង / Bak Khlang,1
37-46-33-40,Coastal,Urban,792.3648681640625,កោះកុង / Koh Kong,មណ្ឌលសីមា / Mondol Seima,ប៉ាក់ខ្លង / Bak Khlang,1
29-90-09-46,Coastal,Urban,601.42425537109375,កោះកុង / Koh Kong,មណ្ឌលសីមា / Mondol Seima,ប៉ាក់ខ្លង / Bak Khlang,1
27-10-24-86,Coastal,Rural,1563.36181640625,កោះកុង / Koh Kong,មណ្ឌលសីមា / Mondol Seima,ពាមក្រសោប / Peam Krasaob,1
16-15-69-73,Coastal,Rural,1625.0157470703125,កោះកុង / Koh Kong,មណ្ឌលសីមា / Mondol Seima,ពាមក្រសោប / Peam Krasaob,1
72-58-00-67,Coastal,Rural,1423.8946533203125,កោះកុង / Koh Kong,មណ្ឌលសីមា / Mondol Seima,ពាមក្រសោប / Peam Krasaob,1
13-40-45-67,Coastal,Rural,1958.2255859375,កោះកុង / Koh Kong,ស្រែ អំបិល / Srae Ambel,ជ្រោយស្វាយ / Chrouy Svay,1
87-35-60-51,Coastal,Rural,2438.37060546875,កោះកុង / Koh Kong,ស្រែ អំបិល / Srae Ambel,ជ្រោយស្វាយ / Chrouy Svay,1
27-21-45-15,Coastal,Rural,1968.188720703125,កោះកុង / Koh Kong,ស្រែ អំបិល / Srae Ambel,ដងពែង / Dang Peaeng,1
51-15-36-00,Coastal,Rural,1901.50537109375,កោះកុង / Koh Kong,ស្រែ អំបិល / Srae Ambel,ដងពែង / Dang Peaeng,1
69-50-07-46,Coastal,Rural,1650.017578125,កោះកុង / Koh Kong,ស្រែ អំបិល / Srae Ambel,ដងពែង / Dang Peaeng,1
26-46-53-29,Coastal,Rural,2450.77685546875,កោះកុង / Koh Kong,ស្រែ អំបិល / Srae Ambel,ដងពែង / Dang Peaeng,1
71-46-50-36,Coastal,Urban,1186.3048095703125,កោះកុង / Koh Kong,ស្រែ អំបិល / Srae Ambel,ស្រែអំបិល / Srae Ambel,1
28-86-65-82,Coastal,Urban,1186.3048095703125,កោះកុង / Koh Kong,ស្រែ អំបិល / Srae Ambel,ស្រែអំបិល / Srae Ambel,1
43-90-23-81,Coastal,Urban,1450.4295654296875,កោះកុង / Koh Kong,ស្រែ អំបិល / Srae Ambel,ស្រែអំបិល / Srae Ambel,1
21-88-93-32,Coastal,Urban,1186.3048095703125,កោះកុង / Koh Kong,ស្រែ អំបិល / Srae Ambel,ស្រែអំបិល / Srae Ambel,1
22-94-17-72,Coastal,Rural,1281.6639404296875,កោះកុង / Koh Kong,ថ្មបាំង / Thma Bang,ឬស្សីជ្រុំ / Ruessei Chrum,1
12-14-50-11,Coastal,Rural,1567.0198974609375,កោះកុង / Koh Kong,ថ្មបាំង / Thma Bang,ឬស្សីជ្រុំ / Ruessei Chrum,1
27-93-66-33,Plateau/Mountain,Rural,6850.48779296875,ក្រចេះ / Kratie,សំបូរ / Sambour,ក្បាលដំរី / Kbal Damrei,1
15-28-98-50,Plateau/Mountain,Rural,7261.48388671875,ក្រចេះ / Kratie,សំបូរ / Sambour,ក្បាលដំរី / Kbal Damrei,1
54-45-11-85,Plateau/Mountain,Rural,6137.61767578125,ក្រចេះ / Kratie,សំបូរ / Sambour,ក្បាលដំរី / Kbal Damrei,1
59-45-30-11,Plateau/Mountain,Rural,5833.373046875,ក្រចេះ / Kratie,សំបូរ / Sambour,អូរគ្រៀង / Ou Krieng,1
58-97-53-95,Plateau/Mountain,Rural,6028.80029296875,ក្រចេះ / Kratie,សំបូរ / Sambour,អូរគ្រៀង / Ou Krieng,1
06-44-48-23,Plateau/Mountain,Rural,6467.41357421875,ក្រចេះ / Kratie,សំបូរ / Sambour,អូរគ្រៀង / Ou Krieng,1
05-61-61-38,Plateau/Mountain,Rural,5111.40234375,ក្រចេះ / Kratie,សំបូរ / Sambour,អូរគ្រៀង / Ou Krieng,1
48-00-56-77,Plateau/Mountain,Rural,5903.09423828125,ក្រចេះ / Kratie,សំបូរ / Sambour,វឌ្ឍនៈ / Vodtheaknak,1
23-70-43-39,Plateau/Mountain,Rural,6554.6376953125,ក្រចេះ / Kratie,សំបូរ / Sambour,វឌ្ឍនៈ / Vodtheaknak,1
71-81-05-41,Plateau/Mountain,Rural,6554.6376953125,ក្រចេះ / Kratie,សំបូរ / Sambour,វឌ្ឍនៈ / Vodtheaknak,1
87-61-41-63,Plateau/Mountain,Rural,5495.03515625,ក្រចេះ / Kratie,សំបូរ / Sambour,វឌ្ឍនៈ / Vodtheaknak,1
89-18-69-83,Plateau/Mountain,Rural,6055.732421875,ក្រចេះ / Kratie,ស្នួល / Snuol,ឃ្សឹម / Khsuem,1
89-93-74-40,Plateau/Mountain,Rural,5645.0390625,ក្រចេះ / Kratie,ស្នួល / Snuol,ឃ្សឹម / Khsuem,1
82-92-84-48,Plateau/Mountain,Rural,7061.48388671875,ក្រចេះ / Kratie,ស្នួល / Snuol,ស្រែចារ / Srae Char,1
77-14-13-68,Plateau/Mountain,Rural,6661.8076171875,ក្រចេះ / Kratie,ស្នួល / Snuol,ស្រែចារ / Srae Char,1
39-39-07-11,Plateau/Mountain,Rural,5757.85791015625,ក្រចេះ / Kratie,ស្នួល / Snuol,ស្រែចារ / Srae Char,1
95-71-13-54,Plateau/Mountain,Rural,4881.68896484375,ក្រចេះ / Kratie,ស្នួល / Snuol,ស្រែចារ / Srae Char,1
17-59-02-00,Plateau/Mountain,Rural,6619.87109375,ក្រចេះ / Kratie,ស្នួល / Snuol,ស្វាយជ្រះ / Svay Chreah,1
28-50-35-79,Plateau/Mountain,Rural,7092.02392578125,ក្រចេះ / Kratie,ស្នួល / Snuol,ស្វាយជ្រះ / Svay Chreah,1
68-92-90-44,Plateau/Mountain,Rural,6368.70947265625,ក្រចេះ / Kratie,ស្នួល / Snuol,ស្វាយជ្រះ / Svay Chreah,1
07-57-68-78,Plateau/Mountain,Rural,7339.39794921875,ក្រចេះ / Kratie,ស្នួល / Snuol,ស្វាយជ្រះ / Svay Chreah,1
37-36-10-30,Plateau/Mountain,Rural,1650.8861083984375,មណ្ឌលគិរី / Mondul Kiri,កោះញែក / Kaoh Nheaek,ស្រែហ៊ុយ / Srae Huy,1
27-77-41-77,Plateau/Mountain,Rural,1530.6844482421875,មណ្ឌលគិរី / Mondul Kiri,កោះញែក / Kaoh Nheaek,ស្រែហ៊ុយ / Srae Huy,1
60-20-26-32,Plateau/Mountain,Rural,1380.6220703125,មណ្ឌលគិរី / Mondul Kiri,កោះញែក / Kaoh Nheaek,ស្រែហ៊ុយ / Srae Huy,1
98-79-71-21,Plateau/Mountain,Rural,1520.2239990234375,មណ្ឌលគិរី / Mondul Kiri,អូររាំង / Ou Reang,សែនមនោរម្យ / Saen Monourom,1
10-73-31-63,Plateau/Mountain,Rural,1748.9271240234375,មណ្ឌលគិរី / Mondul Kiri,ពេជ្រាដា / Pech Chreada,ក្រង់តេះ / Krang Teh,1
47-27-29-93,Plateau/Mountain,Rural,1529.8062744140625,មណ្ឌលគិរី / Mondul Kiri,ពេជ្រាដា / Pech Chreada,ក្រង់តេះ / Krang Teh,1
99-55-65-60,Plateau/Mountain,Rural,1200.7158203125,មណ្ឌលគិរី / Mondul Kiri,ពេជ្រាដា / Pech Chreada,ប៊ូស្រា / Bu Sra,1
94-73-04-14,Plateau/Mountain,Rural,1416.22119140625,មណ្ឌលគិរី / Mondul Kiri,ពេជ្រាដា / Pech Chreada,ប៊ូស្រា / Bu Sra,1
18-42-12-21,Plateau/Mountain,Urban,348.8028564453125,មណ្ឌលគិរី / Mondul Kiri,សែនមនោរម្យ / Krong Saen Monourom,សុខដុម / Sokh Dom,1
93-79-78-96,Phnom Penh,Urban,5902.630859375,ភ្នំពេញ / Phnom Penh,៧មករា / Prampir Meakkakra,មនោរម្យ / Monourom,1
20-86-70-58,Phnom Penh,Urban,677.5933837890625,ភ្នំពេញ / Phnom Penh,៧មករា / Prampir Meakkakra,វាលវង់ / Veal Vong,1
63-25-24-51,Phnom Penh,Urban,496.5318908691406,ភ្នំពេញ / Phnom Penh,៧មករា / Prampir Meakkakra,វាលវង់ / Veal Vong,1
42-73-68-70,Phnom Penh,Urban,607.08221435546875,ភ្នំពេញ / Phnom Penh,៧មករា / Prampir Meakkakra,វាលវង់ / Veal Vong,1
68-48-09-89,Phnom Penh,Urban,5510.4384765625,ភ្នំពេញ / Phnom Penh,ទួលគោក / Tuol Kouk,ទឹកល្អក់ទី ២ / Tuek L'ak Ti Pir,1
88-58-17-70,Phnom Penh,Urban,6544.44921875,ភ្នំពេញ / Phnom Penh,ទួលគោក / Tuol Kouk,ទឹកល្អក់ទី ៣ / Tuek L'ak Ti Bei,1
45-89-47-83,Phnom Penh,Urban,6744.15771484375,ភ្នំពេញ / Phnom Penh,ទួលគោក / Tuol Kouk,ផ្សារដើមគរ / Phsar Daeum Kor,1
24-77-97-66,Phnom Penh,Urban,5056.28125,ភ្នំពេញ / Phnom Penh,ទួលគោក / Tuol Kouk,ផ្សារដើមគរ / Phsar Daeum Kor,1
55-38-96-18,Phnom Penh,Urban,4719.6591796875,ភ្នំពេញ / Phnom Penh,ទួលគោក / Tuol Kouk,ផ្សារដើមគរ / Phsar Daeum Kor,1
43-93-31-20,Phnom Penh,Urban,4877.77490234375,ភ្នំពេញ / Phnom Penh,ទួលគោក / Tuol Kouk,ផ្សារដើមគរ / Phsar Daeum Kor,1
99-81-14-04,Phnom Penh,Urban,2494.9990234375,ភ្នំពេញ / Phnom Penh,ទួលគោក / Tuol Kouk,បឹងសាឡាង / Boeng Salang,1
04-63-92-39,Phnom Penh,Urban,2394.463134765625,ភ្នំពេញ / Phnom Penh,ទួលគោក / Tuol Kouk,បឹងសាឡាង / Boeng Salang,1
10-00-23-23,Phnom Penh,Urban,2981.5712890625,ភ្នំពេញ / Phnom Penh,ទួលគោក / Tuol Kouk,បឹងសាឡាង / Boeng Salang,1
07-45-98-59,Phnom Penh,Urban,2547.83544921875,ភ្នំពេញ / Phnom Penh,មានជ័យ / Mean Chey,បឹងទំពុនទី១ / Boeng Tumpun Ti 1,1
52-38-76-73,Phnom Penh,Urban,1933.869140625,ភ្នំពេញ / Phnom Penh,មានជ័យ / Mean Chey,បឹងទំពុនទី១ / Boeng Tumpun Ti 1,1
51-03-03-95,Phnom Penh,Urban,6725.21484375,ភ្នំពេញ / Phnom Penh,មានជ័យ / Mean Chey,ចាក់អង្រែក្រោម / Chak Angrae Kraom,1
58-58-50-24,Phnom Penh,Urban,5684.34765625,ភ្នំពេញ / Phnom Penh,មានជ័យ / Mean Chey,ចាក់អង្រែក្រោម / Chak Angrae Kraom,1
79-10-35-57,Phnom Penh,Urban,7380.33056640625,ភ្នំពេញ / Phnom Penh,ឬស្សីកែវ / Ruessei Kaev,ទួលសង្កែ១ / Tuol Sangkae 1,1
26-82-19-76,Phnom Penh,Urban,7380.33056640625,ភ្នំពេញ / Phnom Penh,ឬស្សីកែវ / Ruessei Kaev,ទួលសង្កែ១ / Tuol Sangkae 1,1
51-55-97-33,Phnom Penh,Urban,1116.3822021484375,ភ្នំពេញ / Phnom Penh,ឬស្សីកែវ / Ruessei Kaev,ទួលសង្កែ១ / Tuol Sangkae 1,2
35-34-30-60,Phnom Penh,Urban,1369.140380859375,ភ្នំពេញ / Phnom Penh,ឬស្សីកែវ / Ruessei Kaev,ទួលសង្កែ១ / Tuol Sangkae 1,2
74-69-75-31,Phnom Penh,Urban,1080.194091796875,ភ្នំពេញ / Phnom Penh,ឬស្សីកែវ / Ruessei Kaev,ទួលសង្កែ១ / Tuol Sangkae 1,2
68-18-81-79,Phnom Penh,Urban,4586.78515625,ភ្នំពេញ / Phnom Penh,សែនសុខ / Saensokh,អូបែកក្អម / Ou Baek K'am,1
44-42-13-16,Phnom Penh,Urban,1135.4320068359375,ភ្នំពេញ / Phnom Penh,ពោធិ៍សែនជ័យ / Pou Saenchey,កាកាប / Chaom Chau Ti 1,1
36-23-40-85,Phnom Penh,Urban,1216.24365234375,ភ្នំពេញ / Phnom Penh,ពោធិ៍សែនជ័យ / Pou Saenchey,កាកាប / Chaom Chau Ti 1,1
55-91-37-75,Phnom Penh,Urban,5618.162109375,ភ្នំពេញ / Phnom Penh,ពោធិ៍សែនជ័យ / Pou Saenchey,កាកាប / Chaom Chau Ti 1,2
21-01-98-99,Phnom Penh,Urban,5618.162109375,ភ្នំពេញ / Phnom Penh,ពោធិ៍សែនជ័យ / Pou Saenchey,កាកាប / Chaom Chau Ti 1,2
87-01-36-28,Phnom Penh,Urban,5237.14404296875,ភ្នំពេញ / Phnom Penh,ពោធិ៍សែនជ័យ / Pou Saenchey,កាកាប / Chaom Chau Ti 1,2
26-42-39-36,Phnom Penh,Urban,845.98675537109375,ភ្នំពេញ / Phnom Penh,ពោធិ៍សែនជ័យ / Pou Saenchey,ចោមចៅ3 / Chaom Chau Ti 3,1
54-62-47-43,Phnom Penh,Urban,928.84906005859375,ភ្នំពេញ / Phnom Penh,ពោធិ៍សែនជ័យ / Pou Saenchey,ចោមចៅ3 / Chaom Chau Ti 3,1
26-71-05-97,Phnom Penh,Urban,845.98675537109375,ភ្នំពេញ / Phnom Penh,ពោធិ៍សែនជ័យ / Pou Saenchey,ចោមចៅ3 / Chaom Chau Ti 3,1
91-00-32-16,Phnom Penh,Urban,5704.92431640625,ភ្នំពេញ / Phnom Penh,ពោធិ៍សែនជ័យ / Pou Saenchey,ចោមចៅ3 / Chaom Chau Ti 3,2
04-16-87-48,Phnom Penh,Urban,5123.08056640625,ភ្នំពេញ / Phnom Penh,ពោធិ៍សែនជ័យ / Pou Saenchey,ចោមចៅ3 / Chaom Chau Ti 3,2
37-67-25-85,Phnom Penh,Urban,5624.83349609375,ភ្នំពេញ / Phnom Penh,ព្រែកព្នៅ / Preaek Phnov,គោករកា / Kouk Roka,1
81-69-03-02,Phnom Penh,Urban,6263.66357421875,ភ្នំពេញ / Phnom Penh,ព្រែកព្នៅ / Preaek Phnov,គោករកា / Kouk Roka,1
06-93-50-31,Phnom Penh,Urban,5517.04052734375,ភ្នំពេញ / Phnom Penh,ព្រែកព្នៅ / Preaek Phnov,ពន្សាំង / Ponsang,1
42-13-55-45,Phnom Penh,Urban,2820.5087890625,ភ្នំពេញ / Phnom Penh,ច្បារអំពៅ / Chhbar Ampov,និរោធ / Nirouth,1
52-28-43-63,Phnom Penh,Urban,2632.73291015625,ភ្នំពេញ / Phnom Penh,ច្បារអំពៅ / Chhbar Ampov,និរោធ / Nirouth,1
01-74-04-52,Phnom Penh,Urban,6415.90283203125,ភ្នំពេញ / Phnom Penh,ច្បារអំពៅ / Chhbar Ampov,ព្រែកប្រា / Preaek Pra,1
73-42-00-69,Phnom Penh,Urban,5989.60693359375,ភ្នំពេញ / Phnom Penh,ច្បារអំពៅ / Chhbar Ampov,ព្រែកប្រា / Preaek Pra,1
70-33-56-96,Phnom Penh,Urban,4898.8935546875,ភ្នំពេញ / Phnom Penh,ច្បារអំពៅ / Chhbar Ampov,ព្រែកប្រា / Preaek Pra,1
89-65-33-51,Phnom Penh,Urban,7086.37060546875,ភ្នំពេញ / Phnom Penh,ច្បារអំពៅ / Chhbar Ampov,ព្រែកប្រា / Preaek Pra,1
84-90-15-10,Phnom Penh,Urban,6421.67578125,ភ្នំពេញ / Phnom Penh,ច្បារអំពៅ / Chhbar Ampov,ក្បាលកោះ / Kbal Kaoh,1
77-48-91-64,Phnom Penh,Urban,5383.56787109375,ភ្នំពេញ / Phnom Penh,ច្បារអំពៅ / Chhbar Ampov,ក្បាលកោះ / Kbal Kaoh,1
45-29-71-78,Phnom Penh,Urban,6204.10595703125,ភ្នំពេញ / Phnom Penh,ច្បារអំពៅ / Chhbar Ampov,ក្បាលកោះ / Kbal Kaoh,1
32-10-98-20,Phnom Penh,Urban,4530.2939453125,ភ្នំពេញ / Phnom Penh,ច្បារអំពៅ / Chhbar Ampov,ព្រែកថ្មី / Preaek Thmei,1
78-76-90-78,Phnom Penh,Urban,5538.9404296875,ភ្នំពេញ / Phnom Penh,ច្បារអំពៅ / Chhbar Ampov,ព្រែកថ្មី / Preaek Thmei,1
98-62-44-38,Phnom Penh,Urban,5170.18505859375,ភ្នំពេញ / Phnom Penh,ច្បារអំពៅ / Chhbar Ampov,ព្រែកថ្មី / Preaek Thmei,1
00-24-35-42,Plateau/Mountain,Rural,5223.56884765625,ព្រះវិហារ / Preah Vihear,រវៀង / Rovieng,រៀបរយ / Rieb Roy,1
62-10-58-08,Plateau/Mountain,Rural,4876.49560546875,ព្រះវិហារ / Preah Vihear,រវៀង / Rovieng,រៀបរយ / Rieb Roy,1
06-95-16-01,Plateau/Mountain,Rural,6504.3564453125,ព្រះវិហារ / Preah Vihear,រវៀង / Rovieng,រៀបរយ / Rieb Roy,1
81-51-57-93,Plateau/Mountain,Rural,4338.443359375,ព្រះវិហារ / Preah Vihear,រវៀង / Rovieng,រមទម / Romtom,1
15-35-12-75,Plateau/Mountain,Rural,4423.5693359375,ព្រះវិហារ / Preah Vihear,ត្បែងមានជ័យ / Tbaeng Mean Chey,ឈានមុខ / Chhean Mukh,1
32-82-88-73,Plateau/Mountain,Rural,3989.8994140625,ព្រះវិហារ / Preah Vihear,ត្បែងមានជ័យ / Tbaeng Mean Chey,ឈានមុខ / Chhean Mukh,1
45-35-73-39,Plateau/Mountain,Rural,3838.520263671875,ព្រះវិហារ / Preah Vihear,ត្បែងមានជ័យ / Tbaeng Mean Chey,ឈានមុខ / Chhean Mukh,1
05-15-33-31,Plateau/Mountain,Rural,4123.5673828125,ព្រះវិហារ / Preah Vihear,ត្បែងមានជ័យ / Tbaeng Mean Chey,ឈានមុខ / Chhean Mukh,1
83-55-67-95,Plateau/Mountain,Rural,5698.2734375,ព្រះវិហារ / Preah Vihear,ត្បែងមានជ័យ / Tbaeng Mean Chey,ព្រះឃ្លាំង / Preah Khleang,1
09-56-25-86,Plateau/Mountain,Rural,5105.30419921875,ព្រះវិហារ / Preah Vihear,ត្បែងមានជ័យ / Tbaeng Mean Chey,ព្រះឃ្លាំង / Preah Khleang,1
78-91-88-48,Plateau/Mountain,Urban,998.32708740234375,ព្រះវិហារ / Preah Vihear,ព្រះវិហារ / Krong Preah Vihear,ប៉ាលហាល / Pal Hal,1
42-56-44-00,Plateau/Mountain,Urban,998.32708740234375,ព្រះវិហារ / Preah Vihear,ព្រះវិហារ / Krong Preah Vihear,ប៉ាលហាល / Pal Hal,1
11-90-81-43,Plateau/Mountain,Urban,1145.6527099609375,ព្រះវិហារ / Preah Vihear,ព្រះវិហារ / Krong Preah Vihear,ប៉ាលហាល / Pal Hal,1
09-99-80-99,Plateau/Mountain,Urban,998.32708740234375,ព្រះវិហារ / Preah Vihear,ព្រះវិហារ / Krong Preah Vihear,ប៉ាលហាល / Pal Hal,1
02-82-48-36,Plateau/Mountain,Urban,1145.6527099609375,ព្រះវិហារ / Preah Vihear,ព្រះវិហារ / Krong Preah Vihear,ប៉ាលហាល / Pal Hal,1
62-00-28-43,Plateau/Mountain,Urban,1243.88427734375,ព្រះវិហារ / Preah Vihear,ព្រះវិហារ / Krong Preah Vihear,ប៉ាលហាល / Pal Hal,2
63-18-87-64,Plateau/Mountain,Urban,1243.88427734375,ព្រះវិហារ / Preah Vihear,ព្រះវិហារ / Krong Preah Vihear,ប៉ាលហាល / Pal Hal,2
46-90-41-39,Plateau/Mountain,Urban,1173.4810791015625,ព្រះវិហារ / Preah Vihear,ព្រះវិហារ / Krong Preah Vihear,ប៉ាលហាល / Pal Hal,2
24-26-83-06,Plateau/Mountain,Urban,944.13848876953125,ព្រះវិហារ / Preah Vihear,ព្រះវិហារ / Krong Preah Vihear,ប៉ាលហាល / Pal Hal,2
42-14-67-79,Plain,Rural,11377.01171875,ព្រៃវែង / Prey Veng,កំពង់ត្របែក / Kampong Trabaek,ប្រធាតុ / Pratheat,1
09-70-29-30,Plain,Rural,12186.744140625,ព្រៃវែង / Prey Veng,កំពង់ត្របែក / Kampong Trabaek,ប្រធាតុ / Pratheat,1
08-37-54-38,Plain,Rural,14116.0712890625,ព្រៃវែង / Prey Veng,កំពង់ត្របែក / Kampong Trabaek,ថ្កូវ / Thkov,1
42-49-85-02,Plain,Rural,9503.8291015625,ព្រៃវែង / Prey Veng,កំពង់ត្របែក / Kampong Trabaek,ថ្កូវ / Thkov,1
33-18-70-95,Plain,Rural,11198.115234375,ព្រៃវែង / Prey Veng,កញ្ជ្រៀច / Kanhchriech,ថ្មពូន / Thma Pun,1
79-30-79-26,Plain,Rural,9364.888671875,ព្រៃវែង / Prey Veng,កញ្ជ្រៀច / Kanhchriech,ថ្មពូន / Thma Pun,1
25-80-38-05,Plain,Rural,9678.626953125,ព្រៃវែង / Prey Veng,កញ្ជ្រៀច / Kanhchriech,ថ្មពូន / Thma Pun,1
94-12-65-06,Plain,Rural,11635.1240234375,ព្រៃវែង / Prey Veng,មេសាង / Me Sang,អង្គរសរ / Angkor Sar,1
14-80-37-38,Plain,Rural,10534.2822265625,ព្រៃវែង / Prey Veng,មេសាង / Me Sang,អង្គរសរ / Angkor Sar,1
87-70-31-24,Plain,Rural,10976.5830078125,ព្រៃវែង / Prey Veng,មេសាង / Me Sang,អង្គរសរ / Angkor Sar,1
05-78-48-36,Plain,Rural,11542.2060546875,ព្រៃវែង / Prey Veng,មេសាង / Me Sang,ស្វាយជ្រុំ / Svay Chrum,1
23-62-03-55,Plain,Rural,9512.755859375,ព្រៃវែង / Prey Veng,ព្រះស្ដេច / Preah Sdach,បឹងដោល / Boeng Daol,1
80-88-34-25,Plain,Rural,12057.3671875,ព្រៃវែង / Prey Veng,ព្រះស្ដេច / Preah Sdach,បឹងដោល / Boeng Daol,1
46-31-52-68,Plain,Rural,9151.8359375,ព្រៃវែង / Prey Veng,ព្រះស្ដេច / Preah Sdach,បឹងដោល / Boeng Daol,1
43-75-78-22,Plain,Rural,10191.23828125,ព្រៃវែង / Prey Veng,ព្រះស្ដេច / Preah Sdach,កំពង់សឹង / Kampong Soeng,1
58-02-65-66,Plain,Rural,8335.4033203125,ព្រៃវែង / Prey Veng,ព្រះស្ដេច / Preah Sdach,កំពង់សឹង / Kampong Soeng,1
95-86-10-92,Plain,Rural,9467.75390625,ព្រៃវែង / Prey Veng,ព្រះស្ដេច / Preah Sdach,សេនារាជឧត្ដម / Sena Reach Otdam,1
43-33-02-18,Plain,Urban,1656.9066162109375,ព្រៃវែង / Prey Veng,ព្រៃវែង / Krong Prey Veaeng,កំពង់លាវ / Sangkat Pou Rieng,1
88-29-73-13,Plain,Urban,1890.940185546875,ព្រៃវែង / Prey Veng,ព្រៃវែង / Krong Prey Veaeng,កំពង់លាវ / Sangkat Pou Rieng,1
41-64-39-09,Plain,Urban,1890.940185546875,ព្រៃវែង / Prey Veng,ព្រៃវែង / Krong Prey Veaeng,កំពង់លាវ / Sangkat Pou Rieng,1
74-23-59-38,Plain,Urban,2169.99072265625,ព្រៃវែង / Prey Veng,ព្រៃវែង / Krong Prey Veaeng,កំពង់លាវ / Sangkat Pou Rieng,1
99-39-38-50,Tonle Sap,Rural,5698.91552734375,ពោធិ៍សាត់ / Pursat,បាកាន / Bakan,150102,1
91-17-82-05,Tonle Sap,Rural,5055.00146484375,ពោធិ៍សាត់ / Pursat,បាកាន / Bakan,150102,1
86-91-29-12,Tonle Sap,Rural,3548.314453125,ពោធិ៍សាត់ / Pursat,បាកាន / Bakan,150103,1
85-12-58-57,Tonle Sap,Rural,4185.16845703125,ពោធិ៍សាត់ / Pursat,បាកាន / Bakan,150103,1
92-83-10-25,Tonle Sap,Rural,4206.92041015625,ពោធិ៍សាត់ / Pursat,បាកាន / Bakan,រំលេច / Rumlech,1
40-69-66-33,Tonle Sap,Rural,3566.756591796875,ពោធិ៍សាត់ / Pursat,បាកាន / Bakan,រំលេច / Rumlech,1
07-92-66-86,Tonle Sap,Rural,3916.111572265625,ពោធិ៍សាត់ / Pursat,បាកាន / Bakan,រំលេច / Rumlech,1
86-60-44-34,Tonle Sap,Rural,4351.38232421875,ពោធិ៍សាត់ / Pursat,បាកាន / Bakan,ស្នាមព្រះ / Snam Preah,1
60-61-00-92,Tonle Sap,Rural,4566.279296875,ពោធិ៍សាត់ / Pursat,បាកាន / Bakan,ត្រពាំងជង / Trapeang Chorng,1
50-23-18-00,Tonle Sap,Rural,3486.6044921875,ពោធិ៍សាត់ / Pursat,បាកាន / Bakan,ត្រពាំងជង / Trapeang Chorng,1
30-75-44-55,Tonle Sap,Rural,4411.5712890625,ពោធិ៍សាត់ / Pursat,បាកាន / Bakan,ត្រពាំងជង / Trapeang Chorng,1
87-94-52-14,Tonle Sap,Rural,3788.774169921875,ពោធិ៍សាត់ / Pursat,បាកាន / Bakan,ត្រពាំងជង / Trapeang Chorng,2
53-87-39-27,Tonle Sap,Rural,3862.085205078125,ពោធិ៍សាត់ / Pursat,កណ្ដៀង / Kandieng,ស្វាយលួង / Svay Luong,1
95-62-63-83,Tonle Sap,Rural,5586.60205078125,ពោធិ៍សាត់ / Pursat,កណ្ដៀង / Kandieng,ស្វាយលួង / Svay Luong,1
70-06-11-85,Tonle Sap,Rural,4407.59375,ពោធិ៍សាត់ / Pursat,កណ្ដៀង / Kandieng,ស្វាយលួង / Svay Luong,1
95-58-15-51,Tonle Sap,Urban,2078.27099609375,ពោធិ៍សាត់ / Pursat,កណ្ដៀង / Kandieng,វាល / Veal,1
19-90-05-01,Tonle Sap,Urban,1274.39892578125,ពោធិ៍សាត់ / Pursat,កណ្ដៀង / Kandieng,វាល / Veal,1
11-29-24-37,Tonle Sap,Urban,1274.39892578125,ពោធិ៍សាត់ / Pursat,កណ្ដៀង / Kandieng,វាល / Veal,1
09-48-37-76,Tonle Sap,Urban,1454.4041748046875,ពោធិ៍សាត់ / Pursat,កណ្ដៀង / Kandieng,វាល / Veal,1
37-01-34-02,Tonle Sap,Urban,1319.4288330078125,ពោធិ៍សាត់ / Pursat,ពោធិ៍សាត់ / Krong Pursat,លលកស / Lolork Sa,1
68-26-92-99,Tonle Sap,Urban,1505.79443359375,ពោធិ៍សាត់ / Pursat,ពោធិ៍សាត់ / Krong Pursat,លលកស / Lolork Sa,1
70-89-50-82,Tonle Sap,Urban,1319.4288330078125,ពោធិ៍សាត់ / Pursat,ពោធិ៍សាត់ / Krong Pursat,លលកស / Lolork Sa,1
69-84-92-78,Tonle Sap,Urban,1319.4288330078125,ពោធិ៍សាត់ / Pursat,ពោធិ៍សាត់ / Krong Pursat,លលកស / Lolork Sa,1
01-36-35-01,Tonle Sap,Urban,1274.124267578125,ពោធិ៍សាត់ / Pursat,ពោធិ៍សាត់ / Krong Pursat,ផ្ទះព្រៃ / Phteah Prey,1
83-43-73-00,Tonle Sap,Urban,1468.3201904296875,ពោធិ៍សាត់ / Pursat,ពោធិ៍សាត់ / Krong Pursat,ផ្ទះព្រៃ / Phteah Prey,1
09-56-37-66,Tonle Sap,Urban,1418.83056640625,ពោធិ៍សាត់ / Pursat,ពោធិ៍សាត់ / Krong Pursat,ផ្ទះព្រៃ / Phteah Prey,1
16-13-61-65,Tonle Sap,Urban,1678.6341552734375,ពោធិ៍សាត់ / Pursat,ពោធិ៍សាត់ / Krong Pursat,ផ្ទះព្រៃ / Phteah Prey,1
49-56-57-09,Tonle Sap,Urban,1549.980224609375,ពោធិ៍សាត់ / Pursat,ពោធិ៍សាត់ / Krong Pursat,រលាប / Roleab,1
72-51-92-23,Tonle Sap,Urban,1491.173095703125,ពោធិ៍សាត់ / Pursat,ពោធិ៍សាត់ / Krong Pursat,រលាប / Roleab,1
11-20-56-39,Tonle Sap,Urban,1549.980224609375,ពោធិ៍សាត់ / Pursat,ពោធិ៍សាត់ / Krong Pursat,រលាប / Roleab,1
00-76-39-80,Tonle Sap,Urban,1778.714599609375,ពោធិ៍សាត់ / Pursat,ពោធិ៍សាត់ / Krong Pursat,រលាប / Roleab,1
31-88-86-50,Tonle Sap,Urban,1970.0589599609375,ពោធិ៍សាត់ / Pursat,ពោធិ៍សាត់ / Krong Pursat,ស្វាយអាត់ / Svay At,1
85-19-37-76,Tonle Sap,Urban,2627.699462890625,ពោធិ៍សាត់ / Pursat,ពោធិ៍សាត់ / Krong Pursat,ស្វាយអាត់ / Svay At,1
08-42-45-60,Plateau/Mountain,Rural,3466.4619140625,រតនគិរី / Ratanak Kiri,អណ្ដូងមាស / Andoung Meas,ញ៉ាង / Nhang,1
63-70-61-61,Plateau/Mountain,Rural,4730.51513671875,រតនគិរី / Ratanak Kiri,អណ្ដូងមាស / Andoung Meas,ញ៉ាង / Nhang,1
95-13-66-88,Plateau/Mountain,Urban,1115.7562255859375,រតនគិរី / Ratanak Kiri,បានលុង / Krong Ban Lung,កាចាញ / Kachanh,1
68-16-94-55,Plateau/Mountain,Rural,5200.673828125,រតនគិរី / Ratanak Kiri,អូរយ៉ាដាវ / Ou Ya Dav,ប៉ក់ញ៉ៃ / Pak Nhai,1
57-57-41-35,Plateau/Mountain,Rural,5863.1435546875,រតនគិរី / Ratanak Kiri,អូរយ៉ាដាវ / Ou Ya Dav,ប៉ក់ញ៉ៃ / Pak Nhai,1
76-17-97-03,Plateau/Mountain,Rural,3595.288330078125,រតនគិរី / Ratanak Kiri,អូរយ៉ាដាវ / Ou Ya Dav,ប៉ក់ញ៉ៃ / Pak Nhai,1
93-79-64-74,Plateau/Mountain,Rural,5863.1435546875,រតនគិរី / Ratanak Kiri,អូរយ៉ាដាវ / Ou Ya Dav,ប៉ក់ញ៉ៃ / Pak Nhai,1
99-21-18-63,Plateau/Mountain,Rural,7390.46142578125,រតនគិរី / Ratanak Kiri,អូរយ៉ាដាវ / Ou Ya Dav,យ៉ាទុង / Ya Tung,1
85-07-19-99,Tonle Sap,Rural,8974.2705078125,សៀមរាប / Siemreap,អង្គរជុំ / Angkor Chum,គោកដូង / Kouk Doung,1
64-68-34-06,Tonle Sap,Rural,8974.2705078125,សៀមរាប / Siemreap,អង្គរជុំ / Angkor Chum,គោកដូង / Kouk Doung,1
17-71-66-38,Tonle Sap,Rural,8683.3642578125,សៀមរាប / Siemreap,អង្គរជុំ / Angkor Chum,គោកដូង / Kouk Doung,1
01-28-90-88,Tonle Sap,Rural,7479.82763671875,សៀមរាប / Siemreap,អង្គរធំ / Angkor Thum,លាងដៃ / Leang Dai,1
89-65-57-82,Tonle Sap,Rural,7898.64501953125,សៀមរាប / Siemreap,បន្ទាយស្រី / Banteay Srei,ខ្នារសណ្ដាយ / Khnar Sanday,1
45-83-08-52,Tonle Sap,Rural,9064.2666015625,សៀមរាប / Siemreap,បន្ទាយស្រី / Banteay Srei,ខ្នារសណ្ដាយ / Khnar Sanday,1
47-02-72-98,Tonle Sap,Rural,8163.26220703125,សៀមរាប / Siemreap,បន្ទាយស្រី / Banteay Srei,ខ្នារសណ្ដាយ / Khnar Sanday,1
89-08-65-41,Tonle Sap,Rural,9528.9736328125,សៀមរាប / Siemreap,ពួក / Puok,ល្វា / Lvea,1
63-28-52-97,Tonle Sap,Rural,7666.65185546875,សៀមរាប / Siemreap,ពួក / Puok,ល្វា / Lvea,1
42-50-23-93,Tonle Sap,Rural,7666.65185546875,សៀមរាប / Siemreap,ពួក / Puok,ល្វា / Lvea,1
99-49-49-47,Tonle Sap,Rural,8537.3779296875,សៀមរាប / Siemreap,ពួក / Puok,ល្វា / Lvea,1
08-92-82-63,Tonle Sap,Urban,3037.878662109375,សៀមរាប / Siemreap,ពួក / Puok,ពួក / Puok,1
80-48-72-39,Tonle Sap,Urban,3149.052734375,សៀមរាប / Siemreap,ពួក / Puok,ពួក / Puok,1
83-21-45-30,Tonle Sap,Urban,3037.878662109375,សៀមរាប / Siemreap,ពួក / Puok,ពួក / Puok,1
35-51-88-26,Tonle Sap,Urban,3810.547119140625,សៀមរាប / Siemreap,ប្រាសាទបាគង / Prasat Bakong,បាគង / Bakong,1
60-95-54-37,Tonle Sap,Urban,2666.676025390625,សៀមរាប / Siemreap,ប្រាសាទបាគង / Prasat Bakong,បាគង / Bakong,1
11-71-20-07,Tonle Sap,Urban,2856.872802734375,សៀមរាប / Siemreap,ប្រាសាទបាគង / Prasat Bakong,បាគង / Bakong,1
18-82-62-40,Tonle Sap,Urban,2666.676025390625,សៀមរាប / Siemreap,ប្រាសាទបាគង / Prasat Bakong,បាគង / Bakong,1
52-74-85-82,Tonle Sap,Rural,9721.0029296875,សៀមរាប / Siemreap,ប្រាសាទបាគង / Prasat Bakong,បល្ល័ង្ក / Ballangk,1
28-84-30-20,Tonle Sap,Rural,9329.2958984375,សៀមរាប / Siemreap,ប្រាសាទបាគង / Prasat Bakong,បល្ល័ង្ក / Ballangk,1
92-38-87-71,Tonle Sap,Rural,7821.1513671875,សៀមរាប / Siemreap,ប្រាសាទបាគង / Prasat Bakong,បល្ល័ង្ក / Ballangk,1
94-27-92-63,Tonle Sap,Rural,9721.0029296875,សៀមរាប / Siemreap,ប្រាសាទបាគង / Prasat Bakong,បល្ល័ង្ក / Ballangk,1
73-72-83-29,Tonle Sap,Urban,2853.3759765625,សៀមរាប / Siemreap,សៀមរាប / Krong Siem Reab,ទឹកវិល / Tuek Vil,1
08-87-72-25,Tonle Sap,Urban,3553.006591796875,សៀមរាប / Siemreap,សៀមរាប / Krong Siem Reab,ទឹកវិល / Tuek Vil,1
87-23-34-41,Tonle Sap,Urban,2734.975341796875,សៀមរាប / Siemreap,សូទ្រនិគម / Soutr Nikom,ចាន់ស / Chan Sar,1
15-10-58-17,Tonle Sap,Rural,9734.578125,សៀមរាប / Siemreap,សូទ្រនិគម / Soutr Nikom,កៀនសង្កែ / Kien Sangkae,1
48-87-88-72,Tonle Sap,Rural,10682.8232421875,សៀមរាប / Siemreap,សូទ្រនិគម / Soutr Nikom,ខ្នារពោធិ៍ / Khnar Pou,1
06-99-62-55,Tonle Sap,Rural,9672.08203125,សៀមរាប / Siemreap,សូទ្រនិគម / Soutr Nikom,ខ្នារពោធិ៍ / Khnar Pou,1
21-99-47-06,Tonle Sap,Rural,10078.181640625,សៀមរាប / Siemreap,សូទ្រនិគម / Soutr Nikom,ខ្នារពោធិ៍ / Khnar Pou,1
62-66-94-43,Coastal,Rural,3220.069580078125,ព្រះសីហនុ / Preah Sihanouk,ព្រៃនប់ / Prey Nob,បឹងតាព្រហ្ម / Boeng Ta Prum,1
58-38-62-66,Coastal,Rural,3115.68896484375,ព្រះសីហនុ / Preah Sihanouk,ព្រៃនប់ / Prey Nob,បឹងតាព្រហ្ម / Boeng Ta Prum,1
88-24-99-02,Coastal,Rural,3725.6015625,ព្រះសីហនុ / Preah Sihanouk,ព្រៃនប់ / Prey Nob,បឹងតាព្រហ្ម / Boeng Ta Prum,1
37-67-94-43,Coastal,Rural,3050.269287109375,ព្រះសីហនុ / Preah Sihanouk,ព្រៃនប់ / Prey Nob,ជើងគោ / Cheung Kou,1
96-09-98-35,Coastal,Rural,2108.68798828125,ព្រះសីហនុ / Preah Sihanouk,ព្រៃនប់ / Prey Nob,ជើងគោ / Cheung Kou,1
08-76-74-15,Coastal,Rural,2759.8369140625,ព្រះសីហនុ / Preah Sihanouk,ព្រៃនប់ / Prey Nob,រាម / Ream,1
50-67-67-43,Coastal,Rural,3149.65576171875,ព្រះសីហនុ / Preah Sihanouk,ព្រៃនប់ / Prey Nob,រាម / Ream,1
02-42-13-55,Coastal,Rural,3149.65576171875,ព្រះសីហនុ / Preah Sihanouk,ព្រៃនប់ / Prey Nob,រាម / Ream,1
24-82-48-65,Coastal,Urban,2982.634521484375,ព្រះសីហនុ / Preah Sihanouk,ព្រៃនប់ / Prey Nob,វាលរេញ / Veal Renh,1
80-22-71-02,Coastal,Urban,2678.436279296875,ព្រះសីហនុ / Preah Sihanouk,ព្រៃនប់ / Prey Nob,វាលរេញ / Veal Renh,1
29-99-54-57,Coastal,Urban,2439.493896484375,ព្រះសីហនុ / Preah Sihanouk,ព្រៃនប់ / Prey Nob,វាលរេញ / Veal Renh,1
86-20-76-20,Coastal,Urban,1878.0494384765625,ព្រះសីហនុ / Preah Sihanouk,ព្រៃនប់ / Prey Nob,តានៃ / Ta Ney,1
06-18-94-54,Plateau/Mountain,Urban,532.5323486328125,ស្ទឹងត្រែង / Stung Treng,ស្ទឹងត្រែង / Krong Stueng Traeng,ស្ទឹងត្រែង / Stueng Traeng,1
49-74-12-19,Plateau/Mountain,Urban,532.5323486328125,ស្ទឹងត្រែង / Stung Treng,ស្ទឹងត្រែង / Krong Stueng Traeng,ស្ទឹងត្រែង / Stueng Traeng,1
21-59-52-44,Plateau/Mountain,Urban,726.72149658203125,ស្ទឹងត្រែង / Stung Treng,ស្ទឹងត្រែង / Krong Stueng Traeng,ស្ទឹងត្រែង / Stueng Traeng,1
71-42-69-39,Plateau/Mountain,Urban,628.1116943359375,ស្ទឹងត្រែង / Stung Treng,ស្ទឹងត្រែង / Krong Stueng Traeng,ស្ទឹងត្រែង / Stueng Traeng,1
57-38-86-89,Plateau/Mountain,Urban,726.72149658203125,ស្ទឹងត្រែង / Stung Treng,ស្ទឹងត្រែង / Krong Stueng Traeng,ស្ទឹងត្រែង / Stueng Traeng,1
25-26-91-49,Plateau/Mountain,Urban,629.68121337890625,ស្ទឹងត្រែង / Stung Treng,ស្ទឹងត្រែង / Krong Stueng Traeng,ស្ទឹងត្រែង / Stueng Traeng,2
42-18-88-63,Plateau/Mountain,Urban,691.35699462890625,ស្ទឹងត្រែង / Stung Treng,ស្ទឹងត្រែង / Krong Stueng Traeng,ស្ទឹងត្រែង / Stueng Traeng,2
32-10-46-50,Plateau/Mountain,Rural,2551.867919921875,ស្ទឹងត្រែង / Stung Treng,ថាឡាបរិវ៉ាត់ / Thala Barivat,ចំការលើ / Chamkar Leu,1
86-66-88-59,Plateau/Mountain,Rural,2652.505615234375,ស្ទឹងត្រែង / Stung Treng,ថាឡាបរិវ៉ាត់ / Thala Barivat,ចំការលើ / Chamkar Leu,1
36-40-40-95,Plateau/Mountain,Rural,2741.368896484375,ស្ទឹងត្រែង / Stung Treng,ថាឡាបរិវ៉ាត់ / Thala Barivat,ចំការលើ / Chamkar Leu,1
11-27-77-65,Plateau/Mountain,Rural,2324.527099609375,ស្ទឹងត្រែង / Stung Treng,ថាឡាបរិវ៉ាត់ / Thala Barivat,កោះស្នែង / Kaoh Snaeng,1
12-35-90-39,Plateau/Mountain,Rural,3062.519775390625,ស្ទឹងត្រែង / Stung Treng,ថាឡាបរិវ៉ាត់ / Thala Barivat,កោះស្នែង / Kaoh Snaeng,1
25-03-90-32,Plateau/Mountain,Rural,3062.519775390625,ស្ទឹងត្រែង / Stung Treng,ថាឡាបរិវ៉ាត់ / Thala Barivat,កោះស្នែង / Kaoh Snaeng,1
30-17-96-80,Plateau/Mountain,Rural,3452.62841796875,ស្ទឹងត្រែង / Stung Treng,ថាឡាបរិវ៉ាត់ / Thala Barivat,កោះស្នែង / Kaoh Snaeng,1
10-67-83-00,Plateau/Mountain,Rural,3429.661865234375,ស្ទឹងត្រែង / Stung Treng,ថាឡាបរិវ៉ាត់ / Thala Barivat,សំអាង / Sam'ang,1
45-48-42-00,Plateau/Mountain,Rural,2370.966552734375,ស្ទឹងត្រែង / Stung Treng,ថាឡាបរិវ៉ាត់ / Thala Barivat,សំអាង / Sam'ang,1
64-95-38-26,Plateau/Mountain,Rural,3235.544921875,ស្ទឹងត្រែង / Stung Treng,ថាឡាបរិវ៉ាត់ / Thala Barivat,សំអាង / Sam'ang,1
23-75-13-28,Plateau/Mountain,Rural,3429.661865234375,ស្ទឹងត្រែង / Stung Treng,ថាឡាបរិវ៉ាត់ / Thala Barivat,សំអាង / Sam'ang,1
00-41-06-44,Plateau/Mountain,Rural,2780.990478515625,ស្ទឹងត្រែង / Stung Treng,ថាឡាបរិវ៉ាត់ / Thala Barivat,ថាឡាបរិវ៉ាត់ / Thalabarivat,1
18-45-01-24,Plateau/Mountain,Rural,3217.589599609375,ស្ទឹងត្រែង / Stung Treng,ថាឡាបរិវ៉ាត់ / Thala Barivat,ថាឡាបរិវ៉ាត់ / Thalabarivat,1
29-21-47-59,Plain,Rural,6278.71630859375,ស្វាយរៀង / Svay Rieng,រមាសហែក / Romeas Haek,កំពង់ត្រាច / Kampong Trach,1
37-96-69-76,Plain,Rural,6278.71630859375,ស្វាយរៀង / Svay Rieng,រមាសហែក / Romeas Haek,កំពង់ត្រាច / Kampong Trach,1
41-10-13-07,Plain,Rural,6129.22265625,ស្វាយរៀង / Svay Rieng,រមាសហែក / Romeas Haek,គគីរ / Kokir,1
01-45-89-17,Plain,Rural,8364.2587890625,ស្វាយរៀង / Svay Rieng,រមាសហែក / Romeas Haek,គគីរ / Kokir,1
85-05-14-92,Plain,Rural,7229.30029296875,ស្វាយរៀង / Svay Rieng,រមាសហែក / Romeas Haek,គគីរ / Kokir,1
71-98-40-84,Plain,Rural,6856.58447265625,ស្វាយរៀង / Svay Rieng,រមាសហែក / Romeas Haek,ត្រពាំងស្ដៅ / Trapeang Sdau,1
75-07-14-53,Plain,Rural,5748.17041015625,ស្វាយរៀង / Svay Rieng,រមាសហែក / Romeas Haek,ត្រពាំងស្ដៅ / Trapeang Sdau,1
72-67-93-54,Plain,Rural,7911.92529296875,ស្វាយរៀង / Svay Rieng,ស្វាយជ្រំ / Svay Chrum,អង្គតាសូ / Angk Ta Sou,1
84-93-87-42,Plain,Rural,7911.92529296875,ស្វាយរៀង / Svay Rieng,ស្វាយជ្រំ / Svay Chrum,អង្គតាសូ / Angk Ta Sou,1
84-42-09-82,Plain,Rural,6865.51611328125,ស្វាយរៀង / Svay Rieng,ស្វាយជ្រំ / Svay Chrum,អង្គតាសូ / Angk Ta Sou,1
85-78-34-10,Plain,Rural,7375.34619140625,ស្វាយរៀង / Svay Rieng,ស្វាយជ្រំ / Svay Chrum,អង្គតាសូ / Angk Ta Sou,1
48-67-49-78,Plain,Rural,8406.3603515625,ស្វាយរៀង / Svay Rieng,ស្វាយជ្រំ / Svay Chrum,តាសួស / Ta Suos,1
62-26-39-29,Plain,Rural,7030.16796875,ស្វាយរៀង / Svay Rieng,ស្វាយជ្រំ / Svay Chrum,តាសួស / Ta Suos,1
47-97-77-17,Plain,Rural,11016.4873046875,ស្វាយរៀង / Svay Rieng,ស្វាយជ្រំ / Svay Chrum,ដូនស / Doun Sa,1
13-50-00-00,Plain,Rural,5197.642578125,ស្វាយរៀង / Svay Rieng,2007,200703,1
59-85-07-92,Plain,Rural,6587.98486328125,ស្វាយរៀង / Svay Rieng,2007,200703,1
91-14-56-54,Plain,Rural,4554.35302734375,ស្វាយរៀង / Svay Rieng,2007,200703,1
37-37-25-64,Plain,Rural,5197.642578125,ស្វាយរៀង / Svay Rieng,2007,200703,1
36-78-86-37,Plain,Rural,7124.49462890625,ស្វាយរៀង / Svay Rieng,2007,200706,1
77-89-32-50,Plain,Rural,9030.259765625,ស្វាយរៀង / Svay Rieng,2007,200706,1
00-30-20-73,Plain,Urban,1617.2518310546875,ស្វាយរៀង / Svay Rieng,បាវិត / Krong Bavet,បាទី / Sangkat Bati,1
15-68-73-91,Plain,Urban,1562.7425537109375,ស្វាយរៀង / Svay Rieng,បាវិត / Krong Bavet,បាទី / Sangkat Bati,1
54-66-49-39,Plain,Urban,2069.689697265625,ស្វាយរៀង / Svay Rieng,បាវិត / Krong Bavet,បាវិត / Sangkat Bavet,1
30-73-16-30,Plain,Urban,1269.13671875,ស្វាយរៀង / Svay Rieng,បាវិត / Krong Bavet,បាវិត / Sangkat Bavet,1
57-52-45-75,Plain,Rural,8747.8056640625,តាកែវ / Takeo,អង្គរបូរី / Angkor Borei,អង្គរបូរី / Angkor Borei,1
45-57-81-16,Plain,Rural,7132.8662109375,តាកែវ / Takeo,អង្គរបូរី / Angkor Borei,អង្គរបូរី / Angkor Borei,1
00-77-55-82,Plain,Rural,6047.46337890625,តាកែវ / Takeo,អង្គរបូរី / Angkor Borei,ពន្លៃ / Ponley,1
39-16-76-43,Plain,Rural,8747.8056640625,តាកែវ / Takeo,អង្គរបូរី / Angkor Borei,ពន្លៃ / Ponley,1
72-48-17-68,Plain,Rural,6639.79736328125,តាកែវ / Takeo,អង្គរបូរី / Angkor Borei,ពន្លៃ / Ponley,1
52-06-67-62,Plain,Rural,8252.6845703125,តាកែវ / Takeo,បាទី / Bati,កណ្ដឹង / Kandoeng,1
91-83-49-03,Plain,Rural,6047.46337890625,តាកែវ / Takeo,បាទី / Bati,កណ្ដឹង / Kandoeng,1
58-45-12-71,Plain,Rural,6973.9189453125,តាកែវ / Takeo,បាទី / Bati,ក្រាំងលាវ / Krang Leav,1
74-03-83-95,Plain,Rural,8003.07666015625,តាកែវ / Takeo,បាទី / Bati,ក្រាំងលាវ / Krang Leav,1
69-69-11-97,Plain,Rural,7207.55615234375,តាកែវ / Takeo,បាទី / Bati,ក្រាំងលាវ / Krang Leav,1
22-07-73-87,Plain,Rural,7131.634765625,តាកែវ / Takeo,ព្រៃកប្បាស / Prey Kabbas,ចំប៉ា / Champa,1
31-86-71-90,Plain,Rural,10592.6416015625,តាកែវ / Takeo,ព្រៃកប្បាស / Prey Kabbas,ចំប៉ា / Champa,1
07-87-20-23,Plain,Rural,6390.76904296875,តាកែវ / Takeo,ព្រៃកប្បាស / Prey Kabbas,ព្រៃល្វា / Prey Lvea,1
27-78-57-26,Plain,Rural,10260.009765625,តាកែវ / Takeo,ព្រៃកប្បាស / Prey Kabbas,ស្នោ / Snao,1
40-96-24-33,Plain,Rural,7420.6484375,តាកែវ / Takeo,ព្រៃកប្បាស / Prey Kabbas,ស្នោ / Snao,1
77-11-76-62,Plain,Rural,8172.2060546875,តាកែវ / Takeo,សំរោង / Samraong,ជំរះពេន / Chumreah Pen,1
00-14-18-28,Plain,Rural,7338.72412109375,តាកែវ / Takeo,សំរោង / Samraong,ជំរះពេន / Chumreah Pen,1
20-21-76-10,Plain,Rural,4819.07275390625,តាកែវ / Takeo,សំរោង / Samraong,លំចង់ / Lumchang,1
39-73-65-69,Plain,Rural,6097.53125,តាកែវ / Takeo,សំរោង / Samraong,លំចង់ / Lumchang,1
90-95-95-43,Plain,Rural,5499.7529296875,តាកែវ / Takeo,សំរោង / Samraong,លំចង់ / Lumchang,1
40-15-28-88,Plain,Rural,5958.79296875,តាកែវ / Takeo,ត្រាំកក់ / Tram Kak,ត្រពាំងធំខាងជើង / Trapeang Thum Khang Cheung,1
02-98-13-39,Plain,Rural,7107.8212890625,តាកែវ / Takeo,ត្រាំកក់ / Tram Kak,ត្រពាំងធំខាងជើង / Trapeang Thum Khang Cheung,1
40-55-47-18,Plain,Rural,7495.5546875,តាកែវ / Takeo,ទ្រាំង / Treang,អង្កាញ់ / Angkanh,1
48-35-58-48,Plain,Rural,7252.58154296875,តាកែវ / Takeo,ទ្រាំង / Treang,អង្កាញ់ / Angkanh,1
59-29-82-67,Plain,Rural,6354.96142578125,តាកែវ / Takeo,ទ្រាំង / Treang,អង្កាញ់ / Angkanh,1
29-70-95-81,Plain,Rural,6992.16357421875,តាកែវ / Takeo,ទ្រាំង / Treang,សំបួរ / Sambuor,1
60-00-14-73,Plain,Rural,8923.9365234375,តាកែវ / Takeo,ទ្រាំង / Treang,ស្មោង / Smaong,1
98-85-26-70,Plain,Rural,8923.9365234375,តាកែវ / Takeo,ទ្រាំង / Treang,ស្មោង / Smaong,1
88-67-95-97,Plateau/Mountain,Rural,6527.2021484375,ឧត្ដរមានជ័យ / Otdar Meanchey,អន្លង់វែង / Anlong Veaeng,ត្រពាំងតាវ / Trapeang Tav,1
05-04-68-47,Plateau/Mountain,Rural,4783.0517578125,ឧត្ដរមានជ័យ / Otdar Meanchey,អន្លង់វែង / Anlong Veaeng,ត្រពាំងតាវ / Trapeang Tav,1
91-36-09-47,Plateau/Mountain,Rural,6264.189453125,ឧត្ដរមានជ័យ / Otdar Meanchey,អន្លង់វែង / Anlong Veaeng,ត្រពាំងតាវ / Trapeang Tav,1
98-11-86-35,Plateau/Mountain,Rural,1066.631591796875,ឧត្ដរមានជ័យ / Otdar Meanchey,អន្លង់វែង / Anlong Veaeng,ត្រពាំងប្រីយ៍ / Trapeang Prey,1
43-73-29-56,Plateau/Mountain,Rural,1351.9500732421875,ឧត្ដរមានជ័យ / Otdar Meanchey,អន្លង់វែង / Anlong Veaeng,ត្រពាំងប្រីយ៍ / Trapeang Prey,1
60-45-22-93,Plateau/Mountain,Urban,2483.37158203125,ឧត្ដរមានជ័យ / Otdar Meanchey,សំរោង / Krong Samraong,សំរោង / Samraong,1
48-51-10-23,Plateau/Mountain,Urban,1959.2755126953125,ឧត្ដរមានជ័យ / Otdar Meanchey,សំរោង / Krong Samraong,សំរោង / Samraong,1
30-43-85-89,Plateau/Mountain,Urban,2201.98681640625,ឧត្ដរមានជ័យ / Otdar Meanchey,សំរោង / Krong Samraong,អូរស្មាច់ / Ou Smach,1
14-91-69-00,Plateau/Mountain,Urban,2127.382080078125,ឧត្ដរមានជ័យ / Otdar Meanchey,សំរោង / Krong Samraong,អូរស្មាច់ / Ou Smach,1
82-04-66-80,Plateau/Mountain,Urban,2432.0966796875,ឧត្ដរមានជ័យ / Otdar Meanchey,សំរោង / Krong Samraong,អូរស្មាច់ / Ou Smach,1
36-96-36-15,Plateau/Mountain,Urban,1846.0206298828125,ឧត្ដរមានជ័យ / Otdar Meanchey,សំរោង / Krong Samraong,អូរស្មាច់ / Ou Smach,1
95-33-09-89,Plateau/Mountain,Rural,6070.45166015625,ឧត្ដរមានជ័យ / Otdar Meanchey,ត្រពាំងប្រាសាទ / Trapeang Prasat,ព្រះប្រឡាយ / Preah Pralay,1
76-58-11-05,Plateau/Mountain,Rural,5392.03662109375,ឧត្ដរមានជ័យ / Otdar Meanchey,ត្រពាំងប្រាសាទ / Trapeang Prasat,ត្រពាំងប្រាសាទ / Trapeang Prasath,1
84-82-89-93,Plateau/Mountain,Rural,4338.228515625,ឧត្ដរមានជ័យ / Otdar Meanchey,ត្រពាំងប្រាសាទ / Trapeang Prasat,ត្រពាំងប្រាសាទ / Trapeang Prasath,1
00-77-84-76,Plateau/Mountain,Urban,569.45599365234375,ប៉ៃលិន / Pailin,ប៉ៃលិន / Krong Pailin,អូរតាវ៉ៅ / Ou Ta Vau,2
48-32-37-82,Plateau/Mountain,Urban,531.54437255859375,ប៉ៃលិន / Pailin,ប៉ៃលិន / Krong Pailin,អូរតាវ៉ៅ / Ou Ta Vau,2
00-99-04-04,Plateau/Mountain,Urban,609.98565673828125,ប៉ៃលិន / Pailin,ប៉ៃលិន / Krong Pailin,អូរតាវ៉ៅ / Ou Ta Vau,2
40-35-88-17,Plateau/Mountain,Urban,467.8431701660156,ប៉ៃលិន / Pailin,ប៉ៃលិន / Krong Pailin,ទួលល្វា / Tuol Lvea,1
98-53-56-90,Plateau/Mountain,Urban,592.98876953125,ប៉ៃលិន / Pailin,ប៉ៃលិន / Krong Pailin,ទួលល្វា / Tuol Lvea,1
37-68-52-01,Plateau/Mountain,Urban,501.21136474609375,ប៉ៃលិន / Pailin,ប៉ៃលិន / Krong Pailin,ទួលល្វា / Tuol Lvea,1
77-87-31-78,Plateau/Mountain,Urban,518.6939697265625,ប៉ៃលិន / Pailin,ប៉ៃលិន / Krong Pailin,ទួលល្វា / Tuol Lvea,1
12-90-25-18,Plateau/Mountain,Urban,723.47174072265625,ប៉ៃលិន / Pailin,ប៉ៃលិន / Krong Pailin,ទួលល្វា / Tuol Lvea,2
11-65-32-70,Plateau/Mountain,Urban,443.6339416503906,ប៉ៃលិន / Pailin,ប៉ៃលិន / Krong Pailin,ទួលល្វា / Tuol Lvea,2
56-09-56-08,Plateau/Mountain,Rural,1620.673828125,ប៉ៃលិន / Pailin,សាលាក្រៅ / Sala Krau,ស្ទឹងត្រង់ / Stueng Trang,1
00-11-48-08,Plateau/Mountain,Rural,1280.8699951171875,ប៉ៃលិន / Pailin,សាលាក្រៅ / Sala Krau,ស្ទឹងត្រង់ / Stueng Trang,1
16-46-87-02,Plateau/Mountain,Rural,2381.71142578125,ប៉ៃលិន / Pailin,សាលាក្រៅ / Sala Krau,ស្ទឹងត្រង់ / Stueng Trang,2
68-66-44-52,Plateau/Mountain,Rural,1912.7232666015625,ប៉ៃលិន / Pailin,សាលាក្រៅ / Sala Krau,ស្ទឹងត្រង់ / Stueng Trang,2
99-72-17-59,Plain,Rural,7344.755859375,ត្បូងឃ្មុំ / Tboung Khmum,ត្បូងឃ្មុំ / Tboung Khmum,ម៉ុងរៀវ / Mong Riev,1
42-79-45-13,Tonle Sap,Rural,8369.8525390625,ត្បូងឃ្មុំ / Tboung Khmum,ត្បូងឃ្មុំ / Tboung Khmum,រកាពោប្រាំ / Roka Po Pram,1
59-04-10-61,Plain,Rural,8369.8525390625,ត្បូងឃ្មុំ / Tboung Khmum,ត្បូងឃ្មុំ / Tboung Khmum,រកាពោប្រាំ / Roka Po Pram,1
17-88-60-75,Plain,Rural,7199.57470703125,ត្បូងឃ្មុំ / Tboung Khmum,ត្បូងឃ្មុំ / Tboung Khmum,ថ្មពេជ្រ / Thma Pechr,1
30-18-79-31,Plain,Rural,6956.91357421875,ត្បូងឃ្មុំ / Tboung Khmum,ត្បូងឃ្មុំ / Tboung Khmum,ថ្មពេជ្រ / Thma Pechr,1
18-63-30-02,Plain,Rural,7600.9453125,ត្បូងឃ្មុំ / Tboung Khmum,ត្បូងឃ្មុំ / Tboung Khmum,ទន្លេបិត / Tonle Bet,1
53-19-44-95,Plain,Rural,6595.6650390625,ត្បូងឃ្មុំ / Tboung Khmum,ត្បូងឃ្មុំ / Tboung Khmum,ទន្លេបិត / Tonle Bet,1
35-44-52-02,Plain,Rural,6007.26806640625,ត្បូងឃ្មុំ / Tboung Khmum,មេមត់ / Ou Reang Ov,ជាំតាម៉ៅ / Kong Chey,1
86-64-23-01,Plain,Rural,7085.45703125,ត្បូងឃ្មុំ / Tboung Khmum,មេមត់ / Ou Reang Ov,ជាំតាម៉ៅ / Kong Chey,1
12-89-15-03,Plain,Rural,9796.564453125,ត្បូងឃ្មុំ / Tboung Khmum,មេមត់ / Ou Reang Ov,ជាំតាម៉ៅ / Kong Chey,1
62-75-13-84,Plain,Rural,7867.5009765625,ត្បូងឃ្មុំ / Tboung Khmum,មេមត់ / Ou Reang Ov,ជាំតាម៉ៅ / Kong Chey,1
72-26-33-40,Plain,Rural,6423.61376953125,ត្បូងឃ្មុំ / Tboung Khmum,មេមត់ / Ou Reang Ov,ដារ / Mien,1
04-24-33-03,Plain,Rural,8127.7431640625,ត្បូងឃ្មុំ / Tboung Khmum,មេមត់ / Ou Reang Ov,ដារ / Mien,1
30-69-97-11,Plain,Rural,7347.880859375,ត្បូងឃ្មុំ / Tboung Khmum,ពញ្ញាក្រែក / Ponhea Kraek,កណ្ដោលជ្រុំ / Kandaol Chrum,1
23-16-16-83,Plain,Rural,7109.6953125,ត្បូងឃ្មុំ / Tboung Khmum,ពញ្ញាក្រែក / Ponhea Kraek,កណ្ដោលជ្រុំ / Kandaol Chrum,1
99-46-75-70,Plain,Rural,6595.6650390625,ត្បូងឃ្មុំ / Tboung Khmum,ពញ្ញាក្រែក / Ponhea Kraek,កោងកាង / Kaong Kang,1
45-35-82-88,Plain,Rural,6595.6650390625,ត្បូងឃ្មុំ / Tboung Khmum,ពញ្ញាក្រែក / Ponhea Kraek,កោងកាង / Kaong Kang,1
96-83-60-45,Plain,Rural,7600.9453125,ត្បូងឃ្មុំ / Tboung Khmum,ពញ្ញាក្រែក / Ponhea Kraek,កោងកាង / Kaong Kang,1
50-58-36-08,Plain,Rural,6595.6650390625,ត្បូងឃ្មុំ / Tboung Khmum,ពញ្ញាក្រែក / Ponhea Kraek,ក្រែក / Kraek,1
40-04-63-14,Plain,Rural,7344.755859375,ត្បូងឃ្មុំ / Tboung Khmum,ពញ្ញាក្រែក / Ponhea Kraek,ក្រែក / Kraek,1
19-80-86-64,Plain,Rural,6868.44970703125,ត្បូងឃ្មុំ / Tboung Khmum,ពញ្ញាក្រែក / Ponhea Kraek,ក្រែក / Trapeang Phlong,1
84-62-81-15,Plain,Rural,7838.5986328125,ត្បូងឃ្មុំ / Tboung Khmum,ពញ្ញាក្រែក / Ponhea Kraek,ក្រែក / Trapeang Phlong,1
13-73-84-95,Plain,Rural,9935.3828125,ត្បូងឃ្មុំ / Tboung Khmum,ពញ្ញាក្រែក / Ponhea Kraek,ក្រែក / Trapeang Phlong,1
02-53-05-40,Plain,Rural,8690.5908203125,ត្បូងឃ្មុំ / Tboung Khmum,ពញ្ញាក្រែក / Ponhea Kraek,ក្រែក / Trapeang Phlong,1
24-27-66-72,Plain,Rural,7541.19775390625,ត្បូងឃ្មុំ / Tboung Khmum,ពញ្ញាក្រែក / Ponhea Kraek,ក្រែក / Trapeang Phlong,1
93-69-62-61,Plain,Rural,11456.9990234375,ត្បូងឃ្មុំ / Tboung Khmum,ត្បូងឃ្មុំ / Memot,ជីរោទ៍ ទី១ / Chaom Ta Mau,1
64-74-64-64,Plain,Rural,8589.6298828125,ត្បូងឃ្មុំ / Tboung Khmum,ត្បូងឃ្មុំ / Memot,ជីរោទ៍ ទី១ / Chaom Ta Mau,1
14-61-96-73,Plain,Rural,8589.6298828125,ត្បូងឃ្មុំ / Tboung Khmum,ត្បូងឃ្មុំ / Memot,ជីរោទ៍ ទី១ / Chaom Ta Mau,1
53-21-24-75,Plain,Urban,1480.234619140625,ត្បូងឃ្មុំ / Tboung Khmum,ត្បូងឃ្មុំ / Memot,ជីរោទ៍ ទី២ / Dar,1
12-07-47-45,Plain,Urban,1815.3720703125,ត្បូងឃ្មុំ / Tboung Khmum,ត្បូងឃ្មុំ / Memot,ជីរោទ៍ ទី២ / Dar,1
92-20-60-53,Plain,Urban,1480.234619140625,ត្បូងឃ្មុំ / Tboung Khmum,ត្បូងឃ្មុំ / Memot,ជីរោទ៍ ទី២ / Dar,1
79-87-49-96,Plain,Urban,2046.6168212890625,ត្បូងឃ្មុំ / Tboung Khmum,ត្បូងឃ្មុំ / Memot,ជីរោទ៍ ទី២ / Dar,1
