interview__key,s5q1a,s5q1b__1,s5q1b__2,s5q1b__3,s5q1b__4,s5q1b__5,s5q1b__6,s5q1b__7,s5q1b__99,s5q2a,s5q2b__1,s5q2b__2,s5q2b__3,s5q2b__4,s5q2b__5,s5q2b__6,s5q2b__7,s5q2b__99,s5q2c,s5q2d__1,s5q2d__2,s5q2d__3,s5q2d__4,s5q2d__5,s5q2d__6,s5q2d__7,s5q2d__99,s5q2e,s5q2f__1,s5q2f__2,s5q2f__3,s5q2f__4,s5q2f__5,s5q2f__6,s5q2f__7,s5q2f__99,s5q3,s5q4,s5q5,s5q9,s5q10,s5q6a,s5q11,s5q6b,s5q6__1,s5q6__2,s5q6__3,s5q6__4,s5q6__5,s5q6__96,s5q12,s5q7,s5q8__1,s5q8__2,s5q8__3,s5q8__4,s5q8__5,s5q8__6,s5q8__7,s5q8__8
00-11-48-08,NOT TRIED,,,,,,,,,NOT TRIED,,,,,,,,,YES,,,,,,,,,YES,,,,,,,,,NO,,,,,NO,,,,,,,,,,,,,,,,,,
00-14-18-28,YES,,,,,,,,,NOT TRIED,,,,,,,,,YES,,,,,,,,,YES,,,,,,,,,YES,YES,,Public,Charge less money,YES,YES,YES,NO,NO,NO,NO,YES,NO,4,YES,YES,YES,NO,NO,NO,NO,NO,NO
00-24-35-42,YES,,,,,,,,,NOT TRIED,,,,,,,,,YES,,,,,,,,,YES,,,,,,,,,YES,YES,,Private,Fast services,YES,YES,YES,NO,NO,NO,NO,YES,NO,2,NO,,,,,,,,
00-28-02-38,YES,,,,,,,,,YES,,,,,,,,,YES,,,,,,,,,YES,,,,,,,,,YES,YES,,Private,Take a good care and has enough equipment,,,,,,,,,,,,,,,,,,,
00-30-20-73,NOT TRIED,,,,,,,,,NOT TRIED,,,,,,,,,YES,,,,,,,,,YES,,,,,,,,,NO,,,,,YES,NO,,,,,,,,,NO,,,,,,,,
00-41-06-44,YES,,,,,,,,,YES,,,,,,,,,YES,,,,,,,,,YES,,,,,,,,,NO,,,,,YES,YES,NO,,,,,,,,NO,,,,,,,,
00-76-39-80,YES,,,,,,,,,NOT TRIED,,,,,,,,,YES,,,,,,,,,YES,,,,,,,,,NO,,,,,YES,YES,YES,NO,NO,NO,NO,YES,NO,7,NO,,,,,,,,
00-77-55-82,NOT TRIED,,,,,,,,,NOT TRIED,,,,,,,,,YES,,,,,,,,,YES,,,,,,,,,NO,,,,,,,,,,,,,,,,,,,,,,,
00-77-84-76,YES,,,,,,,,,YES,,,,,,,,,YES,,,,,,,,,YES,,,,,,,,,YES,YES,,Private,Specialized,,,,,,,,,,,,,,,,,,,
00-91-59-01,YES,,,,,,,,,YES,,,,,,,,,YES,,,,,,,,,YES,,,,,,,,,YES,YES,,Public,Free of charge,YES,YES,YES,YES,NO,NO,NO,YES,NO,3,NO,,,,,,,,
00-99-04-04,NOT TRIED,,,,,,,,,YES,,,,,,,,,YES,,,,,,,,,NOT TRIED,,,,,,,,,NO,,,,,,,,,,,,,,,,,,,,,,,
01-13-94-22,YES,,,,,,,,,NOT TRIED,,,,,,,,,YES,,,,,,,,,YES,,,,,,,,,YES,YES,,Private,Fast services,,,,,,,,,,,,,,,,,,,
01-25-97-47,NOT TRIED,,,,,,,,,NOT TRIED,,,,,,,,,YES,,,,,,,,,YES,,,,,,,,,NO,,,,,,,,,,,,,,,,,,,,,,,
01-28-90-88,YES,,,,,,,,,YES,,,,,,,,,YES,,,,,,,,,YES,,,,,,,,,NO,,,,,NO,,,,,,,,,,,,,,,,,,
01-36-35-01,YES,,,,,,,,,YES,,,,,,,,,NOT TRIED,,,,,,,,,YES,,,,,,,,,NO,,,,,YES,YES,NO,,,,,,,,NO,,,,,,,,
01-45-89-17,YES,,,,,,,,,NOT TRIED,,,,,,,,,YES,,,,,,,,,YES,,,,,,,,,YES,YES,,Public,Charge less money,,,,,,,,,,,,,,,,,,,
01-53-99-24,YES,,,,,,,,,YES,,,,,,,,,YES,,,,,,,,,YES,,,,,,,,,YES,YES,,Private,Convenient,,,,,,,,,,,,,,,,,,,
01-74-04-52,YES,,,,,,,,,YES,,,,,,,,,YES,,,,,,,,,YES,,,,,,,,,YES,YES,,Private,Convenient and good service,,,,,,,,,,,,,,,,,,,
02-36-19-45,YES,,,,,,,,,NOT TRIED,,,,,,,,,YES,,,,,,,,,YES,,,,,,,,,YES,YES,,Public,They could use NSSF card,YES,YES,YES,NO,NO,NO,NO,YES,NO,8,NO,,,,,,,,
02-39-28-57,YES,,,,,,,,,YES,,,,,,,,,YES,,,,,,,,,YES,,,,,,,,,NO,,,,,YES,YES,YES,YES,NO,NO,NO,NO,NO,3,NO,,,,,,,,
02-42-13-55,YES,,,,,,,,,YES,,,,,,,,,YES,,,,,,,,,YES,,,,,,,,,YES,YES,,Private,Good quality of medicines,NO,,,,,,,,,,,,,,,,,,
02-53-05-40,YES,,,,,,,,,YES,,,,,,,,,YES,,,,,,,,,NOT TRIED,,,,,,,,,YES,YES,,Private,Good and fast services,,,,,,,,,,,,,,,,,,,
02-60-77-80,NOT TRIED,,,,,,,,,NOT TRIED,,,,,,,,,YES,,,,,,,,,YES,,,,,,,,,NO,,,,,YES,YES,YES,NO,NO,NO,NO,YES,NO,5,YES,NO,NO,NO,NO,NO,NO,NO,YES
02-82-48-36,YES,,,,,,,,,YES,,,,,,,,,YES,,,,,,,,,YES,,,,,,,,,NO,,,,,YES,YES,YES,NO,NO,NO,NO,YES,NO,2,NO,,,,,,,,
02-83-06-69,YES,,,,,,,,,NOT TRIED,,,,,,,,,YES,,,,,,,,,YES,,,,,,,,,YES,YES,,Private,Fast services,YES,YES,YES,YES,YES,NO,NO,YES,NO,6,NO,,,,,,,,
02-98-13-39,YES,,,,,,,,,YES,,,,,,,,,YES,,,,,,,,,YES,,,,,,,,,NO,,,,,YES,YES,YES,NO,NO,NO,NO,YES,NO,3,NO,,,,,,,,
02-98-52-98,YES,,,,,,,,,YES,,,,,,,,,YES,,,,,,,,,YES,,,,,,,,,NO,,,,,NO,,,,,,,,,,,,,,,,,,
03-07-95-46,NOT TRIED,,,,,,,,,NOT TRIED,,,,,,,,,YES,,,,,,,,,YES,,,,,,,,,NO,,,,,,,,,,,,,,,,,,,,,,,
03-69-22-18,YES,,,,,,,,,YES,,,,,,,,,YES,,,,,,,,,YES,,,,,,,,,YES,YES,,Public,Charge less money,,,,,,,,,,,,,,,,,,,
03-97-19-11,NOT TRIED,,,,,,,,,NOT TRIED,,,,,,,,,YES,,,,,,,,,YES,,,,,,,,,YES,YES,,Private,Good quality and service,,,,,,,,,,,,,,,,,,,
03-98-01-40,YES,,,,,,,,,NOT TRIED,,,,,,,,,YES,,,,,,,,,YES,,,,,,,,,YES,YES,,Private,One of the doctor working there is his friend,,,,,,,,,,,,,,,,,,,
04-16-87-48,YES,,,,,,,,,YES,,,,,,,,,YES,,,,,,,,,YES,,,,,,,,,YES,YES,,Private,Fast services,NO,,,,,,,,,,,,,,,,,,
04-17-16-88,YES,,,,,,,,,YES,,,,,,,,,YES,,,,,,,,,YES,,,,,,,,,YES,YES,,Private,The illness is not very serious,YES,YES,NO,,,,,,,,NO,,,,,,,,
04-24-33-03,NOT TRIED,,,,,,,,,NOT TRIED,,,,,,,,,YES,,,,,,,,,YES,,,,,,,,,NO,,,,,YES,YES,YES,NO,NO,NO,NO,YES,NO,6,NO,,,,,,,,
04-38-19-68,YES,,,,,,,,,NOT TRIED,,,,,,,,,YES,,,,,,,,,YES,,,,,,,,,YES,YES,,Private,Convenient,YES,YES,NO,,,,,,,,NO,,,,,,,,
04-63-92-39,NOT TRIED,,,,,,,,,NOT TRIED,,,,,,,,,YES,,,,,,,,,YES,,,,,,,,,NO,,,,,,,,,,,,,,,,,,,,,,,
04-66-96-52,YES,,,,,,,,,YES,,,,,,,,,YES,,,,,,,,,NOT TRIED,,,,,,,,,YES,YES,,Public,Charge less money,YES,NO,,,,,,,,,NO,,,,,,,,
04-81-78-84,NOT TRIED,,,,,,,,,YES,,,,,,,,,YES,,,,,,,,,NOT TRIED,,,,,,,,,NO,,,,,NO,,,,,,,,,,,,,,,,,,
05-04-68-47,YES,,,,,,,,,NOT TRIED,,,,,,,,,YES,,,,,,,,,YES,,,,,,,,,YES,YES,,Public,Good quality and service,NO,,,,,,,,,,,,,,,,,,
05-15-33-31,YES,,,,,,,,,YES,,,,,,,,,YES,,,,,,,,,YES,,,,,,,,,YES,YES,,Public,Charge less money,,,,,,,,,,,,,,,,,,,
05-25-66-94,YES,,,,,,,,,YES,,,,,,,,,YES,,,,,,,,,YES,,,,,,,,,YES,YES,,Private,Fast services,YES,NO,,,,,,,,,NO,,,,,,,,
05-26-75-75,NOT TRIED,,,,,,,,,NOT TRIED,,,,,,,,,YES,,,,,,,,,YES,,,,,,,,,NO,,,,,,,,,,,,,,,,,,,,,,,
05-61-61-38,YES,,,,,,,,,NOT TRIED,,,,,,,,,YES,,,,,,,,,YES,,,,,,,,,YES,YES,,Private,Good quality and service,,,,,,,,,,,,,,,,,,,
05-78-48-36,YES,,,,,,,,,NOT TRIED,,,,,,,,,YES,,,,,,,,,YES,,,,,,,,,YES,YES,,Public,Professional,,,,,,,,,,,,,,,,,,,
05-82-24-73,YES,,,,,,,,,YES,,,,,,,,,YES,,,,,,,,,YES,,,,,,,,,YES,YES,,Public,Charge less money,YES,YES,YES,NO,NO,NO,NO,YES,NO,2,YES,NO,NO,NO,NO,YES,NO,NO,NO
05-84-34-71,NOT TRIED,,,,,,,,,YES,,,,,,,,,YES,,,,,,,,,YES,,,,,,,,,NO,,,,,YES,YES,YES,NO,YES,NO,NO,NO,NO,4,NO,,,,,,,,
06-18-94-54,NOT TRIED,,,,,,,,,NOT TRIED,,,,,,,,,YES,,,,,,,,,YES,,,,,,,,,NO,,,,,NO,,,,,,,,,,,,,,,,,,
06-44-48-23,NOT TRIED,,,,,,,,,YES,,,,,,,,,YES,,,,,,,,,NOT TRIED,,,,,,,,,NO,,,,,YES,YES,YES,NO,NO,NO,NO,NO,YES,20,NO,,,,,,,,
06-51-01-81,YES,,,,,,,,,YES,,,,,,,,,YES,,,,,,,,,YES,,,,,,,,,YES,YES,,Private,Fast services,YES,YES,NO,,,,,,,,NO,,,,,,,,
06-77-22-73,YES,,,,,,,,,YES,,,,,,,,,YES,,,,,,,,,YES,,,,,,,,,NO,,,,,YES,YES,YES,NO,NO,NO,NO,YES,NO,2,YES,NO,NO,NO,NO,YES,NO,NO,NO
06-79-10-35,YES,,,,,,,,,YES,,,,,,,,,YES,,,,,,,,,NOT TRIED,,,,,,,,,YES,YES,,Private,They can owe money,YES,YES,YES,YES,NO,YES,YES,YES,NO,12,NO,,,,,,,,
06-86-53-01,NOT TRIED,,,,,,,,,NOT TRIED,,,,,,,,,YES,,,,,,,,,YES,,,,,,,,,NO,,,,,YES,YES,YES,NO,NO,NO,NO,YES,NO,12,NO,,,,,,,,
06-93-50-31,YES,,,,,,,,,NOT TRIED,,,,,,,,,YES,,,,,,,,,YES,,,,,,,,,YES,YES,,Public,Convenient and good quality,,,,,,,,,,,,,,,,,,,
06-95-16-01,YES,,,,,,,,,NOT TRIED,,,,,,,,,YES,,,,,,,,,YES,,,,,,,,,NO,,,,,YES,YES,YES,NO,NO,NO,NO,YES,NO,12,NO,,,,,,,,
06-99-62-55,YES,,,,,,,,,NOT TRIED,,,,,,,,,YES,,,,,,,,,NOT TRIED,,,,,,,,,NO,,,,,NO,,,,,,,,,,,,,,,,,,
07-09-29-32,NOT TRIED,,,,,,,,,NOT TRIED,,,,,,,,,YES,,,,,,,,,YES,,,,,,,,,YES,YES,,Private,Convenient,YES,NO,,,,,,,,,NO,,,,,,,,
07-21-69-77,YES,,,,,,,,,YES,,,,,,,,,YES,,,,,,,,,YES,,,,,,,,,YES,YES,,Public,Charge less money,YES,YES,YES,NO,NO,NO,NO,YES,NO,6,YES,NO,NO,NO,NO,NO,NO,YES,NO
07-38-15-10,YES,,,,,,,,,YES,,,,,,,,,YES,,,,,,,,,YES,,,,,,,,,YES,YES,,Public,Convenient and good quality,YES,YES,YES,YES,NO,NO,NO,YES,NO,8,YES,NO,NO,NO,NO,NO,NO,NO,YES
07-45-98-59,YES,,,,,,,,,NOT TRIED,,,,,,,,,YES,,,,,,,,,YES,,,,,,,,,NO,,,,,YES,NO,,,,,,,,,NO,,,,,,,,
07-57-68-78,NOT TRIED,,,,,,,,,NOT TRIED,,,,,,,,,YES,,,,,,,,,YES,,,,,,,,,NO,,,,,,,,,,,,,,,,,,,,,,,
07-87-14-21,YES,,,,,,,,,YES,,,,,,,,,YES,,,,,,,,,YES,,,,,,,,,YES,YES,,Public,Effective treatment and good service,,,,,,,,,,,,,,,,,,,
07-87-20-23,YES,,,,,,,,,NOT TRIED,,,,,,,,,YES,,,,,,,,,YES,,,,,,,,,YES,YES,,Private,Good service,,,,,,,,,,,,,,,,,,,
07-92-66-86,YES,,,,,,,,,NOT TRIED,,,,,,,,,YES,,,,,,,,,YES,,,,,,,,,NO,,,,,,,,,,,,,,,,,,,,,,,
08-27-46-13,YES,,,,,,,,,YES,,,,,,,,,YES,,,,,,,,,YES,,,,,,,,,NO,,,,,,,,,,,,,,,,,,,,,,,
08-37-54-38,YES,,,,,,,,,NOT TRIED,,,,,,,,,YES,,,,,,,,,YES,,,,,,,,,NO,,,,,YES,NO,,,,,,,,,NO,,,,,,,,
08-42-45-60,YES,,,,,,,,,YES,,,,,,,,,YES,,,,,,,,,YES,,,,,,,,,NO,,,,,YES,NO,,,,,,,,,NO,,,,,,,,
08-66-93-20,YES,,,,,,,,,YES,,,,,,,,,YES,,,,,,,,,YES,,,,,,,,,NO,,,,,YES,NO,,,,,,,,,NO,,,,,,,,
08-76-74-15,NOT TRIED,,,,,,,,,NOT TRIED,,,,,,,,,YES,,,,,,,,,YES,,,,,,,,,NO,,,,,YES,YES,YES,NO,NO,NO,NO,YES,NO,5,NO,,,,,,,,
08-87-72-25,YES,,,,,,,,,YES,,,,,,,,,NOT TRIED,,,,,,,,,NOT TRIED,,,,,,,,,YES,YES,,Public,Free of charge,YES,YES,YES,YES,NO,NO,NO,NO,YES,10,YES,NO,NO,NO,NO,NO,NO,NO,YES
08-92-82-63,YES,,,,,,,,,NOT TRIED,,,,,,,,,YES,,,,,,,,,YES,,,,,,,,,YES,YES,,Public,Charge less money and good quality,YES,YES,YES,YES,NO,NO,NO,YES,NO,12,YES,NO,NO,NO,NO,NO,NO,NO,YES
09-26-24-56,YES,,,,,,,,,YES,,,,,,,,,YES,,,,,,,,,YES,,,,,,,,,YES,YES,,Public,Charge less money,YES,NO,,,,,,,,,NO,,,,,,,,
09-48-37-76,YES,,,,,,,,,YES,,,,,,,,,YES,,,,,,,,,YES,,,,,,,,,NO,,,,,,,,,,,,,,,,,,,,,,,
09-52-36-40,YES,,,,,,,,,YES,,,,,,,,,YES,,,,,,,,,YES,,,,,,,,,NO,,,,,,,,,,,,,,,,,,,,,,,
09-54-86-04,YES,,,,,,,,,YES,,,,,,,,,YES,,,,,,,,,YES,,,,,,,,,YES,YES,,Private,Convenient,YES,YES,NO,,,,,,,,NO,,,,,,,,
09-56-25-86,YES,,,,,,,,,NOT TRIED,,,,,,,,,NOT TRIED,,,,,,,,,YES,,,,,,,,,YES,YES,,Private,Fast services,,,,,,,,,,,,,,,,,,,
09-56-37-66,NOT TRIED,,,,,,,,,NOT TRIED,,,,,,,,,YES,,,,,,,,,YES,,,,,,,,,NO,,,,,,,,,,,,,,,,,,,,,,,
09-70-29-30,YES,,,,,,,,,NOT TRIED,,,,,,,,,YES,,,,,,,,,YES,,,,,,,,,YES,YES,,Private,Fast services,YES,NO,,,,,,,,,NO,,,,,,,,
09-72-73-80,YES,,,,,,,,,YES,,,,,,,,,NOT TRIED,,,,,,,,,YES,,,,,,,,,NO,,,,,,,,,,,,,,,,,,,,,,,
09-99-80-99,YES,,,,,,,,,NOT TRIED,,,,,,,,,YES,,,,,,,,,YES,,,,,,,,,YES,YES,,Private,Fast services,YES,YES,YES,NO,NO,NO,NO,YES,NO,4,YES,NO,NO,NO,NO,NO,NO,NO,YES
10-00-23-23,YES,,,,,,,,,YES,,,,,,,,,YES,,,,,,,,,YES,,,,,,,,,NO,,,,,,,,,,,,,,,,,,,,,,,
10-24-50-53,YES,,,,,,,,,YES,,,,,,,,,YES,,,,,,,,,YES,,,,,,,,,NO,,,,,,,,,,,,,,,,,,,,,,,
10-62-87-07,YES,,,,,,,,,NOT TRIED,,,,,,,,,YES,,,,,,,,,YES,,,,,,,,,YES,YES,,Public,Charge less money,YES,YES,YES,NO,NO,YES,NO,NO,NO,7,YES,NO,NO,NO,NO,NO,NO,NO,YES
10-67-83-00,NOT TRIED,,,,,,,,,NOT TRIED,,,,,,,,,YES,,,,,,,,,YES,,,,,,,,,NO,,,,,,,,,,,,,,,,,,,,,,,
10-73-31-63,YES,,,,,,,,,YES,,,,,,,,,YES,,,,,,,,,YES,,,,,,,,,NO,,,,,YES,YES,YES,NO,NO,NO,NO,YES,NO,2,YES,NO,NO,NO,NO,YES,NO,NO,NO
11-20-56-39,YES,,,,,,,,,YES,,,,,,,,,YES,,,,,,,,,YES,,,,,,,,,YES,YES,,Public,Charge less money,YES,YES,YES,NO,NO,NO,NO,YES,NO,12,YES,NO,NO,NO,NO,NO,NO,NO,YES
11-27-77-65,NOT TRIED,,,,,,,,,YES,,,,,,,,,NOT TRIED,,,,,,,,,NOT TRIED,,,,,,,,,NO,,,,,YES,YES,YES,NO,NO,YES,NO,NO,YES,7,NO,,,,,,,,
11-29-24-37,YES,,,,,,,,,YES,,,,,,,,,YES,,,,,,,,,YES,,,,,,,,,NO,,,,,YES,YES,YES,NO,NO,NO,NO,YES,NO,5,NO,,,,,,,,
11-37-75-66,NOT TRIED,,,,,,,,,NOT TRIED,,,,,,,,,YES,,,,,,,,,YES,,,,,,,,,YES,YES,,Private,Fast services,,,,,,,,,,,,,,,,,,,
11-65-32-70,YES,,,,,,,,,YES,,,,,,,,,YES,,,,,,,,,YES,,,,,,,,,NO,,,,,YES,YES,NO,,,,,,,,NO,,,,,,,,
11-71-20-07,YES,,,,,,,,,NOT TRIED,,,,,,,,,YES,,,,,,,,,YES,,,,,,,,,YES,YES,,Public,Charge less money,NO,,,,,,,,,,,,,,,,,,
11-74-42-47,YES,,,,,,,,,YES,,,,,,,,,YES,,,,,,,,,YES,,,,,,,,,YES,YES,,Private,Good quality of medicines and equipment,,,,,,,,,,,,,,,,,,,
11-84-40-86,NOT TRIED,,,,,,,,,YES,,,,,,,,,YES,,,,,,,,,YES,,,,,,,,,NO,,,,,,,,,,,,,,,,,,,,,,,
11-90-81-43,NOT TRIED,,,,,,,,,YES,,,,,,,,,YES,,,,,,,,,YES,,,,,,,,,NO,,,,,YES,YES,NO,,,,,,,,NO,,,,,,,,
12-07-47-45,YES,,,,,,,,,YES,,,,,,,,,YES,,,,,,,,,YES,,,,,,,,,YES,YES,,Private,Convenient,YES,YES,YES,NO,NO,NO,NO,YES,NO,9,YES,NO,NO,NO,NO,NO,NO,NO,YES
12-14-50-11,YES,,,,,,,,,NOT TRIED,,,,,,,,,YES,,,,,,,,,YES,,,,,,,,,YES,YES,,Private,It has enough medicines,,,,,,,,,,,,,,,,,,,
12-35-90-39,YES,,,,,,,,,YES,,,,,,,,,YES,,,,,,,,,NOT TRIED,,,,,,,,,YES,YES,,Private,Fast services,YES,NO,,,,,,,,,NO,,,,,,,,
12-37-68-17,YES,,,,,,,,,NOT TRIED,,,,,,,,,YES,,,,,,,,,YES,,,,,,,,,NO,,,,,,,,,,,,,,,,,,,,,,,
12-38-10-28,YES,,,,,,,,,YES,,,,,,,,,YES,,,,,,,,,YES,,,,,,,,,NO,,,,,YES,NO,,,,,,,,,NO,,,,,,,,
12-70-03-22,YES,,,,,,,,,YES,,,,,,,,,YES,,,,,,,,,YES,,,,,,,,,YES,YES,,Private,Fast services,,,,,,,,,,,,,,,,,,,
12-89-15-03,NOT TRIED,,,,,,,,,NOT TRIED,,,,,,,,,YES,,,,,,,,,YES,,,,,,,,,NO,,,,,,,,,,,,,,,,,,,,,,,
12-90-25-18,NOT TRIED,,,,,,,,,YES,,,,,,,,,YES,,,,,,,,,NOT TRIED,,,,,,,,,NO,,,,,YES,YES,YES,NO,NO,YES,NO,NO,YES,7,NO,,,,,,,,
13-05-07-31,YES,,,,,,,,,NOT TRIED,,,,,,,,,YES,,,,,,,,,YES,,,,,,,,,YES,YES,,Public,Charge less money,YES,YES,YES,NO,NO,NO,NO,YES,NO,20,NO,,,,,,,,
13-40-45-67,YES,,,,,,,,,YES,,,,,,,,,YES,,,,,,,,,YES,,,,,,,,,YES,YES,,Private,Good service and modern equipment,NO,,,,,,,,,,,,,,,,,,
13-50-00-00,YES,,,,,,,,,NOT TRIED,,,,,,,,,YES,,,,,,,,,YES,,,,,,,,,NO,,,,,YES,YES,YES,YES,NO,NO,NO,YES,NO,4,YES,NO,NO,NO,NO,NO,NO,NO,YES
13-60-37-63,YES,,,,,,,,,YES,,,,,,,,,YES,,,,,,,,,YES,,,,,,,,,YES,YES,,Private,Convenient and good service,,,,,,,,,,,,,,,,,,,
13-70-88-03,YES,,,,,,,,,YES,,,,,,,,,YES,,,,,,,,,NOT TRIED,,,,,,,,,YES,YES,,Private,Professional,,,,,,,,,,,,,,,,,,,
13-73-84-95,NOT TRIED,,,,,,,,,NOT TRIED,,,,,,,,,YES,,,,,,,,,YES,,,,,,,,,YES,YES,,Private,Convenient,YES,NO,,,,,,,,,NO,,,,,,,,
13-85-44-31,YES,,,,,,,,,YES,,,,,,,,,NOT TRIED,,,,,,,,,YES,,,,,,,,,YES,YES,,Private,Good quality of medicines,YES,YES,NO,,,,,,,,NO,,,,,,,,
14-54-93-04,YES,,,,,,,,,YES,,,,,,,,,YES,,,,,,,,,YES,,,,,,,,,YES,YES,,Private,Effective treatment and good service,,,,,,,,,,,,,,,,,,,
14-56-06-34,YES,,,,,,,,,NOT TRIED,,,,,,,,,YES,,,,,,,,,NOT TRIED,,,,,,,,,NO,,,,,YES,YES,YES,NO,NO,NO,NO,YES,NO,6,NO,,,,,,,,
14-61-96-73,NOT TRIED,,,,,,,,,NOT TRIED,,,,,,,,,YES,,,,,,,,,NOT TRIED,,,,,,,,,YES,YES,,Private,It is not crowded,YES,YES,YES,YES,YES,NO,NO,NO,YES,5,NO,,,,,,,,
14-80-37-38,YES,,,,,,,,,YES,,,,,,,,,YES,,,,,,,,,YES,,,,,,,,,YES,YES,,Public,Good quality and service,,,,,,,,,,,,,,,,,,,
14-91-69-00,YES,,,,,,,,,YES,,,,,,,,,YES,,,,,,,,,YES,,,,,,,,,NO,,,,,YES,YES,YES,YES,NO,NO,NO,YES,NO,1,NO,,,,,,,,
15-10-58-17,NOT TRIED,,,,,,,,,NOT TRIED,,,,,,,,,YES,,,,,,,,,YES,,,,,,,,,NO,,,,,YES,NO,,,,,,,,,NO,,,,,,,,
15-28-98-50,YES,,,,,,,,,YES,,,,,,,,,YES,,,,,,,,,YES,,,,,,,,,NO,,,,,YES,YES,YES,NO,NO,NO,NO,YES,NO,12,YES,NO,NO,NO,NO,NO,NO,NO,YES
15-35-12-75,YES,,,,,,,,,NOT TRIED,,,,,,,,,YES,,,,,,,,,YES,,,,,,,,,YES,YES,,Private,Fast services,,,,,,,,,,,,,,,,,,,
15-48-48-18,NOT TRIED,,,,,,,,,NOT TRIED,,,,,,,,,YES,,,,,,,,,YES,,,,,,,,,NO,,,,,,,,,,,,,,,,,,,,,,,
15-68-10-75,YES,,,,,,,,,NOT TRIED,,,,,,,,,YES,,,,,,,,,YES,,,,,,,,,NO,,,,,,,,,,,,,,,,,,,,,,,
15-68-73-91,NOT TRIED,,,,,,,,,YES,,,,,,,,,YES,,,,,,,,,YES,,,,,,,,,NO,,,,,YES,YES,YES,NO,NO,NO,NO,YES,NO,2,NO,,,,,,,,
15-91-45-68,YES,,,,,,,,,NOT TRIED,,,,,,,,,YES,,,,,,,,,YES,,,,,,,,,NO,,,,,YES,YES,YES,YES,NO,YES,NO,NO,NO,5,YES,NO,NO,NO,NO,YES,NO,NO,NO
15-99-35-27,YES,,,,,,,,,NOT TRIED,,,,,,,,,YES,,,,,,,,,YES,,,,,,,,,YES,YES,,Private,Convenient and good service,,,,,,,,,,,,,,,,,,,
16-13-61-65,NOT TRIED,,,,,,,,,NOT TRIED,,,,,,,,,YES,,,,,,,,,YES,,,,,,,,,NO,,,,,YES,NO,,,,,,,,,NO,,,,,,,,
16-15-69-73,NOT TRIED,,,,,,,,,YES,,,,,,,,,YES,,,,,,,,,YES,,,,,,,,,YES,YES,,Private,Fast services,,,,,,,,,,,,,,,,,,,
16-46-87-02,NOT TRIED,,,,,,,,,NOT TRIED,,,,,,,,,YES,,,,,,,,,YES,,,,,,,,,NO,,,,,YES,YES,YES,NO,NO,NO,NO,YES,NO,9,NO,,,,,,,,
16-93-86-61,NOT TRIED,,,,,,,,,NOT TRIED,,,,,,,,,YES,,,,,,,,,YES,,,,,,,,,NO,,,,,YES,YES,YES,YES,YES,NO,NO,NO,NO,5,YES,YES,NO,NO,NO,NO,NO,NO,NO
17-58-97-56,YES,,,,,,,,,NOT TRIED,,,,,,,,,YES,,,,,,,,,YES,,,,,,,,,YES,YES,,Private,Convenient and good services,YES,YES,YES,YES,YES,YES,NO,YES,NO,14,YES,NO,YES,NO,NO,NO,NO,YES,NO
17-59-02-00,NOT TRIED,,,,,,,,,YES,,,,,,,,,YES,,,,,,,,,YES,,,,,,,,,YES,YES,,Private,Convenient and charge less money,NO,,,,,,,,,,,,,,,,,,
17-68-18-77,NOT TRIED,,,,,,,,,NOT TRIED,,,,,,,,,YES,,,,,,,,,YES,,,,,,,,,NO,,,,,,,,,,,,,,,,,,,,,,,
17-71-66-38,YES,,,,,,,,,YES,,,,,,,,,YES,,,,,,,,,YES,,,,,,,,,NO,,,,,YES,YES,YES,YES,NO,NO,NO,NO,NO,1,NO,,,,,,,,
17-88-60-75,YES,,,,,,,,,NOT TRIED,,,,,,,,,YES,,,,,,,,,YES,,,,,,,,,YES,YES,,Public,Charge less money,,,,,,,,,,,,,,,,,,,
17-99-50-48,YES,,,,,,,,,NOT TRIED,,,,,,,,,YES,,,,,,,,,YES,,,,,,,,,NO,,,,,YES,NO,,,,,,,,,NO,,,,,,,,
18-42-12-21,NOT TRIED,,,,,,,,,YES,,,,,,,,,YES,,,,,,,,,YES,,,,,,,,,YES,YES,,Private,Convenient and good service,,,,,,,,,,,,,,,,,,,
18-45-01-24,NOT TRIED,,,,,,,,,NOT TRIED,,,,,,,,,YES,,,,,,,,,YES,,,,,,,,,NO,,,,,,,,,,,,,,,,,,,,,,,
18-49-28-85,NOT TRIED,,,,,,,,,NOT TRIED,,,,,,,,,YES,,,,,,,,,NOT TRIED,,,,,,,,,YES,YES,,Public,Convenient,YES,YES,YES,YES,NO,NO,NO,YES,NO,3,NO,,,,,,,,
18-58-08-30,YES,,,,,,,,,YES,,,,,,,,,YES,,,,,,,,,YES,,,,,,,,,YES,YES,,Public,Fast services,NO,,,,,,,,,,,,,,,,,,
18-63-30-02,YES,,,,,,,,,NOT TRIED,,,,,,,,,YES,,,,,,,,,YES,,,,,,,,,YES,YES,,Private,Fast services,YES,YES,NO,,,,,,,,NO,,,,,,,,
18-72-98-16,NOT TRIED,,,,,,,,,NOT TRIED,,,,,,,,,YES,,,,,,,,,YES,,,,,,,,,YES,YES,,Private,Fast services,,,,,,,,,,,,,,,,,,,
18-82-62-40,YES,,,,,,,,,NOT TRIED,,,,,,,,,YES,,,,,,,,,YES,,,,,,,,,YES,YES,,Public,Charge less money,,,,,,,,,,,,,,,,,,,
19-03-30-38,NOT TRIED,,,,,,,,,NOT TRIED,,,,,,,,,YES,,,,,,,,,YES,,,,,,,,,YES,YES,,Public,Convenient and charge less money,,,,,,,,,,,,,,,,,,,
19-72-19-66,YES,,,,,,,,,YES,,,,,,,,,YES,,,,,,,,,YES,,,,,,,,,YES,YES,,Public,Free of charge,YES,YES,YES,NO,NO,NO,NO,YES,NO,6,NO,,,,,,,,
19-75-91-64,YES,,,,,,,,,YES,,,,,,,,,YES,,,,,,,,,YES,,,,,,,,,NO,,,,,YES,YES,YES,NO,NO,NO,NO,YES,NO,6,NO,,,,,,,,
19-80-86-64,NOT TRIED,,,,,,,,,YES,,,,,,,,,YES,,,,,,,,,NOT TRIED,,,,,,,,,NO,,,,,YES,YES,NO,,,,,,,,NO,,,,,,,,
19-90-05-01,YES,,,,,,,,,YES,,,,,,,,,YES,,,,,,,,,YES,,,,,,,,,NO,,,,,,,,,,,,,,,,,,,,,,,
20-13-45-35,NOT TRIED,,,,,,,,,NOT TRIED,,,,,,,,,YES,,,,,,,,,YES,,,,,,,,,NO,,,,,YES,YES,YES,YES,YES,NO,NO,NO,NO,12,YES,YES,NO,NO,NO,NO,NO,NO,NO
20-21-76-10,NOT TRIED,,,,,,,,,NOT TRIED,,,,,,,,,YES,,,,,,,,,YES,,,,,,,,,NO,,,,,YES,YES,YES,NO,NO,NO,NO,YES,NO,5,NO,,,,,,,,
20-33-11-22,YES,,,,,,,,,YES,,,,,,,,,YES,,,,,,,,,YES,,,,,,,,,YES,YES,,Private,They accept NSSF card,,,,,,,,,,,,,,,,,,,
20-35-26-66,YES,,,,,,,,,NOT TRIED,,,,,,,,,YES,,,,,,,,,YES,,,,,,,,,YES,YES,,Public,Convenient,YES,YES,NO,,,,,,,,NO,,,,,,,,
20-86-70-58,YES,,,,,,,,,YES,,,,,,,,,YES,,,,,,,,,YES,,,,,,,,,NO,,,,,,,,,,,,,,,,,,,,,,,
21-01-98-99,YES,,,,,,,,,YES,,,,,,,,,YES,,,,,,,,,YES,,,,,,,,,YES,YES,,Private,Fast and good services,YES,NO,,,,,,,,,NO,,,,,,,,
21-56-73-53,YES,,,,,,,,,YES,,,,,,,,,YES,,,,,,,,,YES,,,,,,,,,YES,YES,,Private,Convenient,YES,NO,,,,,,,,,NO,,,,,,,,
21-59-52-44,YES,,,,,,,,,YES,,,,,,,,,YES,,,,,,,,,YES,,,,,,,,,YES,YES,,Public,Charge less money,YES,YES,YES,NO,NO,NO,NO,YES,NO,2,YES,NO,NO,NO,NO,NO,NO,NO,YES
21-88-93-32,NOT TRIED,,,,,,,,,YES,,,,,,,,,YES,,,,,,,,,NOT TRIED,,,,,,,,,YES,YES,,Private,Specialized,,,,,,,,,,,,,,,,,,,
21-99-47-06,YES,,,,,,,,,NOT TRIED,,,,,,,,,YES,,,,,,,,,NOT TRIED,,,,,,,,,YES,YES,,Public,Charge less money,,,,,,,,,,,,,,,,,,,
22-07-73-87,YES,,,,,,,,,NOT TRIED,,,,,,,,,YES,,,,,,,,,YES,,,,,,,,,YES,YES,,Private,Effective treatment and good service,,,,,,,,,,,,,,,,,,,
22-94-17-72,NOT TRIED,,,,,,,,,YES,,,,,,,,,NOT TRIED,,,,,,,,,NOT TRIED,,,,,,,,,YES,YES,,Public,Charge less money,YES,NO,,,,,,,,,NO,,,,,,,,
23-16-16-83,NOT TRIED,,,,,,,,,NOT TRIED,,,,,,,,,YES,,,,,,,,,YES,,,,,,,,,NO,,,,,,,,,,,,,,,,,,,,,,,
23-32-08-95,YES,,,,,,,,,NOT TRIED,,,,,,,,,YES,,,,,,,,,YES,,,,,,,,,YES,YES,,Private,Convenient and good service,YES,YES,NO,,,,,,,,NO,,,,,,,,
23-45-74-97,NOT TRIED,,,,,,,,,NOT TRIED,,,,,,,,,YES,,,,,,,,,YES,,,,,,,,,NO,,,,,,,,,,,,,,,,,,,,,,,
23-62-03-55,YES,,,,,,,,,YES,,,,,,,,,YES,,,,,,,,,YES,,,,,,,,,YES,YES,,Public,They accept NSSF card,YES,YES,YES,NO,NO,NO,NO,YES,NO,2,NO,,,,,,,,
23-70-43-39,YES,,,,,,,,,YES,,,,,,,,,YES,,,,,,,,,YES,,,,,,,,,YES,YES,,Public,Convenient and skillful,,,,,,,,,,,,,,,,,,,
23-73-33-69,YES,,,,,,,,,NOT TRIED,,,,,,,,,YES,,,,,,,,,YES,,,,,,,,,NO,,,,,YES,YES,YES,YES,YES,NO,NO,YES,NO,10,YES,NO,YES,NO,NO,NO,NO,YES,NO
23-75-13-28,YES,,,,,,,,,YES,,,,,,,,,YES,,,,,,,,,NOT TRIED,,,,,,,,,YES,YES,,Private,Convenient,YES,YES,YES,YES,NO,NO,NO,NO,NO,3,NO,,,,,,,,
23-92-16-23,YES,,,,,,,,,YES,,,,,,,,,YES,,,,,,,,,YES,,,,,,,,,NO,,,,,YES,YES,YES,NO,NO,NO,NO,YES,NO,5,NO,,,,,,,,
24-18-89-36,YES,,,,,,,,,NOT TRIED,,,,,,,,,YES,,,,,,,,,YES,,,,,,,,,NO,,,,,YES,YES,YES,NO,YES,NO,NO,NO,NO,5,NO,,,,,,,,
24-21-42-95,YES,,,,,,,,,NOT TRIED,,,,,,,,,YES,,,,,,,,,YES,,,,,,,,,YES,YES,,Private,Fast services,YES,YES,NO,,,,,,,,YES,NO,NO,NO,YES,YES,NO,YES,NO
24-26-83-06,NOT TRIED,,,,,,,,,NOT TRIED,,,,,,,,,YES,,,,,,,,,YES,,,,,,,,,NO,,,,,YES,YES,YES,NO,NO,NO,NO,YES,NO,36,NO,,,,,,,,
24-27-66-72,NOT TRIED,,,,,,,,,YES,,,,,,,,,YES,,,,,,,,,YES,,,,,,,,,NO,,,,,,,,,,,,,,,,,,,,,,,
24-77-97-66,NOT TRIED,,,,,,,,,NOT TRIED,,,,,,,,,YES,,,,,,,,,YES,,,,,,,,,NO,,,,,,,,,,,,,,,,,,,,,,,
24-82-48-65,YES,,,,,,,,,NOT TRIED,,,,,,,,,YES,,,,,,,,,YES,,,,,,,,,YES,YES,,Private,Good and fast services,YES,YES,YES,NO,NO,NO,NO,YES,NO,18,YES,NO,NO,NO,NO,NO,NO,NO,YES
25-03-90-32,NOT TRIED,,,,,,,,,NOT TRIED,,,,,,,,,YES,,,,,,,,,YES,,,,,,,,,NO,,,,,YES,YES,YES,NO,NO,NO,NO,YES,NO,10,NO,,,,,,,,
25-15-60-76,NOT TRIED,,,,,,,,,YES,,,,,,,,,YES,,,,,,,,,YES,,,,,,,,,NO,,,,,,,,,,,,,,,,,,,,,,,
25-20-77-34,YES,,,,,,,,,NOT TRIED,,,,,,,,,YES,,,,,,,,,YES,,,,,,,,,YES,YES,,Public,Effective treatment and good service,,,,,,,,,,,,,,,,,,,
25-26-91-49,YES,,,,,,,,,YES,,,,,,,,,YES,,,,,,,,,YES,,,,,,,,,NO,,,,,,,,,,,,,,,,,,,,,,,
25-71-53-69,NOT TRIED,,,,,,,,,NOT TRIED,,,,,,,,,YES,,,,,,,,,YES,,,,,,,,,NO,,,,,,,,,,,,,,,,,,,,,,,
25-74-41-33,YES,,,,,,,,,NOT TRIED,,,,,,,,,YES,,,,,,,,,YES,,,,,,,,,YES,YES,,Private,Fast services,NO,,,,,,,,,,,,,,,,,,
25-77-33-12,NOT TRIED,,,,,,,,,YES,,,,,,,,,YES,,,,,,,,,YES,,,,,,,,,YES,YES,,Private,More cares than public one,YES,YES,YES,YES,YES,YES,NO,YES,NO,8,YES,NO,NO,NO,NO,YES,NO,NO,NO
25-77-58-96,YES,,,,,,,,,YES,,,,,,,,,YES,,,,,,,,,YES,,,,,,,,,YES,YES,,Public,Convenient,,,,,,,,,,,,,,,,,,,
25-80-38-05,YES,,,,,,,,,NOT TRIED,,,,,,,,,YES,,,,,,,,,YES,,,,,,,,,YES,YES,,Private,Fast services,YES,YES,YES,NO,YES,NO,NO,YES,NO,12,YES,NO,NO,NO,NO,NO,NO,YES,NO
25-99-07-45,NOT TRIED,,,,,,,,,NOT TRIED,,,,,,,,,YES,,,,,,,,,YES,,,,,,,,,NO,,,,,,,,,,,,,,,,,,,,,,,
26-30-31-96,YES,,,,,,,,,NOT TRIED,,,,,,,,,YES,,,,,,,,,YES,,,,,,,,,YES,YES,,Private,Convenient,,,,,,,,,,,,,,,,,,,
26-35-70-67,YES,,,,,,,,,YES,,,,,,,,,YES,,,,,,,,,YES,,,,,,,,,YES,YES,,Private,Fast and good services,YES,YES,NO,,,,,,,,NO,,,,,,,,
26-42-39-36,YES,,,,,,,,,NOT TRIED,,,,,,,,,YES,,,,,,,,,YES,,,,,,,,,YES,YES,,Private,Good service and hygiene,,,,,,,,,,,,,,,,,,,
26-46-53-29,YES,,,,,,,,,YES,,,,,,,,,YES,,,,,,,,,YES,,,,,,,,,NO,,,,,YES,NO,,,,,,,,,NO,,,,,,,,
26-71-05-97,YES,,,,,,,,,YES,,,,,,,,,YES,,,,,,,,,YES,,,,,,,,,YES,YES,,Private,More cares than public one,YES,YES,YES,NO,YES,NO,NO,NO,NO,4,YES,NO,NO,NO,NO,NO,NO,YES,NO
26-82-19-76,YES,,,,,,,,,NOT TRIED,,,,,,,,,YES,,,,,,,,,YES,,,,,,,,,YES,YES,,Private,Fast services,,,,,,,,,,,,,,,,,,,
26-90-72-50,YES,,,,,,,,,YES,,,,,,,,,YES,,,,,,,,,YES,,,,,,,,,NO,,,,,NO,,,,,,,,,,,,,,,,,,
27-10-24-86,YES,,,,,,,,,YES,,,,,,,,,YES,,,,,,,,,YES,,,,,,,,,YES,YES,,Private,Fast services,YES,YES,YES,NO,YES,NO,NO,NO,NO,10,YES,NO,YES,NO,NO,NO,NO,NO,NO
27-21-45-15,YES,,,,,,,,,YES,,,,,,,,,YES,,,,,,,,,YES,,,,,,,,,YES,YES,,Public,Charge less money,YES,YES,YES,NO,NO,NO,NO,NO,YES,15,NO,,,,,,,,
27-28-72-74,YES,,,,,,,,,NOT TRIED,,,,,,,,,YES,,,,,,,,,YES,,,,,,,,,YES,YES,,Private,Good quality and service,YES,YES,YES,NO,NO,NO,NO,YES,NO,6,NO,,,,,,,,
27-77-41-77,NOT TRIED,,,,,,,,,YES,,,,,,,,,YES,,,,,,,,,YES,,,,,,,,,NO,,,,,YES,YES,YES,NO,NO,NO,NO,YES,NO,3,YES,YES,NO,NO,NO,NO,NO,NO,NO
27-78-57-26,YES,,,,,,,,,NOT TRIED,,,,,,,,,YES,,,,,,,,,NOT TRIED,,,,,,,,,YES,YES,,Private,Good service,YES,YES,NO,,,,,,,,NO,,,,,,,,
27-81-23-37,NOT TRIED,,,,,,,,,YES,,,,,,,,,YES,,,,,,,,,YES,,,,,,,,,YES,YES,,Public,Free of charge,YES,YES,NO,,,,,,,,NO,,,,,,,,
27-93-66-33,YES,,,,,,,,,NOT TRIED,,,,,,,,,NOT TRIED,,,,,,,,,NOT TRIED,,,,,,,,,YES,YES,,Private,Convenient,YES,YES,YES,NO,NO,NO,NO,YES,NO,1,NO,,,,,,,,
28-33-99-35,YES,,,,,,,,,NOT TRIED,,,,,,,,,YES,,,,,,,,,YES,,,,,,,,,NO,,,,,,,,,,,,,,,,,,,,,,,
28-42-49-04,YES,,,,,,,,,YES,,,,,,,,,YES,,,,,,,,,YES,,,,,,,,,NO,,,,,,,,,,,,,,,,,,,,,,,
28-50-35-79,YES,,,,,,,,,YES,,,,,,,,,YES,,,,,,,,,YES,,,,,,,,,NO,,,,,,,,,,,,,,,,,,,,,,,
28-74-89-74,YES,,,,,,,,,YES,,,,,,,,,YES,,,,,,,,,YES,,,,,,,,,NO,,,,,YES,YES,YES,NO,YES,NO,NO,YES,NO,8,YES,NO,YES,NO,NO,NO,NO,NO,NO
28-84-30-20,YES,,,,,,,,,NOT TRIED,,,,,,,,,YES,,,,,,,,,YES,,,,,,,,,YES,YES,,Public,Charge less money,YES,YES,YES,NO,YES,NO,NO,NO,NO,14,YES,NO,NO,NO,NO,YES,NO,NO,NO
28-86-65-82,YES,,,,,,,,,YES,,,,,,,,,YES,,,,,,,,,YES,,,,,,,,,YES,YES,,Public,Free of charge,,,,,,,,,,,,,,,,,,,
29-06-57-28,YES,,,,,,,,,NOT TRIED,,,,,,,,,YES,,,,,,,,,YES,,,,,,,,,NO,,,,,,,,,,,,,,,,,,,,,,,
29-21-47-59,YES,,,,,,,,,YES,,,,,,,,,YES,,,,,,,,,YES,,,,,,,,,YES,YES,,Public,Professional,,,,,,,,,,,,,,,,,,,
29-70-95-81,YES,,,,,,,,,NOT TRIED,,,,,,,,,YES,,,,,,,,,YES,,,,,,,,,YES,YES,,Private,Fast and good services,YES,NO,,,,,,,,,NO,,,,,,,,
29-90-09-46,YES,,,,,,,,,NOT TRIED,,,,,,,,,YES,,,,,,,,,YES,,,,,,,,,YES,YES,,Private,Fast services,,,,,,,,,,,,,,,,,,,
29-99-54-57,NOT TRIED,,,,,,,,,YES,,,,,,,,,YES,,,,,,,,,YES,,,,,,,,,NO,,,,,NO,,,,,,,,,,,,,,,,,,
30-17-96-80,YES,,,,,,,,,YES,,,,,,,,,YES,,,,,,,,,YES,,,,,,,,,YES,YES,,Private,Convenient,YES,YES,YES,NO,NO,NO,NO,YES,NO,15,YES,NO,NO,NO,NO,NO,NO,NO,YES
30-18-79-31,NO,NO,NO,YES,NO,NO,NO,NO,NO,YES,,,,,,,,,YES,,,,,,,,,YES,,,,,,,,,YES,YES,,Public,They lack of money,,,,,,,,,,,,,,,,,,,
30-43-85-89,YES,,,,,,,,,YES,,,,,,,,,YES,,,,,,,,,NOT TRIED,,,,,,,,,NO,,,,,NO,,,,,,,,,,,,,,,,,,
30-69-97-11,NOT TRIED,,,,,,,,,NOT TRIED,,,,,,,,,YES,,,,,,,,,YES,,,,,,,,,YES,YES,,Private,Fast services,YES,YES,NO,,,,,,,,NO,,,,,,,,
30-73-16-30,NOT TRIED,,,,,,,,,NOT TRIED,,,,,,,,,YES,,,,,,,,,NOT TRIED,,,,,,,,,YES,YES,,Private,Convenient,YES,YES,YES,YES,NO,YES,NO,YES,NO,5,YES,YES,NO,NO,NO,YES,NO,YES,NO
30-75-44-55,NOT TRIED,,,,,,,,,YES,,,,,,,,,YES,,,,,,,,,YES,,,,,,,,,NO,,,,,YES,YES,YES,YES,NO,NO,NO,YES,NO,2,NO,,,,,,,,
31-20-25-17,YES,,,,,,,,,YES,,,,,,,,,YES,,,,,,,,,YES,,,,,,,,,YES,YES,,Public,Charge less money,YES,YES,YES,NO,NO,YES,NO,NO,NO,5,NO,,,,,,,,
31-86-71-90,NOT TRIED,,,,,,,,,YES,,,,,,,,,YES,,,,,,,,,YES,,,,,,,,,NO,,,,,,,,,,,,,,,,,,,,,,,
31-88-86-50,YES,,,,,,,,,NOT TRIED,,,,,,,,,YES,,,,,,,,,YES,,,,,,,,,YES,YES,,Public,Charge less money,,,,,,,,,,,,,,,,,,,
32-10-46-50,YES,,,,,,,,,YES,,,,,,,,,YES,,,,,,,,,YES,,,,,,,,,YES,YES,,Private,Convenient and good service,,,,,,,,,,,,,,,,,,,
32-10-98-20,YES,,,,,,,,,NOT TRIED,,,,,,,,,YES,,,,,,,,,YES,,,,,,,,,YES,YES,,Private,Fast services,,,,,,,,,,,,,,,,,,,
32-17-83-82,YES,,,,,,,,,YES,,,,,,,,,YES,,,,,,,,,YES,,,,,,,,,NO,,,,,NO,,,,,,,,,,,,,,,,,,
32-82-88-73,YES,,,,,,,,,YES,,,,,,,,,YES,,,,,,,,,NOT TRIED,,,,,,,,,YES,YES,,Private,Convenient,,,,,,,,,,,,,,,,,,,
33-18-70-95,YES,,,,,,,,,NOT TRIED,,,,,,,,,YES,,,,,,,,,YES,,,,,,,,,NO,,,,,YES,YES,YES,NO,NO,YES,NO,YES,NO,14,NO,,,,,,,,
33-26-70-01,YES,,,,,,,,,NOT TRIED,,,,,,,,,YES,,,,,,,,,YES,,,,,,,,,YES,NO,LACK OF MONEY,Public,Effective treatment and good service,YES,NO,,,,,,,,,NO,,,,,,,,
33-36-95-06,NOT TRIED,,,,,,,,,YES,,,,,,,,,YES,,,,,,,,,NOT TRIED,,,,,,,,,NO,,,,,,,,,,,,,,,,,,,,,,,
33-72-44-36,NOT TRIED,,,,,,,,,YES,,,,,,,,,YES,,,,,,,,,YES,,,,,,,,,YES,YES,,Public,Charge less money,NO,,,,,,,,,,,,,,,,,,
33-81-90-06,YES,,,,,,,,,YES,,,,,,,,,YES,,,,,,,,,YES,,,,,,,,,NO,,,,,YES,NO,,,,,,,,,NO,,,,,,,,
34-47-49-71,NOT TRIED,,,,,,,,,YES,,,,,,,,,YES,,,,,,,,,YES,,,,,,,,,NO,,,,,YES,YES,YES,NO,NO,NO,NO,YES,NO,20,YES,NO,NO,NO,NO,YES,NO,NO,NO
34-77-97-45,NOT TRIED,,,,,,,,,NOT TRIED,,,,,,,,,YES,,,,,,,,,YES,,,,,,,,,NO,,,,,YES,YES,YES,NO,NO,NO,NO,YES,NO,30,NO,,,,,,,,
35-34-30-60,YES,,,,,,,,,NOT TRIED,,,,,,,,,YES,,,,,,,,,YES,,,,,,,,,NO,,,,,,,,,,,,,,,,,,,,,,,
35-44-52-02,NOT TRIED,,,,,,,,,NOT TRIED,,,,,,,,,YES,,,,,,,,,YES,,,,,,,,,NO,,,,,,,,,,,,,,,,,,,,,,,
35-51-88-26,YES,,,,,,,,,NOT TRIED,,,,,,,,,YES,,,,,,,,,YES,,,,,,,,,YES,YES,,Public,Charge less money,,,,,,,,,,,,,,,,,,,
35-65-67-78,NOT TRIED,,,,,,,,,NOT TRIED,,,,,,,,,NOT TRIED,,,,,,,,,NOT TRIED,,,,,,,,,YES,YES,,Public,Charge less money,,,,,,,,,,,,,,,,,,,
35-88-46-37,YES,,,,,,,,,YES,,,,,,,,,YES,,,,,,,,,YES,,,,,,,,,NO,,,,,YES,YES,YES,NO,NO,NO,NO,YES,NO,5,NO,,,,,,,,
36-23-40-85,NOT TRIED,,,,,,,,,NOT TRIED,,,,,,,,,YES,,,,,,,,,YES,,,,,,,,,YES,YES,,Private,Convenient,YES,NO,,,,,,,,,NO,,,,,,,,
36-40-40-95,NOT TRIED,,,,,,,,,NOT TRIED,,,,,,,,,YES,,,,,,,,,YES,,,,,,,,,NO,,,,,YES,YES,YES,YES,NO,NO,NO,YES,NO,52,NO,,,,,,,,
36-78-86-37,NOT TRIED,,,,,,,,,NOT TRIED,,,,,,,,,NOT TRIED,,,,,,,,,NOT TRIED,,,,,,,,,YES,YES,,Private,Convenient,,,,,,,,,,,,,,,,,,,
36-96-36-15,YES,,,,,,,,,NOT TRIED,,,,,,,,,YES,,,,,,,,,YES,,,,,,,,,YES,YES,,Private,Fast services,,,,,,,,,,,,,,,,,,,
37-01-34-02,NOT TRIED,,,,,,,,,NOT TRIED,,,,,,,,,YES,,,,,,,,,YES,,,,,,,,,NO,,,,,YES,YES,YES,YES,YES,NO,NO,YES,NO,4,YES,NO,NO,NO,NO,NO,NO,YES,NO
37-36-10-30,YES,,,,,,,,,YES,,,,,,,,,NOT TRIED,,,,,,,,,YES,,,,,,,,,YES,YES,,Public,Free of charge,,,,,,,,,,,,,,,,,,,
37-37-25-64,YES,,,,,,,,,YES,,,,,,,,,YES,,,,,,,,,YES,,,,,,,,,NO,,,,,YES,YES,YES,YES,YES,NO,NO,YES,NO,5,NO,,,,,,,,
37-46-33-40,YES,,,,,,,,,YES,,,,,,,,,YES,,,,,,,,,YES,,,,,,,,,YES,YES,,Public,Charge less money,,,,,,,,,,,,,,,,,,,
37-67-25-85,YES,,,,,,,,,YES,,,,,,,,,YES,,,,,,,,,YES,,,,,,,,,NO,,,,,YES,YES,YES,NO,YES,NO,NO,NO,NO,5,NO,,,,,,,,
37-67-94-43,NOT TRIED,,,,,,,,,NOT TRIED,,,,,,,,,YES,,,,,,,,,YES,,,,,,,,,NO,,,,,YES,YES,YES,NO,NO,NO,NO,YES,NO,12,NO,,,,,,,,
37-68-52-01,NOT TRIED,,,,,,,,,YES,,,,,,,,,YES,,,,,,,,,YES,,,,,,,,,YES,YES,,Public,Good service,,,,,,,,,,,,,,,,,,,
37-96-69-76,YES,,,,,,,,,YES,,,,,,,,,YES,,,,,,,,,YES,,,,,,,,,YES,YES,,Private,Fast services,YES,YES,YES,NO,NO,YES,NO,YES,NO,18,NO,,,,,,,,
38-05-50-95,YES,,,,,,,,,YES,,,,,,,,,YES,,,,,,,,,YES,,,,,,,,,NO,,,,,,,,,,,,,,,,,,,,,,,
38-37-50-95,YES,,,,,,,,,NOT TRIED,,,,,,,,,YES,,,,,,,,,YES,,,,,,,,,NO,,,,,YES,YES,YES,NO,NO,NO,NO,YES,NO,12,NO,,,,,,,,
38-95-73-31,YES,,,,,,,,,YES,,,,,,,,,YES,,,,,,,,,YES,,,,,,,,,YES,YES,,Private,Convenient and good service,,,,,,,,,,,,,,,,,,,
38-97-46-43,YES,,,,,,,,,NOT TRIED,,,,,,,,,YES,,,,,,,,,YES,,,,,,,,,YES,YES,,Public,Free of charge,YES,NO,,,,,,,,,NO,,,,,,,,
39-16-32-68,YES,,,,,,,,,YES,,,,,,,,,YES,,,,,,,,,YES,,,,,,,,,NO,,,,,YES,YES,YES,NO,NO,NO,NO,YES,NO,4,YES,NO,NO,NO,NO,NO,NO,NO,YES
39-16-76-43,YES,,,,,,,,,YES,,,,,,,,,YES,,,,,,,,,YES,,,,,,,,,YES,YES,,Public,Effective treatment,YES,NO,,,,,,,,,NO,,,,,,,,
39-39-07-11,YES,,,,,,,,,YES,,,,,,,,,YES,,,,,,,,,YES,,,,,,,,,NO,,,,,YES,YES,NO,,,,,,,,NO,,,,,,,,
39-41-55-55,YES,,,,,,,,,YES,,,,,,,,,YES,,,,,,,,,YES,,,,,,,,,NO,,,,,,,,,,,,,,,,,,,,,,,
39-73-65-69,YES,,,,,,,,,YES,,,,,,,,,YES,,,,,,,,,YES,,,,,,,,,YES,YES,,Public,Free of charge,,,,,,,,,,,,,,,,,,,
39-99-50-70,NOT TRIED,,,,,,,,,NOT TRIED,,,,,,,,,YES,,,,,,,,,YES,,,,,,,,,NO,,,,,NO,,,,,,,,,,,,,,,,,,
40-04-63-14,NOT TRIED,,,,,,,,,NOT TRIED,,,,,,,,,YES,,,,,,,,,NOT TRIED,,,,,,,,,NO,,,,,,,,,,,,,,,,,,,,,,,
40-15-28-88,NOT TRIED,,,,,,,,,YES,,,,,,,,,YES,,,,,,,,,NOT TRIED,,,,,,,,,NO,,,,,YES,YES,YES,NO,NO,NO,NO,YES,NO,9,YES,NO,NO,NO,NO,NO,NO,NO,YES
40-35-88-17,YES,,,,,,,,,YES,,,,,,,,,YES,,,,,,,,,YES,,,,,,,,,YES,YES,,Private,Fast services,,,,,,,,,,,,,,,,,,,
40-55-47-18,YES,,,,,,,,,YES,,,,,,,,,YES,,,,,,,,,YES,,,,,,,,,NO,,,,,YES,NO,,,,,,,,,NO,,,,,,,,
40-69-66-33,YES,,,,,,,,,NOT TRIED,,,,,,,,,YES,,,,,,,,,NOT TRIED,,,,,,,,,NO,,,,,YES,YES,YES,NO,YES,NO,NO,NO,NO,12,YES,NO,YES,NO,NO,NO,NO,NO,NO
40-96-24-33,YES,,,,,,,,,YES,,,,,,,,,YES,,,,,,,,,YES,,,,,,,,,NO,,,,,YES,NO,,,,,,,,,YES,YES,NO,NO,NO,NO,NO,NO,NO
41-10-13-07,YES,,,,,,,,,NOT TRIED,,,,,,,,,YES,,,,,,,,,YES,,,,,,,,,NO,,,,,,,,,,,,,,,,,,,,,,,
41-25-77-25,NOT TRIED,,,,,,,,,NOT TRIED,,,,,,,,,YES,,,,,,,,,NOT TRIED,,,,,,,,,NO,,,,,,,,,,,,,,,,,,,,,,,
41-44-58-52,YES,,,,,,,,,YES,,,,,,,,,YES,,,,,,,,,YES,,,,,,,,,YES,YES,,Public,Fast services,YES,YES,NO,,,,,,,,NO,,,,,,,,
41-64-39-09,NOT TRIED,,,,,,,,,YES,,,,,,,,,YES,,,,,,,,,YES,,,,,,,,,YES,YES,,Public,They accept NSSF card,,,,,,,,,,,,,,,,,,,
41-71-66-92,YES,,,,,,,,,YES,,,,,,,,,YES,,,,,,,,,YES,,,,,,,,,YES,YES,,Private,Fast services,YES,YES,NO,,,,,,,,NO,,,,,,,,
42-09-07-47,YES,,,,,,,,,YES,,,,,,,,,YES,,,,,,,,,YES,,,,,,,,,YES,YES,,Private,Recommended and effective treatment,YES,NO,,,,,,,,,NO,,,,,,,,
42-13-55-45,YES,,,,,,,,,NOT TRIED,,,,,,,,,YES,,,,,,,,,YES,,,,,,,,,YES,YES,,Private,Good and fast services,,,,,,,,,,,,,,,,,,,
42-14-67-79,YES,,,,,,,,,YES,,,,,,,,,NOT TRIED,,,,,,,,,YES,,,,,,,,,YES,YES,,Private,Convenient and good service,,,,,,,,,,,,,,,,,,,
42-18-88-63,YES,,,,,,,,,YES,,,,,,,,,YES,,,,,,,,,YES,,,,,,,,,YES,YES,,Private,Fast services,YES,NO,,,,,,,,,NO,,,,,,,,
42-23-81-85,NOT TRIED,,,,,,,,,YES,,,,,,,,,YES,,,,,,,,,YES,,,,,,,,,YES,YES,,Private,Know the doctor is working there,YES,NO,,,,,,,,,NO,,,,,,,,
42-26-51-22,YES,,,,,,,,,YES,,,,,,,,,YES,,,,,,,,,NOT TRIED,,,,,,,,,YES,YES,,Private,Fast services,YES,YES,NO,,,,,,,,NO,,,,,,,,
42-49-85-02,YES,,,,,,,,,YES,,,,,,,,,YES,,,,,,,,,NOT TRIED,,,,,,,,,YES,YES,,Private,Good quality and service,YES,YES,YES,NO,YES,NO,NO,NO,NO,15,YES,NO,YES,NO,NO,NO,NO,YES,NO
42-50-23-93,YES,,,,,,,,,NOT TRIED,,,,,,,,,YES,,,,,,,,,YES,,,,,,,,,YES,YES,,Private,Fast services,YES,YES,YES,YES,YES,NO,NO,NO,NO,2,NO,,,,,,,,
42-56-44-00,NOT TRIED,,,,,,,,,YES,,,,,,,,,YES,,,,,,,,,YES,,,,,,,,,YES,YES,,Public,Charge less money,YES,YES,NO,,,,,,,,NO,,,,,,,,
42-68-61-66,YES,,,,,,,,,YES,,,,,,,,,NOT TRIED,,,,,,,,,NOT TRIED,,,,,,,,,NO,,,,,,,,,,,,,,,,,,,,,,,
42-73-68-70,NOT TRIED,,,,,,,,,YES,,,,,,,,,YES,,,,,,,,,YES,,,,,,,,,NO,,,,,,,,,,,,,,,,,,,,,,,
42-79-45-13,NOT TRIED,,,,,,,,,NOT TRIED,,,,,,,,,YES,,,,,,,,,YES,,,,,,,,,NO,,,,,YES,YES,NO,,,,,,,,NO,,,,,,,,
43-30-92-61,NOT TRIED,,,,,,,,,YES,,,,,,,,,YES,,,,,,,,,YES,,,,,,,,,NO,,,,,YES,YES,YES,YES,NO,NO,NO,YES,NO,20,NO,,,,,,,,
43-33-02-18,YES,,,,,,,,,NOT TRIED,,,,,,,,,YES,,,,,,,,,YES,,,,,,,,,NO,,,,,YES,YES,NO,,,,,,,,NO,,,,,,,,
43-38-34-15,YES,,,,,,,,,YES,,,,,,,,,YES,,,,,,,,,YES,,,,,,,,,YES,YES,,Private,Fast services,NO,,,,,,,,,,,,,,,,,,
43-73-29-56,YES,,,,,,,,,NOT TRIED,,,,,,,,,YES,,,,,,,,,YES,,,,,,,,,NO,,,,,,,,,,,,,,,,,,,,,,,
43-75-78-22,YES,,,,,,,,,NOT TRIED,,,,,,,,,YES,,,,,,,,,YES,,,,,,,,,YES,YES,,Private,Convenient,,,,,,,,,,,,,,,,,,,
43-90-23-81,YES,,,,,,,,,NOT TRIED,,,,,,,,,YES,,,,,,,,,YES,,,,,,,,,YES,YES,,Public,Convenient,YES,YES,YES,NO,NO,NO,NO,YES,NO,4,NO,,,,,,,,
43-93-31-20,YES,,,,,,,,,NOT TRIED,,,,,,,,,YES,,,,,,,,,YES,,,,,,,,,NO,,,,,,,,,,,,,,,,,,,,,,,
44-42-13-16,YES,,,,,,,,,YES,,,,,,,,,YES,,,,,,,,,YES,,,,,,,,,YES,YES,,Private,Convenient and good service,YES,YES,YES,NO,NO,NO,NO,YES,NO,5,NO,,,,,,,,
44-57-34-40,YES,,,,,,,,,NOT TRIED,,,,,,,,,YES,,,,,,,,,YES,,,,,,,,,YES,YES,,Private,Convenient,YES,YES,YES,YES,NO,NO,NO,NO,NO,9,YES,NO,NO,NO,NO,NO,NO,YES,NO
44-70-64-79,NOT TRIED,,,,,,,,,NOT TRIED,,,,,,,,,YES,,,,,,,,,YES,,,,,,,,,NO,,,,,YES,YES,YES,NO,NO,NO,NO,YES,NO,10,YES,NO,NO,NO,NO,YES,NO,NO,NO
44-78-21-72,YES,,,,,,,,,NOT TRIED,,,,,,,,,YES,,,,,,,,,YES,,,,,,,,,NO,,,,,YES,YES,YES,YES,NO,NO,NO,NO,NO,6,NO,,,,,,,,
45-08-70-04,NOT TRIED,,,,,,,,,NOT TRIED,,,,,,,,,YES,,,,,,,,,YES,,,,,,,,,NO,,,,,NO,,,,,,,,,,,,,,,,,,
45-29-71-78,NOT TRIED,,,,,,,,,NOT TRIED,,,,,,,,,YES,,,,,,,,,YES,,,,,,,,,NO,,,,,,,,,,,,,,,,,,,,,,,
45-35-73-39,YES,,,,,,,,,NOT TRIED,,,,,,,,,YES,,,,,,,,,YES,,,,,,,,,YES,YES,,Public,Charge less money,YES,NO,,,,,,,,,NO,,,,,,,,
45-35-82-88,YES,,,,,,,,,YES,,,,,,,,,YES,,,,,,,,,YES,,,,,,,,,NO,,,,,YES,YES,YES,NO,YES,NO,NO,NO,NO,10,YES,NO,NO,NO,NO,YES,NO,NO,NO
45-48-42-00,NOT TRIED,,,,,,,,,NOT TRIED,,,,,,,,,YES,,,,,,,,,YES,,,,,,,,,YES,YES,,Private,Convenient,,,,,,,,,,,,,,,,,,,
45-55-56-10,YES,,,,,,,,,NOT TRIED,,,,,,,,,YES,,,,,,,,,YES,,,,,,,,,YES,YES,,Private,Convenient to buy medicines,YES,YES,NO,,,,,,,,NO,,,,,,,,
45-57-81-16,YES,,,,,,,,,YES,,,,,,,,,YES,,,,,,,,,YES,,,,,,,,,YES,YES,,Private,Fast service and work everyday,YES,NO,,,,,,,,,YES,YES,NO,NO,NO,NO,NO,NO,NO
45-61-82-18,YES,,,,,,,,,NOT TRIED,,,,,,,,,NOT TRIED,,,,,,,,,NOT TRIED,,,,,,,,,YES,YES,,Public,Effective treatment and good service,YES,YES,YES,YES,NO,NO,NO,YES,NO,10,NO,,,,,,,,
45-76-46-33,YES,,,,,,,,,YES,,,,,,,,,YES,,,,,,,,,YES,,,,,,,,,NO,,,,,YES,YES,YES,YES,NO,NO,NO,NO,NO,6,YES,NO,NO,NO,NO,NO,NO,YES,NO
45-83-08-52,NOT TRIED,,,,,,,,,NOT TRIED,,,,,,,,,YES,,,,,,,,,YES,,,,,,,,,NO,,,,,,,,,,,,,,,,,,,,,,,
45-89-47-83,YES,,,,,,,,,YES,,,,,,,,,YES,,,,,,,,,YES,,,,,,,,,YES,YES,,Private,Fast services,YES,YES,NO,,,,,,,,NO,,,,,,,,
46-31-52-68,NOT TRIED,,,,,,,,,NOT TRIED,,,,,,,,,YES,,,,,,,,,YES,,,,,,,,,NO,,,,,YES,NO,,,,,,,,,NO,,,,,,,,
46-36-23-91,NOT TRIED,,,,,,,,,NOT TRIED,,,,,,,,,YES,,,,,,,,,YES,,,,,,,,,NO,,,,,YES,YES,YES,YES,NO,YES,NO,YES,NO,10,NO,,,,,,,,
46-36-66-09,YES,,,,,,,,,YES,,,,,,,,,YES,,,,,,,,,YES,,,,,,,,,YES,YES,,Public,Modern equipment,,,,,,,,,,,,,,,,,,,
46-39-21-33,YES,,,,,,,,,YES,,,,,,,,,YES,,,,,,,,,YES,,,,,,,,,NO,,,,,YES,YES,YES,NO,YES,YES,NO,NO,NO,3,NO,,,,,,,,
46-69-30-18,NOT TRIED,,,,,,,,,NOT TRIED,,,,,,,,,YES,,,,,,,,,NOT TRIED,,,,,,,,,YES,YES,,Public,Charge less money and effective treatment,YES,YES,YES,NO,NO,NO,NO,YES,NO,2,NO,,,,,,,,
46-77-48-68,NOT TRIED,,,,,,,,,YES,,,,,,,,,YES,,,,,,,,,YES,,,,,,,,,NO,,,,,YES,YES,YES,NO,YES,NO,NO,NO,NO,24,YES,NO,YES,NO,NO,NO,NO,NO,NO
46-90-41-39,YES,,,,,,,,,NOT TRIED,,,,,,,,,YES,,,,,,,,,YES,,,,,,,,,YES,YES,,Private,Fast services,,,,,,,,,,,,,,,,,,,
47-02-72-98,YES,,,,,,,,,NOT TRIED,,,,,,,,,YES,,,,,,,,,YES,,,,,,,,,YES,YES,,Private,Convenient and good service,,,,,,,,,,,,,,,,,,,
47-18-39-01,YES,,,,,,,,,NOT TRIED,,,,,,,,,YES,,,,,,,,,YES,,,,,,,,,YES,YES,,Private,Specialized,,,,,,,,,,,,,,,,,,,
47-27-29-93,YES,,,,,,,,,NOT TRIED,,,,,,,,,YES,,,,,,,,,YES,,,,,,,,,NO,,,,,YES,YES,NO,,,,,,,,NO,,,,,,,,
47-60-20-01,YES,,,,,,,,,YES,,,,,,,,,YES,,,,,,,,,YES,,,,,,,,,NO,,,,,,,,,,,,,,,,,,,,,,,
47-97-77-17,YES,,,,,,,,,YES,,,,,,,,,YES,,,,,,,,,YES,,,,,,,,,NO,,,,,,,,,,,,,,,,,,,,,,,
48-00-56-77,YES,,,,,,,,,NO,NO,NO,NO,NO,NO,NO,NO,YES,YES,,,,,,,,,NOT TRIED,,,,,,,,,YES,YES,,Private,Charge less money,YES,YES,YES,YES,NO,YES,NO,YES,NO,6,NO,,,,,,,,
48-04-17-10,NOT TRIED,,,,,,,,,NOT TRIED,,,,,,,,,YES,,,,,,,,,YES,,,,,,,,,NO,,,,,,,,,,,,,,,,,,,,,,,
48-32-37-82,NOT TRIED,,,,,,,,,YES,,,,,,,,,YES,,,,,,,,,NOT TRIED,,,,,,,,,NO,,,,,NO,,,,,,,,,,,,,,,,,,
48-33-61-54,YES,,,,,,,,,YES,,,,,,,,,YES,,,,,,,,,YES,,,,,,,,,NO,,,,,YES,NO,,,,,,,,,NO,,,,,,,,
48-35-58-48,YES,,,,,,,,,NOT TRIED,,,,,,,,,YES,,,,,,,,,YES,,,,,,,,,YES,YES,,Private,Convenient,,,,,,,,,,,,,,,,,,,
48-51-10-23,YES,,,,,,,,,NOT TRIED,,,,,,,,,YES,,,,,,,,,YES,,,,,,,,,YES,YES,,Private,Good and fast services,YES,YES,YES,NO,NO,NO,NO,YES,NO,10,YES,NO,NO,NO,NO,NO,NO,NO,YES
48-55-31-69,YES,,,,,,,,,YES,,,,,,,,,YES,,,,,,,,,YES,,,,,,,,,YES,YES,,Private,Convenient and good services,YES,NO,,,,,,,,,NO,,,,,,,,
48-67-49-78,YES,,,,,,,,,NOT TRIED,,,,,,,,,YES,,,,,,,,,YES,,,,,,,,,NO,,,,,YES,NO,,,,,,,,,NO,,,,,,,,
48-87-88-72,NOT TRIED,,,,,,,,,NOT TRIED,,,,,,,,,YES,,,,,,,,,YES,,,,,,,,,NO,,,,,YES,YES,NO,,,,,,,,NO,,,,,,,,
48-95-31-26,YES,,,,,,,,,YES,,,,,,,,,YES,,,,,,,,,YES,,,,,,,,,YES,YES,,Public,Charge less money,NO,,,,,,,,,,,,,,,,,,
49-56-57-09,NOT TRIED,,,,,,,,,NOT TRIED,,,,,,,,,YES,,,,,,,,,YES,,,,,,,,,NO,,,,,YES,YES,YES,YES,NO,NO,NO,YES,NO,10,YES,NO,YES,NO,NO,NO,NO,NO,YES
49-67-47-33,YES,,,,,,,,,YES,,,,,,,,,YES,,,,,,,,,YES,,,,,,,,,YES,YES,,Private,Convenient and good service,NO,,,,,,,,,,,,,,,,,,
49-69-87-18,NOT TRIED,,,,,,,,,YES,,,,,,,,,YES,,,,,,,,,NOT TRIED,,,,,,,,,NO,,,,,YES,YES,NO,,,,,,,,NO,,,,,,,,
49-74-12-19,YES,,,,,,,,,NOT TRIED,,,,,,,,,YES,,,,,,,,,YES,,,,,,,,,NO,,,,,YES,YES,NO,,,,,,,,NO,,,,,,,,
50-23-18-00,YES,,,,,,,,,YES,,,,,,,,,YES,,,,,,,,,YES,,,,,,,,,YES,YES,,Public,Charge less money,YES,YES,YES,NO,NO,NO,NO,YES,NO,3,YES,NO,NO,NO,NO,NO,NO,NO,YES
50-24-93-06,NOT TRIED,,,,,,,,,NOT TRIED,,,,,,,,,YES,,,,,,,,,YES,,,,,,,,,NO,,,,,,,,,,,,,,,,,,,,,,,
50-58-36-08,NOT TRIED,,,,,,,,,NOT TRIED,,,,,,,,,YES,,,,,,,,,YES,,,,,,,,,YES,YES,,Private,Effective treatment and good service,YES,YES,YES,NO,YES,NO,NO,NO,NO,2,YES,YES,YES,NO,NO,YES,NO,NO,NO
50-67-67-43,YES,,,,,,,,,NOT TRIED,,,,,,,,,YES,,,,,,,,,YES,,,,,,,,,YES,YES,,Private,Specialized and good service,YES,YES,YES,NO,NO,NO,NO,NO,YES,2,NO,,,,,,,,
50-89-68-36,NOT TRIED,,,,,,,,,YES,,,,,,,,,YES,,,,,,,,,YES,,,,,,,,,YES,YES,,Private,Good and fast services,,,,,,,,,,,,,,,,,,,
50-96-64-01,NOT TRIED,,,,,,,,,NOT TRIED,,,,,,,,,YES,,,,,,,,,YES,,,,,,,,,YES,YES,,Private,Convenient and good quality,YES,YES,YES,NO,YES,NO,NO,NO,NO,15,YES,NO,NO,NO,NO,NO,NO,YES,NO
51-03-03-95,YES,,,,,,,,,YES,,,,,,,,,YES,,,,,,,,,YES,,,,,,,,,YES,YES,,Public,They accept NSSF card,YES,NO,,,,,,,,,NO,,,,,,,,
51-04-81-57,NOT TRIED,,,,,,,,,NOT TRIED,,,,,,,,,YES,,,,,,,,,YES,,,,,,,,,YES,YES,,Private,Specialized,,,,,,,,,,,,,,,,,,,
51-15-36-00,YES,,,,,,,,,YES,,,,,,,,,YES,,,,,,,,,NOT TRIED,,,,,,,,,YES,YES,,Private,Fast services,YES,YES,YES,NO,NO,NO,NO,NO,YES,3,NO,,,,,,,,
51-55-97-33,YES,,,,,,,,,YES,,,,,,,,,YES,,,,,,,,,YES,,,,,,,,,NO,,,,,,,,,,,,,,,,,,,,,,,
51-84-88-88,YES,,,,,,,,,YES,,,,,,,,,YES,,,,,,,,,YES,,,,,,,,,YES,YES,,Private,Convenient,YES,YES,YES,NO,NO,NO,NO,YES,NO,6,NO,,,,,,,,
52-05-24-98,YES,,,,,,,,,YES,,,,,,,,,YES,,,,,,,,,YES,,,,,,,,,YES,YES,,Private,Convenient and good service,,,,,,,,,,,,,,,,,,,
52-06-67-62,YES,,,,,,,,,YES,,,,,,,,,YES,,,,,,,,,YES,,,,,,,,,YES,YES,,Private,Fast services,YES,YES,YES,NO,YES,NO,NO,NO,NO,10,NO,,,,,,,,
52-15-08-75,YES,,,,,,,,,YES,,,,,,,,,YES,,,,,,,,,YES,,,,,,,,,YES,YES,,Private,Convenient,YES,YES,YES,YES,NO,NO,NO,NO,NO,12,YES,NO,NO,NO,NO,NO,NO,NO,YES
52-24-45-26,YES,,,,,,,,,YES,,,,,,,,,YES,,,,,,,,,YES,,,,,,,,,YES,YES,,Private,The habit and convenient,NO,,,,,,,,,,,,,,,,,,
52-28-43-63,NOT TRIED,,,,,,,,,YES,,,,,,,,,YES,,,,,,,,,YES,,,,,,,,,NO,,,,,YES,NO,,,,,,,,,NO,,,,,,,,
52-38-76-73,YES,,,,,,,,,NOT TRIED,,,,,,,,,YES,,,,,,,,,YES,,,,,,,,,NO,,,,,,,,,,,,,,,,,,,,,,,
52-74-85-82,YES,,,,,,,,,NOT TRIED,,,,,,,,,YES,,,,,,,,,YES,,,,,,,,,YES,YES,,Private,Fast services,YES,YES,YES,NO,NO,NO,NO,YES,NO,5,NO,,,,,,,,
53-19-44-95,YES,,,,,,,,,NOT TRIED,,,,,,,,,YES,,,,,,,,,YES,,,,,,,,,YES,YES,,Private,Effective treatment and quality of medicines,YES,YES,YES,NO,YES,YES,NO,NO,NO,2,YES,NO,YES,NO,NO,NO,NO,YES,NO
53-21-24-75,YES,,,,,,,,,YES,,,,,,,,,YES,,,,,,,,,NOT TRIED,,,,,,,,,YES,YES,,Public,Charge less money,YES,YES,NO,,,,,,,,NO,,,,,,,,
53-72-96-01,NOT TRIED,,,,,,,,,YES,,,,,,,,,YES,,,,,,,,,YES,,,,,,,,,YES,YES,,Private,Convenient and good services,YES,YES,YES,NO,YES,NO,NO,NO,NO,3,NO,,,,,,,,
53-87-39-27,YES,,,,,,,,,YES,,,,,,,,,YES,,,,,,,,,YES,,,,,,,,,YES,YES,,Private,Recommended by relatives,,,,,,,,,,,,,,,,,,,
53-88-11-68,YES,,,,,,,,,YES,,,,,,,,,YES,,,,,,,,,NOT TRIED,,,,,,,,,YES,YES,,Private,Convenient,YES,YES,YES,NO,NO,NO,NO,YES,NO,2,NO,,,,,,,,
54-45-11-85,YES,,,,,,,,,YES,,,,,,,,,YES,,,,,,,,,NOT TRIED,,,,,,,,,YES,YES,,Public,Fast services,YES,YES,NO,,,,,,,,NO,,,,,,,,
54-62-47-43,YES,,,,,,,,,YES,,,,,,,,,YES,,,,,,,,,YES,,,,,,,,,NO,,,,,,,,,,,,,,,,,,,,,,,
54-66-49-39,NOT TRIED,,,,,,,,,NOT TRIED,,,,,,,,,NOT TRIED,,,,,,,,,YES,,,,,,,,,NO,,,,,YES,YES,NO,,,,,,,,NO,,,,,,,,
54-96-12-87,NOT TRIED,,,,,,,,,NOT TRIED,,,,,,,,,YES,,,,,,,,,NOT TRIED,,,,,,,,,YES,YES,,Public,They accept NSSF card,,,,,,,,,,,,,,,,,,,
55-01-48-60,YES,,,,,,,,,NOT TRIED,,,,,,,,,YES,,,,,,,,,YES,,,,,,,,,YES,YES,,Public,Charge less money and has good medicines,YES,YES,YES,YES,NO,NO,NO,YES,NO,5,NO,,,,,,,,
55-37-78-79,YES,,,,,,,,,YES,,,,,,,,,YES,,,,,,,,,YES,,,,,,,,,YES,YES,,Private,Convenient and fast service,YES,YES,YES,YES,NO,YES,NO,YES,NO,5,NO,,,,,,,,
55-38-96-18,NOT TRIED,,,,,,,,,YES,,,,,,,,,YES,,,,,,,,,YES,,,,,,,,,YES,YES,,Private,Convenient,,,,,,,,,,,,,,,,,,,
55-45-47-11,NOT TRIED,,,,,,,,,NOT TRIED,,,,,,,,,YES,,,,,,,,,YES,,,,,,,,,NO,,,,,YES,YES,YES,NO,NO,NO,NO,YES,NO,15,YES,NO,NO,NO,NO,NO,NO,NO,YES
55-91-13-86,YES,,,,,,,,,NOT TRIED,,,,,,,,,YES,,,,,,,,,YES,,,,,,,,,NO,,,,,YES,YES,YES,NO,NO,NO,NO,NO,YES,10,NO,,,,,,,,
55-91-37-75,YES,,,,,,,,,YES,,,,,,,,,YES,,,,,,,,,YES,,,,,,,,,NO,,,,,,,,,,,,,,,,,,,,,,,
56-09-56-08,YES,,,,,,,,,YES,,,,,,,,,YES,,,,,,,,,YES,,,,,,,,,YES,YES,,Public,Charge less money,YES,YES,YES,NO,NO,YES,NO,NO,NO,5,YES,NO,NO,NO,NO,NO,NO,NO,YES
56-21-49-31,YES,,,,,,,,,YES,,,,,,,,,YES,,,,,,,,,YES,,,,,,,,,YES,YES,,Private,Convenient,YES,YES,YES,YES,NO,NO,NO,YES,NO,3,NO,,,,,,,,
56-28-95-37,NOT TRIED,,,,,,,,,YES,,,,,,,,,NOT TRIED,,,,,,,,,NOT TRIED,,,,,,,,,YES,YES,,Public,Charge less money and good service,NO,,,,,,,,,,,,,,,,,,
56-39-11-35,NOT TRIED,,,,,,,,,NOT TRIED,,,,,,,,,YES,,,,,,,,,YES,,,,,,,,,NO,,,,,YES,YES,YES,NO,YES,NO,NO,YES,NO,10,NO,,,,,,,,
56-94-01-10,YES,,,,,,,,,YES,,,,,,,,,YES,,,,,,,,,YES,,,,,,,,,YES,YES,,Public,Convenient,YES,YES,NO,,,,,,,,NO,,,,,,,,
57-24-69-99,NOT TRIED,,,,,,,,,NOT TRIED,,,,,,,,,YES,,,,,,,,,YES,,,,,,,,,YES,YES,,Private,Good quality and service,YES,YES,YES,NO,YES,NO,NO,NO,NO,3,NO,,,,,,,,
57-24-95-07,YES,,,,,,,,,NOT TRIED,,,,,,,,,YES,,,,,,,,,YES,,,,,,,,,YES,YES,,Public,Good quality of medicines and equipment,YES,NO,,,,,,,,,NO,,,,,,,,
57-27-40-40,NOT TRIED,,,,,,,,,NOT TRIED,,,,,,,,,YES,,,,,,,,,YES,,,,,,,,,YES,YES,,Private,Convenient and skillful,YES,YES,YES,NO,NO,NO,NO,YES,NO,4,YES,NO,NO,NO,NO,NO,NO,NO,YES
57-38-86-89,NOT TRIED,,,,,,,,,NOT TRIED,,,,,,,,,YES,,,,,,,,,YES,,,,,,,,,YES,YES,,Private,Fast services,YES,YES,NO,,,,,,,,NO,,,,,,,,
57-52-45-75,NOT TRIED,,,,,,,,,YES,,,,,,,,,YES,,,,,,,,,YES,,,,,,,,,NO,,,,,YES,YES,YES,NO,YES,NO,NO,NO,NO,7,NO,,,,,,,,
57-57-41-35,YES,,,,,,,,,YES,,,,,,,,,YES,,,,,,,,,YES,,,,,,,,,NO,,,,,,,,,,,,,,,,,,,,,,,
57-88-50-44,YES,,,,,,,,,YES,,,,,,,,,YES,,,,,,,,,YES,,,,,,,,,YES,YES,,Private,Convenient,YES,YES,YES,NO,YES,NO,NO,YES,NO,5,YES,NO,NO,NO,NO,NO,NO,YES,NO
58-02-65-66,NOT TRIED,,,,,,,,,NOT TRIED,,,,,,,,,YES,,,,,,,,,YES,,,,,,,,,YES,YES,,Private,Convenient,YES,YES,NO,,,,,,,,NO,,,,,,,,
58-38-62-66,YES,,,,,,,,,YES,,,,,,,,,YES,,,,,,,,,YES,,,,,,,,,NO,,,,,,,,,,,,,,,,,,,,,,,
58-45-12-71,YES,,,,,,,,,NOT TRIED,,,,,,,,,YES,,,,,,,,,YES,,,,,,,,,YES,YES,,Private,Responsible,YES,NO,,,,,,,,,NO,,,,,,,,
58-58-50-24,YES,,,,,,,,,YES,,,,,,,,,YES,,,,,,,,,YES,,,,,,,,,NO,,,,,YES,NO,,,,,,,,,NO,,,,,,,,
58-97-53-95,NOT TRIED,,,,,,,,,NOT TRIED,,,,,,,,,YES,,,,,,,,,YES,,,,,,,,,NO,,,,,,,,,,,,,,,,,,,,,,,
59-04-10-61,NOT TRIED,,,,,,,,,YES,,,,,,,,,YES,,,,,,,,,YES,,,,,,,,,NO,,,,,YES,YES,YES,NO,NO,NO,NO,YES,NO,21,NO,,,,,,,,
59-29-82-67,YES,,,,,,,,,NOT TRIED,,,,,,,,,YES,,,,,,,,,YES,,,,,,,,,YES,YES,,Private,Fast service and and has enough equipment,,,,,,,,,,,,,,,,,,,
59-35-08-66,NOT TRIED,,,,,,,,,YES,,,,,,,,,YES,,,,,,,,,YES,,,,,,,,,NO,,,,,,,,,,,,,,,,,,,,,,,
59-45-30-11,YES,,,,,,,,,NOT TRIED,,,,,,,,,YES,,,,,,,,,YES,,,,,,,,,NO,,,,,,,,,,,,,,,,,,,,,,,
59-85-07-92,YES,,,,,,,,,NOT TRIED,,,,,,,,,YES,,,,,,,,,YES,,,,,,,,,NO,,,,,,,,,,,,,,,,,,,,,,,
59-98-69-64,NOT TRIED,,,,,,,,,YES,,,,,,,,,NOT TRIED,,,,,,,,,NOT TRIED,,,,,,,,,NO,,,,,NO,,,,,,,,,,,,,,,,,,
60-00-14-73,NOT TRIED,,,,,,,,,YES,,,,,,,,,YES,,,,,,,,,YES,,,,,,,,,YES,YES,,Public,Free of charge and effective treatment,,,,,,,,,,,,,,,,,,,
60-18-26-02,NOT TRIED,,,,,,,,,YES,,,,,,,,,YES,,,,,,,,,YES,,,,,,,,,YES,YES,,Private,Good service,YES,YES,YES,YES,YES,NO,NO,NO,NO,4,NO,,,,,,,,
60-20-26-32,YES,,,,,,,,,YES,,,,,,,,,YES,,,,,,,,,NOT TRIED,,,,,,,,,YES,YES,,Private,Good service and enough medicines,,,,,,,,,,,,,,,,,,,
60-30-46-89,YES,,,,,,,,,NOT TRIED,,,,,,,,,YES,,,,,,,,,YES,,,,,,,,,YES,YES,,Private,Convenient,,,,,,,,,,,,,,,,,,,
60-45-22-93,NOT TRIED,,,,,,,,,YES,,,,,,,,,YES,,,,,,,,,YES,,,,,,,,,YES,YES,,Public,Convenient,YES,YES,YES,YES,NO,NO,NO,YES,NO,2,NO,,,,,,,,
60-61-00-92,NOT TRIED,,,,,,,,,YES,,,,,,,,,YES,,,,,,,,,YES,,,,,,,,,NO,,,,,YES,YES,YES,YES,NO,NO,NO,NO,NO,1,NO,,,,,,,,
60-62-79-36,YES,,,,,,,,,YES,,,,,,,,,YES,,,,,,,,,YES,,,,,,,,,YES,YES,,Public,They lack of money,YES,NO,,,,,,,,,NO,,,,,,,,
60-95-54-37,YES,,,,,,,,,NOT TRIED,,,,,,,,,YES,,,,,,,,,YES,,,,,,,,,YES,YES,,Private,Fast services,YES,YES,YES,NO,YES,NO,NO,YES,NO,6,YES,YES,NO,NO,NO,NO,NO,NO,NO
60-97-15-75,YES,,,,,,,,,NOT TRIED,,,,,,,,,YES,,,,,,,,,YES,,,,,,,,,NO,,,,,YES,YES,YES,NO,NO,NO,NO,NO,YES,7,YES,NO,NO,NO,NO,YES,NO,NO,NO
61-24-24-14,NOT TRIED,,,,,,,,,NOT TRIED,,,,,,,,,YES,,,,,,,,,YES,,,,,,,,,NO,,,,,YES,YES,YES,YES,NO,NO,NO,YES,NO,7,NO,,,,,,,,
61-30-93-34,NOT TRIED,,,,,,,,,YES,,,,,,,,,YES,,,,,,,,,YES,,,,,,,,,NO,,,,,,,,,,,,,,,,,,,,,,,
61-39-09-69,YES,,,,,,,,,NOT TRIED,,,,,,,,,YES,,,,,,,,,YES,,,,,,,,,NO,,,,,,,,,,,,,,,,,,,,,,,
61-49-11-52,YES,,,,,,,,,YES,,,,,,,,,YES,,,,,,,,,YES,,,,,,,,,YES,YES,,Public,Free of charge,NO,,,,,,,,,,,,,,,,,,
61-57-55-69,YES,,,,,,,,,YES,,,,,,,,,YES,,,,,,,,,YES,,,,,,,,,YES,YES,,Private,Charge less money,YES,NO,,,,,,,,,YES,NO,NO,NO,NO,YES,NO,NO,NO
61-61-84-70,YES,,,,,,,,,NOT TRIED,,,,,,,,,YES,,,,,,,,,YES,,,,,,,,,YES,YES,,Public,Good quality of medicines,YES,YES,YES,NO,YES,NO,NO,YES,NO,4,YES,NO,NO,NO,NO,NO,NO,YES,NO
61-75-01-22,YES,,,,,,,,,YES,,,,,,,,,YES,,,,,,,,,YES,,,,,,,,,YES,YES,,Public,Specialized,,,,,,,,,,,,,,,,,,,
62-00-28-43,NOT TRIED,,,,,,,,,YES,,,,,,,,,NOT TRIED,,,,,,,,,NOT TRIED,,,,,,,,,NO,,,,,YES,YES,NO,,,,,,,,NO,,,,,,,,
62-04-49-53,YES,,,,,,,,,YES,,,,,,,,,YES,,,,,,,,,NOT TRIED,,,,,,,,,NO,,,,,YES,YES,YES,YES,NO,NO,NO,YES,NO,2,YES,YES,NO,NO,NO,NO,NO,NO,NO
62-10-58-08,NOT TRIED,,,,,,,,,YES,,,,,,,,,YES,,,,,,,,,YES,,,,,,,,,NO,,,,,,,,,,,,,,,,,,,,,,,
62-21-50-55,YES,,,,,,,,,NOT TRIED,,,,,,,,,YES,,,,,,,,,YES,,,,,,,,,NO,,,,,YES,YES,YES,NO,YES,YES,NO,NO,NO,5,NO,,,,,,,,
62-26-39-29,YES,,,,,,,,,NOT TRIED,,,,,,,,,YES,,,,,,,,,YES,,,,,,,,,YES,YES,,Public,Good quality and service,,,,,,,,,,,,,,,,,,,
62-66-94-43,NOT TRIED,,,,,,,,,NOT TRIED,,,,,,,,,YES,,,,,,,,,YES,,,,,,,,,NO,,,,,YES,YES,NO,,,,,,,,NO,,,,,,,,
62-75-13-84,YES,,,,,,,,,NOT TRIED,,,,,,,,,YES,,,,,,,,,YES,,,,,,,,,NO,,,,,YES,YES,YES,NO,NO,NO,NO,YES,NO,3,NO,,,,,,,,
63-15-56-95,NOT TRIED,,,,,,,,,NOT TRIED,,,,,,,,,YES,,,,,,,,,YES,,,,,,,,,YES,YES,,Private,Good and fast services,YES,YES,YES,NO,YES,NO,NO,NO,NO,15,YES,NO,YES,NO,NO,NO,NO,YES,NO
63-18-87-64,NOT TRIED,,,,,,,,,YES,,,,,,,,,YES,,,,,,,,,YES,,,,,,,,,NO,,,,,YES,YES,NO,,,,,,,,NO,,,,,,,,
63-25-24-51,YES,,,,,,,,,YES,,,,,,,,,YES,,,,,,,,,YES,,,,,,,,,NO,,,,,YES,YES,YES,NO,YES,NO,NO,NO,NO,30,NO,,,,,,,,
63-28-52-97,YES,,,,,,,,,NOT TRIED,,,,,,,,,YES,,,,,,,,,NOT TRIED,,,,,,,,,NO,,,,,YES,YES,YES,NO,YES,NO,NO,NO,NO,7,YES,NO,NO,NO,NO,NO,NO,YES,NO
63-70-61-61,NOT TRIED,,,,,,,,,NOT TRIED,,,,,,,,,YES,,,,,,,,,YES,,,,,,,,,NO,,,,,,,,,,,,,,,,,,,,,,,
64-51-38-06,YES,,,,,,,,,YES,,,,,,,,,YES,,,,,,,,,YES,,,,,,,,,YES,YES,,Private,Good and fast services,YES,YES,NO,,,,,,,,NO,,,,,,,,
64-51-45-53,NOT TRIED,,,,,,,,,YES,,,,,,,,,YES,,,,,,,,,YES,,,,,,,,,NO,,,,,,,,,,,,,,,,,,,,,,,
64-68-34-06,YES,,,,,,,,,YES,,,,,,,,,YES,,,,,,,,,NOT TRIED,,,,,,,,,YES,YES,,Public,Free of charge,YES,NO,,,,,,,,,YES,YES,YES,NO,NO,YES,NO,NO,NO
64-74-64-64,YES,,,,,,,,,YES,,,,,,,,,YES,,,,,,,,,YES,,,,,,,,,YES,YES,,Private,Convenient and good service,,,,,,,,,,,,,,,,,,,
64-93-89-71,NOT TRIED,,,,,,,,,NOT TRIED,,,,,,,,,YES,,,,,,,,,YES,,,,,,,,,YES,YES,,Public,Effective treatment and good service,,,,,,,,,,,,,,,,,,,
64-95-38-26,NOT TRIED,,,,,,,,,NOT TRIED,,,,,,,,,YES,,,,,,,,,YES,,,,,,,,,NO,,,,,,,,,,,,,,,,,,,,,,,
65-75-15-99,YES,,,,,,,,,NOT TRIED,,,,,,,,,YES,,,,,,,,,YES,,,,,,,,,NO,,,,,,,,,,,,,,,,,,,,,,,
65-98-79-99,NOT TRIED,,,,,,,,,YES,,,,,,,,,YES,,,,,,,,,YES,,,,,,,,,NO,,,,,NO,,,,,,,,,,,,,,,,,,
66-44-64-50,YES,,,,,,,,,NOT TRIED,,,,,,,,,NOT TRIED,,,,,,,,,NOT TRIED,,,,,,,,,YES,YES,,Private,Fast and good services,YES,NO,,,,,,,,,NO,,,,,,,,
67-18-67-83,YES,,,,,,,,,NOT TRIED,,,,,,,,,YES,,,,,,,,,YES,,,,,,,,,YES,YES,,Private,Convenient and good service,,,,,,,,,,,,,,,,,,,
68-03-65-53,YES,,,,,,,,,NOT TRIED,,,,,,,,,YES,,,,,,,,,YES,,,,,,,,,NO,,,,,YES,YES,NO,,,,,,,,NO,,,,,,,,
68-16-94-55,YES,,,,,,,,,YES,,,,,,,,,YES,,,,,,,,,NOT TRIED,,,,,,,,,YES,YES,,Public,Charge less money,YES,YES,YES,YES,NO,NO,NO,NO,NO,3,NO,,,,,,,,
68-18-81-79,NOT TRIED,,,,,,,,,YES,,,,,,,,,YES,,,,,,,,,YES,,,,,,,,,NO,,,,,YES,YES,YES,NO,NO,YES,NO,NO,NO,5,NO,,,,,,,,
68-26-92-99,YES,,,,,,,,,YES,,,,,,,,,YES,,,,,,,,,YES,,,,,,,,,YES,YES,,Private,Convenient and effective treatment,YES,YES,YES,YES,NO,NO,NO,YES,NO,6,YES,NO,NO,NO,NO,NO,NO,NO,YES
68-48-09-89,NOT TRIED,,,,,,,,,NOT TRIED,,,,,,,,,YES,,,,,,,,,YES,,,,,,,,,NO,,,,,YES,YES,NO,,,,,,,,NO,,,,,,,,
68-66-44-52,YES,,,,,,,,,NOT TRIED,,,,,,,,,YES,,,,,,,,,YES,,,,,,,,,YES,YES,,Private,Convenient,,,,,,,,,,,,,,,,,,,
68-84-69-98,YES,,,,,,,,,NOT TRIED,,,,,,,,,YES,,,,,,,,,YES,,,,,,,,,NO,,,,,YES,YES,NO,,,,,,,,NO,,,,,,,,
68-89-84-09,YES,,,,,,,,,NOT TRIED,,,,,,,,,YES,,,,,,,,,YES,,,,,,,,,YES,YES,,Private,Convenient,YES,NO,,,,,,,,,NO,,,,,,,,
68-92-90-44,NOT TRIED,,,,,,,,,YES,,,,,,,,,YES,,,,,,,,,YES,,,,,,,,,NO,,,,,,,,,,,,,,,,,,,,,,,
69-50-07-46,YES,,,,,,,,,YES,,,,,,,,,YES,,,,,,,,,YES,,,,,,,,,YES,YES,,Private,Convenient,,,,,,,,,,,,,,,,,,,
69-50-77-07,YES,,,,,,,,,NOT TRIED,,,,,,,,,YES,,,,,,,,,NOT TRIED,,,,,,,,,YES,YES,,Public,Convenient and charge less money,YES,YES,YES,NO,YES,NO,NO,YES,NO,5,YES,NO,NO,NO,NO,NO,NO,YES,NO
69-54-11-86,NOT TRIED,,,,,,,,,NOT TRIED,,,,,,,,,YES,,,,,,,,,NOT TRIED,,,,,,,,,YES,YES,,Public,Charge less money,YES,YES,NO,,,,,,,,NO,,,,,,,,
69-56-81-47,NOT TRIED,,,,,,,,,YES,,,,,,,,,YES,,,,,,,,,YES,,,,,,,,,YES,YES,,Public,Charge less money,,,,,,,,,,,,,,,,,,,
69-69-11-97,NOT TRIED,,,,,,,,,NOT TRIED,,,,,,,,,YES,,,,,,,,,YES,,,,,,,,,YES,YES,,Private,Specialized,,,,,,,,,,,,,,,,,,,
69-75-58-87,YES,,,,,,,,,YES,,,,,,,,,YES,,,,,,,,,YES,,,,,,,,,YES,YES,,Public,Good consultant and equipment,YES,YES,YES,YES,YES,NO,NO,YES,NO,15,YES,NO,YES,NO,NO,YES,NO,NO,YES
69-84-92-78,YES,,,,,,,,,YES,,,,,,,,,YES,,,,,,,,,YES,,,,,,,,,YES,YES,,Private,Convenient,,,,,,,,,,,,,,,,,,,
70-06-11-85,YES,,,,,,,,,NOT TRIED,,,,,,,,,YES,,,,,,,,,NOT TRIED,,,,,,,,,YES,YES,,Private,Fast services,NO,,,,,,,,,,,,,,,,,,
70-33-56-96,YES,,,,,,,,,NOT TRIED,,,,,,,,,YES,,,,,,,,,YES,,,,,,,,,NO,,,,,,,,,,,,,,,,,,,,,,,
70-89-50-82,YES,,,,,,,,,YES,,,,,,,,,YES,,,,,,,,,YES,,,,,,,,,NO,,,,,YES,YES,NO,,,,,,,,YES,NO,NO,NO,NO,YES,NO,NO,NO
71-06-17-00,YES,,,,,,,,,YES,,,,,,,,,YES,,,,,,,,,YES,,,,,,,,,YES,YES,,Public,Charge less money,YES,YES,YES,YES,NO,NO,NO,YES,NO,1,NO,,,,,,,,
71-42-69-39,YES,,,,,,,,,NOT TRIED,,,,,,,,,YES,,,,,,,,,NOT TRIED,,,,,,,,,YES,YES,,Private,Fast services,,,,,,,,,,,,,,,,,,,
71-46-50-36,YES,,,,,,,,,NOT TRIED,,,,,,,,,YES,,,,,,,,,YES,,,,,,,,,YES,YES,,Private,Fast service and and has enough equipment,YES,YES,NO,,,,,,,,NO,,,,,,,,
71-54-97-38,NOT TRIED,,,,,,,,,YES,,,,,,,,,YES,,,,,,,,,YES,,,,,,,,,NO,,,,,YES,YES,YES,NO,NO,NO,NO,YES,NO,6,NO,,,,,,,,
71-81-05-41,YES,,,,,,,,,NOT TRIED,,,,,,,,,YES,,,,,,,,,YES,,,,,,,,,NO,,,,,YES,NO,,,,,,,,,NO,,,,,,,,
71-87-66-71,YES,,,,,,,,,NOT TRIED,,,,,,,,,NOT TRIED,,,,,,,,,NOT TRIED,,,,,,,,,YES,YES,,Private,Convenient,YES,YES,YES,NO,NO,NO,NO,YES,NO,4,YES,NO,NO,NO,NO,NO,NO,NO,YES
71-98-40-84,YES,,,,,,,,,NOT TRIED,,,,,,,,,YES,,,,,,,,,YES,,,,,,,,,NO,,,,,YES,YES,YES,NO,NO,NO,NO,YES,NO,6,NO,,,,,,,,
72-23-51-16,YES,,,,,,,,,NOT TRIED,,,,,,,,,YES,,,,,,,,,YES,,,,,,,,,NO,,,,,,,,,,,,,,,,,,,,,,,
72-26-33-40,YES,,,,,,,,,YES,,,,,,,,,YES,,,,,,,,,YES,,,,,,,,,YES,YES,,Public,Convenient and charge less money,,,,,,,,,,,,,,,,,,,
72-36-01-60,YES,,,,,,,,,YES,,,,,,,,,YES,,,,,,,,,YES,,,,,,,,,NO,,,,,YES,YES,YES,YES,NO,NO,NO,YES,NO,2,YES,NO,NO,NO,NO,NO,NO,NO,YES
72-37-31-42,NOT TRIED,,,,,,,,,NOT TRIED,,,,,,,,,YES,,,,,,,,,YES,,,,,,,,,NO,,,,,YES,YES,NO,,,,,,,,NO,,,,,,,,
72-48-17-68,NOT TRIED,,,,,,,,,NOT TRIED,,,,,,,,,YES,,,,,,,,,YES,,,,,,,,,YES,YES,,Private,Specialized and good service,YES,YES,YES,YES,YES,NO,NO,NO,NO,8,NO,,,,,,,,
72-51-92-23,YES,,,,,,,,,YES,,,,,,,,,YES,,,,,,,,,YES,,,,,,,,,YES,YES,,Private,Fast services,,,,,,,,,,,,,,,,,,,
72-58-00-67,NOT TRIED,,,,,,,,,NOT TRIED,,,,,,,,,NOT TRIED,,,,,,,,,NOT TRIED,,,,,,,,,NO,,,,,,,,,,,,,,,,,,,,,,,
72-66-71-71,YES,,,,,,,,,NOT TRIED,,,,,,,,,YES,,,,,,,,,YES,,,,,,,,,YES,YES,,Public,Charge less money,YES,YES,YES,NO,YES,YES,NO,NO,NO,30,YES,NO,YES,NO,NO,NO,NO,YES,NO
72-67-93-54,YES,,,,,,,,,NOT TRIED,,,,,,,,,YES,,,,,,,,,YES,,,,,,,,,NO,,,,,,,,,,,,,,,,,,,,,,,
72-84-14-29,YES,,,,,,,,,YES,,,,,,,,,YES,,,,,,,,,YES,,,,,,,,,NO,,,,,YES,NO,,,,,,,,,NO,,,,,,,,
72-89-35-81,YES,,,,,,,,,NOT TRIED,,,,,,,,,YES,,,,,,,,,NOT TRIED,,,,,,,,,YES,YES,,Public,Effective treatment,YES,YES,NO,,,,,,,,NO,,,,,,,,
73-08-96-72,YES,,,,,,,,,NOT TRIED,,,,,,,,,YES,,,,,,,,,YES,,,,,,,,,NO,,,,,YES,YES,YES,NO,YES,YES,NO,NO,NO,21,YES,NO,YES,NO,NO,NO,NO,NO,NO
73-42-00-69,YES,,,,,,,,,NOT TRIED,,,,,,,,,YES,,,,,,,,,YES,,,,,,,,,YES,YES,,Public,Charge less money,,,,,,,,,,,,,,,,,,,
73-44-61-35,YES,,,,,,,,,YES,,,,,,,,,NOT TRIED,,,,,,,,,YES,,,,,,,,,NO,,,,,YES,NO,,,,,,,,,NO,,,,,,,,
73-48-13-56,YES,,,,,,,,,NOT TRIED,,,,,,,,,YES,,,,,,,,,YES,,,,,,,,,YES,YES,,Public,They accept NSSF card,,,,,,,,,,,,,,,,,,,
73-48-23-31,YES,,,,,,,,,NOT TRIED,,,,,,,,,YES,,,,,,,,,YES,,,,,,,,,NO,,,,,YES,YES,YES,NO,YES,NO,NO,NO,NO,35,YES,NO,NO,NO,NO,YES,NO,NO,NO
73-72-83-29,YES,,,,,,,,,YES,,,,,,,,,YES,,,,,,,,,YES,,,,,,,,,YES,YES,,Public,Charge less money,YES,NO,,,,,,,,,NO,,,,,,,,
74-03-83-95,NOT TRIED,,,,,,,,,NOT TRIED,,,,,,,,,YES,,,,,,,,,YES,,,,,,,,,NO,,,,,,,,,,,,,,,,,,,,,,,
74-23-59-38,NOT TRIED,,,,,,,,,NOT TRIED,,,,,,,,,YES,,,,,,,,,YES,,,,,,,,,NO,,,,,YES,YES,YES,NO,NO,NO,NO,YES,NO,12,YES,YES,NO,NO,NO,NO,NO,NO,NO
74-31-98-06,YES,,,,,,,,,YES,,,,,,,,,YES,,,,,,,,,YES,,,,,,,,,NO,,,,,YES,NO,,,,,,,,,NO,,,,,,,,
74-34-13-03,YES,,,,,,,,,YES,,,,,,,,,YES,,,,,,,,,YES,,,,,,,,,YES,YES,,Private,Fast services,,,,,,,,,,,,,,,,,,,
74-48-94-37,YES,,,,,,,,,YES,,,,,,,,,YES,,,,,,,,,NOT TRIED,,,,,,,,,NO,,,,,YES,NO,,,,,,,,,YES,NO,NO,NO,NO,YES,NO,NO,NO
74-64-91-44,YES,,,,,,,,,NOT TRIED,,,,,,,,,YES,,,,,,,,,YES,,,,,,,,,NO,,,,,,,,,,,,,,,,,,,,,,,
74-69-75-31,YES,,,,,,,,,YES,,,,,,,,,YES,,,,,,,,,YES,,,,,,,,,NO,,,,,YES,YES,YES,NO,YES,NO,NO,NO,NO,3,NO,,,,,,,,
75-07-14-53,YES,,,,,,,,,NOT TRIED,,,,,,,,,YES,,,,,,,,,YES,,,,,,,,,NO,,,,,,,,,,,,,,,,,,,,,,,
75-18-93-42,YES,,,,,,,,,NOT TRIED,,,,,,,,,YES,,,,,,,,,YES,,,,,,,,,YES,YES,,Public,Free of charge,YES,YES,YES,NO,NO,YES,NO,YES,NO,6,NO,,,,,,,,
75-30-55-60,YES,,,,,,,,,YES,,,,,,,,,YES,,,,,,,,,YES,,,,,,,,,NO,,,,,YES,YES,NO,,,,,,,,NO,,,,,,,,
75-35-05-33,YES,,,,,,,,,YES,,,,,,,,,YES,,,,,,,,,YES,,,,,,,,,YES,YES,,Public,Charge less money,YES,NO,,,,,,,,,NO,,,,,,,,
75-49-22-77,NOT TRIED,,,,,,,,,YES,,,,,,,,,YES,,,,,,,,,NOT TRIED,,,,,,,,,NO,,,,,,,,,,,,,,,,,,,,,,,
76-17-97-03,YES,,,,,,,,,YES,,,,,,,,,NOT TRIED,,,,,,,,,NOT TRIED,,,,,,,,,YES,YES,,Public,Good service and spend less,,,,,,,,,,,,,,,,,,,
76-58-11-05,YES,,,,,,,,,YES,,,,,,,,,YES,,,,,,,,,YES,,,,,,,,,NO,,,,,,,,,,,,,,,,,,,,,,,
76-83-24-33,NOT TRIED,,,,,,,,,NOT TRIED,,,,,,,,,YES,,,,,,,,,YES,,,,,,,,,NO,,,,,,,,,,,,,,,,,,,,,,,
77-11-76-62,NOT TRIED,,,,,,,,,NOT TRIED,,,,,,,,,YES,,,,,,,,,YES,,,,,,,,,NO,,,,,YES,NO,,,,,,,,,NO,,,,,,,,
77-14-13-68,NOT TRIED,,,,,,,,,YES,,,,,,,,,NOT TRIED,,,,,,,,,NOT TRIED,,,,,,,,,NO,,,,,,,,,,,,,,,,,,,,,,,
77-29-81-66,YES,,,,,,,,,NOT TRIED,,,,,,,,,YES,,,,,,,,,YES,,,,,,,,,NO,,,,,YES,YES,YES,NO,NO,NO,NO,NO,YES,8,YES,NO,NO,NO,NO,YES,NO,NO,NO
77-48-91-64,NOT TRIED,,,,,,,,,YES,,,,,,,,,YES,,,,,,,,,YES,,,,,,,,,NO,,,,,,,,,,,,,,,,,,,,,,,
77-87-31-78,YES,,,,,,,,,YES,,,,,,,,,YES,,,,,,,,,YES,,,,,,,,,YES,YES,,Public,Charge less money,YES,YES,YES,NO,NO,NO,NO,YES,NO,21,NO,,,,,,,,
77-89-32-50,NOT TRIED,,,,,,,,,NOT TRIED,,,,,,,,,YES,,,,,,,,,YES,,,,,,,,,NO,,,,,YES,NO,,,,,,,,,NO,,,,,,,,
77-92-23-80,NOT TRIED,,,,,,,,,YES,,,,,,,,,YES,,,,,,,,,YES,,,,,,,,,YES,YES,,Private,Fast services,,,,,,,,,,,,,,,,,,,
78-58-11-12,NOT TRIED,,,,,,,,,YES,,,,,,,,,YES,,,,,,,,,NOT TRIED,,,,,,,,,NO,,,,,YES,NO,,,,,,,,,NO,,,,,,,,
78-60-23-79,YES,,,,,,,,,YES,,,,,,,,,YES,,,,,,,,,YES,,,,,,,,,NO,,,,,YES,YES,YES,NO,YES,NO,NO,YES,NO,5,NO,,,,,,,,
78-76-90-78,NOT TRIED,,,,,,,,,YES,,,,,,,,,YES,,,,,,,,,YES,,,,,,,,,NO,,,,,YES,YES,YES,YES,NO,NO,NO,NO,NO,25,YES,YES,NO,NO,NO,NO,NO,NO,NO
78-91-79-12,YES,,,,,,,,,NOT TRIED,,,,,,,,,YES,,,,,,,,,YES,,,,,,,,,NO,,,,,NO,,,,,,,,,,,,,,,,,,
78-91-88-48,NOT TRIED,,,,,,,,,YES,,,,,,,,,YES,,,,,,,,,YES,,,,,,,,,NO,,,,,,,,,,,,,,,,,,,,,,,
79-10-35-57,NOT TRIED,,,,,,,,,YES,,,,,,,,,YES,,,,,,,,,YES,,,,,,,,,NO,,,,,,,,,,,,,,,,,,,,,,,
79-30-79-26,YES,,,,,,,,,NOT TRIED,,,,,,,,,YES,,,,,,,,,YES,,,,,,,,,YES,YES,,Private,Fast services,YES,YES,NO,,,,,,,,NO,,,,,,,,
79-56-20-22,YES,,,,,,,,,NOT TRIED,,,,,,,,,YES,,,,,,,,,YES,,,,,,,,,NO,,,,,NO,,,,,,,,,,,,,,,,,,
79-87-49-96,YES,,,,,,,,,YES,,,,,,,,,YES,,,,,,,,,YES,,,,,,,,,YES,YES,,Public,Charge less money,YES,YES,YES,NO,NO,NO,NO,YES,NO,36,NO,,,,,,,,
80-22-71-02,NOT TRIED,,,,,,,,,NOT TRIED,,,,,,,,,YES,,,,,,,,,YES,,,,,,,,,NO,,,,,YES,YES,YES,NO,YES,NO,NO,YES,NO,21,YES,NO,YES,NO,NO,NO,NO,NO,YES
80-48-72-39,NOT TRIED,,,,,,,,,YES,,,,,,,,,YES,,,,,,,,,YES,,,,,,,,,NO,,,,,YES,YES,YES,NO,NO,NO,NO,YES,NO,4,YES,NO,NO,NO,NO,NO,NO,NO,YES
80-88-34-25,NOT TRIED,,,,,,,,,NOT TRIED,,,,,,,,,YES,,,,,,,,,YES,,,,,,,,,NO,,,,,YES,YES,YES,NO,NO,NO,NO,YES,NO,5,NO,,,,,,,,
80-91-76-81,YES,,,,,,,,,YES,,,,,,,,,YES,,,,,,,,,YES,,,,,,,,,YES,YES,,Private,Effective treatment,,,,,,,,,,,,,,,,,,,
80-97-76-22,YES,,,,,,,,,YES,,,,,,,,,YES,,,,,,,,,YES,,,,,,,,,NO,,,,,,,,,,,,,,,,,,,,,,,
81-51-57-93,YES,,,,,,,,,NOT TRIED,,,,,,,,,YES,,,,,,,,,YES,,,,,,,,,NO,,,,,YES,NO,,,,,,,,,NO,,,,,,,,
81-69-03-02,YES,,,,,,,,,YES,,,,,,,,,YES,,,,,,,,,YES,,,,,,,,,YES,YES,,Public,Convenient,YES,YES,YES,NO,YES,NO,NO,NO,NO,5,YES,NO,NO,NO,NO,NO,NO,YES,NO
82-04-66-80,NOT TRIED,,,,,,,,,YES,,,,,,,,,YES,,,,,,,,,YES,,,,,,,,,YES,YES,,Public,Convenient and good services,,,,,,,,,,,,,,,,,,,
82-16-93-71,YES,,,,,,,,,YES,,,,,,,,,YES,,,,,,,,,YES,,,,,,,,,NO,,,,,,,,,,,,,,,,,,,,,,,
82-87-50-46,NOT TRIED,,,,,,,,,YES,,,,,,,,,YES,,,,,,,,,YES,,,,,,,,,YES,YES,,Public,Free of charge,,,,,,,,,,,,,,,,,,,
82-92-84-48,YES,,,,,,,,,YES,,,,,,,,,YES,,,,,,,,,NOT TRIED,,,,,,,,,YES,YES,,Private,Doctor takes good care,YES,YES,YES,YES,NO,NO,NO,YES,NO,2,YES,YES,NO,NO,NO,NO,NO,NO,NO
82-98-72-55,YES,,,,,,,,,YES,,,,,,,,,YES,,,,,,,,,YES,,,,,,,,,NO,,,,,YES,YES,YES,NO,NO,NO,NO,YES,NO,24,YES,NO,NO,NO,NO,NO,NO,NO,YES
83-21-45-30,YES,,,,,,,,,NOT TRIED,,,,,,,,,NOT TRIED,,,,,,,,,NOT TRIED,,,,,,,,,NO,,,,,,,,,,,,,,,,,,,,,,,
83-43-73-00,NOT TRIED,,,,,,,,,YES,,,,,,,,,YES,,,,,,,,,YES,,,,,,,,,NO,,,,,YES,YES,YES,NO,YES,NO,NO,YES,NO,6,NO,,,,,,,,
83-55-67-95,YES,,,,,,,,,YES,,,,,,,,,YES,,,,,,,,,YES,,,,,,,,,YES,YES,,Private,Good services,YES,YES,YES,YES,YES,NO,NO,YES,NO,12,NO,,,,,,,,
83-93-32-62,YES,,,,,,,,,YES,,,,,,,,,YES,,,,,,,,,YES,,,,,,,,,YES,YES,,Public,Charge less money,NO,,,,,,,,,,,,,,,,,,
84-01-65-09,YES,,,,,,,,,YES,,,,,,,,,YES,,,,,,,,,YES,,,,,,,,,YES,YES,,Private,Convenient,YES,NO,,,,,,,,,NO,,,,,,,,
84-42-09-82,YES,,,,,,,,,YES,,,,,,,,,YES,,,,,,,,,YES,,,,,,,,,YES,YES,,Public,Effective treatment and good service,YES,YES,YES,NO,YES,NO,NO,NO,NO,15,YES,NO,NO,NO,NO,NO,NO,YES,NO
84-46-73-02,NOT TRIED,,,,,,,,,NOT TRIED,,,,,,,,,YES,,,,,,,,,YES,,,,,,,,,YES,YES,,Public,Charge less money,,,,,,,,,,,,,,,,,,,
84-62-81-15,YES,,,,,,,,,YES,,,,,,,,,YES,,,,,,,,,YES,,,,,,,,,YES,YES,,Private,Fast services,YES,YES,YES,NO,NO,NO,NO,YES,NO,10,YES,NO,NO,NO,NO,YES,NO,NO,NO
84-82-89-93,NOT TRIED,,,,,,,,,NOT TRIED,,,,,,,,,YES,,,,,,,,,YES,,,,,,,,,YES,YES,,Private,Recommended by friend,YES,YES,YES,NO,YES,YES,NO,YES,NO,11,NO,,,,,,,,
84-85-23-95,YES,,,,,,,,,YES,,,,,,,,,YES,,,,,,,,,YES,,,,,,,,,YES,YES,,Not medical sector,Convenient,,,,,,,,,,,,,,,,,,,
84-86-96-17,YES,,,,,,,,,YES,,,,,,,,,YES,,,,,,,,,NOT TRIED,,,,,,,,,YES,YES,,Public,Charge less money,YES,YES,YES,YES,NO,NO,NO,YES,NO,10,YES,NO,NO,NO,NO,NO,NO,NO,YES
84-90-15-10,YES,,,,,,,,,YES,,,,,,,,,YES,,,,,,,,,YES,,,,,,,,,NO,,,,,YES,YES,NO,,,,,,,,NO,,,,,,,,
84-93-87-42,YES,,,,,,,,,NOT TRIED,,,,,,,,,YES,,,,,,,,,YES,,,,,,,,,YES,YES,,Private,Fast services,NO,,,,,,,,,,,,,,,,,,
85-05-14-92,YES,,,,,,,,,NOT TRIED,,,,,,,,,YES,,,,,,,,,YES,,,,,,,,,YES,YES,,Private,Convenient,YES,NO,,,,,,,,,YES,NO,NO,NO,NO,NO,NO,YES,NO
85-07-19-99,YES,,,,,,,,,YES,,,,,,,,,YES,,,,,,,,,YES,,,,,,,,,YES,YES,,Private,Fast services,YES,YES,NO,,,,,,,,NO,,,,,,,,
85-12-58-57,YES,,,,,,,,,YES,,,,,,,,,YES,,,,,,,,,YES,,,,,,,,,YES,YES,,Public,Free of charge,,,,,,,,,,,,,,,,,,,
85-19-37-76,NOT TRIED,,,,,,,,,NOT TRIED,,,,,,,,,YES,,,,,,,,,YES,,,,,,,,,NO,,,,,,,,,,,,,,,,,,,,,,,
85-34-28-39,YES,,,,,,,,,NOT TRIED,,,,,,,,,YES,,,,,,,,,YES,,,,,,,,,NO,,,,,,,,,,,,,,,,,,,,,,,
85-78-34-10,NOT TRIED,,,,,,,,,NOT TRIED,,,,,,,,,YES,,,,,,,,,YES,,,,,,,,,YES,YES,,Private,Convenient,YES,YES,YES,NO,NO,NO,NO,YES,NO,3,YES,NO,NO,NO,NO,NO,NO,YES,NO
86-04-65-66,YES,,,,,,,,,NOT TRIED,,,,,,,,,YES,,,,,,,,,YES,,,,,,,,,NO,,,,,,,,,,,,,,,,,,,,,,,
86-20-76-20,YES,,,,,,,,,NOT TRIED,,,,,,,,,YES,,,,,,,,,YES,,,,,,,,,YES,YES,,Private,Convenient and has enough medicines,YES,YES,YES,NO,YES,YES,NO,NO,NO,2,NO,,,,,,,,
86-60-44-34,YES,,,,,,,,,YES,,,,,,,,,YES,,,,,,,,,YES,,,,,,,,,YES,YES,,Private,Effective treatment and enough equipment,YES,NO,,,,,,,,,NO,,,,,,,,
86-64-23-01,YES,,,,,,,,,YES,,,,,,,,,YES,,,,,,,,,YES,,,,,,,,,YES,YES,,Private,Convenient and good services,NO,,,,,,,,,,,,,,,,,,
86-66-88-59,NOT TRIED,,,,,,,,,NOT TRIED,,,,,,,,,YES,,,,,,,,,YES,,,,,,,,,YES,YES,,Public,Charge less money,YES,YES,YES,YES,YES,NO,NO,NO,NO,2,NO,,,,,,,,
86-71-22-91,YES,,,,,,,,,YES,,,,,,,,,YES,,,,,,,,,YES,,,,,,,,,YES,YES,,Public,Charge less money,,,,,,,,,,,,,,,,,,,
86-91-29-12,YES,,,,,,,,,NOT TRIED,,,,,,,,,YES,,,,,,,,,YES,,,,,,,,,YES,YES,,Private,Fast services,,,,,,,,,,,,,,,,,,,
86-95-05-55,NOT TRIED,,,,,,,,,NOT TRIED,,,,,,,,,NOT TRIED,,,,,,,,,NOT TRIED,,,,,,,,,YES,YES,,Private,Effective treatment and good service,,,,,,,,,,,,,,,,,,,
87-01-36-28,NOT TRIED,,,,,,,,,YES,,,,,,,,,YES,,,,,,,,,YES,,,,,,,,,YES,YES,,Private,Convenient,,,,,,,,,,,,,,,,,,,
87-23-34-41,YES,,,,,,,,,NOT TRIED,,,,,,,,,YES,,,,,,,,,YES,,,,,,,,,YES,YES,,Public,It is convenient since it is near their house,,,,,,,,,,,,,,,,,,,
87-35-60-51,YES,,,,,,,,,NOT TRIED,,,,,,,,,YES,,,,,,,,,NOT TRIED,,,,,,,,,NO,,,,,,,,,,,,,,,,,,,,,,,
87-44-70-71,NO,NO,NO,NO,NO,NO,NO,YES,NO,NOT TRIED,,,,,,,,,YES,,,,,,,,,YES,,,,,,,,,NO,,,,,,,,,,,,,,,,,,,,,,,
87-48-59-39,YES,,,,,,,,,NOT TRIED,,,,,,,,,NOT TRIED,,,,,,,,,NOT TRIED,,,,,,,,,NO,,,,,YES,NO,,,,,,,,,NO,,,,,,,,
87-61-41-63,NOT TRIED,,,,,,,,,YES,,,,,,,,,YES,,,,,,,,,YES,,,,,,,,,NO,,,,,YES,YES,YES,NO,NO,NO,NO,YES,NO,10,NO,,,,,,,,
87-70-31-24,YES,,,,,,,,,YES,,,,,,,,,YES,,,,,,,,,YES,,,,,,,,,YES,YES,,Public,Convenient,YES,YES,YES,YES,NO,NO,NO,YES,NO,5,YES,NO,NO,NO,NO,NO,NO,NO,YES
87-94-52-14,NOT TRIED,,,,,,,,,NOT TRIED,,,,,,,,,YES,,,,,,,,,YES,,,,,,,,,NO,,,,,YES,YES,NO,,,,,,,,NO,,,,,,,,
88-13-51-58,YES,,,,,,,,,YES,,,,,,,,,YES,,,,,,,,,YES,,,,,,,,,YES,YES,,Public,The illness is not very serious,YES,YES,YES,NO,YES,YES,NO,NO,NO,5,YES,YES,NO,NO,NO,NO,NO,NO,NO
88-24-99-02,YES,,,,,,,,,YES,,,,,,,,,YES,,,,,,,,,YES,,,,,,,,,YES,YES,,Public,Charge less money,,,,,,,,,,,,,,,,,,,
88-28-31-17,YES,,,,,,,,,YES,,,,,,,,,YES,,,,,,,,,YES,,,,,,,,,YES,YES,,Private,Having enough equipment,,,,,,,,,,,,,,,,,,,
88-29-73-13,YES,,,,,,,,,NOT TRIED,,,,,,,,,YES,,,,,,,,,YES,,,,,,,,,YES,YES,,Public,Having enough equipment,YES,YES,NO,,,,,,,,NO,,,,,,,,
88-56-00-44,YES,,,,,,,,,YES,,,,,,,,,YES,,,,,,,,,NOT TRIED,,,,,,,,,NO,,,,,NO,,,,,,,,,,,,,,,,,,
88-58-17-70,NOT TRIED,,,,,,,,,NOT TRIED,,,,,,,,,YES,,,,,,,,,YES,,,,,,,,,NO,,,,,,,,,,,,,,,,,,,,,,,
88-67-95-97,NOT TRIED,,,,,,,,,NOT TRIED,,,,,,,,,YES,,,,,,,,,YES,,,,,,,,,NO,,,,,YES,YES,YES,YES,NO,NO,NO,YES,NO,2,NO,,,,,,,,
88-88-80-10,YES,,,,,,,,,NOT TRIED,,,,,,,,,YES,,,,,,,,,YES,,,,,,,,,NO,,,,,YES,YES,YES,NO,YES,NO,NO,NO,NO,14,NO,,,,,,,,
89-08-40-65,YES,,,,,,,,,YES,,,,,,,,,YES,,,,,,,,,YES,,,,,,,,,NO,,,,,,,,,,,,,,,,,,,,,,,
89-08-65-41,YES,,,,,,,,,NOT TRIED,,,,,,,,,YES,,,,,,,,,YES,,,,,,,,,YES,YES,,Public,Convenient,YES,YES,NO,,,,,,,,NO,,,,,,,,
89-18-69-83,YES,,,,,,,,,NOT TRIED,,,,,,,,,YES,,,,,,,,,YES,,,,,,,,,YES,YES,,Public,Charge less money,YES,YES,NO,,,,,,,,NO,,,,,,,,
89-39-88-34,YES,,,,,,,,,NOT TRIED,,,,,,,,,YES,,,,,,,,,YES,,,,,,,,,YES,YES,,Private,Fast services,,,,,,,,,,,,,,,,,,,
89-65-33-51,NOT TRIED,,,,,,,,,NOT TRIED,,,,,,,,,YES,,,,,,,,,YES,,,,,,,,,YES,YES,,Private,Fast services,YES,YES,YES,NO,YES,NO,NO,YES,NO,30,YES,NO,YES,NO,NO,NO,NO,YES,NO
89-65-57-82,YES,,,,,,,,,NOT TRIED,,,,,,,,,YES,,,,,,,,,YES,,,,,,,,,NO,,,,,YES,YES,YES,NO,NO,NO,NO,NO,YES,3,NO,,,,,,,,
89-93-74-40,YES,,,,,,,,,NOT TRIED,,,,,,,,,YES,,,,,,,,,YES,,,,,,,,,YES,YES,,Private,Convenient,YES,NO,,,,,,,,,NO,,,,,,,,
90-95-95-43,YES,,,,,,,,,NOT TRIED,,,,,,,,,NOT TRIED,,,,,,,,,YES,,,,,,,,,NO,,,,,,,,,,,,,,,,,,,,,,,
91-00-32-16,YES,,,,,,,,,NOT TRIED,,,,,,,,,YES,,,,,,,,,YES,,,,,,,,,NO,,,,,,,,,,,,,,,,,,,,,,,
91-14-56-54,YES,,,,,,,,,YES,,,,,,,,,YES,,,,,,,,,YES,,,,,,,,,YES,YES,,Public,Convenient and charge less money,YES,NO,,,,,,,,,NO,,,,,,,,
91-17-82-05,NOT TRIED,,,,,,,,,NOT TRIED,,,,,,,,,YES,,,,,,,,,YES,,,,,,,,,NO,,,,,YES,YES,YES,NO,NO,NO,NO,YES,NO,10,NO,,,,,,,,
91-36-09-47,YES,,,,,,,,,NOT TRIED,,,,,,,,,YES,,,,,,,,,YES,,,,,,,,,YES,YES,,Private,Good and fast services,,,,,,,,,,,,,,,,,,,
91-83-49-03,NOT TRIED,,,,,,,,,NOT TRIED,,,,,,,,,YES,,,,,,,,,YES,,,,,,,,,YES,YES,,Private,Fast services,YES,NO,,,,,,,,,NO,,,,,,,,
92-20-60-53,YES,,,,,,,,,YES,,,,,,,,,YES,,,,,,,,,YES,,,,,,,,,NO,,,,,YES,YES,YES,YES,NO,NO,NO,YES,NO,8,NO,,,,,,,,
92-36-22-55,NOT TRIED,,,,,,,,,YES,,,,,,,,,NOT TRIED,,,,,,,,,NOT TRIED,,,,,,,,,NO,,,,,,,,,,,,,,,,,,,,,,,
92-38-87-71,YES,,,,,,,,,NOT TRIED,,,,,,,,,YES,,,,,,,,,YES,,,,,,,,,YES,YES,,Public,Charge less money,YES,YES,NO,,,,,,,,NO,,,,,,,,
92-42-52-09,NOT TRIED,,,,,,,,,YES,,,,,,,,,YES,,,,,,,,,NOT TRIED,,,,,,,,,NO,,,,,YES,YES,YES,YES,NO,NO,NO,YES,NO,5,YES,NO,NO,NO,NO,NO,NO,NO,YES
92-66-10-53,YES,,,,,,,,,NOT TRIED,,,,,,,,,YES,,,,,,,,,YES,,,,,,,,,NO,,,,,YES,YES,YES,YES,NO,NO,NO,NO,NO,6,NO,,,,,,,,
92-67-91-82,YES,,,,,,,,,YES,,,,,,,,,YES,,,,,,,,,YES,,,,,,,,,NO,,,,,YES,NO,,,,,,,,,NO,,,,,,,,
92-83-10-25,NOT TRIED,,,,,,,,,NOT TRIED,,,,,,,,,YES,,,,,,,,,YES,,,,,,,,,NO,,,,,YES,YES,YES,NO,NO,NO,NO,YES,NO,6,NO,,,,,,,,
92-90-42-99,YES,,,,,,,,,YES,,,,,,,,,YES,,,,,,,,,YES,,,,,,,,,NO,,,,,YES,YES,YES,NO,NO,NO,NO,YES,NO,3,NO,,,,,,,,
93-55-82-79,YES,,,,,,,,,YES,,,,,,,,,YES,,,,,,,,,YES,,,,,,,,,YES,YES,,Public,Charge less money,,,,,,,,,,,,,,,,,,,
93-69-62-61,YES,,,,,,,,,NOT TRIED,,,,,,,,,YES,,,,,,,,,YES,,,,,,,,,YES,YES,,Private,Fast services,YES,YES,NO,,,,,,,,NO,,,,,,,,
93-79-64-74,YES,,,,,,,,,YES,,,,,,,,,NOT TRIED,,,,,,,,,NOT TRIED,,,,,,,,,YES,YES,,Public,Charge less money,,,,,,,,,,,,,,,,,,,
93-79-78-96,NOT TRIED,,,,,,,,,YES,,,,,,,,,YES,,,,,,,,,YES,,,,,,,,,YES,YES,,Public,Good quality and service,,,,,,,,,,,,,,,,,,,
93-84-10-19,YES,,,,,,,,,NOT TRIED,,,,,,,,,YES,,,,,,,,,YES,,,,,,,,,NO,,,,,,,,,,,,,,,,,,,,,,,
93-91-64-97,YES,,,,,,,,,NOT TRIED,,,,,,,,,YES,,,,,,,,,YES,,,,,,,,,NO,,,,,YES,YES,NO,,,,,,,,NO,,,,,,,,
94-01-09-26,YES,,,,,,,,,NOT TRIED,,,,,,,,,YES,,,,,,,,,YES,,,,,,,,,YES,YES,,Public,Convenient and free of charge,NO,,,,,,,,,,,,,,,,,,
94-12-65-06,YES,,,,,,,,,NOT TRIED,,,,,,,,,YES,,,,,,,,,YES,,,,,,,,,YES,YES,,Public,Doctors are professional and convenient,YES,YES,YES,YES,YES,NO,NO,YES,YES,21,YES,NO,NO,NO,NO,YES,NO,NO,NO
94-27-92-63,NOT TRIED,,,,,,,,,YES,,,,,,,,,NOT TRIED,,,,,,,,,NOT TRIED,,,,,,,,,YES,YES,,Public,Charge less money,YES,YES,YES,YES,NO,NO,NO,YES,NO,2,NO,,,,,,,,
94-31-28-90,YES,,,,,,,,,YES,,,,,,,,,YES,,,,,,,,,YES,,,,,,,,,NO,,,,,YES,YES,YES,NO,YES,NO,NO,NO,NO,5,YES,NO,NO,NO,NO,NO,NO,YES,NO
94-37-16-34,YES,,,,,,,,,NOT TRIED,,,,,,,,,YES,,,,,,,,,YES,,,,,,,,,NO,,,,,,,,,,,,,,,,,,,,,,,
94-38-77-66,YES,,,,,,,,,NOT TRIED,,,,,,,,,YES,,,,,,,,,YES,,,,,,,,,YES,YES,,Private,Fast services,YES,NO,,,,,,,,,NO,,,,,,,,
94-47-72-64,NOT TRIED,,,,,,,,,NOT TRIED,,,,,,,,,YES,,,,,,,,,YES,,,,,,,,,YES,YES,,Public,Convenient and charge less money,YES,NO,,,,,,,,,NO,,,,,,,,
94-53-85-10,YES,,,,,,,,,YES,,,,,,,,,YES,,,,,,,,,YES,,,,,,,,,NO,,,,,YES,YES,YES,YES,NO,YES,NO,NO,NO,12,NO,,,,,,,,
94-73-04-14,YES,,,,,,,,,YES,,,,,,,,,YES,,,,,,,,,NOT TRIED,,,,,,,,,YES,YES,,Public,Charge less money and received the money back,,,,,,,,,,,,,,,,,,,
94-83-89-60,YES,,,,,,,,,NOT TRIED,,,,,,,,,YES,,,,,,,,,YES,,,,,,,,,NO,,,,,YES,YES,YES,NO,NO,NO,NO,YES,NO,15,NO,,,,,,,,
95-13-66-88,YES,,,,,,,,,NOT TRIED,,,,,,,,,YES,,,,,,,,,YES,,,,,,,,,YES,YES,,Private,Convenient to buy medicines,YES,NO,,,,,,,,,YES,NO,NO,NO,NO,NO,NO,YES,NO
95-23-54-25,NOT TRIED,,,,,,,,,YES,,,,,,,,,YES,,,,,,,,,YES,,,,,,,,,YES,YES,,Public,"Charge less money, and has enough equipment and medicines",YES,NO,,,,,,,,,NO,,,,,,,,
95-33-09-89,YES,,,,,,,,,YES,,,,,,,,,YES,,,,,,,,,NOT TRIED,,,,,,,,,YES,YES,,Public,Charge less money and high responsible,,,,,,,,,,,,,,,,,,,
95-43-17-18,YES,,,,,,,,,NOT TRIED,,,,,,,,,YES,,,,,,,,,YES,,,,,,,,,YES,YES,,Public,Convenient,,,,,,,,,,,,,,,,,,,
95-58-15-51,YES,,,,,,,,,NOT TRIED,,,,,,,,,YES,,,,,,,,,YES,,,,,,,,,YES,YES,,Private,Recommended by relatives,YES,YES,NO,,,,,,,,NO,,,,,,,,
95-62-63-83,YES,,,,,,,,,YES,,,,,,,,,YES,,,,,,,,,YES,,,,,,,,,NO,,,,,NO,,,,,,,,,,,,,,,,,,
95-71-13-54,YES,,,,,,,,,NOT TRIED,,,,,,,,,YES,,,,,,,,,YES,,,,,,,,,NO,,,,,,,,,,,,,,,,,,,,,,,
95-86-10-92,YES,,,,,,,,,NOT TRIED,,,,,,,,,YES,,,,,,,,,YES,,,,,,,,,YES,YES,,Private,Doctors provide a good care and enough medicines,YES,YES,NO,,,,,,,,NO,,,,,,,,
96-04-71-13,YES,,,,,,,,,NOT TRIED,,,,,,,,,NOT TRIED,,,,,,,,,YES,,,,,,,,,YES,YES,,Private,Good service,,,,,,,,,,,,,,,,,,,
96-09-98-35,YES,,,,,,,,,YES,,,,,,,,,YES,,,,,,,,,YES,,,,,,,,,YES,YES,,Private,Specialized,YES,YES,YES,YES,YES,YES,NO,YES,NO,10,YES,NO,NO,NO,NO,YES,NO,YES,YES
96-66-52-37,YES,,,,,,,,,YES,,,,,,,,,YES,,,,,,,,,NOT TRIED,,,,,,,,,NO,,,,,,,,,,,,,,,,,,,,,,,
96-83-60-45,YES,,,,,,,,,YES,,,,,,,,,YES,,,,,,,,,YES,,,,,,,,,YES,YES,,Public,Professional,YES,YES,NO,,,,,,,,NO,,,,,,,,
97-32-44-49,YES,,,,,,,,,NOT TRIED,,,,,,,,,YES,,,,,,,,,YES,,,,,,,,,YES,YES,,Private,Convenient,,,,,,,,,,,,,,,,,,,
98-06-76-33,YES,,,,,,,,,YES,,,,,,,,,YES,,,,,,,,,YES,,,,,,,,,NO,,,,,YES,YES,YES,YES,NO,NO,NO,NO,NO,2,YES,NO,NO,NO,NO,NO,NO,NO,YES
98-11-86-35,YES,,,,,,,,,YES,,,,,,,,,YES,,,,,,,,,YES,,,,,,,,,NO,,,,,,,,,,,,,,,,,,,,,,,
98-27-08-13,YES,,,,,,,,,YES,,,,,,,,,YES,,,,,,,,,NOT TRIED,,,,,,,,,YES,YES,,Private,Convenient,YES,YES,YES,NO,NO,NO,NO,YES,NO,6,YES,NO,NO,NO,NO,NO,NO,NO,YES
98-53-14-41,YES,,,,,,,,,YES,,,,,,,,,YES,,,,,,,,,YES,,,,,,,,,NO,,,,,,,,,,,,,,,,,,,,,,,
98-53-56-90,YES,,,,,,,,,YES,,,,,,,,,YES,,,,,,,,,YES,,,,,,,,,YES,YES,,Private,Convenient,,,,,,,,,,,,,,,,,,,
98-62-44-38,NOT TRIED,,,,,,,,,NOT TRIED,,,,,,,,,YES,,,,,,,,,YES,,,,,,,,,YES,YES,,Private,The illness is not very serious,YES,NO,,,,,,,,,NO,,,,,,,,
98-79-71-21,NOT TRIED,,,,,,,,,NOT TRIED,,,,,,,,,YES,,,,,,,,,YES,,,,,,,,,YES,YES,,Public,The habit and enough medicines,YES,NO,,,,,,,,,NO,,,,,,,,
98-83-26-90,YES,,,,,,,,,YES,,,,,,,,,YES,,,,,,,,,YES,,,,,,,,,NO,,,,,YES,YES,YES,YES,NO,NO,NO,YES,NO,8,YES,NO,YES,NO,NO,NO,NO,NO,NO
98-85-26-70,NOT TRIED,,,,,,,,,YES,,,,,,,,,YES,,,,,,,,,YES,,,,,,,,,NO,,,,,YES,YES,NO,,,,,,,,NO,,,,,,,,
98-93-37-80,YES,,,,,,,,,YES,,,,,,,,,NO,YES,NO,NO,NO,NO,NO,NO,NO,NO,YES,NO,NO,NO,NO,NO,NO,NO,YES,YES,,Public,Convenient and spend less,YES,YES,YES,YES,NO,NO,NO,YES,NO,1,YES,NO,NO,NO,NO,YES,NO,NO,NO
99-21-18-63,YES,,,,,,,,,YES,,,,,,,,,NOT TRIED,,,,,,,,,NOT TRIED,,,,,,,,,NO,,,,,,,,,,,,,,,,,,,,,,,
99-39-38-50,YES,,,,,,,,,YES,,,,,,,,,YES,,,,,,,,,YES,,,,,,,,,YES,YES,,Public,Free of charge,YES,YES,YES,NO,NO,NO,NO,YES,NO,10,YES,NO,NO,NO,NO,YES,NO,NO,NO
99-46-75-70,YES,,,,,,,,,NOT TRIED,,,,,,,,,YES,,,,,,,,,YES,,,,,,,,,YES,YES,,Private,Fast services,YES,NO,,,,,,,,,NO,,,,,,,,
99-49-49-47,YES,,,,,,,,,NOT TRIED,,,,,,,,,YES,,,,,,,,,YES,,,,,,,,,YES,YES,,Public,Specialized,YES,YES,YES,NO,NO,YES,YES,YES,NO,12,NO,,,,,,,,
99-55-65-60,YES,,,,,,,,,YES,,,,,,,,,YES,,,,,,,,,YES,,,,,,,,,NO,,,,,YES,YES,YES,NO,NO,NO,NO,YES,NO,4,NO,,,,,,,,
99-72-17-59,YES,,,,,,,,,YES,,,,,,,,,YES,,,,,,,,,YES,,,,,,,,,NO,,,,,,,,,,,,,,,,,,,,,,,
99-81-14-04,YES,,,,,,,,,NOT TRIED,,,,,,,,,YES,,,,,,,,,YES,,,,,,,,,YES,YES,,Private,Fast services,,,,,,,,,,,,,,,,,,,
