id,total_count,total_length,total_density,count_residential,count_trunk,count_pedestrian,count_intersection,count_track,count_living_street,count_tertiary,count_secondary,count_primary,count_service,length_residential,length_trunk,length_pedestrian,length_intersection,length_track,length_living_street,length_tertiary,length_secondary,length_primary,length_service,density_residential,density_trunk,density_pedestrian,density_intersection,density_track,density_living_street,density_tertiary,density_secondary,density_primary,density_service
ETH_2015_0,0.0,0.0,0.0,0.0,0.0,0.0,0,0.0,0.0,0.0,0.0,0.0,0.0,0.0,0.0,0.0,0,0.0,0.0,0.0,0.0,0.0,0.0,0.0,0.0,0.0,0,0.0,0.0,0.0,0.0,0.0,0.0
ETH_2015_1,0.0,0.0,0.0,0.0,0.0,0.0,0,0.0,0.0,0.0,0.0,0.0,0.0,0.0,0.0,0.0,0,0.0,0.0,0.0,0.0,0.0,0.0,0.0,0.0,0.0,0,0.0,0.0,0.0,0.0,0.0,0.0
ETH_2015_10,0.0,0.0,0.0,0.0,0.0,0.0,0,0.0,0.0,0.0,0.0,0.0,0.0,0.0,0.0,0.0,0,0.0,0.0,0.0,0.0,0.0,0.0,0.0,0.0,0.0,0,0.0,0.0,0.0,0.0,0.0,0.0
ETH_2015_100,4.0,11763.5,266.32,0.0,0.0,0.0,0,0.0,0.0,1.0,1.0,0.0,0.0,0.0,0.0,0.0,0,0.0,0.0,8327.86,2657.0,0.0,0.0,0.0,0.0,0.0,0,0.0,0.0,188.54,60.15,0.0,0.0
ETH_2015_101,1.0,8311.4,188.18,0.0,0.0,0.0,0,0.0,0.0,0.0,1.0,0.0,0.0,0.0,0.0,0.0,0,0.0,0.0,0.0,8311.4,0.0,0.0,0.0,0.0,0.0,0,0.0,0.0,0.0,188.18,0.0,0.0
ETH_2015_102,7.0,12893.65,291.93,5.0,0.0,0.0,0,1.0,0.0,0.0,0.0,0.0,0.0,4095.69,0.0,0.0,0,479.31,0.0,0.0,0.0,0.0,0.0,92.73,0.0,0.0,0,10.85,0.0,0.0,0.0,0.0,0.0
ETH_2015_103,384.0,170013.87,3849.4,283.0,1.0,0.0,0,6.0,0.0,1.0,2.0,3.0,0.0,78555.04,4862.8,0.0,0,7120.25,0.0,829.53,6670.03,4305.54,0.0,1778.62,110.1,0.0,0,161.21,0.0,18.78,151.02,97.48,0.0
ETH_2015_104,3.0,11336.47,256.68,0.0,0.0,0.0,0,1.0,0.0,1.0,0.0,1.0,0.0,0.0,0.0,0.0,0,984.9,0.0,2625.41,0.0,7726.16,0.0,0.0,0.0,0.0,0,22.3,0.0,59.44,0.0,174.94,0.0
ETH_2015_105,2.0,3813.75,86.36,0.0,0.0,0.0,0,0.0,0.0,1.0,0.0,0.0,0.0,0.0,0.0,0.0,0,0.0,0.0,2826.21,0.0,0.0,0.0,0.0,0.0,0.0,0,0.0,0.0,63.99,0.0,0.0,0.0
ETH_2015_106,217.0,82253.09,1862.51,184.0,0.0,0.0,0,0.0,0.0,5.0,1.0,7.0,0.0,54131.48,0.0,0.0,0,0.0,0.0,6149.57,5456.24,7995.92,0.0,1225.73,0.0,0.0,0,0.0,0.0,139.25,123.55,181.06,0.0
ETH_2015_107,517.0,213448.55,4833.95,438.0,1.0,0.0,0,13.0,0.0,1.0,2.0,2.0,2.0,131282.97,5305.43,0.0,0,17697.97,0.0,189.07,3737.01,5574.45,730.23,2973.15,120.15,0.0,0,400.8,0.0,4.28,84.63,126.24,16.54
ETH_2015_108,13.0,19374.87,438.78,6.0,0.0,0.0,0,1.0,0.0,3.0,0.0,0.0,0.0,7308.38,0.0,0.0,0,2104.13,0.0,7703.43,0.0,0.0,0.0,165.51,0.0,0.0,0,47.65,0.0,174.46,0.0,0.0,0.0
ETH_2015_109,13.0,23617.5,534.94,7.0,0.0,0.0,0,0.0,0.0,3.0,0.0,0.0,0.0,8658.92,0.0,0.0,0,0.0,0.0,7563.74,0.0,0.0,0.0,196.13,0.0,0.0,0,0.0,0.0,171.32,0.0,0.0,0.0
ETH_2015_11,8.0,11873.62,266.69,0.0,0.0,0.0,0,1.0,0.0,3.0,0.0,0.0,2.0,0.0,0.0,0.0,0,390.57,0.0,10565.06,0.0,0.0,536.32,0.0,0.0,0.0,0,8.77,0.0,237.3,0.0,0.0,12.05
ETH_2015_110,6.0,17451.7,395.29,0.0,0.0,0.0,0,4.0,0.0,0.0,0.0,0.0,0.0,0.0,0.0,0.0,0,15375.63,0.0,0.0,0.0,0.0,0.0,0.0,0.0,0.0,0,348.26,0.0,0.0,0.0,0.0,0.0
ETH_2015_111,14.0,23153.63,524.46,0.0,0.0,0.0,0,12.0,0.0,0.0,0.0,0.0,0.0,0.0,0.0,0.0,0,14019.06,0.0,0.0,0.0,0.0,0.0,0.0,0.0,0.0,0,317.55,0.0,0.0,0.0,0.0,0.0
ETH_2015_112,20.0,62194.58,1408.83,1.0,0.0,0.0,0,1.0,0.0,0.0,0.0,0.0,0.0,1389.15,0.0,0.0,0,121.94,0.0,0.0,0.0,0.0,0.0,31.47,0.0,0.0,0,2.76,0.0,0.0,0.0,0.0,0.0
ETH_2015_113,4.0,17535.47,397.21,0.0,0.0,0.0,0,1.0,0.0,1.0,0.0,1.0,0.0,0.0,0.0,0.0,0,1770.33,0.0,2762.86,0.0,6997.62,0.0,0.0,0.0,0.0,0,40.1,0.0,62.58,0.0,158.51,0.0
ETH_2015_114,36.0,19559.23,443.06,30.0,0.0,0.0,0,0.0,0.0,1.0,0.0,1.0,0.0,8669.24,0.0,0.0,0,0.0,0.0,513.11,0.0,2140.95,0.0,196.38,0.0,0.0,0,0.0,0.0,11.62,0.0,48.5,0.0
ETH_2015_115,2.0,11069.73,250.76,0.0,0.0,0.0,0,0.0,0.0,1.0,0.0,1.0,0.0,0.0,0.0,0.0,0,0.0,0.0,132.13,0.0,10937.6,0.0,0.0,0.0,0.0,0,0.0,0.0,2.99,0.0,247.77,0.0
ETH_2015_116,2.0,8254.9,187.01,0.0,0.0,0.0,0,0.0,0.0,0.0,0.0,0.0,0.0,0.0,0.0,0.0,0,0.0,0.0,0.0,0.0,0.0,0.0,0.0,0.0,0.0,0,0.0,0.0,0.0,0.0,0.0,0.0
ETH_2015_117,1.0,1328.03,30.09,0.0,0.0,0.0,0,0.0,0.0,1.0,0.0,0.0,0.0,0.0,0.0,0.0,0,0.0,0.0,1328.03,0.0,0.0,0.0,0.0,0.0,0.0,0,0.0,0.0,30.09,0.0,0.0,0.0
ETH_2015_118,8.0,15519.81,351.67,4.0,0.0,0.0,0,4.0,0.0,0.0,0.0,0.0,0.0,3026.07,0.0,0.0,0,12493.74,0.0,0.0,0.0,0.0,0.0,68.57,0.0,0.0,0,283.1,0.0,0.0,0.0,0.0,0.0
ETH_2015_119,3.0,13003.55,294.69,0.0,0.0,0.0,0,0.0,0.0,0.0,2.0,0.0,0.0,0.0,0.0,0.0,0,0.0,0.0,0.0,11877.98,0.0,0.0,0.0,0.0,0.0,0,0.0,0.0,0.0,269.18,0.0,0.0
ETH_2015_12,0.0,0.0,0.0,0.0,0.0,0.0,0,0.0,0.0,0.0,0.0,0.0,0.0,0.0,0.0,0.0,0,0.0,0.0,0.0,0.0,0.0,0.0,0.0,0.0,0.0,0,0.0,0.0,0.0,0.0,0.0,0.0
ETH_2015_120,0.0,0.0,0.0,0.0,0.0,0.0,0,0.0,0.0,0.0,0.0,0.0,0.0,0.0,0.0,0.0,0,0.0,0.0,0.0,0.0,0.0,0.0,0.0,0.0,0.0,0,0.0,0.0,0.0,0.0,0.0,0.0
ETH_2015_121,1.0,3063.61,69.44,0.0,0.0,0.0,0,0.0,0.0,1.0,0.0,0.0,0.0,0.0,0.0,0.0,0,0.0,0.0,3063.61,0.0,0.0,0.0,0.0,0.0,0.0,0,0.0,0.0,69.44,0.0,0.0,0.0
ETH_2015_122,0.0,0.0,0.0,0.0,0.0,0.0,0,0.0,0.0,0.0,0.0,0.0,0.0,0.0,0.0,0.0,0,0.0,0.0,0.0,0.0,0.0,0.0,0.0,0.0,0.0,0,0.0,0.0,0.0,0.0,0.0,0.0
ETH_2015_123,13.0,20427.26,463.05,7.0,0.0,0.0,0,4.0,0.0,2.0,0.0,0.0,0.0,1955.13,0.0,0.0,0,7535.34,0.0,10936.79,0.0,0.0,0.0,44.32,0.0,0.0,0,170.81,0.0,247.92,0.0,0.0,0.0
ETH_2015_124,2.0,7819.45,177.26,0.0,0.0,0.0,0,0.0,0.0,0.0,1.0,1.0,0.0,0.0,0.0,0.0,0,0.0,0.0,0.0,4886.94,2932.52,0.0,0.0,0.0,0.0,0,0.0,0.0,0.0,110.78,66.48,0.0
ETH_2015_125,0.0,0.0,0.0,0.0,0.0,0.0,0,0.0,0.0,0.0,0.0,0.0,0.0,0.0,0.0,0.0,0,0.0,0.0,0.0,0.0,0.0,0.0,0.0,0.0,0.0,0,0.0,0.0,0.0,0.0,0.0,0.0
ETH_2015_126,0.0,0.0,0.0,0.0,0.0,0.0,0,0.0,0.0,0.0,0.0,0.0,0.0,0.0,0.0,0.0,0,0.0,0.0,0.0,0.0,0.0,0.0,0.0,0.0,0.0,0,0.0,0.0,0.0,0.0,0.0,0.0
ETH_2015_127,1.0,9343.04,211.83,0.0,0.0,0.0,0,0.0,0.0,0.0,0.0,1.0,0.0,0.0,0.0,0.0,0,0.0,0.0,0.0,0.0,9343.04,0.0,0.0,0.0,0.0,0,0.0,0.0,0.0,0.0,211.83,0.0
ETH_2015_128,0.0,0.0,0.0,0.0,0.0,0.0,0,0.0,0.0,0.0,0.0,0.0,0.0,0.0,0.0,0.0,0,0.0,0.0,0.0,0.0,0.0,0.0,0.0,0.0,0.0,0,0.0,0.0,0.0,0.0,0.0,0.0
ETH_2015_129,130.0,94417.04,2141.31,119.0,0.0,0.0,0,0.0,0.0,2.0,1.0,2.0,0.0,73493.16,0.0,0.0,0,0.0,0.0,5918.37,4997.14,5051.14,0.0,1666.77,0.0,0.0,0,0.0,0.0,134.22,113.33,114.56,0.0
ETH_2015_13,2.0,12325.5,277.04,0.0,0.0,0.0,0,0.0,0.0,0.0,1.0,0.0,0.0,0.0,0.0,0.0,0,0.0,0.0,0.0,6698.16,0.0,0.0,0.0,0.0,0.0,0,0.0,0.0,0.0,150.55,0.0,0.0
ETH_2015_130,3.0,7229.66,163.97,0.0,0.0,0.0,0,2.0,0.0,0.0,0.0,0.0,0.0,0.0,0.0,0.0,0,1450.56,0.0,0.0,0.0,0.0,0.0,0.0,0.0,0.0,0,32.9,0.0,0.0,0.0,0.0,0.0
ETH_2015_131,1.0,1982.29,44.97,0.0,0.0,0.0,0,1.0,0.0,0.0,0.0,0.0,0.0,0.0,0.0,0.0,0,1982.29,0.0,0.0,0.0,0.0,0.0,0.0,0.0,0.0,0,44.97,0.0,0.0,0.0,0.0,0.0
ETH_2015_132,18.0,23826.28,540.62,7.0,0.0,0.0,0,1.0,0.0,1.0,0.0,0.0,0.0,3181.69,0.0,0.0,0,7475.73,0.0,4788.53,0.0,0.0,0.0,72.19,0.0,0.0,0,169.62,0.0,108.65,0.0,0.0,0.0
ETH_2015_133,1.0,424.23,9.63,0.0,0.0,0.0,0,0.0,0.0,0.0,1.0,0.0,0.0,0.0,0.0,0.0,0,0.0,0.0,0.0,424.23,0.0,0.0,0.0,0.0,0.0,0,0.0,0.0,0.0,9.63,0.0,0.0
ETH_2015_134,535.0,200416.32,4547.9,454.0,0.0,0.0,0,0.0,0.0,33.0,17.0,5.0,18.0,129807.27,0.0,0.0,0,0.0,0.0,30271.35,12370.8,16276.11,6592.25,2945.62,0.0,0.0,0,0.0,0.0,686.93,280.72,369.34,149.59
ETH_2015_135,3.0,9782.75,221.99,0.0,0.0,0.0,0,0.0,0.0,0.0,0.0,1.0,0.0,0.0,0.0,0.0,0,0.0,0.0,0.0,0.0,7810.21,0.0,0.0,0.0,0.0,0,0.0,0.0,0.0,0.0,177.23,0.0
ETH_2015_136,5.0,23945.82,543.39,0.0,0.0,0.0,0,0.0,0.0,1.0,0.0,0.0,0.0,0.0,0.0,0.0,0,0.0,0.0,9108.42,0.0,0.0,0.0,0.0,0.0,0.0,0,0.0,0.0,206.69,0.0,0.0,0.0
ETH_2015_137,364.0,145623.06,3304.65,309.0,0.0,0.0,0,0.0,0.0,28.0,15.0,5.0,1.0,89729.79,0.0,0.0,0,0.0,0.0,21856.57,11237.48,13031.77,1004.91,2036.25,0.0,0.0,0,0.0,0.0,495.99,255.01,295.73,22.8
ETH_2015_138,1.0,5301.34,120.31,0.0,0.0,0.0,0,0.0,0.0,1.0,0.0,0.0,0.0,0.0,0.0,0.0,0,0.0,0.0,5301.34,0.0,0.0,0.0,0.0,0.0,0.0,0,0.0,0.0,120.31,0.0,0.0,0.0
ETH_2015_139,0.0,0.0,0.0,0.0,0.0,0.0,0,0.0,0.0,0.0,0.0,0.0,0.0,0.0,0.0,0.0,0,0.0,0.0,0.0,0.0,0.0,0.0,0.0,0.0,0.0,0,0.0,0.0,0.0,0.0,0.0,0.0
ETH_2015_14,1.0,7128.82,160.24,0.0,0.0,0.0,0,1.0,0.0,0.0,0.0,0.0,0.0,0.0,0.0,0.0,0,7128.82,0.0,0.0,0.0,0.0,0.0,0.0,0.0,0.0,0,160.24,0.0,0.0,0.0,0.0,0.0
ETH_2015_140,3.0,7309.1,165.91,0.0,0.0,0.0,0,1.0,0.0,2.0,0.0,0.0,0.0,0.0,0.0,0.0,0,533.68,0.0,6775.42,0.0,0.0,0.0,0.0,0.0,0.0,0,12.11,0.0,153.79,0.0,0.0,0.0
ETH_2015_141,10.0,31416.72,713.28,0.0,0.0,0.0,0,8.0,0.0,1.0,0.0,0.0,0.0,0.0,0.0,0.0,0,23711.23,0.0,6924.23,0.0,0.0,0.0,0.0,0.0,0.0,0,538.33,0.0,157.21,0.0,0.0,0.0
ETH_2015_142,1.0,57.85,1.31,0.0,0.0,0.0,0,0.0,0.0,1.0,0.0,0.0,0.0,0.0,0.0,0.0,0,0.0,0.0,57.85,0.0,0.0,0.0,0.0,0.0,0.0,0,0.0,0.0,1.31,0.0,0.0,0.0
ETH_2015_143,2.0,10288.95,233.62,0.0,0.0,0.0,0,0.0,0.0,2.0,0.0,0.0,0.0,0.0,0.0,0.0,0,0.0,0.0,10288.95,0.0,0.0,0.0,0.0,0.0,0.0,0,0.0,0.0,233.62,0.0,0.0,0.0
ETH_2015_144,0.0,0.0,0.0,0.0,0.0,0.0,0,0.0,0.0,0.0,0.0,0.0,0.0,0.0,0.0,0.0,0,0.0,0.0,0.0,0.0,0.0,0.0,0.0,0.0,0.0,0,0.0,0.0,0.0,0.0,0.0,0.0
ETH_2015_145,2.0,13117.97,297.9,0.0,0.0,0.0,0,1.0,0.0,1.0,0.0,0.0,0.0,0.0,0.0,0.0,0,6994.11,0.0,6123.85,0.0,0.0,0.0,0.0,0.0,0.0,0,158.83,0.0,139.07,0.0,0.0,0.0
ETH_2015_146,1.0,8817.45,200.24,0.0,0.0,0.0,0,0.0,0.0,1.0,0.0,0.0,0.0,0.0,0.0,0.0,0,0.0,0.0,8817.45,0.0,0.0,0.0,0.0,0.0,0.0,0,0.0,0.0,200.24,0.0,0.0,0.0
ETH_2015_147,1.0,4716.12,107.13,0.0,0.0,0.0,0,0.0,0.0,1.0,0.0,0.0,0.0,0.0,0.0,0.0,0,0.0,0.0,4716.12,0.0,0.0,0.0,0.0,0.0,0.0,0,0.0,0.0,107.13,0.0,0.0,0.0
ETH_2015_148,2.0,11272.4,256.06,0.0,0.0,0.0,0,1.0,0.0,1.0,0.0,0.0,0.0,0.0,0.0,0.0,0,2722.54,0.0,8549.86,0.0,0.0,0.0,0.0,0.0,0.0,0,61.84,0.0,194.22,0.0,0.0,0.0
ETH_2015_149,198.0,109209.37,2481.26,181.0,1.0,0.0,0,8.0,0.0,0.0,1.0,0.0,1.0,81889.5,6661.28,0.0,0,7967.08,0.0,0.0,3242.13,0.0,54.44,1860.54,151.35,0.0,0,181.01,0.0,0.0,73.66,0.0,1.24
ETH_2015_15,0.0,0.0,0.0,0.0,0.0,0.0,0,0.0,0.0,0.0,0.0,0.0,0.0,0.0,0.0,0.0,0,0.0,0.0,0.0,0.0,0.0,0.0,0.0,0.0,0.0,0,0.0,0.0,0.0,0.0,0.0,0.0
ETH_2015_150,12.0,20332.37,462.05,5.0,0.0,0.0,0,0.0,0.0,2.0,0.0,0.0,0.0,1728.57,0.0,0.0,0,0.0,0.0,7627.63,0.0,0.0,0.0,39.28,0.0,0.0,0,0.0,0.0,173.34,0.0,0.0,0.0
ETH_2015_151,8.0,12720.82,289.09,4.0,0.0,0.0,0,0.0,0.0,1.0,0.0,0.0,3.0,2683.38,0.0,0.0,0,0.0,0.0,9805.74,0.0,0.0,231.7,60.98,0.0,0.0,0,0.0,0.0,222.84,0.0,0.0,5.27
ETH_2015_152,121.0,66691.33,1515.6,113.0,0.0,0.0,0,2.0,0.0,0.0,0.0,1.0,0.0,54215.45,0.0,0.0,0,752.86,0.0,0.0,0.0,7992.91,0.0,1232.08,0.0,0.0,0,17.11,0.0,0.0,0.0,181.64,0.0
ETH_2015_153,2.0,11394.54,258.96,0.0,0.0,0.0,0,0.0,0.0,1.0,0.0,0.0,0.0,0.0,0.0,0.0,0,0.0,0.0,3895.97,0.0,0.0,0.0,0.0,0.0,0.0,0,0.0,0.0,88.54,0.0,0.0,0.0
ETH_2015_154,1.0,6894.39,156.7,0.0,0.0,0.0,0,0.0,0.0,0.0,1.0,0.0,0.0,0.0,0.0,0.0,0,0.0,0.0,0.0,6894.39,0.0,0.0,0.0,0.0,0.0,0,0.0,0.0,0.0,156.7,0.0,0.0
ETH_2015_155,4.0,4648.9,105.7,0.0,0.0,0.0,0,0.0,0.0,1.0,3.0,0.0,0.0,0.0,0.0,0.0,0,0.0,0.0,1526.64,3122.26,0.0,0.0,0.0,0.0,0.0,0,0.0,0.0,34.71,70.99,0.0,0.0
ETH_2015_156,39.0,19515.77,443.72,30.0,0.0,0.0,0,2.0,0.0,3.0,1.0,0.0,0.0,12337.33,0.0,0.0,0,1054.13,0.0,2186.76,2924.62,0.0,0.0,280.51,0.0,0.0,0,23.97,0.0,49.72,66.49,0.0,0.0
ETH_2015_157,3.0,11244.77,255.68,1.0,0.0,0.0,0,2.0,0.0,0.0,0.0,0.0,0.0,8206.31,0.0,0.0,0,3038.46,0.0,0.0,0.0,0.0,0.0,186.59,0.0,0.0,0,69.09,0.0,0.0,0.0,0.0,0.0
ETH_2015_158,11.0,27431.15,623.74,5.0,0.0,0.0,0,3.0,0.0,1.0,1.0,0.0,0.0,2799.51,0.0,0.0,0,9425.28,0.0,5738.89,9260.24,0.0,0.0,63.66,0.0,0.0,0,214.32,0.0,130.49,210.56,0.0,0.0
ETH_2015_159,25.0,34932.09,794.37,7.0,1.0,0.0,0,8.0,0.0,0.0,0.0,0.0,0.0,4677.48,7475.65,0.0,0,14542.71,0.0,0.0,0.0,0.0,0.0,106.37,170.0,0.0,0,330.71,0.0,0.0,0.0,0.0,0.0
ETH_2015_16,4.0,13606.15,305.9,0.0,0.0,0.0,0,3.0,0.0,0.0,0.0,1.0,0.0,0.0,0.0,0.0,0,5627.19,0.0,0.0,0.0,7978.96,0.0,0.0,0.0,0.0,0,126.51,0.0,0.0,0.0,179.39,0.0
ETH_2015_160,1.0,1629.51,37.06,0.0,0.0,0.0,0,0.0,0.0,0.0,0.0,0.0,0.0,0.0,0.0,0.0,0,0.0,0.0,0.0,0.0,0.0,0.0,0.0,0.0,0.0,0,0.0,0.0,0.0,0.0,0.0,0.0
ETH_2015_161,249.0,111566.13,2537.15,214.0,0.0,0.0,0,1.0,0.0,15.0,2.0,0.0,0.0,69735.05,0.0,0.0,0,1271.7,0.0,7819.55,9447.63,0.0,0.0,1585.86,0.0,0.0,0,28.92,0.0,177.83,214.85,0.0,0.0
ETH_2015_162,13.0,31824.84,723.79,0.0,0.0,0.0,0,2.0,0.0,1.0,2.0,0.0,0.0,0.0,0.0,0.0,0,5291.93,0.0,1381.55,6689.82,0.0,0.0,0.0,0.0,0.0,0,120.35,0.0,31.42,152.14,0.0,0.0
ETH_2015_163,222.0,114307.6,2599.87,183.0,3.0,0.0,0,10.0,0.0,2.0,0.0,0.0,0.0,75506.27,7921.88,0.0,0,10528.3,0.0,4055.7,0.0,0.0,0.0,1717.36,180.18,0.0,0,239.46,0.0,92.24,0.0,0.0,0.0
ETH_2015_164,1.0,8626.08,196.21,0.0,0.0,0.0,0,0.0,0.0,0.0,0.0,0.0,0.0,0.0,0.0,0.0,0,0.0,0.0,0.0,0.0,0.0,0.0,0.0,0.0,0.0,0,0.0,0.0,0.0,0.0,0.0,0.0
ETH_2015_165,7.0,18053.68,410.66,0.0,0.0,0.0,0,6.0,0.0,1.0,0.0,0.0,0.0,0.0,0.0,0.0,0,13666.33,0.0,4387.36,0.0,0.0,0.0,0.0,0.0,0.0,0,310.86,0.0,99.8,0.0,0.0,0.0
ETH_2015_166,0.0,0.0,0.0,0.0,0.0,0.0,0,0.0,0.0,0.0,0.0,0.0,0.0,0.0,0.0,0.0,0,0.0,0.0,0.0,0.0,0.0,0.0,0.0,0.0,0.0,0,0.0,0.0,0.0,0.0,0.0,0.0
ETH_2015_167,3.0,8910.68,202.7,0.0,0.0,0.0,0,0.0,0.0,0.0,2.0,1.0,0.0,0.0,0.0,0.0,0,0.0,0.0,0.0,8729.88,180.8,0.0,0.0,0.0,0.0,0,0.0,0.0,0.0,198.59,4.11,0.0
ETH_2015_168,2.0,9040.88,205.67,0.0,0.0,0.0,0,0.0,0.0,0.0,1.0,0.0,0.0,0.0,0.0,0.0,0,0.0,0.0,0.0,8449.92,0.0,0.0,0.0,0.0,0.0,0,0.0,0.0,0.0,192.23,0.0,0.0
ETH_2015_169,45.0,24865.3,565.68,0.0,0.0,0.0,0,9.0,0.0,0.0,0.0,0.0,0.0,0.0,0.0,0.0,0,2106.39,0.0,0.0,0.0,0.0,0.0,0.0,0.0,0.0,0,47.92,0.0,0.0,0.0,0.0,0.0
ETH_2015_17,0.0,0.0,0.0,0.0,0.0,0.0,0,0.0,0.0,0.0,0.0,0.0,0.0,0.0,0.0,0.0,0,0.0,0.0,0.0,0.0,0.0,0.0,0.0,0.0,0.0,0,0.0,0.0,0.0,0.0,0.0,0.0
ETH_2015_170,5.0,20577.74,468.16,0.0,0.0,0.0,0,0.0,0.0,1.0,2.0,1.0,0.0,0.0,0.0,0.0,0,0.0,0.0,2670.96,4809.8,8911.72,0.0,0.0,0.0,0.0,0,0.0,0.0,60.77,109.43,202.75,0.0
ETH_2015_171,141.0,72150.73,1641.83,75.0,0.0,0.0,0,4.0,0.0,10.0,19.0,24.0,0.0,29113.49,0.0,0.0,0,4908.55,0.0,7282.82,9897.63,14214.19,0.0,662.49,0.0,0.0,0,111.7,0.0,165.72,225.23,323.45,0.0
ETH_2015_172,131.0,57107.08,1299.63,74.0,0.0,0.0,0,4.0,0.0,9.0,18.0,22.0,0.0,28424.48,0.0,0.0,0,4306.84,0.0,5995.04,5289.32,10763.54,0.0,646.88,0.0,0.0,0,98.01,0.0,136.43,120.37,244.95,0.0
ETH_2015_173,0.0,0.0,0.0,0.0,0.0,0.0,0,0.0,0.0,0.0,0.0,0.0,0.0,0.0,0.0,0.0,0,0.0,0.0,0.0,0.0,0.0,0.0,0.0,0.0,0.0,0,0.0,0.0,0.0,0.0,0.0,0.0
ETH_2015_174,14.0,22889.09,520.98,6.0,0.0,0.0,0,0.0,0.0,0.0,0.0,5.0,0.0,2042.36,0.0,0.0,0,0.0,0.0,0.0,0.0,16280.08,0.0,46.49,0.0,0.0,0,0.0,0.0,0.0,0.0,370.55,0.0
ETH_2015_175,1.0,7357.84,167.55,0.0,0.0,0.0,0,0.0,0.0,0.0,1.0,0.0,0.0,0.0,0.0,0.0,0,0.0,0.0,0.0,7357.84,0.0,0.0,0.0,0.0,0.0,0,0.0,0.0,0.0,167.55,0.0,0.0
ETH_2015_176,1.0,470.13,10.71,1.0,0.0,0.0,0,0.0,0.0,0.0,0.0,0.0,0.0,470.13,0.0,0.0,0,0.0,0.0,0.0,0.0,0.0,0.0,10.71,0.0,0.0,0,0.0,0.0,0.0,0.0,0.0,0.0
ETH_2015_177,0.0,0.0,0.0,0.0,0.0,0.0,0,0.0,0.0,0.0,0.0,0.0,0.0,0.0,0.0,0.0,0,0.0,0.0,0.0,0.0,0.0,0.0,0.0,0.0,0.0,0,0.0,0.0,0.0,0.0,0.0,0.0
ETH_2015_178,0.0,0.0,0.0,0.0,0.0,0.0,0,0.0,0.0,0.0,0.0,0.0,0.0,0.0,0.0,0.0,0,0.0,0.0,0.0,0.0,0.0,0.0,0.0,0.0,0.0,0,0.0,0.0,0.0,0.0,0.0,0.0
ETH_2015_179,114.0,65987.96,1503.17,101.0,0.0,0.0,0,1.0,0.0,3.0,8.0,0.0,0.0,35939.07,0.0,0.0,0,3086.78,0.0,12049.66,12847.9,0.0,0.0,818.67,0.0,0.0,0,70.32,0.0,274.49,292.67,0.0,0.0
ETH_2015_18,0.0,0.0,0.0,0.0,0.0,0.0,0,0.0,0.0,0.0,0.0,0.0,0.0,0.0,0.0,0.0,0,0.0,0.0,0.0,0.0,0.0,0.0,0.0,0.0,0.0,0,0.0,0.0,0.0,0.0,0.0,0.0
ETH_2015_180,6.0,18737.16,426.85,0.0,0.0,0.0,0,2.0,0.0,2.0,0.0,0.0,0.0,0.0,0.0,0.0,0,3721.64,0.0,13752.21,0.0,0.0,0.0,0.0,0.0,0.0,0,84.78,0.0,313.29,0.0,0.0,0.0
ETH_2015_181,606.0,291248.52,6636.65,476.0,0.0,0.0,0,10.0,0.0,27.0,6.0,21.0,7.0,177022.21,0.0,0.0,0,8415.73,0.0,20517.39,10674.28,21295.94,2056.03,4033.78,0.0,0.0,0,191.77,0.0,467.53,243.23,485.27,46.85
ETH_2015_182,927.0,405578.87,9242.64,772.0,0.0,0.0,0,2.0,0.0,43.0,8.0,22.0,12.0,266738.6,0.0,0.0,0,1910.75,0.0,51407.01,14514.02,20628.59,5941.49,6078.64,0.0,0.0,0,43.54,0.0,1171.5,330.76,470.1,135.4
ETH_2015_183,697.0,301592.22,6873.14,588.0,0.0,0.0,0,1.0,0.0,37.0,8.0,14.0,11.0,202279.02,0.0,0.0,0,1959.62,0.0,36547.59,11936.25,17179.85,4631.08,4609.84,0.0,0.0,0,44.66,0.0,832.9,272.02,391.52,105.54
ETH_2015_184,969.0,416614.62,9494.49,842.0,0.0,0.0,0,5.0,0.0,40.0,10.0,19.0,12.0,284784.69,0.0,0.0,0,3652.89,0.0,52615.63,17404.29,19637.0,5941.49,6490.14,0.0,0.0,0,83.25,0.0,1199.09,396.64,447.52,135.4
ETH_2015_185,952.0,396674.38,9040.56,841.0,0.0,0.0,0,1.0,0.0,39.0,11.0,18.0,9.0,280843.28,0.0,0.0,0,318.87,0.0,48769.07,19316.46,18192.98,4575.59,6400.66,0.0,0.0,0,7.27,0.0,1111.49,440.24,414.63,104.28
ETH_2015_186,17.0,28743.56,655.16,2.0,0.0,0.0,0,7.0,0.0,2.0,3.0,0.0,0.0,933.47,0.0,0.0,0,8212.31,0.0,8785.39,8667.15,0.0,0.0,21.28,0.0,0.0,0,187.19,0.0,200.25,197.55,0.0,0.0
ETH_2015_187,219.0,97486.53,2222.09,168.0,2.0,0.0,0,1.0,0.0,1.0,0.0,5.0,0.0,53200.68,2468.74,0.0,0,335.63,0.0,2629.45,0.0,11569.5,0.0,1212.65,56.27,0.0,0,7.65,0.0,59.94,0.0,263.71,0.0
ETH_2015_188,10.0,12016.89,273.95,6.0,0.0,0.0,0,1.0,0.0,3.0,0.0,0.0,0.0,2446.63,0.0,0.0,0,2258.9,0.0,7311.37,0.0,0.0,0.0,55.78,0.0,0.0,0,51.5,0.0,166.68,0.0,0.0,0.0
ETH_2015_189,1.0,5698.0,129.9,0.0,0.0,0.0,0,0.0,0.0,0.0,0.0,1.0,0.0,0.0,0.0,0.0,0,0.0,0.0,0.0,0.0,5698.0,0.0,0.0,0.0,0.0,0,0.0,0.0,0.0,0.0,129.9,0.0
ETH_2015_19,0.0,0.0,0.0,0.0,0.0,0.0,0,0.0,0.0,0.0,0.0,0.0,0.0,0.0,0.0,0.0,0,0.0,0.0,0.0,0.0,0.0,0.0,0.0,0.0,0.0,0,0.0,0.0,0.0,0.0,0.0,0.0
ETH_2015_190,0.0,0.0,0.0,0.0,0.0,0.0,0,0.0,0.0,0.0,0.0,0.0,0.0,0.0,0.0,0.0,0,0.0,0.0,0.0,0.0,0.0,0.0,0.0,0.0,0.0,0,0.0,0.0,0.0,0.0,0.0,0.0
ETH_2015_191,2.0,6828.11,155.69,0.0,0.0,0.0,0,0.0,0.0,0.0,0.0,2.0,0.0,0.0,0.0,0.0,0,0.0,0.0,0.0,0.0,6828.11,0.0,0.0,0.0,0.0,0,0.0,0.0,0.0,0.0,155.69,0.0
ETH_2015_192,0.0,0.0,0.0,0.0,0.0,0.0,0,0.0,0.0,0.0,0.0,0.0,0.0,0.0,0.0,0.0,0,0.0,0.0,0.0,0.0,0.0,0.0,0.0,0.0,0.0,0,0.0,0.0,0.0,0.0,0.0,0.0
ETH_2015_193,6.0,19350.75,441.25,0.0,0.0,0.0,0,4.0,0.0,0.0,0.0,0.0,0.0,0.0,0.0,0.0,0,13978.69,0.0,0.0,0.0,0.0,0.0,0.0,0.0,0.0,0,318.75,0.0,0.0,0.0,0.0,0.0
ETH_2015_194,0.0,0.0,0.0,0.0,0.0,0.0,0,0.0,0.0,0.0,0.0,0.0,0.0,0.0,0.0,0.0,0,0.0,0.0,0.0,0.0,0.0,0.0,0.0,0.0,0.0,0,0.0,0.0,0.0,0.0,0.0,0.0
ETH_2015_195,3.0,12390.25,282.55,0.0,0.0,0.0,0,0.0,0.0,1.0,2.0,0.0,0.0,0.0,0.0,0.0,0,0.0,0.0,5567.05,6823.2,0.0,0.0,0.0,0.0,0.0,0,0.0,0.0,126.95,155.6,0.0,0.0
ETH_2015_196,4.0,8483.84,193.49,0.0,0.0,0.0,0,3.0,0.0,0.0,0.0,0.0,0.0,0.0,0.0,0.0,0,6136.73,0.0,0.0,0.0,0.0,0.0,0.0,0.0,0.0,0,139.96,0.0,0.0,0.0,0.0,0.0
ETH_2015_197,8.0,18779.06,428.37,0.0,0.0,0.0,0,6.0,0.0,0.0,1.0,0.0,0.0,0.0,0.0,0.0,0,13213.85,0.0,0.0,5445.54,0.0,0.0,0.0,0.0,0.0,0,301.42,0.0,0.0,124.22,0.0,0.0
ETH_2015_198,11.0,17977.48,410.1,1.0,0.0,0.0,0,8.0,0.0,0.0,0.0,1.0,0.0,459.37,0.0,0.0,0,7425.29,0.0,0.0,0.0,6776.11,0.0,10.48,0.0,0.0,0,169.38,0.0,0.0,0.0,154.58,0.0
ETH_2015_199,4.0,12309.35,280.81,0.0,0.0,0.0,0,3.0,0.0,0.0,0.0,0.0,0.0,0.0,0.0,0.0,0,3947.05,0.0,0.0,0.0,0.0,0.0,0.0,0.0,0.0,0,90.04,0.0,0.0,0.0,0.0,0.0
ETH_2015_2,2.0,6577.57,147.3,0.0,0.0,0.0,0,0.0,0.0,2.0,0.0,0.0,0.0,0.0,0.0,0.0,0,0.0,0.0,6577.57,0.0,0.0,0.0,0.0,0.0,0.0,0,0.0,0.0,147.3,0.0,0.0,0.0
ETH_2015_20,1.0,7329.81,164.93,0.0,0.0,0.0,0,0.0,0.0,0.0,0.0,0.0,0.0,0.0,0.0,0.0,0,0.0,0.0,0.0,0.0,0.0,0.0,0.0,0.0,0.0,0,0.0,0.0,0.0,0.0,0.0,0.0
ETH_2015_200,5.0,18483.24,421.67,3.0,0.0,0.0,0,0.0,0.0,0.0,1.0,0.0,0.0,1804.67,0.0,0.0,0,0.0,0.0,0.0,13119.21,0.0,0.0,41.17,0.0,0.0,0,0.0,0.0,0.0,299.3,0.0,0.0
ETH_2015_201,0.0,0.0,0.0,0.0,0.0,0.0,0,0.0,0.0,0.0,0.0,0.0,0.0,0.0,0.0,0.0,0,0.0,0.0,0.0,0.0,0.0,0.0,0.0,0.0,0.0,0,0.0,0.0,0.0,0.0,0.0,0.0
ETH_2015_202,107.0,31627.41,721.84,1.0,0.0,0.0,0,1.0,0.0,5.0,0.0,1.0,0.0,112.74,0.0,0.0,0,2044.61,0.0,798.26,0.0,7045.7,0.0,2.57,0.0,0.0,0,46.66,0.0,18.22,0.0,160.81,0.0
ETH_2015_203,4.0,17984.79,410.51,0.0,0.0,0.0,0,3.0,0.0,0.0,1.0,0.0,0.0,0.0,0.0,0.0,0,12247.66,0.0,0.0,5737.14,0.0,0.0,0.0,0.0,0.0,0,279.56,0.0,0.0,130.95,0.0,0.0
ETH_2015_204,1.0,7549.66,172.33,0.0,0.0,0.0,0,0.0,0.0,0.0,0.0,0.0,0.0,0.0,0.0,0.0,0,0.0,0.0,0.0,0.0,0.0,0.0,0.0,0.0,0.0,0,0.0,0.0,0.0,0.0,0.0,0.0
ETH_2015_205,1107.0,336181.21,7675.28,941.0,20.0,81.0,0,16.0,0.0,2.0,2.0,7.0,9.0,263700.06,28811.09,2891.25,0,12494.13,0.0,1795.56,194.72,6541.16,2100.95,6020.48,657.78,66.01,0,285.25,0.0,40.99,4.45,149.34,47.97
ETH_2015_206,4.0,19566.25,446.73,0.0,0.0,0.0,0,1.0,0.0,1.0,2.0,0.0,0.0,0.0,0.0,0.0,0,5952.41,0.0,6543.49,7070.35,0.0,0.0,0.0,0.0,0.0,0,135.9,0.0,149.4,161.43,0.0,0.0
ETH_2015_207,1.0,2474.34,56.5,0.0,0.0,0.0,0,0.0,0.0,1.0,0.0,0.0,0.0,0.0,0.0,0.0,0,0.0,0.0,2474.34,0.0,0.0,0.0,0.0,0.0,0.0,0,0.0,0.0,56.5,0.0,0.0,0.0
ETH_2015_208,921.0,263834.14,6025.14,837.0,0.0,0.0,0,9.0,0.0,0.0,1.0,7.0,0.0,196391.68,0.0,0.0,0,7638.79,0.0,0.0,4117.73,15570.26,0.0,4484.96,0.0,0.0,0,174.45,0.0,0.0,94.04,355.58,0.0
ETH_2015_209,1.0,870.56,19.88,0.0,0.0,0.0,0,0.0,0.0,0.0,1.0,0.0,0.0,0.0,0.0,0.0,0,0.0,0.0,0.0,870.56,0.0,0.0,0.0,0.0,0.0,0,0.0,0.0,0.0,19.88,0.0,0.0
ETH_2015_21,0.0,0.0,0.0,0.0,0.0,0.0,0,0.0,0.0,0.0,0.0,0.0,0.0,0.0,0.0,0.0,0,0.0,0.0,0.0,0.0,0.0,0.0,0.0,0.0,0.0,0,0.0,0.0,0.0,0.0,0.0,0.0
ETH_2015_210,1808.0,446018.41,10186.87,1415.0,36.0,0.0,0,26.0,0.0,25.0,35.0,59.0,96.0,288562.38,26001.29,0.0,0,13589.39,0.0,20492.97,13402.63,29017.11,28655.55,6590.64,593.86,0.0,0,310.38,0.0,468.05,306.11,662.74,654.48
ETH_2015_211,2559.0,618059.99,14116.49,2067.0,60.0,0.0,0,33.0,0.0,43.0,49.0,92.0,89.0,408966.07,44014.37,0.0,0,13636.42,0.0,33893.09,17504.98,47876.0,23916.26,9340.79,1005.29,0.0,0,311.46,0.0,774.12,399.81,1093.49,546.25
ETH_2015_212,2967.0,692324.46,15812.71,2443.0,63.0,18.0,0,37.0,0.0,47.0,63.0,103.0,72.0,478756.8,44234.65,1450.27,0,11887.64,0.0,33982.48,24029.4,55134.83,15103.46,10934.82,1010.32,33.12,0,271.51,0.0,776.16,548.83,1259.28,344.96
ETH_2015_213,2744.0,642305.3,14670.76,2381.0,45.0,35.0,0,24.0,0.0,40.0,28.0,87.0,30.0,478118.37,37438.11,3211.04,0,9065.2,0.0,24793.06,13320.96,51942.33,5015.93,10920.6,855.12,73.34,0,207.06,0.0,566.29,304.26,1186.4,114.57
ETH_2015_214,24.0,14804.0,338.15,11.0,0.0,0.0,0,5.0,0.0,0.0,0.0,0.0,0.0,2419.7,0.0,0.0,0,8060.74,0.0,0.0,0.0,0.0,0.0,55.27,0.0,0.0,0,184.12,0.0,0.0,0.0,0.0,0.0
ETH_2015_215,2876.0,680355.06,15541.27,2672.0,30.0,35.0,0,3.0,0.0,14.0,14.0,44.0,17.0,566412.65,28925.79,3211.04,0,750.34,0.0,8917.79,11874.9,41369.19,3378.42,12938.5,660.75,73.35,0,17.14,0.0,203.71,271.26,944.99,77.17
ETH_2015_216,2944.0,677704.39,15481.51,1907.0,83.0,7.0,0,31.0,0.0,107.0,113.0,244.0,185.0,364604.05,44048.62,2350.95,0,7933.81,0.0,53403.24,31377.89,101368.91,34745.23,8329.03,1006.25,53.71,0,181.24,0.0,1219.95,716.8,2315.68,793.72
ETH_2015_217,2.0,5219.72,119.25,0.0,0.0,0.0,0,1.0,0.0,0.0,0.0,0.0,0.0,0.0,0.0,0.0,0,2256.17,0.0,0.0,0.0,0.0,0.0,0.0,0.0,0.0,0,51.54,0.0,0.0,0.0,0.0,0.0
ETH_2015_218,0.0,0.0,0.0,0.0,0.0,0.0,0,0.0,0.0,0.0,0.0,0.0,0.0,0.0,0.0,0.0,0,0.0,0.0,0.0,0.0,0.0,0.0,0.0,0.0,0.0,0,0.0,0.0,0.0,0.0,0.0,0.0
ETH_2015_219,3135.0,752506.39,17192.5,2123.0,54.0,12.0,0,9.0,0.0,136.0,152.0,266.0,113.0,429043.86,39286.81,3309.58,0,1218.12,0.0,58125.5,53027.0,123669.2,15528.79,9802.36,897.59,75.61,0,27.83,0.0,1327.99,1211.51,2825.47,354.79
ETH_2015_22,1.0,2768.62,62.31,0.0,0.0,0.0,0,1.0,0.0,0.0,0.0,0.0,0.0,0.0,0.0,0.0,0,2768.62,0.0,0.0,0.0,0.0,0.0,0.0,0.0,0.0,0,62.31,0.0,0.0,0.0,0.0,0.0
ETH_2015_220,2880.0,676459.04,15455.19,2473.0,66.0,0.0,0,21.0,0.0,68.0,24.0,71.0,62.0,494910.01,44884.44,0.0,0,6157.99,0.0,41998.34,11506.23,48570.95,8769.51,11307.3,1025.48,0.0,0,140.69,0.0,959.54,262.88,1109.71,200.36
ETH_2015_221,0.0,0.0,0.0,0.0,0.0,0.0,0,0.0,0.0,0.0,0.0,0.0,0.0,0.0,0.0,0.0,0,0.0,0.0,0.0,0.0,0.0,0.0,0.0,0.0,0.0,0,0.0,0.0,0.0,0.0,0.0,0.0
ETH_2015_222,2893.0,647387.71,14791.27,2117.0,77.0,6.0,0,14.0,0.0,100.0,108.0,165.0,123.0,393206.12,43693.12,1232.77,0,3359.55,0.0,47529.98,38123.28,75674.81,15690.26,8983.83,998.28,28.17,0,76.76,0.0,1085.95,871.03,1728.99,358.49
ETH_2015_223,3076.0,752872.55,17201.48,2225.0,62.0,10.0,0,8.0,0.0,130.0,109.0,228.0,79.0,453479.95,43785.88,3044.6,0,1193.39,0.0,58973.36,43391.53,115233.39,10166.1,10361.02,1000.41,69.56,0,27.27,0.0,1347.41,991.4,2632.83,232.27
ETH_2015_224,2754.0,615841.97,14070.88,1952.0,82.0,8.0,0,9.0,0.0,108.0,130.0,155.0,122.0,352400.4,41927.66,2436.69,0,2334.95,0.0,47152.29,47198.4,73951.9,16321.79,8051.71,957.97,55.67,0,53.35,0.0,1077.34,1078.4,1689.67,372.92
ETH_2015_225,1.0,7973.19,182.18,0.0,1.0,0.0,0,0.0,0.0,0.0,0.0,0.0,0.0,0.0,7973.19,0.0,0,0.0,0.0,0.0,0.0,0.0,0.0,0.0,182.18,0.0,0,0.0,0.0,0.0,0.0,0.0,0.0
ETH_2015_226,1824.0,484287.56,11065.73,1689.0,22.0,0.0,0,11.0,10.0,44.0,4.0,15.0,10.0,385677.81,29831.85,0.0,0,2373.44,805.38,38182.1,1219.2,19470.48,2153.98,8812.55,681.64,0.0,0,54.23,18.4,872.44,27.86,444.89,49.22
ETH_2015_227,3121.0,746686.78,17061.75,2288.0,85.0,10.0,0,2.0,0.0,127.0,119.0,203.0,87.0,445904.18,53336.11,3044.6,0,1915.58,0.0,60520.45,52371.41,92514.38,13147.63,10188.88,1218.73,69.57,0,43.77,0.0,1382.89,1196.68,2113.95,300.42
ETH_2015_228,1.0,2322.01,53.06,0.0,1.0,0.0,0,0.0,0.0,0.0,0.0,0.0,0.0,0.0,2322.01,0.0,0,0.0,0.0,0.0,0.0,0.0,0.0,0.0,53.06,0.0,0,0.0,0.0,0.0,0.0,0.0,0.0
ETH_2015_229,2728.0,662175.13,15131.5,2325.0,36.0,0.0,0,14.0,0.0,78.0,50.0,83.0,8.0,467897.76,39931.21,0.0,0,9845.93,0.0,44136.07,24212.65,48897.1,1552.16,10692.03,912.48,0.0,0,224.99,0.0,1008.56,553.29,1117.36,35.47
ETH_2015_23,1.0,13796.27,310.53,0.0,0.0,0.0,0,0.0,0.0,0.0,1.0,0.0,0.0,0.0,0.0,0.0,0,0.0,0.0,0.0,13796.27,0.0,0.0,0.0,0.0,0.0,0,0.0,0.0,0.0,310.53,0.0,0.0
ETH_2015_230,2604.0,643520.82,14705.67,2080.0,50.0,5.0,0,11.0,0.0,99.0,65.0,105.0,36.0,412661.68,41100.89,958.63,0,7173.49,0.0,54169.78,32908.41,58993.28,5585.05,9430.1,939.23,21.91,0,163.93,0.0,1237.88,752.02,1348.11,127.63
ETH_2015_231,107.0,56000.94,1279.75,59.0,2.0,0.0,0,11.0,0.0,0.0,0.0,1.0,12.0,17684.05,8680.88,0.0,0,14889.85,0.0,0.0,0.0,2086.71,2329.04,404.12,198.38,0.0,0,340.27,0.0,0.0,0.0,47.69,53.22
ETH_2015_232,894.0,238743.07,5455.98,697.0,11.0,0.0,0,11.0,0.0,36.0,35.0,12.0,24.0,134981.44,6211.0,0.0,0,4381.35,0.0,24756.15,17721.42,10273.78,4034.44,3084.72,141.94,0.0,0,100.13,0.0,565.75,404.99,234.79,92.2
ETH_2015_233,2.0,5372.21,122.77,1.0,0.0,0.0,0,1.0,0.0,0.0,0.0,0.0,0.0,212.32,0.0,0.0,0,5159.89,0.0,0.0,0.0,0.0,0.0,4.85,0.0,0.0,0,117.92,0.0,0.0,0.0,0.0,0.0
ETH_2015_234,239.0,79569.15,1818.44,10.0,3.0,0.0,0,1.0,0.0,3.0,1.0,0.0,0.0,910.54,7955.53,0.0,0,2463.3,0.0,7292.68,4851.37,0.0,0.0,20.81,181.81,0.0,0,56.3,0.0,166.66,110.87,0.0,0.0
ETH_2015_235,0.0,0.0,0.0,0.0,0.0,0.0,0,0.0,0.0,0.0,0.0,0.0,0.0,0.0,0.0,0.0,0,0.0,0.0,0.0,0.0,0.0,0.0,0.0,0.0,0.0,0,0.0,0.0,0.0,0.0,0.0,0.0
ETH_2015_236,5.0,9017.4,206.09,2.0,0.0,0.0,0,1.0,0.0,0.0,0.0,0.0,0.0,821.79,0.0,0.0,0,520.07,0.0,0.0,0.0,0.0,0.0,18.78,0.0,0.0,0,11.89,0.0,0.0,0.0,0.0,0.0
ETH_2015_237,1599.0,426966.46,9758.01,1311.0,42.0,0.0,0,27.0,0.0,43.0,35.0,27.0,10.0,245584.36,34056.59,0.0,0,26619.15,0.0,28489.99,17952.22,17181.14,1861.74,5612.66,778.34,0.0,0,608.36,0.0,651.12,410.29,392.66,42.55
ETH_2015_238,1.0,3876.24,88.59,0.0,0.0,0.0,0,0.0,0.0,0.0,1.0,0.0,0.0,0.0,0.0,0.0,0,0.0,0.0,0.0,3876.24,0.0,0.0,0.0,0.0,0.0,0,0.0,0.0,0.0,88.59,0.0,0.0
ETH_2015_239,19.0,21412.3,489.43,16.0,2.0,0.0,0,0.0,0.0,1.0,0.0,0.0,0.0,9595.03,5391.14,0.0,0,0.0,0.0,6426.13,0.0,0.0,0.0,219.32,123.23,0.0,0,0.0,0.0,146.88,0.0,0.0,0.0
ETH_2015_24,2.0,14323.7,322.41,0.0,0.0,0.0,0,1.0,0.0,0.0,1.0,0.0,0.0,0.0,0.0,0.0,0,126.9,0.0,0.0,14196.8,0.0,0.0,0.0,0.0,0.0,0,2.86,0.0,0.0,319.55,0.0,0.0
ETH_2015_240,10.0,19665.97,449.52,1.0,0.0,0.0,0,6.0,0.0,0.0,1.0,0.0,0.0,435.9,0.0,0.0,0,7792.15,0.0,0.0,9787.34,0.0,0.0,9.96,0.0,0.0,0,178.11,0.0,0.0,223.71,0.0,0.0
ETH_2015_241,21.0,24541.12,561.0,16.0,3.0,0.0,0,0.0,0.0,1.0,1.0,0.0,0.0,10105.4,8388.16,0.0,0,0.0,0.0,3096.47,2951.09,0.0,0.0,231.0,191.75,0.0,0,0.0,0.0,70.78,67.46,0.0,0.0
ETH_2015_242,6.0,17325.47,396.07,1.0,0.0,0.0,0,3.0,0.0,0.0,1.0,0.0,0.0,87.34,0.0,0.0,0,7599.84,0.0,0.0,8835.59,0.0,0.0,2.0,0.0,0.0,0,173.74,0.0,0.0,201.99,0.0,0.0
ETH_2015_243,2.0,13216.49,302.16,0.0,0.0,0.0,0,2.0,0.0,0.0,0.0,0.0,0.0,0.0,0.0,0.0,0,13216.49,0.0,0.0,0.0,0.0,0.0,0.0,0.0,0.0,0,302.16,0.0,0.0,0.0,0.0,0.0
ETH_2015_244,18.0,17698.74,404.67,12.0,0.0,0.0,0,1.0,0.0,4.0,0.0,0.0,0.0,4683.83,0.0,0.0,0,169.97,0.0,10868.53,0.0,0.0,0.0,107.09,0.0,0.0,0,3.89,0.0,248.5,0.0,0.0,0.0
ETH_2015_245,6.0,10359.81,236.87,3.0,0.0,0.0,0,0.0,0.0,2.0,0.0,0.0,0.0,944.28,0.0,0.0,0,0.0,0.0,9004.48,0.0,0.0,0.0,21.59,0.0,0.0,0,0.0,0.0,205.88,0.0,0.0,0.0
ETH_2015_246,83.0,57200.11,1307.93,47.0,1.0,0.0,0,3.0,1.0,4.0,2.0,0.0,0.0,9541.81,10951.11,0.0,0,5460.54,557.64,2606.06,7950.93,0.0,0.0,218.18,250.41,0.0,0,124.86,12.75,59.59,181.81,0.0,0.0
ETH_2015_247,1.0,627.1,14.34,0.0,0.0,0.0,0,0.0,0.0,0.0,0.0,0.0,0.0,0.0,0.0,0.0,0,0.0,0.0,0.0,0.0,0.0,0.0,0.0,0.0,0.0,0,0.0,0.0,0.0,0.0,0.0,0.0
ETH_2015_248,1.0,6762.06,154.66,0.0,0.0,0.0,0,1.0,0.0,0.0,0.0,0.0,0.0,0.0,0.0,0.0,0,6762.06,0.0,0.0,0.0,0.0,0.0,0.0,0.0,0.0,0,154.66,0.0,0.0,0.0,0.0,0.0
ETH_2015_249,3.0,6805.02,155.65,0.0,3.0,0.0,0,0.0,0.0,0.0,0.0,0.0,0.0,0.0,6805.02,0.0,0,0.0,0.0,0.0,0.0,0.0,0.0,0.0,155.65,0.0,0,0.0,0.0,0.0,0.0,0.0,0.0
ETH_2015_25,1.0,8167.54,183.9,0.0,0.0,0.0,0,0.0,0.0,0.0,0.0,0.0,0.0,0.0,0.0,0.0,0,0.0,0.0,0.0,0.0,0.0,0.0,0.0,0.0,0.0,0,0.0,0.0,0.0,0.0,0.0,0.0
ETH_2015_250,3.0,8460.34,193.54,0.0,1.0,0.0,0,0.0,0.0,0.0,0.0,0.0,0.0,0.0,2171.42,0.0,0,0.0,0.0,0.0,0.0,0.0,0.0,0.0,49.67,0.0,0,0.0,0.0,0.0,0.0,0.0,0.0
ETH_2015_251,8.0,18506.06,423.35,0.0,2.0,0.0,0,0.0,0.0,2.0,0.0,0.0,0.0,0.0,8132.42,0.0,0,0.0,0.0,4723.04,0.0,0.0,0.0,0.0,186.04,0.0,0,0.0,0.0,108.05,0.0,0.0,0.0
ETH_2015_252,1.0,7349.73,168.14,0.0,0.0,0.0,0,1.0,0.0,0.0,0.0,0.0,0.0,0.0,0.0,0.0,0,7349.73,0.0,0.0,0.0,0.0,0.0,0.0,0.0,0.0,0,168.14,0.0,0.0,0.0,0.0,0.0
ETH_2015_253,8.0,23907.89,546.98,0.0,1.0,0.0,0,3.0,0.0,2.0,0.0,0.0,0.0,0.0,6925.01,0.0,0,3836.99,0.0,10998.16,0.0,0.0,0.0,0.0,158.44,0.0,0,87.79,0.0,251.62,0.0,0.0,0.0
ETH_2015_254,79.0,53298.29,1219.46,51.0,1.0,0.0,0,4.0,0.0,4.0,3.0,0.0,0.0,16170.94,5516.02,0.0,0,6879.08,0.0,16577.72,4389.03,0.0,0.0,369.99,126.21,0.0,0,157.39,0.0,379.3,100.42,0.0,0.0
ETH_2015_255,3.0,3147.74,72.03,0.0,1.0,0.0,0,2.0,0.0,0.0,0.0,0.0,0.0,0.0,1064.16,0.0,0,2083.57,0.0,0.0,0.0,0.0,0.0,0.0,24.35,0.0,0,47.68,0.0,0.0,0.0,0.0,0.0
ETH_2015_256,7.0,16626.78,380.5,0.0,1.0,0.0,0,3.0,0.0,2.0,0.0,0.0,0.0,0.0,1210.0,0.0,0,4563.19,0.0,9200.43,0.0,0.0,0.0,0.0,27.69,0.0,0,104.43,0.0,210.55,0.0,0.0,0.0
ETH_2015_257,540.0,151991.77,3478.38,453.0,5.0,0.0,0,4.0,0.0,32.0,11.0,10.0,0.0,83572.9,6611.52,0.0,0,10070.62,0.0,30890.61,13967.91,2160.54,0.0,1912.59,151.31,0.0,0,230.47,0.0,706.94,319.66,49.44,0.0
ETH_2015_258,0.0,0.0,0.0,0.0,0.0,0.0,0,0.0,0.0,0.0,0.0,0.0,0.0,0.0,0.0,0.0,0,0.0,0.0,0.0,0.0,0.0,0.0,0.0,0.0,0.0,0,0.0,0.0,0.0,0.0,0.0,0.0
ETH_2015_259,2.0,4033.32,92.31,0.0,0.0,0.0,0,0.0,0.0,1.0,0.0,0.0,0.0,0.0,0.0,0.0,0,0.0,0.0,1820.67,0.0,0.0,0.0,0.0,0.0,0.0,0,0.0,0.0,41.67,0.0,0.0,0.0
ETH_2015_26,164.0,73018.74,1644.44,120.0,0.0,0.0,0,0.0,0.0,9.0,0.0,0.0,1.0,41391.24,0.0,0.0,0,0.0,0.0,16113.2,0.0,0.0,170.34,932.16,0.0,0.0,0,0.0,0.0,362.88,0.0,0.0,3.84
ETH_2015_260,3.0,14073.46,322.12,0.0,0.0,0.0,0,0.0,0.0,2.0,0.0,0.0,0.0,0.0,0.0,0.0,0,0.0,0.0,10131.96,0.0,0.0,0.0,0.0,0.0,0.0,0,0.0,0.0,231.9,0.0,0.0,0.0
ETH_2015_261,112.0,50308.31,1151.47,100.0,3.0,0.0,0,0.0,0.0,4.0,5.0,0.0,0.0,27989.95,8846.5,0.0,0,0.0,0.0,1660.56,11811.29,0.0,0.0,640.64,202.48,0.0,0,0.0,0.0,38.01,270.34,0.0,0.0
ETH_2015_262,265.0,95773.77,2192.09,227.0,7.0,0.0,0,0.0,0.0,12.0,8.0,10.0,0.0,56131.92,8193.16,0.0,0,0.0,0.0,12028.85,17230.07,2096.35,0.0,1284.76,187.53,0.0,0,0.0,0.0,275.32,394.37,47.98,0.0
ETH_2015_263,0.0,0.0,0.0,0.0,0.0,0.0,0,0.0,0.0,0.0,0.0,0.0,0.0,0.0,0.0,0.0,0,0.0,0.0,0.0,0.0,0.0,0.0,0.0,0.0,0.0,0,0.0,0.0,0.0,0.0,0.0,0.0
ETH_2015_264,1.0,7695.11,176.15,0.0,0.0,0.0,0,0.0,0.0,0.0,0.0,0.0,0.0,0.0,0.0,0.0,0,0.0,0.0,0.0,0.0,0.0,0.0,0.0,0.0,0.0,0,0.0,0.0,0.0,0.0,0.0,0.0
ETH_2015_265,19.0,24490.86,560.62,7.0,1.0,0.0,0,1.0,0.0,1.0,0.0,0.0,0.0,3196.34,4285.1,0.0,0,1735.99,0.0,2658.03,0.0,0.0,0.0,73.17,98.09,0.0,0,39.74,0.0,60.84,0.0,0.0,0.0
ETH_2015_266,7.0,22488.74,514.79,0.0,1.0,0.0,0,1.0,0.0,1.0,2.0,0.0,0.0,0.0,3618.68,0.0,0,509.9,0.0,1687.56,12676.14,0.0,0.0,0.0,82.84,0.0,0,11.67,0.0,38.63,290.17,0.0,0.0
ETH_2015_267,3.0,9277.46,212.38,0.0,0.0,0.0,0,3.0,0.0,0.0,0.0,0.0,0.0,0.0,0.0,0.0,0,9277.46,0.0,0.0,0.0,0.0,0.0,0.0,0.0,0.0,0,212.38,0.0,0.0,0.0,0.0,0.0
ETH_2015_268,2.0,5394.7,123.5,1.0,0.0,0.0,0,0.0,0.0,0.0,0.0,0.0,0.0,1506.85,0.0,0.0,0,0.0,0.0,0.0,0.0,0.0,0.0,34.49,0.0,0.0,0,0.0,0.0,0.0,0.0,0.0,0.0
ETH_2015_269,88.0,82864.67,1896.96,44.0,14.0,0.0,0,1.0,0.0,16.0,11.0,0.0,1.0,26314.52,12502.32,0.0,0,3425.32,0.0,20520.06,19953.51,0.0,74.82,602.4,286.21,0.0,0,78.41,0.0,469.75,456.78,0.0,1.71
ETH_2015_27,0.0,0.0,0.0,0.0,0.0,0.0,0,0.0,0.0,0.0,0.0,0.0,0.0,0.0,0.0,0.0,0,0.0,0.0,0.0,0.0,0.0,0.0,0.0,0.0,0.0,0,0.0,0.0,0.0,0.0,0.0,0.0
ETH_2015_270,10.0,21444.93,490.93,0.0,1.0,0.0,0,1.0,0.0,3.0,3.0,0.0,0.0,0.0,83.06,0.0,0,509.9,0.0,4765.98,12089.54,0.0,0.0,0.0,1.9,0.0,0,11.67,0.0,109.11,276.76,0.0,0.0
ETH_2015_271,6.0,14416.14,330.02,0.0,0.0,0.0,0,1.0,0.0,1.0,1.0,0.0,1.0,0.0,0.0,0.0,0,3013.96,0.0,5200.55,4340.13,0.0,772.73,0.0,0.0,0.0,0,69.0,0.0,119.05,99.36,0.0,17.69
ETH_2015_272,35.0,16866.17,386.12,17.0,1.0,0.0,0,1.0,0.0,7.0,0.0,0.0,2.0,7863.49,3820.46,0.0,0,184.89,0.0,3580.44,0.0,0.0,149.59,180.02,87.46,0.0,0,4.23,0.0,81.97,0.0,0.0,3.42
ETH_2015_273,23.0,30295.83,693.62,7.0,2.0,0.0,0,4.0,0.0,1.0,1.0,0.0,0.0,2686.75,7243.33,0.0,0,6137.41,0.0,1209.38,8095.92,0.0,0.0,61.51,165.84,0.0,0,140.52,0.0,27.69,185.36,0.0,0.0
ETH_2015_274,3.0,8373.26,191.71,0.0,0.0,0.0,0,1.0,0.0,2.0,0.0,0.0,0.0,0.0,0.0,0.0,0,3061.6,0.0,5311.66,0.0,0.0,0.0,0.0,0.0,0.0,0,70.1,0.0,121.61,0.0,0.0,0.0
ETH_2015_275,3.0,5003.84,114.56,2.0,0.0,0.0,0,0.0,0.0,0.0,0.0,0.0,0.0,1480.83,0.0,0.0,0,0.0,0.0,0.0,0.0,0.0,0.0,33.9,0.0,0.0,0,0.0,0.0,0.0,0.0,0.0,0.0
ETH_2015_276,3.0,8471.14,193.96,0.0,1.0,0.0,0,0.0,0.0,1.0,1.0,0.0,0.0,0.0,1685.91,0.0,0,0.0,0.0,2499.9,4285.33,0.0,0.0,0.0,38.6,0.0,0,0.0,0.0,57.24,98.12,0.0,0.0
ETH_2015_277,2.0,13666.24,313.04,0.0,1.0,0.0,0,1.0,0.0,0.0,0.0,0.0,0.0,0.0,2707.56,0.0,0,10958.68,0.0,0.0,0.0,0.0,0.0,0.0,62.02,0.0,0,251.02,0.0,0.0,0.0,0.0,0.0
ETH_2015_278,0.0,0.0,0.0,0.0,0.0,0.0,0,0.0,0.0,0.0,0.0,0.0,0.0,0.0,0.0,0.0,0,0.0,0.0,0.0,0.0,0.0,0.0,0.0,0.0,0.0,0,0.0,0.0,0.0,0.0,0.0,0.0
ETH_2015_279,1.0,9236.26,211.61,0.0,0.0,0.0,0,1.0,0.0,0.0,0.0,0.0,0.0,0.0,0.0,0.0,0,9236.26,0.0,0.0,0.0,0.0,0.0,0.0,0.0,0.0,0,211.61,0.0,0.0,0.0,0.0,0.0
ETH_2015_28,0.0,0.0,0.0,0.0,0.0,0.0,0,0.0,0.0,0.0,0.0,0.0,0.0,0.0,0.0,0.0,0,0.0,0.0,0.0,0.0,0.0,0.0,0.0,0.0,0.0,0,0.0,0.0,0.0,0.0,0.0,0.0
ETH_2015_280,0.0,0.0,0.0,0.0,0.0,0.0,0,0.0,0.0,0.0,0.0,0.0,0.0,0.0,0.0,0.0,0,0.0,0.0,0.0,0.0,0.0,0.0,0.0,0.0,0.0,0,0.0,0.0,0.0,0.0,0.0,0.0
ETH_2015_281,0.0,0.0,0.0,0.0,0.0,0.0,0,0.0,0.0,0.0,0.0,0.0,0.0,0.0,0.0,0.0,0,0.0,0.0,0.0,0.0,0.0,0.0,0.0,0.0,0.0,0,0.0,0.0,0.0,0.0,0.0,0.0
ETH_2015_282,0.0,0.0,0.0,0.0,0.0,0.0,0,0.0,0.0,0.0,0.0,0.0,0.0,0.0,0.0,0.0,0,0.0,0.0,0.0,0.0,0.0,0.0,0.0,0.0,0.0,0,0.0,0.0,0.0,0.0,0.0,0.0
ETH_2015_283,12.0,18744.4,429.48,0.0,0.0,0.0,0,4.0,0.0,5.0,0.0,3.0,0.0,0.0,0.0,0.0,0,6682.36,0.0,3995.09,0.0,8066.95,0.0,0.0,0.0,0.0,0,153.11,0.0,91.54,0.0,184.83,0.0
ETH_2015_284,1.0,1629.96,37.35,0.0,0.0,0.0,0,0.0,0.0,1.0,0.0,0.0,0.0,0.0,0.0,0.0,0,0.0,0.0,1629.96,0.0,0.0,0.0,0.0,0.0,0.0,0,0.0,0.0,37.35,0.0,0.0,0.0
ETH_2015_285,0.0,0.0,0.0,0.0,0.0,0.0,0,0.0,0.0,0.0,0.0,0.0,0.0,0.0,0.0,0.0,0,0.0,0.0,0.0,0.0,0.0,0.0,0.0,0.0,0.0,0,0.0,0.0,0.0,0.0,0.0,0.0
ETH_2015_286,0.0,0.0,0.0,0.0,0.0,0.0,0,0.0,0.0,0.0,0.0,0.0,0.0,0.0,0.0,0.0,0,0.0,0.0,0.0,0.0,0.0,0.0,0.0,0.0,0.0,0,0.0,0.0,0.0,0.0,0.0,0.0
ETH_2015_287,6.0,14665.45,336.08,0.0,0.0,0.0,0,0.0,0.0,0.0,2.0,0.0,2.0,0.0,0.0,0.0,0,0.0,0.0,0.0,9064.87,0.0,315.1,0.0,0.0,0.0,0,0.0,0.0,0.0,207.73,0.0,7.22
ETH_2015_288,0.0,0.0,0.0,0.0,0.0,0.0,0,0.0,0.0,0.0,0.0,0.0,0.0,0.0,0.0,0.0,0,0.0,0.0,0.0,0.0,0.0,0.0,0.0,0.0,0.0,0,0.0,0.0,0.0,0.0,0.0,0.0
ETH_2015_289,3.0,13128.59,300.86,0.0,0.0,0.0,0,0.0,0.0,2.0,0.0,0.0,0.0,0.0,0.0,0.0,0,0.0,0.0,10007.76,0.0,0.0,0.0,0.0,0.0,0.0,0,0.0,0.0,229.34,0.0,0.0,0.0
ETH_2015_29,50.0,24439.99,550.5,47.0,0.0,0.0,0,0.0,0.0,1.0,0.0,0.0,0.0,15525.46,0.0,0.0,0,0.0,0.0,4635.63,0.0,0.0,0.0,349.7,0.0,0.0,0,0.0,0.0,104.42,0.0,0.0,0.0
ETH_2015_290,0.0,0.0,0.0,0.0,0.0,0.0,0,0.0,0.0,0.0,0.0,0.0,0.0,0.0,0.0,0.0,0,0.0,0.0,0.0,0.0,0.0,0.0,0.0,0.0,0.0,0,0.0,0.0,0.0,0.0,0.0,0.0
ETH_2015_291,1.0,8293.09,190.06,0.0,0.0,0.0,0,0.0,0.0,0.0,1.0,0.0,0.0,0.0,0.0,0.0,0,0.0,0.0,0.0,8293.09,0.0,0.0,0.0,0.0,0.0,0,0.0,0.0,0.0,190.06,0.0,0.0
ETH_2015_292,0.0,0.0,0.0,0.0,0.0,0.0,0,0.0,0.0,0.0,0.0,0.0,0.0,0.0,0.0,0.0,0,0.0,0.0,0.0,0.0,0.0,0.0,0.0,0.0,0.0,0,0.0,0.0,0.0,0.0,0.0,0.0
ETH_2015_293,496.0,156795.94,3593.54,411.0,0.0,0.0,0,6.0,0.0,31.0,18.0,23.0,2.0,101874.03,0.0,0.0,0,10179.82,0.0,14005.86,8927.17,12835.75,335.11,2334.81,0.0,0.0,0,233.31,0.0,320.99,204.6,294.18,7.68
ETH_2015_294,0.0,0.0,0.0,0.0,0.0,0.0,0,0.0,0.0,0.0,0.0,0.0,0.0,0.0,0.0,0.0,0,0.0,0.0,0.0,0.0,0.0,0.0,0.0,0.0,0.0,0,0.0,0.0,0.0,0.0,0.0,0.0
ETH_2015_295,970.0,286174.55,6559.18,852.0,0.0,0.0,0,4.0,0.0,32.0,24.0,46.0,5.0,212063.65,0.0,0.0,0,5510.45,0.0,16065.8,16976.07,25660.47,1135.26,4860.54,0.0,0.0,0,126.3,0.0,368.23,389.09,588.14,26.02
ETH_2015_296,749.0,233362.35,5349.05,629.0,0.0,0.0,0,5.0,0.0,27.0,20.0,34.0,27.0,164246.48,0.0,0.0,0,4344.47,0.0,12849.13,18264.05,19714.45,5377.26,3764.8,0.0,0.0,0,99.58,0.0,294.52,418.64,451.89,123.26
ETH_2015_297,492.0,152695.06,3500.03,405.0,0.0,0.0,0,4.0,0.0,25.0,18.0,24.0,11.0,104714.33,0.0,0.0,0,4111.15,0.0,11484.96,16233.94,12060.08,1912.32,2400.23,0.0,0.0,0,94.23,0.0,263.25,372.11,276.44,43.83
ETH_2015_298,620.0,196973.07,4514.98,510.0,0.0,0.0,0,4.0,0.0,27.0,18.0,28.0,27.0,135578.19,0.0,0.0,0,4347.97,0.0,12849.13,17289.12,16465.43,5377.26,3107.7,0.0,0.0,0,99.66,0.0,294.53,396.3,377.42,123.26
ETH_2015_299,1090.0,323824.75,7422.73,935.0,0.0,0.0,0,6.0,0.0,32.0,25.0,48.0,36.0,237572.36,0.0,0.0,0,4452.18,0.0,15562.02,21370.23,25628.94,8605.44,5445.65,0.0,0.0,0,102.05,0.0,356.71,489.85,587.47,197.25
ETH_2015_3,1.0,2326.22,52.11,0.0,0.0,0.0,0,1.0,0.0,0.0,0.0,0.0,0.0,0.0,0.0,0.0,0,2326.22,0.0,0.0,0.0,0.0,0.0,0.0,0.0,0.0,0,52.11,0.0,0.0,0.0,0.0,0.0
ETH_2015_30,2.0,8319.48,187.41,0.0,0.0,0.0,0,0.0,0.0,1.0,0.0,0.0,0.0,0.0,0.0,0.0,0,0.0,0.0,6500.97,0.0,0.0,0.0,0.0,0.0,0.0,0,0.0,0.0,146.44,0.0,0.0,0.0
ETH_2015_300,1121.0,333342.4,7640.99,965.0,0.0,0.0,0,7.0,0.0,32.0,25.0,48.0,36.0,246295.25,0.0,0.0,0,4958.9,0.0,15928.35,20935.26,25985.64,8605.44,5645.67,0.0,0.0,0,113.67,0.0,365.12,479.89,595.65,197.26
ETH_2015_301,772.0,226397.53,5189.63,658.0,0.0,0.0,0,2.0,0.0,12.0,21.0,43.0,31.0,172055.11,0.0,0.0,0,1285.71,0.0,6472.95,10880.75,19784.24,7649.03,3943.96,0.0,0.0,0,29.47,0.0,148.38,249.42,453.51,175.34
ETH_2015_302,1137.0,338432.13,7757.84,979.0,0.0,0.0,0,7.0,0.0,32.0,27.0,48.0,36.0,252849.97,0.0,0.0,0,4786.88,0.0,16135.61,20841.79,26474.54,8605.44,5796.05,0.0,0.0,0,109.73,0.0,369.87,477.75,606.87,197.26
ETH_2015_303,0.0,0.0,0.0,0.0,0.0,0.0,0,0.0,0.0,0.0,0.0,0.0,0.0,0.0,0.0,0.0,0,0.0,0.0,0.0,0.0,0.0,0.0,0.0,0.0,0.0,0,0.0,0.0,0.0,0.0,0.0,0.0
ETH_2015_304,1059.0,307874.52,7057.48,905.0,0.0,0.0,0,7.0,0.0,32.0,28.0,48.0,34.0,227871.9,0.0,0.0,0,4373.66,0.0,15622.51,19601.02,25515.35,8270.32,5223.56,0.0,0.0,0,100.26,0.0,358.12,449.32,584.89,189.58
ETH_2015_305,1016.0,302519.75,6934.73,859.0,0.0,0.0,0,7.0,0.0,32.0,27.0,47.0,36.0,219359.04,0.0,0.0,0,4675.64,0.0,14741.42,22444.86,25184.08,8605.44,5028.42,0.0,0.0,0,107.18,0.0,337.92,514.51,577.3,197.26
ETH_2015_306,0.0,0.0,0.0,0.0,0.0,0.0,0,0.0,0.0,0.0,0.0,0.0,0.0,0.0,0.0,0.0,0,0.0,0.0,0.0,0.0,0.0,0.0,0.0,0.0,0.0,0,0.0,0.0,0.0,0.0,0.0,0.0
ETH_2015_307,1004.0,297562.2,6821.58,864.0,0.0,0.0,0,5.0,0.0,27.0,25.0,40.0,36.0,223998.41,0.0,0.0,0,2842.55,0.0,13331.13,20283.92,23803.46,8605.44,5135.14,0.0,0.0,0,65.16,0.0,305.61,465.01,545.69,197.28
ETH_2015_308,113.0,48787.51,1118.45,98.0,0.0,0.0,0,2.0,0.0,1.0,6.0,1.0,3.0,37995.28,0.0,0.0,0,483.4,0.0,186.05,6805.97,462.61,911.34,871.04,0.0,0.0,0,11.08,0.0,4.27,156.03,10.61,20.89
ETH_2015_309,0.0,0.0,0.0,0.0,0.0,0.0,0,0.0,0.0,0.0,0.0,0.0,0.0,0.0,0.0,0.0,0,0.0,0.0,0.0,0.0,0.0,0.0,0.0,0.0,0.0,0,0.0,0.0,0.0,0.0,0.0,0.0
ETH_2015_31,3.0,8724.49,196.55,0.0,0.0,0.0,0,0.0,0.0,1.0,0.0,0.0,0.0,0.0,0.0,0.0,0,0.0,0.0,2709.98,0.0,0.0,0.0,0.0,0.0,0.0,0,0.0,0.0,61.05,0.0,0.0,0.0
ETH_2015_310,586.0,164735.64,3776.65,522.0,0.0,0.0,0,3.0,0.0,5.0,13.0,24.0,14.0,133122.62,0.0,0.0,0,1976.12,0.0,3609.77,7286.24,10904.49,4375.86,3051.9,0.0,0.0,0,45.3,0.0,82.76,167.04,249.99,100.32
ETH_2015_311,6.0,10204.36,233.95,0.0,0.0,0.0,0,2.0,0.0,0.0,3.0,0.0,0.0,0.0,0.0,0.0,0,1365.44,0.0,0.0,7327.89,0.0,0.0,0.0,0.0,0.0,0,31.3,0.0,0.0,168.0,0.0,0.0
ETH_2015_312,0.0,0.0,0.0,0.0,0.0,0.0,0,0.0,0.0,0.0,0.0,0.0,0.0,0.0,0.0,0.0,0,0.0,0.0,0.0,0.0,0.0,0.0,0.0,0.0,0.0,0,0.0,0.0,0.0,0.0,0.0,0.0
ETH_2015_313,0.0,0.0,0.0,0.0,0.0,0.0,0,0.0,0.0,0.0,0.0,0.0,0.0,0.0,0.0,0.0,0,0.0,0.0,0.0,0.0,0.0,0.0,0.0,0.0,0.0,0,0.0,0.0,0.0,0.0,0.0,0.0
ETH_2015_314,254.0,80732.07,1851.31,229.0,6.0,0.0,0,0.0,0.0,15.0,0.0,0.0,0.0,56208.43,7477.25,0.0,0,0.0,0.0,15153.6,0.0,0.0,0.0,1288.95,171.46,0.0,0,0.0,0.0,347.5,0.0,0.0,0.0
ETH_2015_315,0.0,0.0,0.0,0.0,0.0,0.0,0,0.0,0.0,0.0,0.0,0.0,0.0,0.0,0.0,0.0,0,0.0,0.0,0.0,0.0,0.0,0.0,0.0,0.0,0.0,0,0.0,0.0,0.0,0.0,0.0,0.0
ETH_2015_316,0.0,0.0,0.0,0.0,0.0,0.0,0,0.0,0.0,0.0,0.0,0.0,0.0,0.0,0.0,0.0,0,0.0,0.0,0.0,0.0,0.0,0.0,0.0,0.0,0.0,0,0.0,0.0,0.0,0.0,0.0,0.0
ETH_2015_317,3.0,12939.59,296.84,1.0,1.0,0.0,0,0.0,0.0,0.0,1.0,0.0,0.0,1165.09,4787.2,0.0,0,0.0,0.0,0.0,6987.3,0.0,0.0,26.73,109.82,0.0,0,0.0,0.0,0.0,160.29,0.0,0.0
ETH_2015_318,3.0,7548.03,173.17,0.0,3.0,0.0,0,0.0,0.0,0.0,0.0,0.0,0.0,0.0,7548.03,0.0,0,0.0,0.0,0.0,0.0,0.0,0.0,0.0,173.17,0.0,0,0.0,0.0,0.0,0.0,0.0,0.0
ETH_2015_319,0.0,0.0,0.0,0.0,0.0,0.0,0,0.0,0.0,0.0,0.0,0.0,0.0,0.0,0.0,0.0,0,0.0,0.0,0.0,0.0,0.0,0.0,0.0,0.0,0.0,0,0.0,0.0,0.0,0.0,0.0,0.0
ETH_2015_32,0.0,0.0,0.0,0.0,0.0,0.0,0,0.0,0.0,0.0,0.0,0.0,0.0,0.0,0.0,0.0,0,0.0,0.0,0.0,0.0,0.0,0.0,0.0,0.0,0.0,0,0.0,0.0,0.0,0.0,0.0,0.0
ETH_2015_320,4.0,11864.26,272.21,1.0,1.0,0.0,0,1.0,0.0,0.0,1.0,0.0,0.0,1779.82,7798.55,0.0,0,2136.97,0.0,0.0,148.93,0.0,0.0,40.84,178.93,0.0,0,49.03,0.0,0.0,3.42,0.0,0.0
ETH_2015_321,4.0,10004.63,229.55,0.0,0.0,0.0,0,1.0,0.0,0.0,1.0,0.0,0.0,0.0,0.0,0.0,0,2361.33,0.0,0.0,6292.67,0.0,0.0,0.0,0.0,0.0,0,54.18,0.0,0.0,144.38,0.0,0.0
ETH_2015_322,7.0,13409.13,307.7,3.0,1.0,0.0,0,2.0,0.0,0.0,0.0,0.0,0.0,1390.48,4976.18,0.0,0,3900.22,0.0,0.0,0.0,0.0,0.0,31.91,114.19,0.0,0,89.5,0.0,0.0,0.0,0.0,0.0
ETH_2015_323,3.0,9929.77,227.87,0.0,0.0,0.0,0,1.0,0.0,1.0,0.0,0.0,0.0,0.0,0.0,0.0,0,1032.31,0.0,4212.52,0.0,0.0,0.0,0.0,0.0,0.0,0,23.69,0.0,96.67,0.0,0.0,0.0
ETH_2015_324,0.0,0.0,0.0,0.0,0.0,0.0,0,0.0,0.0,0.0,0.0,0.0,0.0,0.0,0.0,0.0,0,0.0,0.0,0.0,0.0,0.0,0.0,0.0,0.0,0.0,0,0.0,0.0,0.0,0.0,0.0,0.0
ETH_2015_325,4.0,13796.91,316.72,0.0,0.0,0.0,0,3.0,0.0,0.0,0.0,0.0,0.0,0.0,0.0,0.0,0,8097.14,0.0,0.0,0.0,0.0,0.0,0.0,0.0,0.0,0,185.88,0.0,0.0,0.0,0.0,0.0
ETH_2015_326,19.0,34345.41,788.44,0.0,0.0,0.0,0,16.0,0.0,1.0,0.0,0.0,0.0,0.0,0.0,0.0,0,23092.46,0.0,10463.44,0.0,0.0,0.0,0.0,0.0,0.0,0,530.12,0.0,240.2,0.0,0.0,0.0
ETH_2015_327,0.0,0.0,0.0,0.0,0.0,0.0,0,0.0,0.0,0.0,0.0,0.0,0.0,0.0,0.0,0.0,0,0.0,0.0,0.0,0.0,0.0,0.0,0.0,0.0,0.0,0,0.0,0.0,0.0,0.0,0.0,0.0
ETH_2015_328,4.0,13634.45,313.08,0.0,1.0,0.0,0,2.0,0.0,0.0,0.0,0.0,0.0,0.0,6537.22,0.0,0,3225.37,0.0,0.0,0.0,0.0,0.0,0.0,150.11,0.0,0,74.06,0.0,0.0,0.0,0.0,0.0
ETH_2015_329,0.0,0.0,0.0,0.0,0.0,0.0,0,0.0,0.0,0.0,0.0,0.0,0.0,0.0,0.0,0.0,0,0.0,0.0,0.0,0.0,0.0,0.0,0.0,0.0,0.0,0,0.0,0.0,0.0,0.0,0.0,0.0
ETH_2015_33,1.0,22.87,0.52,1.0,0.0,0.0,0,0.0,0.0,0.0,0.0,0.0,0.0,22.87,0.0,0.0,0,0.0,0.0,0.0,0.0,0.0,0.0,0.52,0.0,0.0,0,0.0,0.0,0.0,0.0,0.0,0.0
ETH_2015_330,2.0,7379.63,169.56,0.0,0.0,0.0,0,2.0,0.0,0.0,0.0,0.0,0.0,0.0,0.0,0.0,0,7379.63,0.0,0.0,0.0,0.0,0.0,0.0,0.0,0.0,0,169.56,0.0,0.0,0.0,0.0,0.0
ETH_2015_331,23.0,35147.99,807.69,15.0,1.0,0.0,0,6.0,0.0,0.0,0.0,0.0,0.0,10198.92,13304.1,0.0,0,8505.87,0.0,0.0,0.0,0.0,0.0,234.37,305.72,0.0,0,195.46,0.0,0.0,0.0,0.0,0.0
ETH_2015_332,12.0,14145.92,325.08,5.0,0.0,0.0,0,1.0,0.0,1.0,0.0,0.0,0.0,2808.23,0.0,0.0,0,508.85,0.0,2338.18,0.0,0.0,0.0,64.54,0.0,0.0,0,11.69,0.0,53.73,0.0,0.0,0.0
ETH_2015_333,437.0,185691.69,4268.59,359.0,10.0,0.0,0,2.0,0.0,7.0,18.0,2.0,0.0,112340.34,12777.26,0.0,0,1718.03,0.0,6593.33,18370.04,14.57,0.0,2582.42,293.72,0.0,0,39.49,0.0,151.56,422.28,0.34,0.0
ETH_2015_334,0.0,0.0,0.0,0.0,0.0,0.0,0,0.0,0.0,0.0,0.0,0.0,0.0,0.0,0.0,0.0,0,0.0,0.0,0.0,0.0,0.0,0.0,0.0,0.0,0.0,0,0.0,0.0,0.0,0.0,0.0,0.0
ETH_2015_335,1.0,7081.83,162.8,0.0,0.0,0.0,0,0.0,0.0,1.0,0.0,0.0,0.0,0.0,0.0,0.0,0,0.0,0.0,7081.83,0.0,0.0,0.0,0.0,0.0,0.0,0,0.0,0.0,162.8,0.0,0.0,0.0
ETH_2015_336,5.0,11194.8,257.42,4.0,0.0,0.0,0,0.0,0.0,0.0,1.0,0.0,0.0,2523.34,0.0,0.0,0,0.0,0.0,0.0,8671.46,0.0,0.0,58.02,0.0,0.0,0,0.0,0.0,0.0,199.4,0.0,0.0
ETH_2015_337,0.0,0.0,0.0,0.0,0.0,0.0,0,0.0,0.0,0.0,0.0,0.0,0.0,0.0,0.0,0.0,0,0.0,0.0,0.0,0.0,0.0,0.0,0.0,0.0,0.0,0,0.0,0.0,0.0,0.0,0.0,0.0
ETH_2015_338,1.0,11515.02,264.87,0.0,0.0,0.0,0,0.0,0.0,0.0,1.0,0.0,0.0,0.0,0.0,0.0,0,0.0,0.0,0.0,11515.02,0.0,0.0,0.0,0.0,0.0,0,0.0,0.0,0.0,264.87,0.0,0.0
ETH_2015_339,0.0,0.0,0.0,0.0,0.0,0.0,0,0.0,0.0,0.0,0.0,0.0,0.0,0.0,0.0,0.0,0,0.0,0.0,0.0,0.0,0.0,0.0,0.0,0.0,0.0,0,0.0,0.0,0.0,0.0,0.0,0.0
ETH_2015_34,36.0,29650.25,668.17,32.0,0.0,0.0,0,2.0,0.0,1.0,0.0,0.0,0.0,12495.8,0.0,0.0,0,8630.28,0.0,7054.78,0.0,0.0,0.0,281.59,0.0,0.0,0,194.48,0.0,158.98,0.0,0.0,0.0
ETH_2015_340,0.0,0.0,0.0,0.0,0.0,0.0,0,0.0,0.0,0.0,0.0,0.0,0.0,0.0,0.0,0.0,0,0.0,0.0,0.0,0.0,0.0,0.0,0.0,0.0,0.0,0,0.0,0.0,0.0,0.0,0.0,0.0
ETH_2015_341,6.0,17496.74,402.91,0.0,3.0,0.0,0,0.0,0.0,0.0,3.0,0.0,0.0,0.0,12455.5,0.0,0,0.0,0.0,0.0,5041.23,0.0,0.0,0.0,286.82,0.0,0,0.0,0.0,0.0,116.09,0.0,0.0
ETH_2015_342,0.0,0.0,0.0,0.0,0.0,0.0,0,0.0,0.0,0.0,0.0,0.0,0.0,0.0,0.0,0.0,0,0.0,0.0,0.0,0.0,0.0,0.0,0.0,0.0,0.0,0,0.0,0.0,0.0,0.0,0.0,0.0
ETH_2015_343,2.0,8510.27,196.05,1.0,0.0,0.0,0,0.0,0.0,0.0,1.0,0.0,0.0,1423.14,0.0,0.0,0,0.0,0.0,0.0,7087.13,0.0,0.0,32.79,0.0,0.0,0,0.0,0.0,0.0,163.27,0.0,0.0
ETH_2015_344,4.0,9741.82,224.43,0.0,3.0,0.0,0,0.0,0.0,1.0,0.0,0.0,0.0,0.0,7865.25,0.0,0,0.0,0.0,1876.57,0.0,0.0,0.0,0.0,181.2,0.0,0,0.0,0.0,43.23,0.0,0.0,0.0
ETH_2015_345,4.0,9087.05,209.36,3.0,0.0,0.0,0,0.0,0.0,0.0,0.0,0.0,0.0,1577.31,0.0,0.0,0,0.0,0.0,0.0,0.0,0.0,0.0,36.34,0.0,0.0,0,0.0,0.0,0.0,0.0,0.0,0.0
ETH_2015_346,1.0,7405.76,170.65,0.0,0.0,0.0,0,1.0,0.0,0.0,0.0,0.0,0.0,0.0,0.0,0.0,0,7405.76,0.0,0.0,0.0,0.0,0.0,0.0,0.0,0.0,0,170.65,0.0,0.0,0.0,0.0,0.0
ETH_2015_347,3.0,7328.1,168.89,0.0,0.0,0.0,0,0.0,0.0,0.0,0.0,3.0,0.0,0.0,0.0,0.0,0,0.0,0.0,0.0,0.0,7328.1,0.0,0.0,0.0,0.0,0,0.0,0.0,0.0,0.0,168.89,0.0
ETH_2015_348,4.0,11310.66,260.7,0.0,0.0,0.0,0,3.0,0.0,0.0,0.0,1.0,0.0,0.0,0.0,0.0,0,4641.62,0.0,0.0,0.0,6669.04,0.0,0.0,0.0,0.0,0,106.98,0.0,0.0,0.0,153.71,0.0
ETH_2015_349,2.0,10426.23,240.32,0.0,0.0,0.0,0,0.0,0.0,0.0,1.0,0.0,0.0,0.0,0.0,0.0,0,0.0,0.0,0.0,4655.52,0.0,0.0,0.0,0.0,0.0,0,0.0,0.0,0.0,107.31,0.0,0.0
ETH_2015_35,0.0,0.0,0.0,0.0,0.0,0.0,0,0.0,0.0,0.0,0.0,0.0,0.0,0.0,0.0,0.0,0,0.0,0.0,0.0,0.0,0.0,0.0,0.0,0.0,0.0,0,0.0,0.0,0.0,0.0,0.0,0.0
ETH_2015_350,0.0,0.0,0.0,0.0,0.0,0.0,0,0.0,0.0,0.0,0.0,0.0,0.0,0.0,0.0,0.0,0,0.0,0.0,0.0,0.0,0.0,0.0,0.0,0.0,0.0,0,0.0,0.0,0.0,0.0,0.0,0.0
ETH_2015_351,1.0,7775.17,179.25,0.0,0.0,0.0,0,1.0,0.0,0.0,0.0,0.0,0.0,0.0,0.0,0.0,0,7775.17,0.0,0.0,0.0,0.0,0.0,0.0,0.0,0.0,0,179.25,0.0,0.0,0.0,0.0,0.0
ETH_2015_352,85.0,38954.99,898.24,75.0,5.0,0.0,0,1.0,0.0,1.0,0.0,0.0,1.0,25434.38,9121.55,0.0,0,721.02,0.0,3087.07,0.0,0.0,235.19,586.48,210.33,0.0,0,16.63,0.0,71.18,0.0,0.0,5.42
ETH_2015_353,1.0,2370.9,54.67,0.0,0.0,0.0,0,1.0,0.0,0.0,0.0,0.0,0.0,0.0,0.0,0.0,0,2370.9,0.0,0.0,0.0,0.0,0.0,0.0,0.0,0.0,0,54.67,0.0,0.0,0.0,0.0,0.0
ETH_2015_354,18.0,12305.49,283.76,15.0,0.0,0.0,0,1.0,0.0,0.0,2.0,0.0,0.0,3099.62,0.0,0.0,0,635.13,0.0,0.0,8570.74,0.0,0.0,71.48,0.0,0.0,0,14.65,0.0,0.0,197.64,0.0,0.0
ETH_2015_355,22.0,21870.96,504.34,20.0,1.0,0.0,0,1.0,0.0,0.0,0.0,0.0,0.0,4545.12,9124.16,0.0,0,8201.68,0.0,0.0,0.0,0.0,0.0,104.81,210.4,0.0,0,189.13,0.0,0.0,0.0,0.0,0.0
ETH_2015_356,1.0,7195.84,165.94,0.0,0.0,0.0,0,0.0,0.0,0.0,0.0,1.0,0.0,0.0,0.0,0.0,0,0.0,0.0,0.0,0.0,7195.84,0.0,0.0,0.0,0.0,0,0.0,0.0,0.0,0.0,165.94,0.0
ETH_2015_357,1.0,6251.81,144.17,0.0,0.0,0.0,0,1.0,0.0,0.0,0.0,0.0,0.0,0.0,0.0,0.0,0,6251.81,0.0,0.0,0.0,0.0,0.0,0.0,0.0,0.0,0,144.17,0.0,0.0,0.0,0.0,0.0
ETH_2015_358,1.0,11040.04,254.59,0.0,0.0,0.0,0,0.0,0.0,0.0,1.0,0.0,0.0,0.0,0.0,0.0,0,0.0,0.0,0.0,11040.04,0.0,0.0,0.0,0.0,0.0,0,0.0,0.0,0.0,254.59,0.0,0.0
ETH_2015_359,1.0,8301.76,191.46,0.0,1.0,0.0,0,0.0,0.0,0.0,0.0,0.0,0.0,0.0,8301.76,0.0,0,0.0,0.0,0.0,0.0,0.0,0.0,0.0,191.46,0.0,0,0.0,0.0,0.0,0.0,0.0,0.0
ETH_2015_36,320.0,125882.93,2836.99,279.0,0.0,0.0,0,6.0,0.0,6.0,2.0,15.0,6.0,83266.83,0.0,0.0,0,2781.07,0.0,6208.58,7903.8,15228.02,1166.95,1876.56,0.0,0.0,0,62.68,0.0,139.92,178.13,343.19,26.3
ETH_2015_360,218.0,72051.55,1661.67,62.0,1.0,0.0,0,9.0,0.0,1.0,0.0,0.0,1.0,17921.35,7855.99,0.0,0,8178.29,0.0,4019.54,0.0,0.0,235.19,413.31,181.18,0.0,0,188.61,0.0,92.7,0.0,0.0,5.42
ETH_2015_361,148.0,56677.38,1308.22,142.0,1.0,0.0,0,0.0,0.0,5.0,0.0,0.0,0.0,36135.67,5753.61,0.0,0,0.0,0.0,14788.1,0.0,0.0,0.0,834.08,132.8,0.0,0,0.0,0.0,341.34,0.0,0.0,0.0
ETH_2015_362,0.0,0.0,0.0,0.0,0.0,0.0,0,0.0,0.0,0.0,0.0,0.0,0.0,0.0,0.0,0.0,0,0.0,0.0,0.0,0.0,0.0,0.0,0.0,0.0,0.0,0,0.0,0.0,0.0,0.0,0.0,0.0
ETH_2015_363,2.0,7487.77,172.84,0.0,0.0,0.0,0,1.0,0.0,0.0,1.0,0.0,0.0,0.0,0.0,0.0,0,97.14,0.0,0.0,7390.63,0.0,0.0,0.0,0.0,0.0,0,2.24,0.0,0.0,170.6,0.0,0.0
ETH_2015_364,2.0,15256.95,352.24,0.0,0.0,0.0,0,1.0,0.0,0.0,1.0,0.0,0.0,0.0,0.0,0.0,0,5630.43,0.0,0.0,9626.52,0.0,0.0,0.0,0.0,0.0,0,129.99,0.0,0.0,222.25,0.0,0.0
ETH_2015_365,0.0,0.0,0.0,0.0,0.0,0.0,0,0.0,0.0,0.0,0.0,0.0,0.0,0.0,0.0,0.0,0,0.0,0.0,0.0,0.0,0.0,0.0,0.0,0.0,0.0,0,0.0,0.0,0.0,0.0,0.0,0.0
ETH_2015_366,1.0,8437.61,194.89,0.0,0.0,0.0,0,0.0,0.0,0.0,1.0,0.0,0.0,0.0,0.0,0.0,0,0.0,0.0,0.0,8437.61,0.0,0.0,0.0,0.0,0.0,0,0.0,0.0,0.0,194.89,0.0,0.0
ETH_2015_367,7.0,7286.61,168.31,6.0,1.0,0.0,0,0.0,0.0,0.0,0.0,0.0,0.0,1098.72,6187.89,0.0,0,0.0,0.0,0.0,0.0,0.0,0.0,25.38,142.93,0.0,0,0.0,0.0,0.0,0.0,0.0,0.0
ETH_2015_368,7.0,11282.91,260.67,5.0,0.0,0.0,0,0.0,0.0,1.0,0.0,0.0,0.0,2757.05,0.0,0.0,0,0.0,0.0,5317.62,0.0,0.0,0.0,63.7,0.0,0.0,0,0.0,0.0,122.85,0.0,0.0,0.0
ETH_2015_369,1.0,7785.23,179.86,0.0,0.0,0.0,0,0.0,0.0,0.0,1.0,0.0,0.0,0.0,0.0,0.0,0,0.0,0.0,0.0,7785.23,0.0,0.0,0.0,0.0,0.0,0,0.0,0.0,0.0,179.86,0.0,0.0
ETH_2015_37,408.0,167657.61,3778.6,347.0,0.0,0.0,0,6.0,0.0,9.0,6.0,26.0,8.0,110739.54,0.0,0.0,0,4096.92,0.0,11678.62,8628.38,19943.39,1314.27,2495.8,0.0,0.0,0,92.33,0.0,263.21,194.46,449.48,29.62
ETH_2015_370,6.0,9516.94,219.88,4.0,0.0,0.0,0,0.0,0.0,0.0,2.0,0.0,0.0,1778.82,0.0,0.0,0,0.0,0.0,0.0,7738.12,0.0,0.0,41.1,0.0,0.0,0,0.0,0.0,0.0,178.78,0.0,0.0
ETH_2015_371,1.0,1032.19,23.85,0.0,0.0,0.0,0,0.0,0.0,0.0,1.0,0.0,0.0,0.0,0.0,0.0,0,0.0,0.0,0.0,1032.19,0.0,0.0,0.0,0.0,0.0,0,0.0,0.0,0.0,23.85,0.0,0.0
ETH_2015_372,0.0,0.0,0.0,0.0,0.0,0.0,0,0.0,0.0,0.0,0.0,0.0,0.0,0.0,0.0,0.0,0,0.0,0.0,0.0,0.0,0.0,0.0,0.0,0.0,0.0,0,0.0,0.0,0.0,0.0,0.0,0.0
ETH_2015_373,0.0,0.0,0.0,0.0,0.0,0.0,0,0.0,0.0,0.0,0.0,0.0,0.0,0.0,0.0,0.0,0,0.0,0.0,0.0,0.0,0.0,0.0,0.0,0.0,0.0,0,0.0,0.0,0.0,0.0,0.0,0.0
ETH_2015_374,6.0,1916.85,44.31,4.0,0.0,0.0,0,0.0,0.0,2.0,0.0,0.0,0.0,548.36,0.0,0.0,0,0.0,0.0,1368.49,0.0,0.0,0.0,12.68,0.0,0.0,0,0.0,0.0,31.63,0.0,0.0,0.0
ETH_2015_375,0.0,0.0,0.0,0.0,0.0,0.0,0,0.0,0.0,0.0,0.0,0.0,0.0,0.0,0.0,0.0,0,0.0,0.0,0.0,0.0,0.0,0.0,0.0,0.0,0.0,0,0.0,0.0,0.0,0.0,0.0,0.0
ETH_2015_376,9.0,10266.57,237.36,7.0,0.0,0.0,0,1.0,0.0,0.0,1.0,0.0,0.0,1702.9,0.0,0.0,0,168.14,0.0,0.0,8395.53,0.0,0.0,39.37,0.0,0.0,0,3.89,0.0,0.0,194.1,0.0,0.0
ETH_2015_377,1.0,14927.91,345.17,0.0,0.0,0.0,0,0.0,0.0,1.0,0.0,0.0,0.0,0.0,0.0,0.0,0,0.0,0.0,14927.91,0.0,0.0,0.0,0.0,0.0,0.0,0,0.0,0.0,345.17,0.0,0.0,0.0
ETH_2015_378,1.0,7865.58,181.89,0.0,0.0,0.0,0,0.0,0.0,1.0,0.0,0.0,0.0,0.0,0.0,0.0,0,0.0,0.0,7865.58,0.0,0.0,0.0,0.0,0.0,0.0,0,0.0,0.0,181.89,0.0,0.0,0.0
ETH_2015_379,0.0,0.0,0.0,0.0,0.0,0.0,0,0.0,0.0,0.0,0.0,0.0,0.0,0.0,0.0,0.0,0,0.0,0.0,0.0,0.0,0.0,0.0,0.0,0.0,0.0,0,0.0,0.0,0.0,0.0,0.0,0.0
ETH_2015_38,6.0,10764.5,242.62,3.0,0.0,0.0,0,0.0,0.0,2.0,0.0,0.0,0.0,418.16,0.0,0.0,0,0.0,0.0,10100.81,0.0,0.0,0.0,9.42,0.0,0.0,0,0.0,0.0,227.66,0.0,0.0,0.0
ETH_2015_380,0.0,0.0,0.0,0.0,0.0,0.0,0,0.0,0.0,0.0,0.0,0.0,0.0,0.0,0.0,0.0,0,0.0,0.0,0.0,0.0,0.0,0.0,0.0,0.0,0.0,0,0.0,0.0,0.0,0.0,0.0,0.0
ETH_2015_381,0.0,0.0,0.0,0.0,0.0,0.0,0,0.0,0.0,0.0,0.0,0.0,0.0,0.0,0.0,0.0,0,0.0,0.0,0.0,0.0,0.0,0.0,0.0,0.0,0.0,0,0.0,0.0,0.0,0.0,0.0,0.0
ETH_2015_382,3.0,10434.8,241.44,0.0,1.0,0.0,0,0.0,0.0,1.0,0.0,0.0,1.0,0.0,8183.27,0.0,0,0.0,0.0,1889.9,0.0,0.0,361.64,0.0,189.35,0.0,0,0.0,0.0,43.73,0.0,0.0,8.37
ETH_2015_383,351.0,118146.98,2733.83,311.0,12.0,0.0,0,1.0,0.0,9.0,1.0,0.0,8.0,88682.43,10452.8,0.0,0,152.77,0.0,10198.27,2371.07,0.0,2222.99,2052.04,241.87,0.0,0,3.53,0.0,235.98,54.86,0.0,51.44
ETH_2015_384,301.0,126060.38,2917.26,283.0,4.0,0.0,0,1.0,0.0,7.0,2.0,0.0,3.0,91074.72,10128.39,0.0,0,322.78,0.0,15345.16,6935.76,0.0,476.44,2107.63,234.39,0.0,0,7.47,0.0,355.11,160.51,0.0,11.03
ETH_2015_385,0.0,0.0,0.0,0.0,0.0,0.0,0,0.0,0.0,0.0,0.0,0.0,0.0,0.0,0.0,0.0,0,0.0,0.0,0.0,0.0,0.0,0.0,0.0,0.0,0.0,0,0.0,0.0,0.0,0.0,0.0,0.0
ETH_2015_386,1.0,8966.11,207.5,0.0,0.0,0.0,0,0.0,0.0,0.0,0.0,1.0,0.0,0.0,0.0,0.0,0,0.0,0.0,0.0,0.0,8966.11,0.0,0.0,0.0,0.0,0,0.0,0.0,0.0,0.0,207.5,0.0
ETH_2015_387,363.0,139944.19,3239.28,342.0,6.0,0.0,0,2.0,0.0,7.0,2.0,0.0,4.0,113486.42,9148.67,0.0,0,815.93,0.0,11453.05,4111.99,0.0,928.14,2626.87,211.76,0.0,0,18.89,0.0,265.1,95.18,0.0,21.48
ETH_2015_388,362.0,139816.76,3236.34,341.0,6.0,0.0,0,2.0,0.0,7.0,2.0,0.0,4.0,113157.67,9354.67,0.0,0,815.93,0.0,11433.32,4127.04,0.0,928.14,2619.26,216.53,0.0,0,18.89,0.0,264.65,95.53,0.0,21.48
ETH_2015_389,1.0,4133.68,95.71,0.0,0.0,0.0,0,0.0,0.0,0.0,0.0,0.0,0.0,0.0,0.0,0.0,0,0.0,0.0,0.0,0.0,0.0,0.0,0.0,0.0,0.0,0,0.0,0.0,0.0,0.0,0.0,0.0
ETH_2015_39,305.0,131151.71,2956.22,264.0,0.0,0.0,0,4.0,0.0,7.0,5.0,20.0,1.0,92022.13,0.0,0.0,0,993.23,0.0,8034.73,6003.75,17965.02,63.96,2074.22,0.0,0.0,0,22.39,0.0,181.11,135.33,404.94,1.44
ETH_2015_390,2.0,9370.86,217.01,0.0,1.0,0.0,0,0.0,0.0,1.0,0.0,0.0,0.0,0.0,1445.46,0.0,0,0.0,0.0,7925.41,0.0,0.0,0.0,0.0,33.47,0.0,0,0.0,0.0,183.54,0.0,0.0,0.0
ETH_2015_391,0.0,0.0,0.0,0.0,0.0,0.0,0,0.0,0.0,0.0,0.0,0.0,0.0,0.0,0.0,0.0,0,0.0,0.0,0.0,0.0,0.0,0.0,0.0,0.0,0.0,0,0.0,0.0,0.0,0.0,0.0,0.0
ETH_2015_392,0.0,0.0,0.0,0.0,0.0,0.0,0,0.0,0.0,0.0,0.0,0.0,0.0,0.0,0.0,0.0,0,0.0,0.0,0.0,0.0,0.0,0.0,0.0,0.0,0.0,0,0.0,0.0,0.0,0.0,0.0,0.0
ETH_2015_393,1.0,1485.63,34.43,0.0,0.0,0.0,0,0.0,0.0,1.0,0.0,0.0,0.0,0.0,0.0,0.0,0,0.0,0.0,1485.63,0.0,0.0,0.0,0.0,0.0,0.0,0,0.0,0.0,34.43,0.0,0.0,0.0
ETH_2015_394,0.0,0.0,0.0,0.0,0.0,0.0,0,0.0,0.0,0.0,0.0,0.0,0.0,0.0,0.0,0.0,0,0.0,0.0,0.0,0.0,0.0,0.0,0.0,0.0,0.0,0,0.0,0.0,0.0,0.0,0.0,0.0
ETH_2015_395,10.0,9870.71,228.81,0.0,0.0,0.0,0,5.0,0.0,0.0,5.0,0.0,0.0,0.0,0.0,0.0,0,4455.65,0.0,0.0,5415.06,0.0,0.0,0.0,0.0,0.0,0,103.29,0.0,0.0,125.53,0.0,0.0
ETH_2015_396,1.0,2690.68,62.38,0.0,0.0,0.0,0,0.0,0.0,0.0,1.0,0.0,0.0,0.0,0.0,0.0,0,0.0,0.0,0.0,2690.68,0.0,0.0,0.0,0.0,0.0,0,0.0,0.0,0.0,62.38,0.0,0.0
ETH_2015_397,0.0,0.0,0.0,0.0,0.0,0.0,0,0.0,0.0,0.0,0.0,0.0,0.0,0.0,0.0,0.0,0,0.0,0.0,0.0,0.0,0.0,0.0,0.0,0.0,0.0,0,0.0,0.0,0.0,0.0,0.0,0.0
ETH_2015_398,10.0,6202.89,143.83,5.0,4.0,0.0,0,0.0,0.0,1.0,0.0,0.0,0.0,879.78,4974.77,0.0,0,0.0,0.0,348.33,0.0,0.0,0.0,20.4,115.35,0.0,0,0.0,0.0,8.08,0.0,0.0,0.0
ETH_2015_399,0.0,0.0,0.0,0.0,0.0,0.0,0,0.0,0.0,0.0,0.0,0.0,0.0,0.0,0.0,0.0,0,0.0,0.0,0.0,0.0,0.0,0.0,0.0,0.0,0.0,0,0.0,0.0,0.0,0.0,0.0,0.0
ETH_2015_4,1.0,979.58,21.95,0.0,0.0,0.0,0,1.0,0.0,0.0,0.0,0.0,0.0,0.0,0.0,0.0,0,979.58,0.0,0.0,0.0,0.0,0.0,0.0,0.0,0.0,0,21.95,0.0,0.0,0.0,0.0,0.0
ETH_2015_40,190.0,86448.42,1948.66,161.0,0.0,0.0,0,2.0,0.0,4.0,4.0,16.0,0.0,62576.31,0.0,0.0,0,716.92,0.0,4302.75,2209.25,14468.31,0.0,1410.55,0.0,0.0,0,16.16,0.0,96.99,49.8,326.13,0.0
ETH_2015_400,2.0,12012.84,278.58,0.0,0.0,0.0,0,0.0,0.0,0.0,1.0,0.0,0.0,0.0,0.0,0.0,0,0.0,0.0,0.0,10737.71,0.0,0.0,0.0,0.0,0.0,0,0.0,0.0,0.0,249.01,0.0,0.0
ETH_2015_401,1.0,6666.83,154.72,0.0,0.0,0.0,0,0.0,0.0,0.0,1.0,0.0,0.0,0.0,0.0,0.0,0,0.0,0.0,0.0,6666.83,0.0,0.0,0.0,0.0,0.0,0,0.0,0.0,0.0,154.72,0.0,0.0
ETH_2015_402,1.0,6668.71,154.77,0.0,0.0,0.0,0,0.0,0.0,0.0,1.0,0.0,0.0,0.0,0.0,0.0,0,0.0,0.0,0.0,6668.71,0.0,0.0,0.0,0.0,0.0,0,0.0,0.0,0.0,154.77,0.0,0.0
ETH_2015_403,1.0,624.63,14.5,0.0,0.0,0.0,0,0.0,0.0,0.0,1.0,0.0,0.0,0.0,0.0,0.0,0,0.0,0.0,0.0,624.63,0.0,0.0,0.0,0.0,0.0,0,0.0,0.0,0.0,14.5,0.0,0.0
ETH_2015_404,7.0,20382.93,473.17,0.0,0.0,0.0,0,0.0,0.0,1.0,6.0,0.0,0.0,0.0,0.0,0.0,0,0.0,0.0,3134.26,17248.67,0.0,0.0,0.0,0.0,0.0,0,0.0,0.0,72.76,400.41,0.0,0.0
ETH_2015_405,7.0,19441.28,451.32,0.0,0.0,0.0,0,0.0,0.0,1.0,6.0,0.0,0.0,0.0,0.0,0.0,0,0.0,0.0,2758.62,16682.67,0.0,0.0,0.0,0.0,0.0,0,0.0,0.0,64.04,387.28,0.0,0.0
ETH_2015_406,44.0,22566.76,523.88,42.0,0.0,0.0,0,0.0,0.0,0.0,1.0,0.0,0.0,14976.55,0.0,0.0,0,0.0,0.0,0.0,4458.47,0.0,0.0,347.67,0.0,0.0,0,0.0,0.0,0.0,103.5,0.0,0.0
ETH_2015_407,7.0,21490.87,498.93,0.0,0.0,0.0,0,0.0,0.0,1.0,6.0,0.0,0.0,0.0,0.0,0.0,0,0.0,0.0,3741.95,17748.92,0.0,0.0,0.0,0.0,0.0,0,0.0,0.0,86.87,412.05,0.0,0.0
ETH_2015_408,7.0,22308.96,517.92,0.0,0.0,0.0,0,0.0,0.0,1.0,6.0,0.0,0.0,0.0,0.0,0.0,0,0.0,0.0,3741.95,18567.01,0.0,0.0,0.0,0.0,0.0,0,0.0,0.0,86.87,431.05,0.0,0.0
ETH_2015_409,888.0,252679.74,5866.31,727.0,15.0,0.0,0,9.0,0.0,14.0,27.0,10.0,54.0,180837.61,16923.03,0.0,0,6149.54,0.0,9754.98,13723.27,9133.33,11116.06,4198.39,392.89,0.0,0,142.77,0.0,226.48,318.6,212.04,258.07
ETH_2015_41,0.0,0.0,0.0,0.0,0.0,0.0,0,0.0,0.0,0.0,0.0,0.0,0.0,0.0,0.0,0.0,0,0.0,0.0,0.0,0.0,0.0,0.0,0.0,0.0,0.0,0,0.0,0.0,0.0,0.0,0.0,0.0
ETH_2015_410,649.0,187704.78,4358.05,460.0,14.0,0.0,0,9.0,0.0,13.0,22.0,7.0,65.0,112419.79,11987.48,0.0,0,3154.64,0.0,10035.07,16344.07,1592.15,10956.08,2610.11,278.32,0.0,0,73.24,0.0,232.99,379.47,36.97,254.37
ETH_2015_411,980.0,283692.88,6586.93,777.0,15.0,0.0,0,6.0,0.0,14.0,27.0,12.0,70.0,193404.03,17133.48,0.0,0,3525.96,0.0,13659.46,13974.5,8579.1,14595.07,4490.56,397.81,0.0,0,81.87,0.0,317.15,324.47,199.19,338.88
ETH_2015_412,3.0,5044.55,117.13,0.0,3.0,0.0,0,0.0,0.0,0.0,0.0,0.0,0.0,0.0,5044.55,0.0,0,0.0,0.0,0.0,0.0,0.0,0.0,0.0,117.13,0.0,0,0.0,0.0,0.0,0.0,0.0,0.0
ETH_2015_413,94.0,51505.72,1196.09,18.0,2.0,0.0,0,16.0,0.0,4.0,1.0,1.0,37.0,3649.4,590.77,0.0,0,15176.26,0.0,8678.88,1651.36,3253.56,6677.99,84.75,13.72,0.0,0,352.43,0.0,201.54,38.35,75.56,155.08
ETH_2015_414,33.0,23854.93,553.98,13.0,3.0,0.0,0,0.0,0.0,0.0,0.0,0.0,0.0,3969.58,7323.1,0.0,0,0.0,0.0,0.0,0.0,0.0,0.0,92.19,170.06,0.0,0,0.0,0.0,0.0,0.0,0.0,0.0
ETH_2015_415,6.0,8874.87,206.12,0.0,5.0,0.0,0,1.0,0.0,0.0,0.0,0.0,0.0,0.0,5753.28,0.0,0,3121.59,0.0,0.0,0.0,0.0,0.0,0.0,133.62,0.0,0,72.5,0.0,0.0,0.0,0.0,0.0
ETH_2015_416,0.0,0.0,0.0,0.0,0.0,0.0,0,0.0,0.0,0.0,0.0,0.0,0.0,0.0,0.0,0.0,0,0.0,0.0,0.0,0.0,0.0,0.0,0.0,0.0,0.0,0,0.0,0.0,0.0,0.0,0.0,0.0
ETH_2015_417,0.0,0.0,0.0,0.0,0.0,0.0,0,0.0,0.0,0.0,0.0,0.0,0.0,0.0,0.0,0.0,0,0.0,0.0,0.0,0.0,0.0,0.0,0.0,0.0,0.0,0,0.0,0.0,0.0,0.0,0.0,0.0
ETH_2015_418,0.0,0.0,0.0,0.0,0.0,0.0,0,0.0,0.0,0.0,0.0,0.0,0.0,0.0,0.0,0.0,0,0.0,0.0,0.0,0.0,0.0,0.0,0.0,0.0,0.0,0,0.0,0.0,0.0,0.0,0.0,0.0
ETH_2015_419,0.0,0.0,0.0,0.0,0.0,0.0,0,0.0,0.0,0.0,0.0,0.0,0.0,0.0,0.0,0.0,0,0.0,0.0,0.0,0.0,0.0,0.0,0.0,0.0,0.0,0,0.0,0.0,0.0,0.0,0.0,0.0
ETH_2015_42,0.0,0.0,0.0,0.0,0.0,0.0,0,0.0,0.0,0.0,0.0,0.0,0.0,0.0,0.0,0.0,0,0.0,0.0,0.0,0.0,0.0,0.0,0.0,0.0,0.0,0,0.0,0.0,0.0,0.0,0.0,0.0
ETH_2015_420,38.0,21701.25,504.16,37.0,1.0,0.0,0,0.0,0.0,0.0,0.0,0.0,0.0,13450.51,8250.74,0.0,0,0.0,0.0,0.0,0.0,0.0,0.0,312.48,191.68,0.0,0,0.0,0.0,0.0,0.0,0.0,0.0
ETH_2015_421,0.0,0.0,0.0,0.0,0.0,0.0,0,0.0,0.0,0.0,0.0,0.0,0.0,0.0,0.0,0.0,0,0.0,0.0,0.0,0.0,0.0,0.0,0.0,0.0,0.0,0,0.0,0.0,0.0,0.0,0.0,0.0
ETH_2015_422,5.0,9520.32,221.2,4.0,0.0,0.0,0,0.0,0.0,1.0,0.0,0.0,0.0,2444.58,0.0,0.0,0,0.0,0.0,7075.74,0.0,0.0,0.0,56.8,0.0,0.0,0,0.0,0.0,164.4,0.0,0.0,0.0
ETH_2015_423,1.0,8272.95,192.22,0.0,0.0,0.0,0,0.0,0.0,0.0,1.0,0.0,0.0,0.0,0.0,0.0,0,0.0,0.0,0.0,8272.95,0.0,0.0,0.0,0.0,0.0,0,0.0,0.0,0.0,192.22,0.0,0.0
ETH_2015_424,29.0,19492.96,453.24,25.0,1.0,0.0,0,1.0,0.0,1.0,0.0,0.0,0.0,6303.13,6006.84,0.0,0,1324.63,0.0,1395.17,0.0,0.0,0.0,146.56,139.67,0.0,0,30.8,0.0,32.44,0.0,0.0,0.0
ETH_2015_425,12.0,10255.83,238.51,11.0,1.0,0.0,0,0.0,0.0,0.0,0.0,0.0,0.0,4228.0,6027.84,0.0,0,0.0,0.0,0.0,0.0,0.0,0.0,98.33,140.18,0.0,0,0.0,0.0,0.0,0.0,0.0,0.0
ETH_2015_426,1.0,7999.52,186.04,0.0,1.0,0.0,0,0.0,0.0,0.0,0.0,0.0,0.0,0.0,7999.52,0.0,0,0.0,0.0,0.0,0.0,0.0,0.0,0.0,186.04,0.0,0,0.0,0.0,0.0,0.0,0.0,0.0
ETH_2015_427,364.0,92418.91,2149.71,315.0,18.0,0.0,0,0.0,0.0,20.0,3.0,0.0,6.0,65346.95,13256.11,0.0,0,0.0,0.0,4814.23,2642.27,0.0,299.1,1520.0,308.34,0.0,0,0.0,0.0,111.98,61.46,0.0,6.96
ETH_2015_428,3.0,5034.58,117.14,1.0,1.0,0.0,0,0.0,0.0,0.0,0.0,0.0,0.0,38.3,4118.9,0.0,0,0.0,0.0,0.0,0.0,0.0,0.0,0.89,95.84,0.0,0,0.0,0.0,0.0,0.0,0.0,0.0
ETH_2015_429,20.0,11638.65,270.84,7.0,13.0,0.0,0,0.0,0.0,0.0,0.0,0.0,0.0,2825.6,8813.05,0.0,0,0.0,0.0,0.0,0.0,0.0,0.0,65.75,205.09,0.0,0,0.0,0.0,0.0,0.0,0.0,0.0
ETH_2015_43,0.0,0.0,0.0,0.0,0.0,0.0,0,0.0,0.0,0.0,0.0,0.0,0.0,0.0,0.0,0.0,0,0.0,0.0,0.0,0.0,0.0,0.0,0.0,0.0,0.0,0,0.0,0.0,0.0,0.0,0.0,0.0
ETH_2015_430,1.0,10094.27,235.0,0.0,0.0,0.0,0,0.0,0.0,1.0,0.0,0.0,0.0,0.0,0.0,0.0,0,0.0,0.0,10094.27,0.0,0.0,0.0,0.0,0.0,0.0,0,0.0,0.0,235.0,0.0,0.0,0.0
ETH_2015_431,1.0,1999.8,46.57,0.0,0.0,0.0,0,0.0,0.0,1.0,0.0,0.0,0.0,0.0,0.0,0.0,0,0.0,0.0,1999.8,0.0,0.0,0.0,0.0,0.0,0.0,0,0.0,0.0,46.57,0.0,0.0,0.0
ETH_2015_432,0.0,0.0,0.0,0.0,0.0,0.0,0,0.0,0.0,0.0,0.0,0.0,0.0,0.0,0.0,0.0,0,0.0,0.0,0.0,0.0,0.0,0.0,0.0,0.0,0.0,0,0.0,0.0,0.0,0.0,0.0,0.0
ETH_2015_433,35.0,17901.9,416.91,29.0,5.0,0.0,0,0.0,0.0,1.0,0.0,0.0,0.0,10323.28,5715.97,0.0,0,0.0,0.0,1862.65,0.0,0.0,0.0,240.41,133.12,0.0,0,0.0,0.0,43.38,0.0,0.0,0.0
ETH_2015_434,0.0,0.0,0.0,0.0,0.0,0.0,0,0.0,0.0,0.0,0.0,0.0,0.0,0.0,0.0,0.0,0,0.0,0.0,0.0,0.0,0.0,0.0,0.0,0.0,0.0,0,0.0,0.0,0.0,0.0,0.0,0.0
ETH_2015_435,0.0,0.0,0.0,0.0,0.0,0.0,0,0.0,0.0,0.0,0.0,0.0,0.0,0.0,0.0,0.0,0,0.0,0.0,0.0,0.0,0.0,0.0,0.0,0.0,0.0,0,0.0,0.0,0.0,0.0,0.0,0.0
ETH_2015_436,0.0,0.0,0.0,0.0,0.0,0.0,0,0.0,0.0,0.0,0.0,0.0,0.0,0.0,0.0,0.0,0,0.0,0.0,0.0,0.0,0.0,0.0,0.0,0.0,0.0,0,0.0,0.0,0.0,0.0,0.0,0.0
ETH_2015_437,0.0,0.0,0.0,0.0,0.0,0.0,0,0.0,0.0,0.0,0.0,0.0,0.0,0.0,0.0,0.0,0,0.0,0.0,0.0,0.0,0.0,0.0,0.0,0.0,0.0,0,0.0,0.0,0.0,0.0,0.0,0.0
ETH_2015_438,0.0,0.0,0.0,0.0,0.0,0.0,0,0.0,0.0,0.0,0.0,0.0,0.0,0.0,0.0,0.0,0,0.0,0.0,0.0,0.0,0.0,0.0,0.0,0.0,0.0,0,0.0,0.0,0.0,0.0,0.0,0.0
ETH_2015_439,6.0,13717.47,320.34,0.0,0.0,0.0,0,0.0,0.0,0.0,6.0,0.0,0.0,0.0,0.0,0.0,0,0.0,0.0,0.0,13717.47,0.0,0.0,0.0,0.0,0.0,0,0.0,0.0,0.0,320.34,0.0,0.0
ETH_2015_44,0.0,0.0,0.0,0.0,0.0,0.0,0,0.0,0.0,0.0,0.0,0.0,0.0,0.0,0.0,0.0,0,0.0,0.0,0.0,0.0,0.0,0.0,0.0,0.0,0.0,0,0.0,0.0,0.0,0.0,0.0,0.0
ETH_2015_440,4.0,9331.66,217.94,0.0,0.0,0.0,0,0.0,0.0,3.0,0.0,0.0,0.0,0.0,0.0,0.0,0,0.0,0.0,7890.17,0.0,0.0,0.0,0.0,0.0,0.0,0,0.0,0.0,184.28,0.0,0.0,0.0
ETH_2015_441,0.0,0.0,0.0,0.0,0.0,0.0,0,0.0,0.0,0.0,0.0,0.0,0.0,0.0,0.0,0.0,0,0.0,0.0,0.0,0.0,0.0,0.0,0.0,0.0,0.0,0,0.0,0.0,0.0,0.0,0.0,0.0
ETH_2015_442,74.0,25910.7,605.32,6.0,0.0,0.0,0,66.0,0.0,2.0,0.0,0.0,0.0,1803.57,0.0,0.0,0,16523.96,0.0,7583.17,0.0,0.0,0.0,42.13,0.0,0.0,0,386.03,0.0,177.16,0.0,0.0,0.0
ETH_2015_443,3.0,7233.57,169.1,0.0,0.0,0.0,0,2.0,0.0,1.0,0.0,0.0,0.0,0.0,0.0,0.0,0,6618.75,0.0,614.81,0.0,0.0,0.0,0.0,0.0,0.0,0,154.73,0.0,14.37,0.0,0.0,0.0
ETH_2015_444,199.0,70173.78,1640.93,164.0,9.0,0.0,0,15.0,0.0,4.0,4.0,0.0,3.0,43310.91,13415.22,0.0,0,3959.18,0.0,4128.79,5037.09,0.0,322.59,1012.78,313.7,0.0,0,92.58,0.0,96.55,117.79,0.0,7.54
ETH_2015_445,3.0,8364.22,195.59,2.0,1.0,0.0,0,0.0,0.0,0.0,0.0,0.0,0.0,2193.63,6170.59,0.0,0,0.0,0.0,0.0,0.0,0.0,0.0,51.3,144.3,0.0,0,0.0,0.0,0.0,0.0,0.0,0.0
ETH_2015_446,132.0,50230.36,1175.03,102.0,0.0,0.0,0,1.0,0.0,2.0,3.0,0.0,0.0,24262.42,0.0,0.0,0,3574.22,0.0,8579.24,10821.74,0.0,0.0,567.57,0.0,0.0,0,83.61,0.0,200.69,253.15,0.0,0.0
ETH_2015_447,778.0,185243.2,4333.58,636.0,14.0,0.0,0,18.0,0.0,24.0,14.0,0.0,52.0,130920.29,10660.52,0.0,0,6041.41,0.0,13081.51,13561.35,0.0,8333.72,3062.75,249.39,0.0,0,141.33,0.0,306.03,317.25,0.0,194.96
ETH_2015_448,706.0,169980.15,3976.78,590.0,16.0,0.0,0,12.0,0.0,24.0,14.0,1.0,29.0,120781.57,12231.24,0.0,0,4538.86,0.0,12054.46,12434.9,384.21,4236.57,2825.75,286.16,0.0,0,106.19,0.0,282.02,290.92,8.99,99.12
ETH_2015_449,1.0,11533.95,269.85,0.0,0.0,0.0,0,0.0,0.0,1.0,0.0,0.0,0.0,0.0,0.0,0.0,0,0.0,0.0,11533.95,0.0,0.0,0.0,0.0,0.0,0.0,0,0.0,0.0,269.85,0.0,0.0,0.0
ETH_2015_45,0.0,0.0,0.0,0.0,0.0,0.0,0,0.0,0.0,0.0,0.0,0.0,0.0,0.0,0.0,0.0,0,0.0,0.0,0.0,0.0,0.0,0.0,0.0,0.0,0.0,0,0.0,0.0,0.0,0.0,0.0,0.0
ETH_2015_450,2.0,10391.85,243.13,0.0,1.0,0.0,0,0.0,0.0,0.0,0.0,0.0,0.0,0.0,7141.94,0.0,0,0.0,0.0,0.0,0.0,0.0,0.0,0.0,167.1,0.0,0,0.0,0.0,0.0,0.0,0.0,0.0
ETH_2015_451,14.0,17681.55,414.12,12.0,1.0,0.0,0,1.0,0.0,0.0,0.0,0.0,0.0,5687.55,7681.43,0.0,0,4312.56,0.0,0.0,0.0,0.0,0.0,133.21,179.91,0.0,0,101.0,0.0,0.0,0.0,0.0,0.0
ETH_2015_452,12.0,16886.18,395.49,1.0,0.0,0.0,0,3.0,0.0,1.0,1.0,0.0,0.0,169.76,0.0,0.0,0,1455.25,0.0,4969.26,7284.43,0.0,0.0,3.98,0.0,0.0,0,34.08,0.0,116.39,170.61,0.0,0.0
ETH_2015_453,0.0,0.0,0.0,0.0,0.0,0.0,0,0.0,0.0,0.0,0.0,0.0,0.0,0.0,0.0,0.0,0,0.0,0.0,0.0,0.0,0.0,0.0,0.0,0.0,0.0,0,0.0,0.0,0.0,0.0,0.0,0.0
ETH_2015_454,202.0,74759.07,1751.3,191.0,5.0,0.0,0,0.0,0.0,3.0,1.0,0.0,0.0,52265.76,8732.62,0.0,0,0.0,0.0,1602.51,6981.45,0.0,0.0,1224.38,204.57,0.0,0,0.0,0.0,37.54,163.55,0.0,0.0
ETH_2015_455,0.0,0.0,0.0,0.0,0.0,0.0,0,0.0,0.0,0.0,0.0,0.0,0.0,0.0,0.0,0.0,0,0.0,0.0,0.0,0.0,0.0,0.0,0.0,0.0,0.0,0,0.0,0.0,0.0,0.0,0.0,0.0
ETH_2015_456,3.0,6717.48,157.39,0.0,0.0,0.0,0,1.0,0.0,0.0,0.0,1.0,0.0,0.0,0.0,0.0,0,2536.95,0.0,0.0,0.0,2870.76,0.0,0.0,0.0,0.0,0,59.44,0.0,0.0,0.0,67.26,0.0
ETH_2015_457,0.0,0.0,0.0,0.0,0.0,0.0,0,0.0,0.0,0.0,0.0,0.0,0.0,0.0,0.0,0.0,0,0.0,0.0,0.0,0.0,0.0,0.0,0.0,0.0,0.0,0,0.0,0.0,0.0,0.0,0.0,0.0
ETH_2015_458,1.0,7265.84,170.39,0.0,0.0,0.0,0,0.0,0.0,1.0,0.0,0.0,0.0,0.0,0.0,0.0,0,0.0,0.0,7265.84,0.0,0.0,0.0,0.0,0.0,0.0,0,0.0,0.0,170.39,0.0,0.0,0.0
ETH_2015_459,1.0,9198.05,215.76,0.0,0.0,0.0,0,0.0,0.0,1.0,0.0,0.0,0.0,0.0,0.0,0.0,0,0.0,0.0,9198.05,0.0,0.0,0.0,0.0,0.0,0.0,0,0.0,0.0,215.76,0.0,0.0,0.0
ETH_2015_46,2.0,12846.33,289.79,0.0,0.0,0.0,0,1.0,0.0,1.0,0.0,0.0,0.0,0.0,0.0,0.0,0,8076.26,0.0,4770.07,0.0,0.0,0.0,0.0,0.0,0.0,0,182.19,0.0,107.6,0.0,0.0,0.0
ETH_2015_460,0.0,0.0,0.0,0.0,0.0,0.0,0,0.0,0.0,0.0,0.0,0.0,0.0,0.0,0.0,0.0,0,0.0,0.0,0.0,0.0,0.0,0.0,0.0,0.0,0.0,0,0.0,0.0,0.0,0.0,0.0,0.0
ETH_2015_461,0.0,0.0,0.0,0.0,0.0,0.0,0,0.0,0.0,0.0,0.0,0.0,0.0,0.0,0.0,0.0,0,0.0,0.0,0.0,0.0,0.0,0.0,0.0,0.0,0.0,0,0.0,0.0,0.0,0.0,0.0,0.0
ETH_2015_462,0.0,0.0,0.0,0.0,0.0,0.0,0,0.0,0.0,0.0,0.0,0.0,0.0,0.0,0.0,0.0,0,0.0,0.0,0.0,0.0,0.0,0.0,0.0,0.0,0.0,0,0.0,0.0,0.0,0.0,0.0,0.0
ETH_2015_463,0.0,0.0,0.0,0.0,0.0,0.0,0,0.0,0.0,0.0,0.0,0.0,0.0,0.0,0.0,0.0,0,0.0,0.0,0.0,0.0,0.0,0.0,0.0,0.0,0.0,0,0.0,0.0,0.0,0.0,0.0,0.0
ETH_2015_464,0.0,0.0,0.0,0.0,0.0,0.0,0,0.0,0.0,0.0,0.0,0.0,0.0,0.0,0.0,0.0,0,0.0,0.0,0.0,0.0,0.0,0.0,0.0,0.0,0.0,0,0.0,0.0,0.0,0.0,0.0,0.0
ETH_2015_465,5.0,6939.19,163.21,3.0,1.0,0.0,0,0.0,0.0,0.0,0.0,0.0,1.0,213.81,6662.31,0.0,0,0.0,0.0,0.0,0.0,0.0,63.07,5.03,156.69,0.0,0,0.0,0.0,0.0,0.0,0.0,1.48
ETH_2015_466,1.0,7017.51,165.08,0.0,1.0,0.0,0,0.0,0.0,0.0,0.0,0.0,0.0,0.0,7017.51,0.0,0,0.0,0.0,0.0,0.0,0.0,0.0,0.0,165.08,0.0,0,0.0,0.0,0.0,0.0,0.0,0.0
ETH_2015_467,0.0,0.0,0.0,0.0,0.0,0.0,0,0.0,0.0,0.0,0.0,0.0,0.0,0.0,0.0,0.0,0,0.0,0.0,0.0,0.0,0.0,0.0,0.0,0.0,0.0,0,0.0,0.0,0.0,0.0,0.0,0.0
ETH_2015_468,1.0,341.83,8.05,0.0,1.0,0.0,0,0.0,0.0,0.0,0.0,0.0,0.0,0.0,341.83,0.0,0,0.0,0.0,0.0,0.0,0.0,0.0,0.0,8.05,0.0,0,0.0,0.0,0.0,0.0,0.0,0.0
ETH_2015_469,337.0,81811.29,1926.7,296.0,0.0,0.0,0,16.0,4.0,12.0,0.0,0.0,4.0,59235.53,0.0,0.0,0,8246.05,1443.66,9320.18,0.0,0.0,1270.23,1395.03,0.0,0.0,0,194.2,34.0,219.5,0.0,0.0,29.91
ETH_2015_47,0.0,0.0,0.0,0.0,0.0,0.0,0,0.0,0.0,0.0,0.0,0.0,0.0,0.0,0.0,0.0,0,0.0,0.0,0.0,0.0,0.0,0.0,0.0,0.0,0.0,0,0.0,0.0,0.0,0.0,0.0,0.0
ETH_2015_470,344.0,106304.13,2504.09,252.0,2.0,0.0,0,3.0,0.0,10.0,7.0,0.0,57.0,59491.98,8189.18,0.0,0,2609.45,0.0,5351.38,7892.21,0.0,18011.83,1401.39,192.9,0.0,0,61.47,0.0,126.06,185.91,0.0,424.28
ETH_2015_471,0.0,0.0,0.0,0.0,0.0,0.0,0,0.0,0.0,0.0,0.0,0.0,0.0,0.0,0.0,0.0,0,0.0,0.0,0.0,0.0,0.0,0.0,0.0,0.0,0.0,0,0.0,0.0,0.0,0.0,0.0,0.0
ETH_2015_472,1382.0,381267.46,8981.64,1164.0,0.0,1.0,0,41.0,13.0,76.0,6.0,0.0,62.0,275031.41,0.0,0.0,0,24045.51,5909.51,37554.73,15868.14,0.0,15609.17,6479.0,0.0,0.0,0,566.45,139.21,884.69,373.81,0.0,367.71
ETH_2015_473,1345.0,370136.8,8719.62,1098.0,0.0,1.0,0,51.0,13.0,83.0,6.0,0.0,74.0,256716.73,0.0,0.0,0,25488.71,4122.06,38280.63,17966.15,0.0,19155.4,6047.69,0.0,0.0,0,600.46,97.11,901.81,423.24,0.0,451.26
ETH_2015_474,770.0,245016.26,5772.1,581.0,0.0,0.0,0,47.0,11.0,43.0,6.0,0.0,69.0,150380.77,0.0,0.0,0,25081.7,3239.07,16249.3,21675.62,0.0,20456.2,3542.67,0.0,0.0,0,590.88,76.31,382.8,510.63,0.0,481.91
ETH_2015_475,1674.0,459717.87,10830.69,1444.0,0.0,1.0,0,52.0,0.0,88.0,10.0,0.0,62.0,350144.98,0.0,0.0,0,23869.19,0.0,47226.8,16915.59,0.0,15850.05,8249.22,0.0,0.0,0,562.34,0.0,1112.64,398.52,0.0,373.42
ETH_2015_476,1672.0,446619.97,10522.56,1476.0,0.0,1.0,0,31.0,0.0,86.0,6.0,0.0,57.0,362403.83,0.0,0.0,0,9144.42,0.0,47903.29,9262.58,0.0,13391.5,8538.39,0.0,0.0,0,215.45,0.0,1128.62,218.23,0.0,315.51
ETH_2015_477,1787.0,489897.92,11542.22,1538.0,0.0,1.0,0,63.0,0.0,88.0,12.0,0.0,66.0,375182.35,0.0,0.0,0,24006.78,0.0,49195.07,18544.81,0.0,17486.69,8839.47,0.0,0.0,0,565.61,0.0,1159.06,436.92,0.0,411.99
ETH_2015_478,1606.0,440436.37,10377.81,1361.0,0.0,1.0,0,47.0,0.0,87.0,12.0,0.0,79.0,335522.23,0.0,0.0,0,18359.79,0.0,46396.69,13560.18,0.0,19559.01,7905.76,0.0,0.0,0,432.6,0.0,1093.22,319.51,0.0,460.86
ETH_2015_479,1151.0,316752.04,7463.99,1013.0,0.0,1.0,0,10.0,0.0,75.0,5.0,0.0,33.0,266505.87,0.0,0.0,0,3624.75,0.0,32913.18,2893.97,0.0,7912.38,6279.98,0.0,0.0,0,85.41,0.0,775.57,68.19,0.0,186.45
ETH_2015_48,11.0,13359.19,301.38,0.0,0.0,0.0,0,5.0,0.0,0.0,0.0,0.0,0.0,0.0,0.0,0.0,0,8279.37,0.0,0.0,0.0,0.0,0.0,0.0,0.0,0.0,0,186.78,0.0,0.0,0.0,0.0,0.0
ETH_2015_480,0.0,0.0,0.0,0.0,0.0,0.0,0,0.0,0.0,0.0,0.0,0.0,0.0,0.0,0.0,0.0,0,0.0,0.0,0.0,0.0,0.0,0.0,0.0,0.0,0.0,0,0.0,0.0,0.0,0.0,0.0,0.0
ETH_2015_481,1450.0,399071.91,9404.1,1272.0,0.0,1.0,0,40.0,0.0,66.0,10.0,0.0,43.0,323427.02,0.0,0.0,0,14295.05,0.0,36115.09,10794.64,0.0,9972.95,7621.53,0.0,0.0,0,336.86,0.0,851.05,254.37,0.0,235.01
ETH_2015_482,0.0,0.0,0.0,0.0,0.0,0.0,0,0.0,0.0,0.0,0.0,0.0,0.0,0.0,0.0,0.0,0,0.0,0.0,0.0,0.0,0.0,0.0,0.0,0.0,0.0,0,0.0,0.0,0.0,0.0,0.0,0.0
ETH_2015_483,1.0,1820.52,42.94,0.0,1.0,0.0,0,0.0,0.0,0.0,0.0,0.0,0.0,0.0,1820.52,0.0,0,0.0,0.0,0.0,0.0,0.0,0.0,0.0,42.94,0.0,0,0.0,0.0,0.0,0.0,0.0,0.0
ETH_2015_484,0.0,0.0,0.0,0.0,0.0,0.0,0,0.0,0.0,0.0,0.0,0.0,0.0,0.0,0.0,0.0,0,0.0,0.0,0.0,0.0,0.0,0.0,0.0,0.0,0.0,0,0.0,0.0,0.0,0.0,0.0,0.0
ETH_2015_485,2.0,1800.2,42.48,0.0,0.0,0.0,0,1.0,0.0,0.0,1.0,0.0,0.0,0.0,0.0,0.0,0,862.11,0.0,0.0,938.09,0.0,0.0,0.0,0.0,0.0,0,20.34,0.0,0.0,22.14,0.0,0.0
ETH_2015_486,0.0,0.0,0.0,0.0,0.0,0.0,0,0.0,0.0,0.0,0.0,0.0,0.0,0.0,0.0,0.0,0,0.0,0.0,0.0,0.0,0.0,0.0,0.0,0.0,0.0,0,0.0,0.0,0.0,0.0,0.0,0.0
ETH_2015_487,1.0,125.1,2.95,0.0,0.0,0.0,0,1.0,0.0,0.0,0.0,0.0,0.0,0.0,0.0,0.0,0,125.1,0.0,0.0,0.0,0.0,0.0,0.0,0.0,0.0,0,2.95,0.0,0.0,0.0,0.0,0.0
ETH_2015_488,1.0,10102.55,238.55,0.0,0.0,0.0,0,0.0,0.0,0.0,0.0,0.0,0.0,0.0,0.0,0.0,0,0.0,0.0,0.0,0.0,0.0,0.0,0.0,0.0,0.0,0,0.0,0.0,0.0,0.0,0.0,0.0
ETH_2015_489,4.0,13198.36,311.7,0.0,0.0,0.0,0,1.0,0.0,0.0,1.0,0.0,0.0,0.0,0.0,0.0,0,689.96,0.0,0.0,8849.7,0.0,0.0,0.0,0.0,0.0,0,16.29,0.0,0.0,209.0,0.0,0.0
ETH_2015_49,0.0,0.0,0.0,0.0,0.0,0.0,0,0.0,0.0,0.0,0.0,0.0,0.0,0.0,0.0,0.0,0,0.0,0.0,0.0,0.0,0.0,0.0,0.0,0.0,0.0,0,0.0,0.0,0.0,0.0,0.0,0.0
ETH_2015_490,1.0,5033.88,118.9,0.0,0.0,0.0,0,0.0,0.0,1.0,0.0,0.0,0.0,0.0,0.0,0.0,0,0.0,0.0,5033.88,0.0,0.0,0.0,0.0,0.0,0.0,0,0.0,0.0,118.9,0.0,0.0,0.0
ETH_2015_491,284.0,106096.05,2506.07,261.0,7.0,0.0,0,1.0,0.0,11.0,1.0,1.0,0.0,72371.76,6926.84,0.0,0,2303.15,0.0,17493.54,1529.13,56.29,0.0,1709.48,163.62,0.0,0,54.4,0.0,413.21,36.12,1.33,0.0
ETH_2015_492,262.0,91164.36,2153.48,237.0,7.0,0.0,0,1.0,0.0,11.0,3.0,1.0,0.0,65204.49,7004.51,0.0,0,2303.15,0.0,11048.11,4200.46,56.29,0.0,1540.26,165.46,0.0,0,54.4,0.0,260.98,99.22,1.33,0.0
ETH_2015_493,2.0,3235.62,76.45,0.0,0.0,0.0,0,1.0,0.0,1.0,0.0,0.0,0.0,0.0,0.0,0.0,0,12.7,0.0,3222.92,0.0,0.0,0.0,0.0,0.0,0.0,0,0.3,0.0,76.15,0.0,0.0,0.0
ETH_2015_494,11.0,24217.81,572.24,8.0,0.0,0.0,0,1.0,0.0,1.0,0.0,0.0,0.0,3465.03,0.0,0.0,0,5035.42,0.0,9354.66,0.0,0.0,0.0,81.88,0.0,0.0,0,118.98,0.0,221.04,0.0,0.0,0.0
ETH_2015_495,0.0,0.0,0.0,0.0,0.0,0.0,0,0.0,0.0,0.0,0.0,0.0,0.0,0.0,0.0,0.0,0,0.0,0.0,0.0,0.0,0.0,0.0,0.0,0.0,0.0,0,0.0,0.0,0.0,0.0,0.0,0.0
ETH_2015_496,25.0,14650.2,346.25,24.0,0.0,0.0,0,0.0,0.0,0.0,0.0,0.0,0.0,7592.05,0.0,0.0,0,0.0,0.0,0.0,0.0,0.0,0.0,179.44,0.0,0.0,0,0.0,0.0,0.0,0.0,0.0,0.0
ETH_2015_497,1.0,9055.38,214.07,0.0,0.0,0.0,0,0.0,0.0,1.0,0.0,0.0,0.0,0.0,0.0,0.0,0,0.0,0.0,9055.38,0.0,0.0,0.0,0.0,0.0,0.0,0,0.0,0.0,214.07,0.0,0.0,0.0
ETH_2015_498,16.0,39363.67,931.25,0.0,0.0,0.0,0,15.0,0.0,0.0,1.0,0.0,0.0,0.0,0.0,0.0,0,35212.9,0.0,0.0,4150.77,0.0,0.0,0.0,0.0,0.0,0,833.05,0.0,0.0,98.2,0.0,0.0
ETH_2015_499,4.0,9001.19,212.95,2.0,0.0,0.0,0,0.0,0.0,0.0,0.0,0.0,0.0,243.02,0.0,0.0,0,0.0,0.0,0.0,0.0,0.0,0.0,5.75,0.0,0.0,0,0.0,0.0,0.0,0.0,0.0,0.0
ETH_2015_5,3.0,10195.63,228.53,0.0,0.0,0.0,0,0.0,0.0,0.0,0.0,0.0,0.0,0.0,0.0,0.0,0,0.0,0.0,0.0,0.0,0.0,0.0,0.0,0.0,0.0,0,0.0,0.0,0.0,0.0,0.0,0.0
ETH_2015_50,1.0,3227.84,72.83,0.0,0.0,0.0,0,1.0,0.0,0.0,0.0,0.0,0.0,0.0,0.0,0.0,0,3227.84,0.0,0.0,0.0,0.0,0.0,0.0,0.0,0.0,0,72.83,0.0,0.0,0.0,0.0,0.0
ETH_2015_500,145.0,41503.31,982.66,127.0,3.0,0.0,0,1.0,0.0,14.0,0.0,0.0,0.0,28396.85,7871.26,0.0,0,50.06,0.0,5185.15,0.0,0.0,0.0,672.34,186.36,0.0,0,1.19,0.0,122.77,0.0,0.0,0.0
ETH_2015_501,7.0,8676.29,205.44,2.0,0.0,0.0,0,0.0,0.0,0.0,5.0,0.0,0.0,703.07,0.0,0.0,0,0.0,0.0,0.0,7973.22,0.0,0.0,16.65,0.0,0.0,0,0.0,0.0,0.0,188.79,0.0,0.0
ETH_2015_502,4.0,11318.53,268.01,1.0,0.0,0.0,0,0.0,0.0,2.0,1.0,0.0,0.0,26.31,0.0,0.0,0,0.0,0.0,10125.36,1166.86,0.0,0.0,0.62,0.0,0.0,0,0.0,0.0,239.75,27.63,0.0,0.0
ETH_2015_503,1.0,5348.56,126.65,0.0,0.0,0.0,0,0.0,0.0,0.0,1.0,0.0,0.0,0.0,0.0,0.0,0,0.0,0.0,0.0,5348.56,0.0,0.0,0.0,0.0,0.0,0,0.0,0.0,0.0,126.65,0.0,0.0
ETH_2015_504,2.0,7839.1,185.63,0.0,0.0,0.0,0,2.0,0.0,0.0,0.0,0.0,0.0,0.0,0.0,0.0,0,7839.1,0.0,0.0,0.0,0.0,0.0,0.0,0.0,0.0,0,185.63,0.0,0.0,0.0,0.0,0.0
ETH_2015_505,401.0,137233.17,3249.87,357.0,9.0,0.0,0,1.0,0.0,25.0,2.0,3.0,0.0,102006.61,11283.83,0.0,0,1623.41,0.0,15712.98,3750.25,41.81,0.0,2415.65,267.22,0.0,0,38.44,0.0,372.1,88.81,0.99,0.0
ETH_2015_506,36.0,15923.12,377.11,35.0,1.0,0.0,0,0.0,0.0,0.0,0.0,0.0,0.0,8081.51,7841.61,0.0,0,0.0,0.0,0.0,0.0,0.0,0.0,191.4,185.71,0.0,0,0.0,0.0,0.0,0.0,0.0,0.0
ETH_2015_507,556.0,148012.9,3505.98,422.0,11.0,3.0,0,2.0,0.0,13.0,52.0,0.0,20.0,96377.78,13663.6,0.0,0,3995.6,0.0,7190.29,20722.05,0.0,3088.36,2282.9,323.65,0.0,0,94.64,0.0,170.32,490.84,0.0,73.15
ETH_2015_508,5.0,7442.58,176.29,0.0,5.0,0.0,0,0.0,0.0,0.0,0.0,0.0,0.0,0.0,7442.58,0.0,0,0.0,0.0,0.0,0.0,0.0,0.0,0.0,176.29,0.0,0,0.0,0.0,0.0,0.0,0.0,0.0
ETH_2015_509,143.0,29567.2,700.52,80.0,0.0,3.0,0,2.0,0.0,2.0,18.0,0.0,11.0,18196.76,0.0,0.0,0,2217.9,0.0,951.04,4733.5,0.0,978.88,431.12,0.0,0.0,0,52.55,0.0,22.53,112.15,0.0,23.19
ETH_2015_51,1.0,2153.12,48.59,0.0,0.0,0.0,0,1.0,0.0,0.0,0.0,0.0,0.0,0.0,0.0,0.0,0,2153.12,0.0,0.0,0.0,0.0,0.0,0.0,0.0,0.0,0,48.59,0.0,0.0,0.0,0.0,0.0
ETH_2015_510,442.0,121318.03,2874.37,389.0,5.0,0.0,0,5.0,0.0,30.0,3.0,9.0,1.0,87177.87,3830.84,0.0,0,3408.71,0.0,14020.99,929.89,11846.2,103.54,2065.49,90.76,0.0,0,80.76,0.0,332.2,22.03,280.67,2.45
ETH_2015_511,0.0,0.0,0.0,0.0,0.0,0.0,0,0.0,0.0,0.0,0.0,0.0,0.0,0.0,0.0,0.0,0,0.0,0.0,0.0,0.0,0.0,0.0,0.0,0.0,0.0,0,0.0,0.0,0.0,0.0,0.0,0.0
ETH_2015_512,3.0,9437.99,223.66,0.0,0.0,0.0,0,0.0,0.0,0.0,0.0,0.0,0.0,0.0,0.0,0.0,0,0.0,0.0,0.0,0.0,0.0,0.0,0.0,0.0,0.0,0,0.0,0.0,0.0,0.0,0.0,0.0
ETH_2015_513,127.0,42724.26,1012.53,114.0,9.0,0.0,0,0.0,0.0,1.0,1.0,0.0,0.0,21592.55,14346.4,0.0,0,0.0,0.0,564.14,2366.81,0.0,0.0,511.73,340.0,0.0,0,0.0,0.0,13.37,56.09,0.0,0.0
ETH_2015_514,2.0,6487.67,153.84,0.0,0.0,0.0,0,0.0,0.0,0.0,1.0,0.0,0.0,0.0,0.0,0.0,0,0.0,0.0,0.0,5297.45,0.0,0.0,0.0,0.0,0.0,0,0.0,0.0,0.0,125.62,0.0,0.0
ETH_2015_515,0.0,0.0,0.0,0.0,0.0,0.0,0,0.0,0.0,0.0,0.0,0.0,0.0,0.0,0.0,0.0,0,0.0,0.0,0.0,0.0,0.0,0.0,0.0,0.0,0.0,0,0.0,0.0,0.0,0.0,0.0,0.0
ETH_2015_516,142.0,41349.01,980.7,123.0,0.0,0.0,0,1.0,0.0,3.0,0.0,13.0,0.0,23309.59,0.0,0.0,0,3089.72,0.0,5827.16,0.0,7750.23,0.0,552.85,0.0,0.0,0,73.28,0.0,138.21,0.0,183.82,0.0
ETH_2015_517,3.0,9664.85,229.24,0.0,0.0,0.0,0,2.0,0.0,0.0,1.0,0.0,0.0,0.0,0.0,0.0,0,1444.43,0.0,0.0,8220.43,0.0,0.0,0.0,0.0,0.0,0,34.26,0.0,0.0,194.98,0.0,0.0
ETH_2015_518,1.0,5550.7,131.66,0.0,0.0,0.0,0,0.0,0.0,0.0,1.0,0.0,0.0,0.0,0.0,0.0,0,0.0,0.0,0.0,5550.7,0.0,0.0,0.0,0.0,0.0,0,0.0,0.0,0.0,131.66,0.0,0.0
ETH_2015_519,22.0,27810.23,659.74,12.0,0.0,0.0,0,3.0,0.0,2.0,0.0,5.0,0.0,1071.76,0.0,0.0,0,6918.58,0.0,16140.69,0.0,3679.19,0.0,25.43,0.0,0.0,0,164.13,0.0,382.9,0.0,87.28,0.0
ETH_2015_52,0.0,0.0,0.0,0.0,0.0,0.0,0,0.0,0.0,0.0,0.0,0.0,0.0,0.0,0.0,0.0,0,0.0,0.0,0.0,0.0,0.0,0.0,0.0,0.0,0.0,0,0.0,0.0,0.0,0.0,0.0,0.0
ETH_2015_520,30.0,14643.57,347.44,0.0,0.0,0.0,0,3.0,0.0,0.0,1.0,26.0,0.0,0.0,0.0,0.0,0,2149.16,0.0,0.0,3417.96,9076.45,0.0,0.0,0.0,0.0,0,50.99,0.0,0.0,81.1,215.35,0.0
ETH_2015_521,0.0,0.0,0.0,0.0,0.0,0.0,0,0.0,0.0,0.0,0.0,0.0,0.0,0.0,0.0,0.0,0,0.0,0.0,0.0,0.0,0.0,0.0,0.0,0.0,0.0,0,0.0,0.0,0.0,0.0,0.0,0.0
ETH_2015_522,1.0,7281.2,172.97,0.0,0.0,0.0,0,0.0,0.0,0.0,0.0,0.0,0.0,0.0,0.0,0.0,0,0.0,0.0,0.0,0.0,0.0,0.0,0.0,0.0,0.0,0,0.0,0.0,0.0,0.0,0.0,0.0
ETH_2015_53,3.0,12014.74,271.17,0.0,0.0,0.0,0,0.0,0.0,0.0,0.0,0.0,0.0,0.0,0.0,0.0,0,0.0,0.0,0.0,0.0,0.0,0.0,0.0,0.0,0.0,0,0.0,0.0,0.0,0.0,0.0,0.0
ETH_2015_54,70.0,42823.53,966.54,51.0,0.0,0.0,0,1.0,0.0,8.0,0.0,0.0,1.0,17173.98,0.0,0.0,0,266.77,0.0,15471.12,0.0,0.0,73.41,387.62,0.0,0.0,0,6.02,0.0,349.19,0.0,0.0,1.66
ETH_2015_55,1.0,1698.66,38.34,0.0,0.0,0.0,0,0.0,0.0,0.0,1.0,0.0,0.0,0.0,0.0,0.0,0,0.0,0.0,0.0,1698.66,0.0,0.0,0.0,0.0,0.0,0,0.0,0.0,0.0,38.34,0.0,0.0
ETH_2015_56,95.0,63829.57,1440.93,79.0,1.0,0.0,0,2.0,0.0,5.0,0.0,0.0,0.0,25881.92,9181.29,0.0,0,627.55,0.0,13674.55,0.0,0.0,0.0,584.27,207.26,0.0,0,14.17,0.0,308.7,0.0,0.0,0.0
ETH_2015_57,2.0,6536.6,147.56,0.0,0.0,0.0,0,2.0,0.0,0.0,0.0,0.0,0.0,0.0,0.0,0.0,0,6536.6,0.0,0.0,0.0,0.0,0.0,0.0,0.0,0.0,0,147.56,0.0,0.0,0.0,0.0,0.0
ETH_2015_58,11.0,10215.17,230.65,2.0,0.0,0.0,0,0.0,0.0,3.0,0.0,0.0,5.0,2098.94,0.0,0.0,0,0.0,0.0,6573.58,0.0,0.0,817.03,47.39,0.0,0.0,0,0.0,0.0,148.43,0.0,0.0,18.45
ETH_2015_59,101.0,67988.11,1535.67,98.0,0.0,0.0,0,0.0,0.0,1.0,1.0,0.0,0.0,49443.19,0.0,0.0,0,0.0,0.0,6558.25,10004.24,0.0,0.0,1116.79,0.0,0.0,0,0.0,0.0,148.13,225.97,0.0,0.0
ETH_2015_6,28.0,17653.45,395.73,0.0,0.0,0.0,0,22.0,0.0,0.0,2.0,0.0,0.0,0.0,0.0,0.0,0,7765.52,0.0,0.0,2248.43,0.0,0.0,0.0,0.0,0.0,0,174.08,0.0,0.0,50.4,0.0,0.0
ETH_2015_60,1.0,176.87,4.0,0.0,0.0,0.0,0,1.0,0.0,0.0,0.0,0.0,0.0,0.0,0.0,0.0,0,176.87,0.0,0.0,0.0,0.0,0.0,0.0,0.0,0.0,0,4.0,0.0,0.0,0.0,0.0,0.0
ETH_2015_61,0.0,0.0,0.0,0.0,0.0,0.0,0,0.0,0.0,0.0,0.0,0.0,0.0,0.0,0.0,0.0,0,0.0,0.0,0.0,0.0,0.0,0.0,0.0,0.0,0.0,0,0.0,0.0,0.0,0.0,0.0,0.0
ETH_2015_62,1.0,6848.92,154.74,0.0,1.0,0.0,0,0.0,0.0,0.0,0.0,0.0,0.0,0.0,6848.92,0.0,0,0.0,0.0,0.0,0.0,0.0,0.0,0.0,154.74,0.0,0,0.0,0.0,0.0,0.0,0.0,0.0
ETH_2015_63,0.0,0.0,0.0,0.0,0.0,0.0,0,0.0,0.0,0.0,0.0,0.0,0.0,0.0,0.0,0.0,0,0.0,0.0,0.0,0.0,0.0,0.0,0.0,0.0,0.0,0,0.0,0.0,0.0,0.0,0.0,0.0
ETH_2015_64,0.0,0.0,0.0,0.0,0.0,0.0,0,0.0,0.0,0.0,0.0,0.0,0.0,0.0,0.0,0.0,0,0.0,0.0,0.0,0.0,0.0,0.0,0.0,0.0,0.0,0,0.0,0.0,0.0,0.0,0.0,0.0
ETH_2015_65,0.0,0.0,0.0,0.0,0.0,0.0,0,0.0,0.0,0.0,0.0,0.0,0.0,0.0,0.0,0.0,0,0.0,0.0,0.0,0.0,0.0,0.0,0.0,0.0,0.0,0,0.0,0.0,0.0,0.0,0.0,0.0
ETH_2015_66,4.0,14714.7,332.65,0.0,0.0,0.0,0,3.0,0.0,1.0,0.0,0.0,0.0,0.0,0.0,0.0,0,7544.9,0.0,7169.8,0.0,0.0,0.0,0.0,0.0,0.0,0,170.57,0.0,162.09,0.0,0.0,0.0
ETH_2015_67,560.0,188660.19,4265.81,481.0,0.0,0.0,0,0.0,0.0,17.0,12.0,34.0,1.0,124299.04,0.0,0.0,0,0.0,0.0,15162.22,4932.14,20460.4,288.32,2810.54,0.0,0.0,0,0.0,0.0,342.83,111.52,462.63,6.52
ETH_2015_68,46.0,35336.84,799.13,33.0,0.0,0.0,0,0.0,0.0,1.0,0.0,0.0,0.0,8629.58,0.0,0.0,0,0.0,0.0,3845.65,0.0,0.0,0.0,195.15,0.0,0.0,0,0.0,0.0,86.97,0.0,0.0,0.0
ETH_2015_69,47.0,26107.45,590.44,43.0,0.0,0.0,0,0.0,0.0,1.0,2.0,1.0,0.0,10859.7,0.0,0.0,0,0.0,0.0,675.19,4990.23,9582.34,0.0,245.6,0.0,0.0,0,0.0,0.0,15.27,112.86,216.71,0.0
ETH_2015_7,4.0,10330.29,231.88,0.0,0.0,0.0,0,1.0,0.0,1.0,2.0,0.0,0.0,0.0,0.0,0.0,0,4029.82,0.0,499.24,5801.23,0.0,0.0,0.0,0.0,0.0,0,90.46,0.0,11.21,130.22,0.0,0.0
ETH_2015_70,6.0,4317.07,97.64,3.0,0.0,0.0,0,0.0,0.0,0.0,0.0,2.0,0.0,179.42,0.0,0.0,0,0.0,0.0,0.0,0.0,3161.11,0.0,4.06,0.0,0.0,0,0.0,0.0,0.0,0.0,71.49,0.0
ETH_2015_71,9.0,20640.43,466.82,4.0,1.0,0.0,0,0.0,0.0,0.0,0.0,0.0,0.0,557.83,3852.04,0.0,0,0.0,0.0,0.0,0.0,0.0,0.0,12.62,87.12,0.0,0,0.0,0.0,0.0,0.0,0.0,0.0
ETH_2015_72,0.0,0.0,0.0,0.0,0.0,0.0,0,0.0,0.0,0.0,0.0,0.0,0.0,0.0,0.0,0.0,0,0.0,0.0,0.0,0.0,0.0,0.0,0.0,0.0,0.0,0,0.0,0.0,0.0,0.0,0.0,0.0
ETH_2015_73,12.0,20621.74,466.42,6.0,0.0,0.0,0,1.0,0.0,2.0,0.0,0.0,0.0,5582.86,0.0,0.0,0,1892.92,0.0,11162.43,0.0,0.0,0.0,126.27,0.0,0.0,0,42.81,0.0,252.47,0.0,0.0,0.0
ETH_2015_74,3.0,7578.25,171.41,0.0,0.0,0.0,0,0.0,0.0,0.0,0.0,0.0,0.0,0.0,0.0,0.0,0,0.0,0.0,0.0,0.0,0.0,0.0,0.0,0.0,0.0,0,0.0,0.0,0.0,0.0,0.0,0.0
ETH_2015_75,1.0,1489.54,33.69,0.0,0.0,0.0,0,0.0,0.0,0.0,1.0,0.0,0.0,0.0,0.0,0.0,0,0.0,0.0,0.0,1489.54,0.0,0.0,0.0,0.0,0.0,0,0.0,0.0,0.0,33.69,0.0,0.0
ETH_2015_76,1.0,8402.31,190.06,0.0,0.0,0.0,0,0.0,0.0,1.0,0.0,0.0,0.0,0.0,0.0,0.0,0,0.0,0.0,8402.31,0.0,0.0,0.0,0.0,0.0,0.0,0,0.0,0.0,190.06,0.0,0.0,0.0
ETH_2015_77,28.0,17341.35,392.27,22.0,0.0,0.0,0,0.0,0.0,1.0,2.0,2.0,0.0,11501.4,0.0,0.0,0,0.0,0.0,188.34,153.07,3649.58,0.0,260.17,0.0,0.0,0,0.0,0.0,4.26,3.46,82.55,0.0
ETH_2015_78,6.0,18635.38,421.6,0.0,0.0,0.0,0,1.0,0.0,1.0,0.0,0.0,0.0,0.0,0.0,0.0,0,4603.44,0.0,7604.63,0.0,0.0,0.0,0.0,0.0,0.0,0,104.15,0.0,172.04,0.0,0.0,0.0
ETH_2015_79,91.0,57541.19,1301.8,86.0,0.0,0.0,0,0.0,0.0,3.0,0.0,2.0,0.0,40354.37,0.0,0.0,0,0.0,0.0,7755.37,0.0,9431.46,0.0,912.97,0.0,0.0,0,0.0,0.0,175.46,0.0,213.38,0.0
ETH_2015_8,1.0,6827.88,153.28,0.0,0.0,0.0,0,0.0,0.0,1.0,0.0,0.0,0.0,0.0,0.0,0.0,0,0.0,0.0,6827.88,0.0,0.0,0.0,0.0,0.0,0.0,0,0.0,0.0,153.28,0.0,0.0,0.0
ETH_2015_80,0.0,0.0,0.0,0.0,0.0,0.0,0,0.0,0.0,0.0,0.0,0.0,0.0,0.0,0.0,0.0,0,0.0,0.0,0.0,0.0,0.0,0.0,0.0,0.0,0.0,0,0.0,0.0,0.0,0.0,0.0,0.0
ETH_2015_81,128.0,74440.31,1684.24,112.0,0.0,0.0,0,10.0,0.0,0.0,0.0,4.0,0.0,42703.16,0.0,0.0,0,19154.9,0.0,0.0,0.0,11525.42,0.0,966.18,0.0,0.0,0,433.39,0.0,0.0,0.0,260.77,0.0
ETH_2015_82,12.0,23744.27,537.26,0.0,0.0,0.0,0,1.0,0.0,1.0,0.0,1.0,0.0,0.0,0.0,0.0,0,2514.88,0.0,529.96,0.0,7615.45,0.0,0.0,0.0,0.0,0,56.9,0.0,11.99,0.0,172.32,0.0
ETH_2015_83,746.0,243954.49,5519.99,651.0,1.0,0.0,0,2.0,0.0,28.0,46.0,0.0,1.0,171056.22,6903.12,0.0,0,1214.05,0.0,27258.3,23560.19,0.0,152.54,3870.51,156.2,0.0,0,27.47,0.0,616.78,533.1,0.0,3.45
ETH_2015_84,818.0,264501.95,5985.16,706.0,1.0,0.0,0,2.0,0.0,28.0,56.0,0.0,3.0,189389.27,3427.57,0.0,0,1214.05,0.0,26939.84,28959.73,0.0,1048.13,4285.51,77.56,0.0,0,27.47,0.0,609.6,655.3,0.0,23.72
ETH_2015_85,3.0,13133.64,297.2,1.0,0.0,0.0,0,0.0,0.0,1.0,1.0,0.0,0.0,484.87,0.0,0.0,0,0.0,0.0,10998.71,1650.06,0.0,0.0,10.97,0.0,0.0,0,0.0,0.0,248.89,37.34,0.0,0.0
ETH_2015_86,888.0,297050.16,6722.03,772.0,1.0,0.0,0,2.0,0.0,31.0,58.0,0.0,3.0,210175.58,6326.84,0.0,0,1214.05,0.0,28581.87,33587.53,0.0,1048.13,4756.12,143.17,0.0,0,27.47,0.0,646.79,760.06,0.0,23.72
ETH_2015_87,906.0,301555.92,6824.2,769.0,1.0,0.0,0,2.0,0.0,31.0,62.0,0.0,8.0,208067.41,6804.49,0.0,0,1214.05,0.0,27587.74,36380.68,0.0,1340.3,4708.56,153.99,0.0,0,27.47,0.0,624.31,823.29,0.0,30.33
ETH_2015_88,890.0,293122.63,6633.42,754.0,1.0,0.0,0,2.0,0.0,30.0,62.0,0.0,8.0,202709.0,6803.3,0.0,0,1214.05,0.0,24161.37,36717.75,0.0,1340.3,4587.34,153.96,0.0,0,27.47,0.0,546.78,830.93,0.0,30.33
ETH_2015_89,843.0,281089.9,6361.2,710.0,1.0,0.0,0,2.0,0.0,27.0,62.0,0.0,8.0,191405.52,6802.77,0.0,0,1214.05,0.0,20425.93,36748.92,0.0,1340.3,4331.6,153.95,0.0,0,27.47,0.0,462.25,831.65,0.0,30.33
ETH_2015_9,0.0,0.0,0.0,0.0,0.0,0.0,0,0.0,0.0,0.0,0.0,0.0,0.0,0.0,0.0,0.0,0,0.0,0.0,0.0,0.0,0.0,0.0,0.0,0.0,0.0,0,0.0,0.0,0.0,0.0,0.0,0.0
ETH_2015_90,5.0,19247.7,435.59,0.0,0.0,0.0,0,0.0,0.0,1.0,2.0,0.0,0.0,0.0,0.0,0.0,0,0.0,0.0,5305.85,9958.33,0.0,0.0,0.0,0.0,0.0,0,0.0,0.0,120.08,225.36,0.0,0.0
ETH_2015_91,686.0,240279.08,5437.78,567.0,1.0,0.0,0,1.0,0.0,19.0,57.0,0.0,8.0,159744.0,7169.42,0.0,0,490.08,0.0,12431.6,35292.09,0.0,1340.3,3615.18,162.25,0.0,0,11.09,0.0,281.34,798.7,0.0,30.33
ETH_2015_92,63.0,29413.76,665.67,56.0,0.0,0.0,0,0.0,0.0,0.0,0.0,4.0,0.0,19381.04,0.0,0.0,0,0.0,0.0,0.0,0.0,8543.61,0.0,438.62,0.0,0.0,0,0.0,0.0,0.0,0.0,193.35,0.0
ETH_2015_93,659.0,232070.4,5252.07,541.0,1.0,0.0,0,2.0,0.0,21.0,55.0,0.0,8.0,155415.29,7193.69,0.0,0,599.46,0.0,12630.1,34180.18,0.0,1340.3,3517.26,162.8,0.0,0,13.57,0.0,285.84,773.54,0.0,30.33
ETH_2015_94,9.0,11983.47,271.24,0.0,0.0,0.0,0,1.0,0.0,0.0,1.0,0.0,0.0,0.0,0.0,0.0,0,3755.69,0.0,0.0,4608.18,0.0,0.0,0.0,0.0,0.0,0,85.01,0.0,0.0,104.3,0.0,0.0
ETH_2015_95,85.0,70562.64,1597.16,74.0,0.0,0.0,0,6.0,0.0,0.0,0.0,1.0,0.0,43288.96,0.0,0.0,0,13936.84,0.0,0.0,0.0,7526.98,0.0,979.83,0.0,0.0,0,315.45,0.0,0.0,0.0,170.37,0.0
ETH_2015_96,1.0,3611.98,81.76,0.0,0.0,0.0,0,1.0,0.0,0.0,0.0,0.0,0.0,0.0,0.0,0.0,0,3611.98,0.0,0.0,0.0,0.0,0.0,0.0,0.0,0.0,0,81.76,0.0,0.0,0.0,0.0,0.0
ETH_2015_97,70.0,48858.67,1105.91,50.0,0.0,0.0,0,0.0,0.0,5.0,2.0,3.0,1.0,21001.83,0.0,0.0,0,0.0,0.0,8659.13,5497.98,6057.22,87.46,475.37,0.0,0.0,0,0.0,0.0,196.0,124.45,137.1,1.98
ETH_2015_98,38.0,29463.38,666.93,29.0,0.0,0.0,0,5.0,0.0,1.0,0.0,0.0,0.0,9202.66,0.0,0.0,0,9724.46,0.0,5807.56,0.0,0.0,0.0,208.31,0.0,0.0,0,220.12,0.0,131.46,0.0,0.0,0.0
ETH_2015_99,1.0,3092.56,70.01,0.0,0.0,0.0,0,0.0,0.0,0.0,0.0,1.0,0.0,0.0,0.0,0.0,0,0.0,0.0,0.0,0.0,3092.56,0.0,0.0,0.0,0.0,0,0.0,0.0,0.0,0.0,70.01,0.0
