id,total_count,total_length,total_density,count_tertiary,count_trunk,count_residential,count_pedestrian,count_intersection,count_secondary,count_living_street,count_track,count_service,count_primary,length_tertiary,length_trunk,length_residential,length_pedestrian,length_intersection,length_secondary,length_living_street,length_track,length_service,length_primary,density_tertiary,density_trunk,density_residential,density_pedestrian,density_intersection,density_secondary,density_living_street,density_track,density_service,density_primary
MLI_2019_1,19.0,29316.93,675.55,1.0,0.0,4.0,0.0,0,1.0,0.0,0.0,0.0,2.0,1922.58,0.0,1370.47,0.0,0,6093.32,0.0,0.0,0.0,3080.27,44.3,0.0,31.58,0.0,0,140.41,0.0,0.0,0.0,70.98
MLI_2019_10,15.0,32152.02,743.94,1.0,0.0,0.0,0.0,0,0.0,0.0,0.0,0.0,3.0,3968.83,0.0,0.0,0.0,0,0.0,0.0,0.0,0.0,7317.0,91.83,0.0,0.0,0.0,0,0.0,0.0,0.0,0.0,169.3
MLI_2019_100,2713.0,528469.83,12362.43,69.0,32.0,2251.0,0.0,0,27.0,0.0,37.0,76.0,0.0,18103.01,14282.35,438428.72,0.0,0,7808.55,0.0,9783.62,7611.82,0.0,423.48,334.11,10256.11,0.0,0,182.66,0.0,228.87,178.06,0.0
MLI_2019_101,55.0,55139.98,1289.93,0.0,0.0,1.0,0.0,0,0.0,0.0,0.0,0.0,0.0,0.0,0.0,631.92,0.0,0,0.0,0.0,0.0,0.0,0.0,0.0,0.0,14.78,0.0,0,0.0,0.0,0.0,0.0,0.0
MLI_2019_102,1274.0,380184.09,8894.24,12.0,0.0,1010.0,0.0,0,0.0,0.0,160.0,7.0,5.0,16784.12,0.0,262089.97,0.0,0,0.0,0.0,53051.36,940.16,3343.63,392.66,0.0,6131.48,0.0,0,0.0,0.0,1241.11,21.99,78.22
MLI_2019_103,3847.0,735421.73,17205.02,39.0,18.0,3518.0,3.0,0,9.0,0.0,20.0,33.0,36.0,14570.72,1663.24,645447.48,0.0,0,6893.86,0.0,3675.25,4220.71,20072.21,340.88,38.91,15100.09,0.0,0,161.28,0.0,85.98,98.74,469.58
MLI_2019_104,3891.0,719666.24,16836.45,35.0,0.0,3604.0,3.0,0,8.0,0.0,20.0,28.0,27.0,13895.22,0.0,636595.8,0.0,0,5072.59,0.0,3663.89,3652.92,18824.97,325.08,0.0,14893.03,0.0,0,118.67,0.0,85.72,85.46,440.41
MLI_2019_105,3893.0,718917.14,16818.87,35.0,0.0,3606.0,3.0,0,8.0,0.0,20.0,28.0,27.0,13875.92,0.0,635866.46,0.0,0,5074.26,0.0,3643.36,3652.92,18844.67,324.62,0.0,14875.93,0.0,0,118.71,0.0,85.24,85.46,440.87
MLI_2019_106,3890.0,718184.97,16801.77,35.0,0.0,3603.0,3.0,0,8.0,0.0,20.0,28.0,27.0,13858.22,0.0,635285.48,0.0,0,5042.23,0.0,3638.8,3635.88,18801.56,324.21,0.0,14862.36,0.0,0,117.96,0.0,85.13,85.06,439.86
MLI_2019_107,3892.0,717339.28,16781.99,35.0,0.0,3606.0,3.0,0,8.0,0.0,20.0,28.0,27.0,13837.6,0.0,634725.83,0.0,0,5005.46,0.0,3633.23,3514.5,18751.47,323.73,0.0,14849.27,0.0,0,117.1,0.0,85.0,82.22,438.69
MLI_2019_108,3556.0,721579.47,16881.66,125.0,69.0,2852.0,15.0,0,68.0,0.0,16.0,143.0,24.0,37591.72,20047.51,582952.0,404.12,0,20925.74,0.0,3597.54,16205.48,9475.73,879.47,469.02,13638.41,9.45,0,489.57,0.0,84.17,379.13,221.69
MLI_2019_109,3575.0,725795.77,16980.3,125.0,69.0,2867.0,15.0,0,68.0,0.0,16.0,143.0,27.0,37600.29,20502.88,585978.12,404.12,0,21025.16,0.0,3544.5,16341.12,9704.66,879.67,479.67,13709.21,9.45,0,491.89,0.0,82.93,382.31,227.04
MLI_2019_11,16.0,32723.44,757.2,1.0,0.0,0.0,0.0,0,0.0,0.0,0.0,0.0,3.0,4521.24,0.0,0.0,0.0,0,0.0,0.0,0.0,0.0,7592.88,104.62,0.0,0.0,0.0,0,0.0,0.0,0.0,0.0,175.7
MLI_2019_110,7.0,17984.55,420.76,0.0,0.0,0.0,0.0,0,0.0,0.0,0.0,0.0,0.0,0.0,0.0,0.0,0.0,0,0.0,0.0,0.0,0.0,0.0,0.0,0.0,0.0,0.0,0,0.0,0.0,0.0,0.0,0.0
MLI_2019_111,3811.0,759659.41,17772.9,143.0,81.0,2957.0,19.0,0,122.0,0.0,21.0,150.0,59.0,40130.79,22612.61,598768.92,508.36,0,29393.74,0.0,4475.17,17220.01,13034.12,938.9,529.04,14008.73,11.89,0,687.69,0.0,104.7,402.88,304.94
MLI_2019_112,3181.0,664922.5,15556.75,75.0,26.0,2674.0,1.0,0,33.0,0.0,22.0,57.0,15.0,29239.73,10006.48,552506.83,76.12,0,15519.63,0.0,3852.24,5797.14,8183.06,684.1,234.12,12926.64,1.78,0,363.1,0.0,90.13,135.63,191.45
MLI_2019_113,3126.0,653893.29,15298.82,72.0,22.0,2610.0,3.0,0,35.0,0.0,25.0,57.0,17.0,27995.33,8544.87,539742.91,76.12,0,16673.51,0.0,4605.92,5962.1,10691.79,654.99,199.92,12628.1,1.78,0,390.1,0.0,107.76,139.49,250.15
MLI_2019_114,3137.0,659173.1,15422.4,74.0,26.0,2636.0,1.0,0,33.0,0.0,21.0,58.0,17.0,29245.71,9334.18,546508.76,76.12,0,16735.4,0.0,3807.72,6050.55,8788.36,684.25,218.39,12786.44,1.78,0,391.55,0.0,89.09,141.56,205.62
MLI_2019_115,54.0,37096.85,867.97,0.0,0.0,1.0,0.0,0,0.0,0.0,0.0,0.0,0.0,0.0,0.0,373.01,0.0,0,0.0,0.0,0.0,0.0,0.0,0.0,0.0,8.73,0.0,0,0.0,0.0,0.0,0.0,0.0
MLI_2019_116,2615.0,556482.45,13020.39,115.0,16.0,2096.0,5.0,0,67.0,0.0,31.0,98.0,2.0,34598.63,10213.18,433842.24,92.66,0,21475.79,0.0,11505.35,11539.07,1122.9,809.53,238.96,10150.9,2.17,0,502.48,0.0,269.2,269.99,26.27
MLI_2019_117,3076.0,607476.87,14214.26,139.0,68.0,2289.0,14.0,0,95.0,0.0,45.0,156.0,13.0,41238.82,13836.35,452088.54,356.83,0,26768.39,0.0,14434.43,17886.1,3767.36,964.94,323.75,10578.35,8.35,0,626.35,0.0,337.75,418.51,88.15
MLI_2019_118,3057.0,605309.58,14163.56,139.0,66.0,2278.0,13.0,0,94.0,0.0,45.0,156.0,13.0,41170.72,13467.32,451135.1,329.6,0,26713.93,0.0,14463.35,17728.84,3611.24,963.35,315.12,10556.05,7.71,0,625.08,0.0,338.43,414.83,84.5
MLI_2019_119,3733.0,668907.33,15652.92,267.0,102.0,2422.0,39.0,0,140.0,10.0,31.0,229.0,124.0,57538.11,18644.19,455546.71,2378.14,0,28061.42,767.17,8697.02,24352.74,23566.34,1346.43,436.29,10660.12,55.65,0,656.66,17.95,203.52,569.87,551.47
MLI_2019_12,8.0,15488.78,358.44,3.0,0.0,1.0,0.0,0,0.0,0.0,0.0,0.0,0.0,6860.27,0.0,3734.97,0.0,0,0.0,0.0,0.0,0.0,0.0,158.76,0.0,86.43,0.0,0,0.0,0.0,0.0,0.0,0.0
MLI_2019_120,3327.0,644211.92,15075.14,207.0,89.0,2228.0,39.0,0,146.0,0.0,45.0,185.0,102.0,53361.37,19935.18,444360.56,2382.16,0,35164.86,0.0,14564.12,20079.39,12463.98,1248.7,466.5,10398.44,55.74,0,822.89,0.0,340.81,469.88,291.67
MLI_2019_121,3318.0,643808.48,15065.7,207.0,89.0,2220.0,39.0,0,146.0,0.0,45.0,185.0,102.0,53423.41,19896.63,443934.98,2382.16,0,35200.93,0.0,14566.12,20123.0,12509.76,1250.16,465.6,10388.48,55.74,0,823.73,0.0,340.86,470.9,292.74
MLI_2019_122,1318.0,324137.07,7585.17,10.0,0.0,951.0,0.0,0,0.0,0.0,148.0,1.0,0.0,23113.83,0.0,160355.4,0.0,0,0.0,0.0,44617.29,70.19,0.0,540.89,0.0,3752.5,0.0,0,0.0,0.0,1044.1,1.64,0.0
MLI_2019_123,3354.0,661831.99,15487.83,262.0,89.0,2156.0,40.0,0,162.0,0.0,47.0,227.0,111.0,59825.2,17837.18,449666.35,2470.79,0,37329.22,0.0,13619.56,25884.26,16773.39,1400.0,417.42,10522.85,57.82,0,873.56,0.0,318.72,605.73,392.52
MLI_2019_124,3905.0,688055.5,16102.13,260.0,87.0,2672.0,39.0,0,129.0,10.0,44.0,220.0,122.0,54962.57,15029.1,486023.75,2378.14,0,26725.8,767.17,13212.89,22939.83,20674.14,1286.25,351.72,11374.11,55.65,0,625.45,17.95,309.21,536.85,483.82
MLI_2019_125,2824.0,559495.71,13093.66,166.0,84.0,1833.0,38.0,0,141.0,0.0,54.0,169.0,102.0,43205.22,14704.59,378175.46,2289.51,0,31534.87,0.0,19089.31,17347.16,12440.22,1011.12,344.13,8850.3,53.58,0,738.0,0.0,446.74,405.97,291.13
MLI_2019_126,3929.0,699008.82,16358.77,259.0,80.0,2778.0,38.0,0,131.0,10.0,44.0,192.0,123.0,55027.06,14154.15,502514.25,2378.14,0,26890.5,767.17,14545.59,20419.75,20242.11,1287.79,331.25,11760.24,55.66,0,629.31,17.95,340.41,477.88,473.72
MLI_2019_127,3967.0,717282.93,16786.52,229.0,15.0,3045.0,24.0,0,91.0,10.0,33.0,162.0,106.0,46938.07,1358.64,552286.44,2297.86,0,25991.69,767.17,7937.35,21843.01,20047.5,1098.49,31.8,12925.12,53.78,0,608.28,17.95,185.76,511.19,469.17
MLI_2019_128,4360.0,814681.97,19067.49,182.0,0.0,3741.0,3.0,0,76.0,10.0,41.0,125.0,25.0,40156.17,0.0,678916.85,335.43,0,24963.45,767.17,9136.12,19760.83,13561.79,939.85,0.0,15889.93,7.85,0,584.27,17.96,213.83,462.5,317.41
MLI_2019_129,3646.0,707045.04,16548.49,54.0,0.0,3297.0,2.0,0,35.0,0.0,43.0,67.0,38.0,21626.66,0.0,607101.57,247.55,0,12209.33,0.0,12802.15,13525.55,19486.68,506.18,0.0,14209.3,5.79,0,285.76,0.0,299.64,316.57,456.09
MLI_2019_13,3.0,12353.04,285.91,2.0,0.0,0.0,0.0,0,0.0,0.0,0.0,0.0,0.0,8252.77,0.0,0.0,0.0,0,0.0,0.0,0.0,0.0,0.0,191.01,0.0,0.0,0.0,0,0.0,0.0,0.0,0.0,0.0
MLI_2019_130,3565.0,698200.08,16341.61,54.0,0.0,3222.0,1.0,0,35.0,0.0,46.0,65.0,38.0,21545.97,0.0,599368.41,164.43,0,11464.49,0.0,12964.87,12783.21,19314.72,504.29,0.0,14028.42,3.85,0,268.33,0.0,303.45,299.2,452.07
MLI_2019_131,4462.0,840103.49,19663.33,121.0,0.0,3966.0,3.0,0,73.0,10.0,39.0,65.0,37.0,35628.36,0.0,707647.42,335.43,0,25585.84,767.17,10491.25,13728.02,18802.22,833.91,0.0,16563.08,7.85,0,598.86,17.96,245.56,321.32,440.08
MLI_2019_132,3559.0,680642.97,15931.41,47.0,0.0,3247.0,0.0,0,32.0,0.0,46.0,47.0,36.0,17224.82,0.0,591376.41,0.0,0,9915.22,0.0,14094.08,7664.44,18093.85,403.17,0.0,13842.0,0.0,0,232.08,0.0,329.89,179.4,423.51
MLI_2019_133,42.0,37438.65,876.36,0.0,0.0,0.0,0.0,0,0.0,0.0,0.0,0.0,0.0,0.0,0.0,0.0,0.0,0,0.0,0.0,0.0,0.0,0.0,0.0,0.0,0.0,0.0,0,0.0,0.0,0.0,0.0,0.0
MLI_2019_134,4422.0,785310.59,18382.66,72.0,0.0,4070.0,3.0,0,50.0,10.0,26.0,41.0,27.0,25112.45,0.0,679038.96,335.43,0,22337.42,767.17,15665.61,8358.19,14163.13,587.84,0.0,15895.04,7.85,0,522.88,17.96,366.7,195.65,331.53
MLI_2019_135,4273.0,758490.02,17755.11,78.0,0.0,3912.0,3.0,0,43.0,10.0,31.0,42.0,34.0,24592.4,0.0,660305.26,335.43,0,19276.81,767.17,14376.08,7228.54,13539.35,575.67,0.0,15456.76,7.85,0,451.24,17.96,336.52,169.21,316.94
MLI_2019_136,3345.0,613725.13,14366.46,33.0,0.0,3123.0,0.0,0,17.0,0.0,37.0,33.0,24.0,12972.78,0.0,541286.93,0.0,0,7774.9,0.0,14924.88,4549.04,15263.3,303.68,0.0,12670.79,0.0,0,182.0,0.0,349.37,106.49,357.29
MLI_2019_137,3236.0,595757.94,13945.95,32.0,0.0,3029.0,0.0,0,17.0,0.0,36.0,30.0,24.0,12819.43,0.0,525033.4,0.0,0,7632.49,0.0,14750.46,3919.38,15124.22,300.09,0.0,12290.38,0.0,0,178.67,0.0,345.29,91.75,354.04
MLI_2019_138,1527.0,386302.19,9042.87,12.0,0.0,1109.0,0.0,0,0.0,0.0,248.0,9.0,11.0,15249.25,0.0,219324.25,0.0,0,0.0,0.0,82677.54,699.94,14162.46,356.97,0.0,5134.12,0.0,0,0.0,0.0,1935.38,16.38,331.53
MLI_2019_139,3892.0,694495.18,16257.49,68.0,0.0,3621.0,3.0,0,32.0,0.0,33.0,27.0,24.0,22564.7,0.0,615057.37,335.43,0,12322.47,0.0,14711.67,3764.75,11497.24,528.22,0.0,14397.93,7.85,0,288.46,0.0,344.39,88.13,269.14
MLI_2019_14,11.0,23028.75,533.01,1.0,0.0,0.0,0.0,0,0.0,0.0,0.0,0.0,0.0,3953.45,0.0,0.0,0.0,0,0.0,0.0,0.0,0.0,0.0,91.5,0.0,0.0,0.0,0,0.0,0.0,0.0,0.0,0.0
MLI_2019_140,21.0,25840.36,604.91,0.0,0.0,0.0,0.0,0,0.0,0.0,0.0,0.0,0.0,0.0,0.0,0.0,0.0,0,0.0,0.0,0.0,0.0,0.0,0.0,0.0,0.0,0.0,0,0.0,0.0,0.0,0.0,0.0
MLI_2019_141,110.0,67828.95,1587.93,0.0,0.0,16.0,0.0,0,0.0,0.0,14.0,1.0,0.0,0.0,0.0,3646.88,0.0,0,0.0,0.0,7425.02,271.83,0.0,0.0,0.0,85.38,0.0,0,0.0,0.0,173.83,6.36,0.0
MLI_2019_142,1124.0,308853.92,7231.24,26.0,33.0,913.0,0.0,0,12.0,0.0,66.0,23.0,0.0,10303.93,10458.47,208475.33,0.0,0,8533.26,0.0,38557.85,3777.41,0.0,241.25,244.87,4881.06,0.0,0,199.79,0.0,902.76,88.44,0.0
MLI_2019_143,2762.0,482694.44,11301.58,11.0,0.0,2415.0,0.0,0,19.0,0.0,139.0,10.0,0.0,4174.88,0.0,361981.09,0.0,0,14126.63,0.0,41902.73,670.74,0.0,97.75,0.0,8475.25,0.0,0,330.75,0.0,981.09,15.7,0.0
MLI_2019_144,1265.0,338055.87,7915.36,36.0,33.0,1051.0,0.0,0,12.0,0.0,62.0,19.0,0.0,11858.61,9859.69,239090.57,0.0,0,8408.15,0.0,33269.7,3647.63,0.0,277.66,230.86,5598.15,0.0,0,196.87,0.0,778.99,85.41,0.0
MLI_2019_145,1267.0,339219.33,7942.61,36.0,33.0,1053.0,0.0,0,12.0,0.0,62.0,19.0,0.0,11893.93,9897.23,240214.77,0.0,0,8408.2,0.0,33278.25,3635.98,0.0,278.49,231.74,5624.48,0.0,0,196.87,0.0,779.19,85.13,0.0
MLI_2019_146,1582.0,410061.73,9602.57,36.0,44.0,1357.0,0.0,0,16.0,0.0,46.0,25.0,0.0,13569.69,9697.46,319757.78,0.0,0,12379.23,0.0,18920.56,4310.62,0.0,317.77,227.09,7487.88,0.0,0,289.89,0.0,443.07,100.94,0.0
MLI_2019_147,1538.0,399260.49,9350.1,31.0,45.0,1277.0,0.0,0,16.0,0.0,65.0,29.0,0.0,11353.18,9383.74,300851.85,0.0,0,11627.42,0.0,22711.1,4729.93,0.0,265.87,219.75,7045.51,0.0,0,272.3,0.0,531.86,110.77,0.0
MLI_2019_148,1539.0,399498.41,9355.67,31.0,45.0,1279.0,0.0,0,16.0,0.0,64.0,29.0,0.0,11346.81,9394.51,301038.07,0.0,0,11619.89,0.0,22710.17,4791.25,0.0,265.73,220.01,7049.87,0.0,0,272.12,0.0,531.84,112.2,0.0
MLI_2019_149,1510.0,396448.62,9284.7,20.0,36.0,1279.0,0.0,0,8.0,0.0,54.0,45.0,0.0,6947.46,9519.9,312557.62,0.0,0,5359.75,0.0,17869.92,6288.85,0.0,162.71,222.95,7320.0,0.0,0,125.52,0.0,418.51,147.28,0.0
MLI_2019_15,11.0,19401.58,449.07,0.0,0.0,0.0,0.0,0,0.0,0.0,0.0,0.0,0.0,0.0,0.0,0.0,0.0,0,0.0,0.0,0.0,0.0,0.0,0.0,0.0,0.0,0.0,0,0.0,0.0,0.0,0.0,0.0
MLI_2019_150,1428.0,376396.95,8815.26,25.0,45.0,1100.0,0.0,0,13.0,0.0,98.0,29.0,0.0,7914.4,8091.87,265006.67,0.0,0,9943.78,0.0,31281.32,4859.56,0.0,185.36,189.51,6206.49,0.0,0,232.88,0.0,732.61,113.81,0.0
MLI_2019_151,1249.0,343119.33,8036.25,15.0,23.0,906.0,0.0,0,6.0,0.0,123.0,20.0,0.0,5792.44,4768.94,208641.73,0.0,0,7329.36,0.0,43352.44,3691.53,0.0,135.67,111.69,4886.63,0.0,0,171.66,0.0,1015.36,86.46,0.0
MLI_2019_152,1249.0,343122.45,8036.32,15.0,23.0,906.0,0.0,0,6.0,0.0,123.0,20.0,0.0,5791.44,4756.36,208478.08,0.0,0,7317.23,0.0,43423.91,3691.53,0.0,135.64,111.4,4882.79,0.0,0,171.38,0.0,1017.04,86.46,0.0
MLI_2019_153,509.0,228332.84,5348.44,0.0,0.0,476.0,0.0,0,3.0,0.0,0.0,1.0,1.0,0.0,0.0,185247.99,0.0,0,6020.32,0.0,0.0,35.74,7388.85,0.0,0.0,4339.22,0.0,0,141.02,0.0,0.0,0.84,173.08
MLI_2019_154,16.0,38586.66,903.88,1.0,0.0,0.0,0.0,0,0.0,0.0,3.0,0.0,0.0,3031.99,0.0,0.0,0.0,0,0.0,0.0,3432.46,0.0,0.0,71.02,0.0,0.0,0.0,0,0.0,0.0,80.4,0.0,0.0
MLI_2019_155,10.0,13345.14,312.67,1.0,0.0,0.0,0.0,0,0.0,0.0,0.0,0.0,0.0,4667.96,0.0,0.0,0.0,0,0.0,0.0,0.0,0.0,0.0,109.37,0.0,0.0,0.0,0,0.0,0.0,0.0,0.0,0.0
MLI_2019_156,20.0,18709.46,438.41,0.0,0.0,0.0,0.0,0,0.0,0.0,0.0,0.0,0.0,0.0,0.0,0.0,0.0,0,0.0,0.0,0.0,0.0,0.0,0.0,0.0,0.0,0.0,0,0.0,0.0,0.0,0.0,0.0
MLI_2019_157,83.0,49053.52,1149.47,1.0,0.0,64.0,0.0,0,1.0,0.0,1.0,0.0,2.0,2593.21,0.0,17915.09,0.0,0,4203.95,0.0,520.95,0.0,7393.49,60.77,0.0,419.8,0.0,0,98.51,0.0,12.21,0.0,173.25
MLI_2019_158,16.0,19137.75,448.46,0.0,0.0,0.0,0.0,0,0.0,0.0,0.0,0.0,0.0,0.0,0.0,0.0,0.0,0,0.0,0.0,0.0,0.0,0.0,0.0,0.0,0.0,0.0,0,0.0,0.0,0.0,0.0,0.0
MLI_2019_159,28.0,24462.89,573.26,0.0,0.0,0.0,0.0,0,0.0,0.0,0.0,0.0,0.0,0.0,0.0,0.0,0.0,0,0.0,0.0,0.0,0.0,0.0,0.0,0.0,0.0,0.0,0,0.0,0.0,0.0,0.0,0.0
MLI_2019_16,97.0,67154.73,1554.79,1.0,0.0,83.0,0.0,0,5.0,0.0,0.0,0.0,1.0,3934.92,0.0,40062.74,0.0,0,8504.6,0.0,0.0,0.0,3356.74,91.1,0.0,927.54,0.0,0,196.9,0.0,0.0,0.0,77.72
MLI_2019_160,117.0,69878.7,1637.69,0.0,0.0,85.0,0.0,0,0.0,0.0,0.0,0.0,1.0,0.0,0.0,36277.04,0.0,0,0.0,0.0,0.0,0.0,6187.87,0.0,0.0,850.2,0.0,0,0.0,0.0,0.0,0.0,145.02
MLI_2019_161,122.0,71052.54,1665.26,0.0,0.0,85.0,0.0,0,1.0,0.0,0.0,0.0,2.0,0.0,0.0,36277.04,0.0,0,277.47,0.0,0.0,0.0,7272.3,0.0,0.0,850.23,0.0,0,6.5,0.0,0.0,0.0,170.44
MLI_2019_162,16.0,25196.96,590.55,0.0,0.0,0.0,0.0,0,0.0,0.0,0.0,0.0,0.0,0.0,0.0,0.0,0.0,0,0.0,0.0,0.0,0.0,0.0,0.0,0.0,0.0,0.0,0,0.0,0.0,0.0,0.0,0.0
MLI_2019_163,23.0,31956.47,749.03,0.0,0.0,2.0,0.0,0,0.0,0.0,0.0,0.0,0.0,0.0,0.0,453.52,0.0,0,0.0,0.0,0.0,0.0,0.0,0.0,0.0,10.63,0.0,0,0.0,0.0,0.0,0.0,0.0
MLI_2019_164,30.0,36696.86,860.27,0.0,0.0,0.0,0.0,0,1.0,0.0,0.0,0.0,0.0,0.0,0.0,0.0,0.0,0,4976.43,0.0,0.0,0.0,0.0,0.0,0.0,0.0,0.0,0,116.66,0.0,0.0,0.0,0.0
MLI_2019_165,7.0,10478.93,245.68,0.0,0.0,1.0,0.0,0,0.0,0.0,0.0,0.0,0.0,0.0,0.0,625.57,0.0,0,0.0,0.0,0.0,0.0,0.0,0.0,0.0,14.67,0.0,0,0.0,0.0,0.0,0.0,0.0
MLI_2019_166,22.0,38570.67,904.71,3.0,0.0,7.0,0.0,0,1.0,0.0,0.0,0.0,0.0,11220.17,0.0,4549.64,0.0,0,7587.15,0.0,0.0,0.0,0.0,263.18,0.0,106.72,0.0,0,177.96,0.0,0.0,0.0,0.0
MLI_2019_167,22.0,38590.33,905.17,3.0,0.0,7.0,0.0,0,1.0,0.0,0.0,0.0,0.0,11231.26,0.0,4549.64,0.0,0,7589.09,0.0,0.0,0.0,0.0,263.44,0.0,106.72,0.0,0,178.01,0.0,0.0,0.0,0.0
MLI_2019_168,11.0,18045.39,423.29,1.0,0.0,0.0,0.0,0,0.0,0.0,0.0,0.0,0.0,5024.13,0.0,0.0,0.0,0,0.0,0.0,0.0,0.0,0.0,117.85,0.0,0.0,0.0,0,0.0,0.0,0.0,0.0,0.0
MLI_2019_169,532.0,215561.03,5056.6,1.0,0.0,303.0,0.0,0,1.0,0.0,38.0,4.0,10.0,1168.65,0.0,83251.82,0.0,0,3235.48,0.0,17537.48,2329.98,10048.65,27.41,0.0,1952.91,0.0,0,75.9,0.0,411.39,54.66,235.72
MLI_2019_17,97.0,68083.07,1576.32,1.0,0.0,83.0,0.0,0,5.0,0.0,0.0,0.0,1.0,4453.45,0.0,40062.74,0.0,0,7404.68,0.0,0.0,0.0,3372.67,103.11,0.0,927.57,0.0,0,171.44,0.0,0.0,0.0,78.09
MLI_2019_170,532.0,216490.34,5078.4,1.0,0.0,303.0,0.0,0,1.0,0.0,38.0,4.0,10.0,1168.35,0.0,83251.82,0.0,0,3483.92,0.0,17531.31,2707.68,9799.89,27.41,0.0,1952.91,0.0,0,81.73,0.0,411.25,63.52,229.88
MLI_2019_171,14.0,26785.82,628.34,0.0,2.0,0.0,0.0,0,0.0,0.0,0.0,0.0,0.0,0.0,6389.51,0.0,0.0,0,0.0,0.0,0.0,0.0,0.0,0.0,149.89,0.0,0.0,0,0.0,0.0,0.0,0.0,0.0
MLI_2019_172,17.0,27077.85,635.23,0.0,0.0,1.0,0.0,0,0.0,0.0,0.0,0.0,2.0,0.0,0.0,253.1,0.0,0,0.0,0.0,0.0,0.0,6714.18,0.0,0.0,5.94,0.0,0,0.0,0.0,0.0,0.0,157.51
MLI_2019_173,26.0,21477.5,503.86,0.0,0.0,0.0,0.0,0,0.0,0.0,0.0,1.0,7.0,0.0,0.0,0.0,0.0,0,0.0,0.0,0.0,814.18,7024.87,0.0,0.0,0.0,0.0,0,0.0,0.0,0.0,19.1,164.8
MLI_2019_174,119.0,91621.54,2149.82,1.0,0.0,16.0,0.0,0,0.0,0.0,5.0,0.0,1.0,3867.9,0.0,1318.38,0.0,0,0.0,0.0,3123.89,0.0,7095.03,90.76,0.0,30.93,0.0,0,0.0,0.0,73.3,0.0,166.48
MLI_2019_175,30.0,28272.43,663.49,0.0,0.0,0.0,0.0,0,2.0,0.0,0.0,0.0,0.0,0.0,0.0,0.0,0.0,0,6863.57,0.0,0.0,0.0,0.0,0.0,0.0,0.0,0.0,0,161.07,0.0,0.0,0.0,0.0
MLI_2019_176,28.0,34538.02,810.58,0.0,0.0,0.0,0.0,0,0.0,0.0,0.0,0.0,0.0,0.0,0.0,0.0,0.0,0,0.0,0.0,0.0,0.0,0.0,0.0,0.0,0.0,0.0,0,0.0,0.0,0.0,0.0,0.0
MLI_2019_177,71.0,59904.5,1405.96,0.0,0.0,0.0,0.0,0,1.0,0.0,8.0,0.0,1.0,0.0,0.0,0.0,0.0,0,4083.68,0.0,3415.01,0.0,6718.77,0.0,0.0,0.0,0.0,0,95.84,0.0,80.15,0.0,157.69
MLI_2019_178,71.0,60005.76,1408.33,0.0,0.0,0.0,0.0,0,1.0,0.0,8.0,0.0,1.0,0.0,0.0,0.0,0.0,0,4083.67,0.0,3429.87,0.0,6703.22,0.0,0.0,0.0,0.0,0,95.84,0.0,80.5,0.0,157.32
MLI_2019_179,51.0,52206.12,1225.39,0.0,0.0,1.0,0.0,0,0.0,0.0,0.0,0.0,0.0,0.0,0.0,30.77,0.0,0,0.0,0.0,0.0,0.0,0.0,0.0,0.0,0.72,0.0,0,0.0,0.0,0.0,0.0,0.0
MLI_2019_18,5.0,11937.36,276.41,3.0,0.0,0.0,0.0,0,0.0,0.0,0.0,0.0,0.0,7174.19,0.0,0.0,0.0,0,0.0,0.0,0.0,0.0,0.0,166.12,0.0,0.0,0.0,0,0.0,0.0,0.0,0.0,0.0
MLI_2019_180,696.0,196275.28,4607.03,5.0,0.0,615.0,0.0,0,12.0,0.0,1.0,0.0,19.0,5628.04,0.0,143584.73,0.0,0,8751.65,0.0,157.62,0.0,16032.87,132.1,0.0,3370.26,0.0,0,205.42,0.0,3.7,0.0,376.33
MLI_2019_181,14.0,19451.65,456.58,0.0,0.0,0.0,0.0,0,1.0,0.0,0.0,0.0,0.0,0.0,0.0,0.0,0.0,0,8483.91,0.0,0.0,0.0,0.0,0.0,0.0,0.0,0.0,0,199.14,0.0,0.0,0.0,0.0
MLI_2019_182,700.0,196712.05,4617.34,6.0,0.0,615.0,0.0,0,14.0,0.0,1.0,0.0,20.0,5312.2,0.0,143765.44,0.0,0,9051.29,0.0,157.62,0.0,16125.54,124.69,0.0,3374.55,0.0,0,212.46,0.0,3.7,0.0,378.51
MLI_2019_183,689.0,191608.94,4497.6,6.0,0.0,613.0,0.0,0,14.0,0.0,1.0,0.0,17.0,4293.24,0.0,143507.37,0.0,0,9161.39,0.0,157.62,0.0,15132.3,100.77,0.0,3368.52,0.0,0,215.04,0.0,3.7,0.0,355.2
MLI_2019_184,702.0,195362.39,4585.94,6.0,0.0,616.0,0.0,0,14.0,0.0,1.0,0.0,19.0,7053.06,0.0,143545.63,0.0,0,9423.09,0.0,157.62,0.0,11815.53,165.56,0.0,3369.59,0.0,0,221.2,0.0,3.7,0.0,277.36
MLI_2019_185,32.0,34618.23,812.64,2.0,0.0,12.0,0.0,0,0.0,0.0,0.0,0.0,0.0,8499.59,0.0,5038.13,0.0,0,0.0,0.0,0.0,0.0,0.0,199.52,0.0,118.27,0.0,0,0.0,0.0,0.0,0.0,0.0
MLI_2019_186,706.0,196859.99,4621.13,5.0,0.0,618.0,0.0,0,14.0,0.0,1.0,0.0,20.0,5953.04,0.0,144595.01,0.0,0,9934.39,0.0,157.62,0.0,12357.45,139.74,0.0,3394.25,0.0,0,233.2,0.0,3.7,0.0,290.08
MLI_2019_187,32.0,32782.16,769.56,2.0,0.0,12.0,0.0,0,0.0,0.0,0.0,0.0,0.0,11184.2,0.0,5038.13,0.0,0,0.0,0.0,0.0,0.0,0.0,262.55,0.0,118.27,0.0,0,0.0,0.0,0.0,0.0,0.0
MLI_2019_188,86.0,72063.22,1691.88,0.0,0.0,0.0,0.0,0,0.0,0.0,18.0,0.0,0.0,0.0,0.0,0.0,0.0,0,0.0,0.0,8511.32,0.0,0.0,0.0,0.0,0.0,0.0,0,0.0,0.0,199.83,0.0,0.0
MLI_2019_189,25.0,24764.49,581.42,2.0,0.0,12.0,0.0,0,0.0,0.0,0.0,0.0,0.0,11220.26,0.0,5038.13,0.0,0,0.0,0.0,0.0,0.0,0.0,263.43,0.0,118.28,0.0,0,0.0,0.0,0.0,0.0,0.0
MLI_2019_19,19.0,28804.38,667.26,0.0,0.0,0.0,0.0,0,0.0,0.0,0.0,0.0,0.0,0.0,0.0,0.0,0.0,0,0.0,0.0,0.0,0.0,0.0,0.0,0.0,0.0,0.0,0,0.0,0.0,0.0,0.0,0.0
MLI_2019_190,11.0,20383.0,478.58,0.0,0.0,0.0,0.0,0,0.0,0.0,0.0,0.0,0.0,0.0,0.0,0.0,0.0,0,0.0,0.0,0.0,0.0,0.0,0.0,0.0,0.0,0.0,0,0.0,0.0,0.0,0.0,0.0
MLI_2019_191,14.0,22046.82,517.83,0.0,0.0,0.0,0.0,0,0.0,0.0,3.0,0.0,0.0,0.0,0.0,0.0,0.0,0,0.0,0.0,2662.77,0.0,0.0,0.0,0.0,0.0,0.0,0,0.0,0.0,62.54,0.0,0.0
MLI_2019_192,26.0,24968.65,586.64,0.0,0.0,0.0,0.0,0,1.0,0.0,0.0,0.0,0.0,0.0,0.0,0.0,0.0,0,7196.46,0.0,0.0,0.0,0.0,0.0,0.0,0.0,0.0,0,169.08,0.0,0.0,0.0,0.0
MLI_2019_193,5.0,8826.41,207.41,0.0,0.0,0.0,0.0,0,0.0,0.0,0.0,0.0,0.0,0.0,0.0,0.0,0.0,0,0.0,0.0,0.0,0.0,0.0,0.0,0.0,0.0,0.0,0,0.0,0.0,0.0,0.0,0.0
MLI_2019_194,10.0,18775.51,441.26,3.0,0.0,0.0,0.0,0,1.0,0.0,0.0,0.0,0.0,4787.24,0.0,0.0,0.0,0,6893.2,0.0,0.0,0.0,0.0,112.51,0.0,0.0,0.0,0,162.0,0.0,0.0,0.0,0.0
MLI_2019_195,11.0,27892.65,655.74,0.0,0.0,1.0,0.0,0,0.0,0.0,1.0,0.0,0.0,0.0,0.0,143.92,0.0,0,0.0,0.0,1980.51,0.0,0.0,0.0,0.0,3.38,0.0,0,0.0,0.0,46.56,0.0,0.0
MLI_2019_196,23.0,21680.36,509.7,0.0,0.0,0.0,0.0,0,0.0,0.0,10.0,0.0,10.0,0.0,0.0,0.0,0.0,0,0.0,0.0,8758.42,0.0,10325.46,0.0,0.0,0.0,0.0,0,0.0,0.0,205.91,0.0,242.75
MLI_2019_197,11.0,27176.04,638.92,0.0,0.0,0.0,0.0,0,0.0,0.0,0.0,0.0,0.0,0.0,0.0,0.0,0.0,0,0.0,0.0,0.0,0.0,0.0,0.0,0.0,0.0,0.0,0,0.0,0.0,0.0,0.0,0.0
MLI_2019_198,18.0,37331.08,877.73,2.0,0.0,1.0,0.0,0,0.0,0.0,0.0,0.0,0.0,4560.03,0.0,308.85,0.0,0,0.0,0.0,0.0,0.0,0.0,107.22,0.0,7.26,0.0,0,0.0,0.0,0.0,0.0,0.0
MLI_2019_199,24.0,29656.7,697.31,3.0,0.0,0.0,0.0,0,0.0,0.0,0.0,1.0,0.0,12300.12,0.0,0.0,0.0,0,0.0,0.0,0.0,331.05,0.0,289.21,0.0,0.0,0.0,0,0.0,0.0,0.0,7.78,0.0
MLI_2019_2,394.0,181584.44,4186.83,5.0,0.0,329.0,0.0,0,3.0,0.0,1.0,0.0,0.0,9915.66,0.0,115734.64,0.0,0,10654.26,0.0,283.47,0.0,0.0,228.63,0.0,2668.52,0.0,0,245.66,0.0,6.54,0.0,0.0
MLI_2019_20,48.0,68490.66,1586.71,1.0,0.0,0.0,0.0,0,0.0,0.0,3.0,0.0,0.0,5149.08,0.0,0.0,0.0,0,0.0,0.0,5450.45,0.0,0.0,119.29,0.0,0.0,0.0,0,0.0,0.0,126.27,0.0,0.0
MLI_2019_200,8.0,15540.56,365.45,4.0,0.0,0.0,0.0,0,0.0,0.0,0.0,0.0,0.0,11834.57,0.0,0.0,0.0,0,0.0,0.0,0.0,0.0,0.0,278.3,0.0,0.0,0.0,0,0.0,0.0,0.0,0.0,0.0
MLI_2019_201,539.0,237692.44,5590.6,2.0,0.0,509.0,0.0,0,3.0,0.0,8.0,0.0,6.0,2687.6,0.0,203925.69,0.0,0,2373.95,0.0,7265.32,0.0,10934.87,63.21,0.0,4796.39,0.0,0,55.84,0.0,170.88,0.0,257.19
MLI_2019_202,9.0,23079.51,542.85,0.0,1.0,0.0,0.0,0,0.0,0.0,0.0,0.0,0.0,0.0,6732.11,0.0,0.0,0,0.0,0.0,0.0,0.0,0.0,0.0,158.35,0.0,0.0,0,0.0,0.0,0.0,0.0,0.0
MLI_2019_203,540.0,235591.55,5541.51,2.0,0.0,509.0,0.0,0,7.0,0.0,6.0,0.0,6.0,2687.6,0.0,203419.69,0.0,0,3179.15,0.0,4166.6,0.0,10704.58,63.22,0.0,4784.77,0.0,0,74.78,0.0,98.01,0.0,251.79
MLI_2019_204,8.0,18231.72,428.85,0.0,0.0,0.0,0.0,0,1.0,0.0,0.0,0.0,0.0,0.0,0.0,0.0,0.0,0,2077.5,0.0,0.0,0.0,0.0,0.0,0.0,0.0,0.0,0,48.87,0.0,0.0,0.0,0.0
MLI_2019_205,540.0,232027.38,5457.93,2.0,0.0,509.0,0.0,0,7.0,0.0,4.0,0.0,6.0,2687.6,0.0,203920.03,0.0,0,3851.95,0.0,3081.68,0.0,8921.71,63.22,0.0,4796.77,0.0,0,90.61,0.0,72.49,0.0,209.86
MLI_2019_206,536.0,226982.62,5339.32,2.0,0.0,509.0,0.0,0,7.0,0.0,4.0,0.0,6.0,2687.6,0.0,200517.83,0.0,0,3992.21,0.0,3081.68,0.0,7181.07,63.22,0.0,4716.79,0.0,0,93.91,0.0,72.49,0.0,168.92
MLI_2019_207,7.0,10898.43,256.37,0.0,0.0,0.0,0.0,0,0.0,0.0,0.0,0.0,0.0,0.0,0.0,0.0,0.0,0,0.0,0.0,0.0,0.0,0.0,0.0,0.0,0.0,0.0,0,0.0,0.0,0.0,0.0,0.0
MLI_2019_208,531.0,223645.46,5261.02,2.0,0.0,506.0,0.0,0,7.0,0.0,3.0,0.0,6.0,2687.6,0.0,199246.09,0.0,0,4537.43,0.0,1186.36,0.0,6669.82,63.22,0.0,4687.05,0.0,0,106.74,0.0,27.91,0.0,156.9
MLI_2019_209,528.0,226941.51,5338.59,2.0,0.0,502.0,0.0,0,7.0,0.0,2.0,0.0,6.0,2687.6,0.0,201645.84,0.0,0,4605.51,0.0,983.41,0.0,7859.15,63.22,0.0,4743.53,0.0,0,108.34,0.0,23.13,0.0,184.88
MLI_2019_21,126.0,57626.23,1335.04,0.0,0.0,96.0,0.0,0,3.0,0.0,3.0,0.0,1.0,0.0,0.0,24501.66,0.0,0,4896.21,0.0,1597.65,0.0,7027.5,0.0,0.0,567.64,0.0,0,113.43,0.0,37.01,0.0,162.81
MLI_2019_210,21.0,46965.2,1105.01,0.0,0.0,0.0,0.0,0,0.0,0.0,0.0,0.0,0.0,0.0,0.0,0.0,0.0,0,0.0,0.0,0.0,0.0,0.0,0.0,0.0,0.0,0.0,0,0.0,0.0,0.0,0.0,0.0
MLI_2019_211,12.0,28874.83,679.6,0.0,0.0,0.0,0.0,0,0.0,0.0,0.0,0.0,0.0,0.0,0.0,0.0,0.0,0,0.0,0.0,0.0,0.0,0.0,0.0,0.0,0.0,0.0,0,0.0,0.0,0.0,0.0,0.0
MLI_2019_212,19.0,27175.8,639.62,0.0,0.0,0.0,0.0,0,2.0,0.0,0.0,0.0,0.0,0.0,0.0,0.0,0.0,0,5752.45,0.0,0.0,0.0,0.0,0.0,0.0,0.0,0.0,0,135.39,0.0,0.0,0.0,0.0
MLI_2019_213,11.0,17084.44,402.12,0.0,0.0,0.0,0.0,0,0.0,0.0,0.0,0.0,0.0,0.0,0.0,0.0,0.0,0,0.0,0.0,0.0,0.0,0.0,0.0,0.0,0.0,0.0,0,0.0,0.0,0.0,0.0,0.0
MLI_2019_214,16.0,25473.28,599.6,2.0,0.0,1.0,0.0,0,0.0,0.0,0.0,0.0,0.0,7041.77,0.0,382.93,0.0,0,0.0,0.0,0.0,0.0,0.0,165.75,0.0,9.01,0.0,0,0.0,0.0,0.0,0.0,0.0
MLI_2019_215,95.0,58794.32,1383.97,4.0,0.0,38.0,0.0,0,0.0,0.0,17.0,0.0,0.0,7781.41,0.0,7528.34,0.0,0,0.0,0.0,6458.18,0.0,0.0,183.17,0.0,177.21,0.0,0,0.0,0.0,152.02,0.0,0.0
MLI_2019_216,11.0,14106.21,332.06,0.0,0.0,0.0,0.0,0,0.0,0.0,0.0,0.0,4.0,0.0,0.0,0.0,0.0,0,0.0,0.0,0.0,0.0,6694.36,0.0,0.0,0.0,0.0,0,0.0,0.0,0.0,0.0,157.59
MLI_2019_217,7.0,17531.97,412.73,0.0,0.0,0.0,0.0,0,1.0,0.0,0.0,0.0,0.0,0.0,0.0,0.0,0.0,0,7157.7,0.0,0.0,0.0,0.0,0.0,0.0,0.0,0.0,0,168.51,0.0,0.0,0.0,0.0
MLI_2019_218,747.0,262731.06,6186.31,5.0,0.0,659.0,12.0,0,5.0,0.0,16.0,25.0,6.0,7660.09,0.0,199456.6,0.0,0,7820.79,0.0,14606.07,3462.03,13367.33,180.37,0.0,4696.44,0.0,0,184.15,0.0,343.92,81.52,314.75
MLI_2019_219,754.0,263763.68,6210.64,5.0,0.0,664.0,13.0,0,5.0,0.0,16.0,25.0,6.0,7683.84,0.0,200227.74,0.0,0,7868.08,0.0,14606.07,3462.03,13376.47,180.93,0.0,4714.61,0.0,0,185.26,0.0,343.92,81.52,314.97
MLI_2019_22,760.0,272362.3,6310.57,20.0,14.0,508.0,0.0,0,17.0,0.0,18.0,20.0,2.0,17537.22,7080.58,184916.92,0.0,0,11003.99,0.0,5028.99,1775.53,2039.34,406.33,164.06,4284.48,0.0,0,254.96,0.0,116.52,41.14,47.25
MLI_2019_220,1151.0,362454.81,8534.57,3.0,0.0,1080.0,0.0,0,7.0,0.0,1.0,19.0,15.0,2813.97,0.0,310124.19,0.0,0,5167.36,0.0,1191.56,4505.48,17276.97,66.26,0.0,7302.36,0.0,0,121.67,0.0,28.06,106.09,406.81
MLI_2019_221,1257.0,437486.32,10301.39,12.0,0.0,1138.0,12.0,0,11.0,0.0,17.0,29.0,9.0,10436.19,0.0,352634.57,0.0,0,13034.9,0.0,12682.28,6950.29,13850.21,245.74,0.0,8303.41,0.0,0,306.93,0.0,298.63,163.66,326.13
MLI_2019_222,1253.0,437008.07,10290.14,12.0,0.0,1135.0,12.0,0,11.0,0.0,17.0,29.0,9.0,10399.64,0.0,352340.18,0.0,0,13006.26,0.0,12686.06,6950.29,13847.63,244.88,0.0,8296.49,0.0,0,306.26,0.0,298.72,163.66,326.07
MLI_2019_223,1254.0,436692.81,10282.76,12.0,0.0,1136.0,12.0,0,11.0,0.0,17.0,29.0,9.0,10381.98,0.0,352057.42,0.0,0,13009.41,0.0,12691.62,6950.29,13843.79,244.46,0.0,8289.86,0.0,0,306.33,0.0,298.85,163.66,325.98
MLI_2019_224,1190.0,404047.84,9515.53,11.0,0.0,1082.0,6.0,0,15.0,0.0,4.0,32.0,14.0,6858.54,0.0,344202.01,0.0,0,10658.79,0.0,1861.68,7192.77,15493.31,161.52,0.0,8106.13,0.0,0,251.02,0.0,43.84,169.39,364.88
MLI_2019_225,1036.0,351576.28,8280.13,11.0,0.0,942.0,10.0,0,15.0,0.0,2.0,29.0,12.0,7744.7,0.0,296313.88,0.0,0,12911.1,0.0,788.56,6950.29,14356.07,182.4,0.0,6978.62,0.0,0,304.08,0.0,18.57,163.69,338.11
MLI_2019_226,8.0,10232.68,241.0,0.0,0.0,0.0,0.0,0,0.0,0.0,1.0,0.0,0.0,0.0,0.0,0.0,0.0,0,0.0,0.0,179.68,0.0,0.0,0.0,0.0,0.0,0.0,0,0.0,0.0,4.23,0.0,0.0
MLI_2019_227,482.0,178037.03,4193.46,9.0,0.0,414.0,0.0,0,12.0,0.0,1.0,28.0,2.0,3686.22,0.0,137703.36,0.0,0,14169.17,0.0,46.1,6847.49,2893.04,86.82,0.0,3243.44,0.0,0,333.74,0.0,1.09,161.28,68.14
MLI_2019_228,7.0,13817.36,325.54,1.0,0.0,0.0,0.0,0,1.0,0.0,0.0,0.0,0.0,2271.35,0.0,0.0,0.0,0,6748.61,0.0,0.0,0.0,0.0,53.51,0.0,0.0,0.0,0,159.0,0.0,0.0,0.0,0.0
MLI_2019_229,14.0,30436.59,717.29,0.0,0.0,0.0,0.0,0,0.0,0.0,3.0,0.0,0.0,0.0,0.0,0.0,0.0,0,0.0,0.0,4092.54,0.0,0.0,0.0,0.0,0.0,0.0,0,0.0,0.0,96.45,0.0,0.0
MLI_2019_23,1071.0,364420.8,8444.39,24.0,14.0,744.0,0.0,0,21.0,0.0,4.0,32.0,1.0,21327.26,7076.29,262541.62,0.0,0,12289.65,0.0,1336.86,3210.33,4554.07,494.2,163.97,6083.64,0.0,0,284.78,0.0,30.98,74.39,105.53
MLI_2019_230,164.0,84713.07,1996.73,4.0,0.0,135.0,0.0,0,6.0,0.0,3.0,1.0,3.0,4572.97,0.0,48894.93,0.0,0,11821.68,0.0,247.87,174.72,3331.86,107.79,0.0,1152.48,0.0,0,278.64,0.0,5.84,4.12,78.53
MLI_2019_231,161.0,85137.49,2006.83,4.0,0.0,135.0,0.0,0,6.0,0.0,1.0,1.0,3.0,4665.43,0.0,48894.93,0.0,0,12252.12,0.0,53.52,174.72,2698.87,109.97,0.0,1152.53,0.0,0,288.8,0.0,1.26,4.12,63.62
MLI_2019_232,161.0,85470.02,2014.73,4.0,0.0,135.0,0.0,0,6.0,0.0,1.0,1.0,3.0,4669.55,0.0,48894.93,0.0,0,12715.55,0.0,45.31,174.72,2232.13,110.07,0.0,1152.57,0.0,0,299.74,0.0,1.07,4.12,52.62
MLI_2019_233,2.0,6601.15,155.62,0.0,0.0,0.0,0.0,0,0.0,0.0,0.0,0.0,0.0,0.0,0.0,0.0,0.0,0,0.0,0.0,0.0,0.0,0.0,0.0,0.0,0.0,0.0,0,0.0,0.0,0.0,0.0,0.0
MLI_2019_234,259.0,197555.03,4657.75,3.0,4.0,131.0,0.0,0,0.0,0.0,55.0,0.0,0.0,11308.41,6670.01,62499.06,0.0,0,0.0,0.0,49072.45,0.0,0.0,266.62,157.26,1473.54,0.0,0,0.0,0.0,1156.98,0.0,0.0
MLI_2019_235,259.0,197723.86,4661.73,3.0,4.0,131.0,0.0,0,0.0,0.0,55.0,0.0,0.0,11283.98,6670.1,62502.53,0.0,0,0.0,0.0,49069.96,0.0,0.0,266.04,157.26,1473.62,0.0,0,0.0,0.0,1156.92,0.0,0.0
MLI_2019_236,6.0,18265.98,430.71,0.0,0.0,0.0,0.0,0,1.0,0.0,0.0,0.0,0.0,0.0,0.0,0.0,0.0,0,6829.66,0.0,0.0,0.0,0.0,0.0,0.0,0.0,0.0,0,161.04,0.0,0.0,0.0,0.0
MLI_2019_237,52.0,64967.32,1532.03,0.0,0.0,21.0,0.0,0,0.0,0.0,3.0,0.0,0.0,0.0,0.0,4437.05,0.0,0,0.0,0.0,3518.9,0.0,0.0,0.0,0.0,104.63,0.0,0,0.0,0.0,82.98,0.0,0.0
MLI_2019_238,2.0,10354.84,244.22,0.0,0.0,0.0,0.0,0,0.0,0.0,0.0,0.0,0.0,0.0,0.0,0.0,0.0,0,0.0,0.0,0.0,0.0,0.0,0.0,0.0,0.0,0.0,0,0.0,0.0,0.0,0.0,0.0
MLI_2019_239,40.0,38556.07,909.49,1.0,0.0,14.0,0.0,0,7.0,0.0,1.0,0.0,0.0,2207.6,0.0,4506.38,0.0,0,9660.14,0.0,699.79,0.0,0.0,52.07,0.0,106.3,0.0,0,227.87,0.0,16.51,0.0,0.0
MLI_2019_24,1108.0,361433.24,8375.47,24.0,14.0,782.0,0.0,0,19.0,0.0,4.0,31.0,1.0,21310.21,7074.91,258533.72,0.0,0,10936.69,0.0,1336.86,3094.65,3951.6,493.82,163.95,5990.99,0.0,0,253.44,0.0,30.98,71.71,91.57
MLI_2019_240,5.0,15036.89,354.74,0.0,0.0,0.0,0.0,0,1.0,0.0,0.0,0.0,0.0,0.0,0.0,0.0,0.0,0,7023.95,0.0,0.0,0.0,0.0,0.0,0.0,0.0,0.0,0,165.71,0.0,0.0,0.0,0.0
MLI_2019_241,2.0,4622.01,109.04,0.0,0.0,0.0,0.0,0,0.0,0.0,0.0,0.0,0.0,0.0,0.0,0.0,0.0,0,0.0,0.0,0.0,0.0,0.0,0.0,0.0,0.0,0.0,0,0.0,0.0,0.0,0.0,0.0
MLI_2019_242,15.0,25917.79,611.48,0.0,0.0,0.0,0.0,0,0.0,0.0,5.0,0.0,0.0,0.0,0.0,0.0,0.0,0,0.0,0.0,4064.14,0.0,0.0,0.0,0.0,0.0,0.0,0,0.0,0.0,95.89,0.0,0.0
MLI_2019_243,2.0,6879.25,162.3,0.0,0.0,0.0,0.0,0,0.0,0.0,0.0,0.0,0.0,0.0,0.0,0.0,0.0,0,0.0,0.0,0.0,0.0,0.0,0.0,0.0,0.0,0.0,0,0.0,0.0,0.0,0.0,0.0
MLI_2019_244,2.0,7214.73,170.27,0.0,0.0,0.0,0.0,0,0.0,0.0,0.0,0.0,0.0,0.0,0.0,0.0,0.0,0,0.0,0.0,0.0,0.0,0.0,0.0,0.0,0.0,0.0,0,0.0,0.0,0.0,0.0,0.0
MLI_2019_245,253.0,149717.99,3533.5,7.0,0.0,186.0,0.0,0,1.0,0.0,14.0,5.0,7.0,11838.57,0.0,98144.4,0.0,0,557.71,0.0,3478.46,1709.17,8424.72,279.4,0.0,2316.31,0.0,0,13.16,0.0,82.1,40.34,198.83
MLI_2019_246,18.0,27318.31,644.78,0.0,0.0,5.0,0.0,0,0.0,0.0,3.0,0.0,0.0,0.0,0.0,850.1,0.0,0,0.0,0.0,5396.32,0.0,0.0,0.0,0.0,20.06,0.0,0,0.0,0.0,127.37,0.0,0.0
MLI_2019_247,6.0,15232.64,359.56,0.0,0.0,0.0,0.0,0,2.0,0.0,0.0,0.0,0.0,0.0,0.0,0.0,0.0,0,10046.04,0.0,0.0,0.0,0.0,0.0,0.0,0.0,0.0,0,237.13,0.0,0.0,0.0,0.0
MLI_2019_248,23.0,39569.04,934.16,10.0,0.0,0.0,0.0,0,1.0,0.0,0.0,0.0,3.0,14979.67,0.0,0.0,0.0,0,3562.99,0.0,0.0,0.0,7140.7,353.64,0.0,0.0,0.0,0,84.12,0.0,0.0,0.0,168.58
MLI_2019_249,89.0,67315.3,1589.4,2.0,0.0,14.0,0.0,0,3.0,0.0,0.0,0.0,0.0,7541.6,0.0,3921.61,0.0,0,7910.47,0.0,0.0,0.0,0.0,178.07,0.0,92.59,0.0,0,186.78,0.0,0.0,0.0,0.0
MLI_2019_25,1072.0,386577.45,8958.23,21.0,16.0,716.0,0.0,0,18.0,0.0,44.0,31.0,2.0,18039.67,7084.8,256754.52,0.0,0,15101.31,0.0,12524.99,3094.65,3624.72,418.04,164.18,5949.82,0.0,0,349.95,0.0,290.24,71.71,84.0
MLI_2019_250,88.0,66958.04,1581.02,2.0,0.0,14.0,0.0,0,3.0,0.0,0.0,0.0,0.0,6926.49,0.0,3921.61,0.0,0,7892.95,0.0,0.0,0.0,0.0,163.55,0.0,92.6,0.0,0,186.37,0.0,0.0,0.0,0.0
MLI_2019_251,0.0,0.0,0.0,0.0,0.0,0.0,0.0,0,0.0,0.0,0.0,0.0,0.0,0.0,0.0,0.0,0.0,0,0.0,0.0,0.0,0.0,0.0,0.0,0.0,0.0,0.0,0,0.0,0.0,0.0,0.0,0.0
MLI_2019_252,37.0,39503.43,932.88,5.0,0.0,17.0,0.0,0,0.0,0.0,7.0,0.0,0.0,9206.49,0.0,4541.94,0.0,0,0.0,0.0,4343.79,0.0,0.0,217.41,0.0,107.26,0.0,0,0.0,0.0,102.58,0.0,0.0
MLI_2019_253,54.0,30171.48,712.56,5.0,0.0,0.0,0.0,0,0.0,0.0,29.0,0.0,0.0,10148.35,0.0,0.0,0.0,0,0.0,0.0,9087.01,0.0,0.0,239.67,0.0,0.0,0.0,0,0.0,0.0,214.61,0.0,0.0
MLI_2019_254,13.0,20761.2,490.36,0.0,0.0,0.0,0.0,0,0.0,0.0,0.0,0.0,0.0,0.0,0.0,0.0,0.0,0,0.0,0.0,0.0,0.0,0.0,0.0,0.0,0.0,0.0,0,0.0,0.0,0.0,0.0,0.0
MLI_2019_255,29.0,46868.92,1107.05,2.0,0.0,0.0,0.0,0,0.0,0.0,1.0,0.0,0.0,2680.89,0.0,0.0,0.0,0,0.0,0.0,184.76,0.0,0.0,63.32,0.0,0.0,0.0,0,0.0,0.0,4.36,0.0,0.0
MLI_2019_256,4.0,10457.06,247.01,0.0,0.0,0.0,0.0,0,0.0,0.0,0.0,0.0,0.0,0.0,0.0,0.0,0.0,0,0.0,0.0,0.0,0.0,0.0,0.0,0.0,0.0,0.0,0,0.0,0.0,0.0,0.0,0.0
MLI_2019_257,100.0,80055.27,1891.05,3.0,0.0,79.0,0.0,0,0.0,0.0,0.0,0.0,3.0,7737.2,0.0,45237.41,0.0,0,0.0,0.0,0.0,0.0,3834.6,182.77,0.0,1068.59,0.0,0,0.0,0.0,0.0,0.0,90.58
MLI_2019_258,5.0,15688.72,370.73,0.0,0.0,0.0,0.0,0,0.0,0.0,0.0,0.0,0.0,0.0,0.0,0.0,0.0,0,0.0,0.0,0.0,0.0,0.0,0.0,0.0,0.0,0.0,0,0.0,0.0,0.0,0.0,0.0
MLI_2019_259,8.0,13438.37,317.57,2.0,0.0,0.0,0.0,0,0.0,0.0,0.0,0.0,0.0,8999.0,0.0,0.0,0.0,0,0.0,0.0,0.0,0.0,0.0,212.66,0.0,0.0,0.0,0,0.0,0.0,0.0,0.0,0.0
MLI_2019_26,1309.0,443935.72,10287.93,24.0,14.0,997.0,0.0,0,18.0,0.0,12.0,31.0,2.0,17203.22,7079.56,336181.71,0.0,0,13116.59,0.0,4239.04,3094.65,5234.44,398.67,164.06,7790.8,0.0,0,303.97,0.0,98.24,71.72,121.3
MLI_2019_260,6.0,7456.24,176.21,0.0,0.0,0.0,0.0,0,0.0,0.0,0.0,0.0,0.0,0.0,0.0,0.0,0.0,0,0.0,0.0,0.0,0.0,0.0,0.0,0.0,0.0,0.0,0,0.0,0.0,0.0,0.0,0.0
MLI_2019_261,27.0,23542.09,556.37,0.0,0.0,0.0,0.0,0,3.0,0.0,0.0,0.0,0.0,0.0,0.0,0.0,0.0,0,7214.64,0.0,0.0,0.0,0.0,0.0,0.0,0.0,0.0,0,170.5,0.0,0.0,0.0,0.0
MLI_2019_262,6.0,10259.45,242.49,0.0,0.0,0.0,0.0,0,0.0,0.0,0.0,0.0,0.0,0.0,0.0,0.0,0.0,0,0.0,0.0,0.0,0.0,0.0,0.0,0.0,0.0,0.0,0,0.0,0.0,0.0,0.0,0.0
MLI_2019_263,2.0,7291.68,172.36,0.0,0.0,0.0,0.0,0,1.0,0.0,0.0,0.0,0.0,0.0,0.0,0.0,0.0,0,6858.07,0.0,0.0,0.0,0.0,0.0,0.0,0.0,0.0,0,162.11,0.0,0.0,0.0,0.0
MLI_2019_264,0.0,0.0,0.0,0.0,0.0,0.0,0.0,0,0.0,0.0,0.0,0.0,0.0,0.0,0.0,0.0,0.0,0,0.0,0.0,0.0,0.0,0.0,0.0,0.0,0.0,0.0,0,0.0,0.0,0.0,0.0,0.0
MLI_2019_265,210.0,75037.78,1774.06,5.0,0.0,150.0,0.0,0,13.0,0.0,11.0,0.0,0.0,2276.94,0.0,24557.68,0.0,0,10349.37,0.0,10214.45,0.0,0.0,53.83,0.0,580.6,0.0,0,244.68,0.0,241.49,0.0,0.0
MLI_2019_266,39.0,33431.25,790.4,0.0,0.0,0.0,0.0,0,3.0,0.0,6.0,0.0,0.0,0.0,0.0,0.0,0.0,0,5139.21,0.0,3947.38,0.0,0.0,0.0,0.0,0.0,0.0,0,121.5,0.0,93.33,0.0,0.0
MLI_2019_267,39.0,33971.38,803.17,0.0,0.0,0.0,0.0,0,3.0,0.0,6.0,0.0,0.0,0.0,0.0,0.0,0.0,0,5192.15,0.0,4006.58,0.0,0.0,0.0,0.0,0.0,0.0,0,122.76,0.0,94.73,0.0,0.0
MLI_2019_268,176.0,56843.42,1343.99,5.0,0.0,138.0,0.0,0,7.0,0.0,7.0,0.0,0.0,2136.11,0.0,21465.04,0.0,0,6784.72,0.0,10461.79,0.0,0.0,50.51,0.0,507.51,0.0,0,160.42,0.0,247.36,0.0,0.0
MLI_2019_269,4.0,9223.71,218.09,0.0,0.0,0.0,0.0,0,0.0,0.0,0.0,0.0,0.0,0.0,0.0,0.0,0.0,0,0.0,0.0,0.0,0.0,0.0,0.0,0.0,0.0,0.0,0,0.0,0.0,0.0,0.0,0.0
MLI_2019_27,10.0,16026.8,371.41,1.0,0.0,0.0,0.0,0,0.0,0.0,0.0,0.0,0.0,9296.24,0.0,0.0,0.0,0,0.0,0.0,0.0,0.0,0.0,215.43,0.0,0.0,0.0,0,0.0,0.0,0.0,0.0,0.0
MLI_2019_270,78.0,65771.0,1555.2,0.0,0.0,3.0,0.0,0,5.0,0.0,8.0,0.0,0.0,0.0,0.0,390.08,0.0,0,4421.46,0.0,5897.38,0.0,0.0,0.0,0.0,9.22,0.0,0,104.55,0.0,139.45,0.0,0.0
MLI_2019_271,2.0,788.12,18.64,0.0,0.0,0.0,0.0,0,0.0,0.0,0.0,0.0,0.0,0.0,0.0,0.0,0.0,0,0.0,0.0,0.0,0.0,0.0,0.0,0.0,0.0,0.0,0,0.0,0.0,0.0,0.0,0.0
MLI_2019_272,73.0,56356.92,1332.93,0.0,0.0,3.0,0.0,0,3.0,0.0,11.0,0.0,0.0,0.0,0.0,390.08,0.0,0,9905.08,0.0,12089.11,0.0,0.0,0.0,0.0,9.23,0.0,0,234.27,0.0,285.93,0.0,0.0
MLI_2019_273,12.0,27386.9,647.75,0.0,0.0,0.0,0.0,0,1.0,0.0,6.0,0.0,0.0,0.0,0.0,0.0,0.0,0,2810.45,0.0,7910.48,0.0,0.0,0.0,0.0,0.0,0.0,0,66.47,0.0,187.1,0.0,0.0
MLI_2019_274,56.0,62899.65,1487.87,0.0,0.0,6.0,0.0,0,3.0,0.0,18.0,0.0,0.0,0.0,0.0,628.23,0.0,0,7092.11,0.0,24190.14,0.0,0.0,0.0,0.0,14.86,0.0,0,167.76,0.0,572.21,0.0,0.0
MLI_2019_275,139.0,50363.65,1191.67,0.0,0.0,85.0,0.0,0,10.0,0.0,9.0,0.0,9.0,0.0,0.0,20697.23,0.0,0,7429.73,0.0,6395.2,0.0,7654.93,0.0,0.0,489.73,0.0,0,175.8,0.0,151.32,0.0,181.13
MLI_2019_276,11.0,15598.43,369.1,0.0,0.0,2.0,0.0,0,0.0,0.0,5.0,0.0,1.0,0.0,0.0,379.5,0.0,0,0.0,0.0,6158.06,0.0,2031.03,0.0,0.0,8.98,0.0,0,0.0,0.0,145.72,0.0,48.06
MLI_2019_277,3.0,11610.87,274.75,0.0,0.0,0.0,0.0,0,0.0,0.0,0.0,0.0,0.0,0.0,0.0,0.0,0.0,0,0.0,0.0,0.0,0.0,0.0,0.0,0.0,0.0,0.0,0,0.0,0.0,0.0,0.0,0.0
MLI_2019_278,123.0,90395.16,2140.04,2.0,0.0,112.0,0.0,0,0.0,0.0,3.0,0.0,1.0,6383.76,0.0,60485.96,0.0,0,0.0,0.0,4866.21,0.0,6496.3,151.13,0.0,1431.96,0.0,0,0.0,0.0,115.2,0.0,153.79
MLI_2019_279,8.0,19245.39,455.69,0.0,0.0,0.0,0.0,0,0.0,0.0,3.0,0.0,0.0,0.0,0.0,0.0,0.0,0,0.0,0.0,3773.26,0.0,0.0,0.0,0.0,0.0,0.0,0,0.0,0.0,89.34,0.0,0.0
MLI_2019_28,1372.0,435933.85,10102.8,26.0,14.0,1045.0,0.0,0,18.0,0.0,15.0,31.0,1.0,18879.7,7076.48,329589.49,0.0,0,11637.17,0.0,4166.33,3094.65,2308.26,437.54,164.0,7638.26,0.0,0,269.69,0.0,96.56,71.72,53.49
MLI_2019_280,29.0,32914.59,779.45,0.0,0.0,10.0,0.0,0,0.0,0.0,3.0,0.0,0.0,0.0,0.0,1485.88,0.0,0,0.0,0.0,2387.07,0.0,0.0,0.0,0.0,35.19,0.0,0,0.0,0.0,56.53,0.0,0.0
MLI_2019_281,17.0,28946.04,685.65,0.0,0.0,0.0,0.0,0,0.0,0.0,4.0,0.0,0.0,0.0,0.0,0.0,0.0,0,0.0,0.0,6121.04,0.0,0.0,0.0,0.0,0.0,0.0,0,0.0,0.0,144.99,0.0,0.0
MLI_2019_282,29.0,43636.24,1034.07,0.0,0.0,0.0,0.0,0,0.0,0.0,23.0,0.0,0.0,0.0,0.0,0.0,0.0,0,0.0,0.0,25656.56,0.0,0.0,0.0,0.0,0.0,0.0,0,0.0,0.0,608.0,0.0,0.0
MLI_2019_283,16.0,18761.55,444.65,4.0,0.0,2.0,0.0,0,0.0,0.0,1.0,0.0,0.0,9668.44,0.0,461.45,0.0,0,0.0,0.0,353.55,0.0,0.0,229.14,0.0,10.94,0.0,0,0.0,0.0,8.38,0.0,0.0
MLI_2019_284,9.0,17200.0,407.68,0.0,0.0,0.0,0.0,0,0.0,0.0,0.0,0.0,0.0,0.0,0.0,0.0,0.0,0,0.0,0.0,0.0,0.0,0.0,0.0,0.0,0.0,0.0,0,0.0,0.0,0.0,0.0,0.0
MLI_2019_285,2.0,14987.57,355.3,1.0,0.0,0.0,0.0,0,0.0,0.0,1.0,0.0,0.0,7623.17,0.0,0.0,0.0,0,0.0,0.0,7364.39,0.0,0.0,180.72,0.0,0.0,0.0,0,0.0,0.0,174.58,0.0,0.0
MLI_2019_286,7.0,6974.37,165.34,0.0,0.0,0.0,0.0,0,0.0,0.0,0.0,0.0,7.0,0.0,0.0,0.0,0.0,0,0.0,0.0,0.0,0.0,6974.37,0.0,0.0,0.0,0.0,0,0.0,0.0,0.0,0.0,165.34
MLI_2019_287,17.0,37608.86,891.67,0.0,0.0,0.0,0.0,0,0.0,0.0,17.0,0.0,0.0,0.0,0.0,0.0,0.0,0,0.0,0.0,37608.86,0.0,0.0,0.0,0.0,0.0,0.0,0,0.0,0.0,891.67,0.0,0.0
MLI_2019_288,239.0,147976.61,3508.86,3.0,0.0,180.0,0.0,0,1.0,0.0,15.0,0.0,7.0,2529.45,0.0,76241.25,0.0,0,3207.8,0.0,32565.76,0.0,4666.38,59.98,0.0,1807.85,0.0,0,76.06,0.0,772.21,0.0,110.65
MLI_2019_289,235.0,137433.19,3258.93,1.0,0.0,179.0,0.0,0,1.0,0.0,14.0,0.0,7.0,2159.71,0.0,72436.79,0.0,0,1589.12,0.0,33487.25,0.0,4318.93,51.21,0.0,1717.68,0.0,0,37.68,0.0,794.08,0.0,102.41
MLI_2019_29,1145.0,392455.14,9095.28,20.0,13.0,771.0,0.0,0,18.0,0.0,66.0,30.0,1.0,15355.05,6918.87,251089.49,0.0,0,11580.49,0.0,21382.72,3033.38,4853.15,355.86,160.35,5819.08,0.0,0,268.38,0.0,495.55,70.3,112.47
MLI_2019_290,196.0,110229.57,2614.21,1.0,0.0,154.0,0.0,0,0.0,0.0,14.0,0.0,5.0,271.76,0.0,56351.19,0.0,0,0.0,0.0,32235.06,0.0,2129.63,6.44,0.0,1336.43,0.0,0,0.0,0.0,764.49,0.0,50.51
MLI_2019_291,79.0,52834.47,1253.07,0.0,0.0,71.0,0.0,0,0.0,0.0,3.0,0.0,0.0,0.0,0.0,19336.56,0.0,0,0.0,0.0,19227.61,0.0,0.0,0.0,0.0,458.6,0.0,0,0.0,0.0,456.02,0.0,0.0
MLI_2019_292,72.0,51627.22,1224.48,0.0,0.0,65.0,0.0,0,0.0,0.0,3.0,0.0,0.0,0.0,0.0,17985.6,0.0,0,0.0,0.0,18858.63,0.0,0.0,0.0,0.0,426.58,0.0,0,0.0,0.0,447.29,0.0,0.0
MLI_2019_293,15.0,29858.06,708.18,0.0,0.0,0.0,0.0,0,0.0,0.0,0.0,0.0,0.0,0.0,0.0,0.0,0.0,0,0.0,0.0,0.0,0.0,0.0,0.0,0.0,0.0,0.0,0,0.0,0.0,0.0,0.0,0.0
MLI_2019_294,11.0,7626.25,180.93,0.0,0.0,0.0,0.0,0,0.0,0.0,1.0,0.0,0.0,0.0,0.0,0.0,0.0,0,0.0,0.0,116.89,0.0,0.0,0.0,0.0,0.0,0.0,0,0.0,0.0,2.77,0.0,0.0
MLI_2019_295,140.0,59141.48,1403.19,0.0,0.0,84.0,0.0,0,5.0,0.0,0.0,0.0,0.0,0.0,0.0,15553.49,0.0,0,7523.91,0.0,0.0,0.0,0.0,0.0,0.0,369.02,0.0,0,178.51,0.0,0.0,0.0,0.0
MLI_2019_296,135.0,61914.21,1469.1,0.0,0.0,84.0,0.0,0,5.0,0.0,0.0,0.0,0.0,0.0,0.0,15553.49,0.0,0,9356.22,0.0,0.0,0.0,0.0,0.0,0.0,369.05,0.0,0,222.0,0.0,0.0,0.0,0.0
MLI_2019_297,21.0,26605.01,631.32,1.0,0.0,0.0,0.0,0,0.0,0.0,15.0,0.0,0.0,8883.31,0.0,0.0,0.0,0,0.0,0.0,11961.96,0.0,0.0,210.8,0.0,0.0,0.0,0,0.0,0.0,283.85,0.0,0.0
MLI_2019_298,29.0,37210.06,883.0,1.0,0.0,15.0,0.0,0,3.0,0.0,10.0,0.0,0.0,7367.02,0.0,3909.83,0.0,0,5507.39,0.0,20425.82,0.0,0.0,174.82,0.0,92.78,0.0,0,130.69,0.0,484.71,0.0,0.0
MLI_2019_299,35.0,22337.52,530.27,0.0,0.0,17.0,0.0,0,0.0,0.0,5.0,0.0,0.0,0.0,0.0,2933.23,0.0,0,0.0,0.0,3788.44,0.0,0.0,0.0,0.0,69.63,0.0,0,0.0,0.0,89.93,0.0,0.0
MLI_2019_3,400.0,184875.14,4262.76,5.0,0.0,329.0,0.0,0,3.0,0.0,1.0,0.0,0.0,9675.69,0.0,115734.64,0.0,0,11774.57,0.0,283.47,0.0,0.0,223.1,0.0,2668.55,0.0,0,271.49,0.0,6.54,0.0,0.0
MLI_2019_30,782.0,236408.36,5479.7,11.0,0.0,589.0,0.0,0,3.0,0.0,17.0,20.0,0.0,11697.17,0.0,159560.14,0.0,0,3308.87,0.0,5607.39,2132.74,0.0,271.13,0.0,3698.44,0.0,0,76.7,0.0,129.97,49.43,0.0
MLI_2019_300,58.0,58369.68,1385.83,2.0,0.0,6.0,0.0,0,0.0,0.0,6.0,0.0,0.0,4099.25,0.0,866.81,0.0,0,0.0,0.0,4994.56,0.0,0.0,97.33,0.0,20.58,0.0,0,0.0,0.0,118.58,0.0,0.0
MLI_2019_301,7.0,15555.68,369.38,0.0,0.0,0.0,0.0,0,3.0,0.0,0.0,0.0,0.0,0.0,0.0,0.0,0.0,0,7070.71,0.0,0.0,0.0,0.0,0.0,0.0,0.0,0.0,0,167.9,0.0,0.0,0.0,0.0
MLI_2019_302,1737.0,462940.56,10994.45,21.0,19.0,1018.0,4.0,0,19.0,0.0,362.0,23.0,16.0,12626.52,8220.93,271013.3,750.2,0,12577.91,0.0,69793.04,3984.87,6178.09,299.87,195.24,6436.34,17.82,0,298.71,0.0,1657.53,94.64,146.72
MLI_2019_303,1905.0,498222.96,11832.92,19.0,19.0,1150.0,5.0,0,19.0,0.0,383.0,24.0,16.0,9106.53,9470.92,307802.67,915.33,0,11979.53,0.0,69765.47,4306.82,5573.55,216.28,224.94,7310.39,21.74,0,284.52,0.0,1656.95,102.29,132.37
MLI_2019_304,1848.0,491982.6,11684.76,20.0,19.0,1145.0,5.0,0,17.0,0.0,321.0,25.0,14.0,8312.69,10663.3,304856.82,915.33,0,11771.77,0.0,61197.32,4975.32,3986.82,197.43,253.26,7240.46,21.74,0,279.58,0.0,1453.46,118.17,94.69
MLI_2019_305,16.0,16341.25,388.13,0.0,0.0,6.0,0.0,0,0.0,0.0,5.0,0.0,0.0,0.0,0.0,1357.16,0.0,0,0.0,0.0,4008.9,0.0,0.0,0.0,0.0,32.23,0.0,0,0.0,0.0,95.22,0.0,0.0
MLI_2019_306,1737.0,475006.16,11282.91,16.0,18.0,1178.0,4.0,0,19.0,0.0,148.0,20.0,16.0,7189.86,10459.23,320675.5,750.2,0,10343.75,0.0,38147.62,3604.76,4860.96,170.78,248.44,7617.06,17.82,0,245.7,0.0,906.13,85.62,115.46
MLI_2019_307,2070.0,541086.68,12853.0,20.0,19.0,1291.0,5.0,0,17.0,0.0,348.0,23.0,14.0,10759.13,10953.45,348866.97,915.33,0,8337.26,0.0,57183.94,4792.63,3243.93,255.57,260.19,8287.0,21.74,0,198.04,0.0,1358.35,113.84,77.06
MLI_2019_308,2066.0,540644.2,12842.52,20.0,19.0,1289.0,5.0,0,17.0,0.0,349.0,23.0,14.0,10778.79,10953.47,348763.56,915.33,0,8319.69,0.0,57106.93,4792.63,3245.04,256.04,260.19,8284.57,21.74,0,197.63,0.0,1356.52,113.84,77.08
MLI_2019_309,2048.0,540343.58,12835.39,20.0,19.0,1312.0,5.0,0,19.0,0.0,316.0,23.0,14.0,10322.56,10970.56,358481.71,915.33,0,9738.28,0.0,51610.71,4792.63,4022.49,245.2,260.6,8515.42,21.74,0,231.32,0.0,1225.97,113.84,95.55
MLI_2019_31,10.0,29600.53,686.12,1.0,0.0,0.0,0.0,0,0.0,0.0,0.0,0.0,0.0,369.19,0.0,0.0,0.0,0,0.0,0.0,0.0,0.0,0.0,8.56,0.0,0.0,0.0,0,0.0,0.0,0.0,0.0,0.0
MLI_2019_310,519.0,233763.33,5553.22,10.0,0.0,177.0,0.0,0,0.0,0.0,92.0,11.0,0.0,11071.16,0.0,42265.05,0.0,0,0.0,0.0,42920.16,743.86,0.0,263.0,0.0,1004.04,0.0,0,0.0,0.0,1019.6,17.67,0.0
MLI_2019_311,120.0,76372.81,1814.31,4.0,0.0,72.0,0.0,0,0.0,0.0,11.0,0.0,0.0,3659.41,0.0,25053.79,0.0,0,0.0,0.0,9995.21,0.0,0.0,86.93,0.0,595.18,0.0,0,0.0,0.0,237.45,0.0,0.0
MLI_2019_312,1771.0,474403.53,11270.08,18.0,19.0,1186.0,2.0,0,19.0,0.0,267.0,24.0,11.0,10169.15,10982.37,320075.47,284.24,0,8370.54,0.0,40734.5,4381.84,2675.96,241.58,260.9,7603.81,6.75,0,198.85,0.0,967.7,104.1,63.57
MLI_2019_313,102.0,87367.76,2075.77,0.0,0.0,34.0,0.0,0,1.0,0.0,12.0,0.0,6.0,0.0,0.0,9097.86,0.0,0,3513.73,0.0,7615.79,0.0,7474.48,0.0,0.0,216.16,0.0,0,83.48,0.0,180.94,0.0,177.59
MLI_2019_314,714.0,227550.28,5406.83,17.0,0.0,361.0,0.0,0,8.0,0.0,108.0,33.0,1.0,12144.52,0.0,83594.18,0.0,0,4738.41,0.0,48215.96,4052.29,4432.47,288.57,0.0,1986.28,0.0,0,112.59,0.0,1145.66,96.29,105.32
MLI_2019_315,694.0,217555.79,5169.47,17.0,0.0,353.0,0.0,0,8.0,0.0,107.0,33.0,1.0,12367.48,0.0,80827.73,0.0,0,4738.41,0.0,46780.57,4052.29,4581.84,293.87,0.0,1920.59,0.0,0,112.59,0.0,1111.58,96.29,108.87
MLI_2019_316,655.0,199723.94,4745.81,17.0,0.0,339.0,0.0,0,8.0,0.0,102.0,33.0,1.0,12221.02,0.0,75479.41,0.0,0,4738.41,0.0,46211.96,4052.29,4344.6,290.39,0.0,1793.53,0.0,0,112.59,0.0,1098.08,96.29,103.24
MLI_2019_317,670.0,204237.33,4853.08,17.0,0.0,343.0,0.0,0,8.0,0.0,102.0,33.0,1.0,12400.1,0.0,77291.6,0.0,0,4738.41,0.0,45671.78,4052.29,4430.21,294.65,0.0,1836.6,0.0,0,112.59,0.0,1085.25,96.29,105.27
MLI_2019_318,641.0,195509.42,4645.85,17.0,0.0,337.0,0.0,0,8.0,0.0,99.0,33.0,1.0,12505.5,0.0,74759.51,0.0,0,4738.41,0.0,44960.46,4052.29,4343.72,297.17,0.0,1776.49,0.0,0,112.6,0.0,1068.39,96.29,103.22
MLI_2019_319,570.0,161716.02,3842.89,17.0,0.0,305.0,0.0,0,8.0,0.0,103.0,30.0,1.0,12200.04,0.0,65828.68,0.0,0,4738.41,0.0,47418.72,3831.25,3689.94,289.91,0.0,1564.3,0.0,0,112.6,0.0,1126.82,91.04,87.68
MLI_2019_32,7.0,12589.32,291.85,0.0,0.0,0.0,0.0,0,0.0,0.0,0.0,0.0,3.0,0.0,0.0,0.0,0.0,0,0.0,0.0,0.0,0.0,7062.57,0.0,0.0,0.0,0.0,0,0.0,0.0,0.0,0.0,163.73
MLI_2019_320,570.0,162003.74,3849.73,17.0,0.0,306.0,0.0,0,8.0,0.0,102.0,30.0,1.0,12220.95,0.0,65923.86,0.0,0,4738.41,0.0,47438.64,3831.25,3698.33,290.41,0.0,1566.56,0.0,0,112.6,0.0,1127.29,91.04,87.88
MLI_2019_321,113.0,70485.75,1675.24,0.0,0.0,10.0,0.0,0,0.0,0.0,61.0,2.0,1.0,0.0,0.0,2766.84,0.0,0,0.0,0.0,43698.51,145.57,1558.08,0.0,0.0,65.76,0.0,0,0.0,0.0,1038.58,3.46,37.03
MLI_2019_322,47.0,26040.75,619.01,0.0,1.0,21.0,0.0,0,0.0,0.0,0.0,0.0,0.0,0.0,5432.54,2247.78,0.0,0,0.0,0.0,0.0,0.0,0.0,0.0,129.14,53.43,0.0,0,0.0,0.0,0.0,0.0,0.0
MLI_2019_323,30.0,28405.3,675.23,0.0,0.0,0.0,0.0,0,0.0,0.0,16.0,0.0,0.0,0.0,0.0,0.0,0.0,0,0.0,0.0,7784.69,0.0,0.0,0.0,0.0,0.0,0.0,0,0.0,0.0,185.05,0.0,0.0
MLI_2019_324,481.0,231984.48,5514.63,13.0,0.0,314.0,0.0,0,0.0,0.0,41.0,4.0,6.0,7795.63,0.0,100048.82,0.0,0,0.0,0.0,22367.3,2089.35,13571.39,185.31,0.0,2378.32,0.0,0,0.0,0.0,531.71,49.67,322.61
MLI_2019_325,19.0,27627.31,656.81,0.0,0.0,10.0,0.0,0,0.0,0.0,0.0,0.0,0.0,0.0,0.0,1891.36,0.0,0,0.0,0.0,0.0,0.0,0.0,0.0,0.0,44.96,0.0,0,0.0,0.0,0.0,0.0,0.0
MLI_2019_326,448.0,225340.83,5357.31,6.0,0.0,301.0,0.0,0,0.0,0.0,40.0,4.0,4.0,5865.41,0.0,94917.0,0.0,0,0.0,0.0,22399.62,1271.46,13645.3,139.45,0.0,2256.58,0.0,0,0.0,0.0,532.53,30.23,324.41
MLI_2019_327,39.0,39024.97,927.8,0.0,3.0,3.0,0.0,0,0.0,0.0,4.0,0.0,0.0,0.0,4703.01,2538.42,0.0,0,0.0,0.0,2084.49,0.0,0.0,0.0,111.81,60.35,0.0,0,0.0,0.0,49.56,0.0,0.0
MLI_2019_328,82.0,38048.79,904.69,0.0,0.0,55.0,0.0,0,2.0,0.0,0.0,0.0,0.0,0.0,0.0,9522.05,0.0,0,7201.98,0.0,0.0,0.0,0.0,0.0,0.0,226.41,0.0,0,171.24,0.0,0.0,0.0,0.0
MLI_2019_329,64.0,47031.89,1118.32,0.0,0.0,15.0,0.0,0,0.0,0.0,11.0,1.0,0.0,0.0,0.0,3057.43,0.0,0,0.0,0.0,5664.25,255.33,0.0,0.0,0.0,72.7,0.0,0,0.0,0.0,134.68,6.07,0.0
MLI_2019_33,198.0,77499.58,1796.64,1.0,0.0,5.0,0.0,0,0.0,0.0,111.0,0.0,0.0,8598.95,0.0,1866.61,0.0,0,0.0,0.0,30197.54,0.0,0.0,199.35,0.0,43.27,0.0,0,0.0,0.0,700.06,0.0,0.0
MLI_2019_330,9.0,18071.81,429.73,0.0,1.0,0.0,0.0,0,0.0,0.0,0.0,0.0,0.0,0.0,4055.5,0.0,0.0,0,0.0,0.0,0.0,0.0,0.0,0.0,96.44,0.0,0.0,0,0.0,0.0,0.0,0.0,0.0
MLI_2019_331,66.0,65405.37,1555.68,9.0,0.0,2.0,0.0,0,0.0,0.0,32.0,0.0,0.0,7833.01,0.0,79.01,0.0,0,0.0,0.0,27502.77,0.0,0.0,186.31,0.0,1.88,0.0,0,0.0,0.0,654.16,0.0,0.0
MLI_2019_332,53.0,31746.97,755.13,0.0,0.0,43.0,0.0,0,0.0,0.0,0.0,0.0,0.0,0.0,0.0,8849.67,0.0,0,0.0,0.0,0.0,0.0,0.0,0.0,0.0,210.5,0.0,0,0.0,0.0,0.0,0.0,0.0
MLI_2019_333,116.0,60994.88,1451.02,1.0,0.0,33.0,0.0,0,0.0,0.0,45.0,0.0,4.0,4780.61,0.0,9932.83,0.0,0,0.0,0.0,16505.56,0.0,6333.39,113.73,0.0,236.29,0.0,0,0.0,0.0,392.65,0.0,150.67
MLI_2019_334,29.0,38999.74,927.77,0.0,0.0,0.0,0.0,0,0.0,0.0,20.0,0.0,0.0,0.0,0.0,0.0,0.0,0,0.0,0.0,21009.87,0.0,0.0,0.0,0.0,0.0,0.0,0,0.0,0.0,499.81,0.0,0.0
MLI_2019_335,225.0,84747.65,2016.37,0.0,0.0,51.0,16.0,0,0.0,1.0,43.0,0.0,0.0,0.0,0.0,21044.99,1817.52,0,0.0,72.7,13030.27,0.0,0.0,0.0,0.0,500.72,43.24,0,0.0,1.73,310.02,0.0,0.0
MLI_2019_336,60.0,55731.05,1326.35,1.0,0.0,0.0,0.0,0,0.0,0.0,33.0,0.0,0.0,2630.18,0.0,0.0,0.0,0,0.0,0.0,26262.58,0.0,0.0,62.6,0.0,0.0,0.0,0,0.0,0.0,625.03,0.0,0.0
MLI_2019_337,23.0,28984.7,689.82,0.0,0.0,1.0,0.0,0,0.0,0.0,4.0,0.0,0.0,0.0,0.0,547.41,0.0,0,0.0,0.0,2395.65,0.0,0.0,0.0,0.0,13.03,0.0,0,0.0,0.0,57.02,0.0,0.0
MLI_2019_338,11.0,23482.25,558.94,1.0,0.0,0.0,0.0,0,0.0,0.0,1.0,0.0,0.0,7438.3,0.0,0.0,0.0,0,0.0,0.0,2536.84,0.0,0.0,177.05,0.0,0.0,0.0,0,0.0,0.0,60.38,0.0,0.0
MLI_2019_339,528.0,247381.2,5888.49,15.0,0.0,211.0,0.0,0,2.0,0.0,196.0,3.0,0.0,14191.44,0.0,57874.68,0.0,0,9156.45,0.0,129589.22,231.17,0.0,337.8,0.0,1377.61,0.0,0,217.95,0.0,3084.65,5.5,0.0
MLI_2019_34,67.0,41392.37,959.7,3.0,0.0,8.0,0.0,0,0.0,0.0,10.0,0.0,1.0,6684.51,0.0,2116.95,0.0,0,0.0,0.0,7350.26,0.0,857.91,154.98,0.0,49.08,0.0,0,0.0,0.0,170.42,0.0,19.89
MLI_2019_340,79.0,47182.04,1123.64,0.0,0.0,7.0,0.0,0,0.0,0.0,12.0,0.0,0.0,0.0,0.0,2059.8,0.0,0,0.0,0.0,12154.79,0.0,0.0,0.0,0.0,49.05,0.0,0,0.0,0.0,289.47,0.0,0.0
MLI_2019_341,41.0,44344.64,1056.25,0.0,0.0,0.0,0.0,0,0.0,0.0,6.0,0.0,0.0,0.0,0.0,0.0,0.0,0,0.0,0.0,6439.44,0.0,0.0,0.0,0.0,0.0,0.0,0,0.0,0.0,153.38,0.0,0.0
MLI_2019_342,28.0,32594.6,776.56,0.0,0.0,12.0,0.0,0,0.0,0.0,10.0,0.0,0.0,0.0,0.0,4255.61,0.0,0,0.0,0.0,14552.95,0.0,0.0,0.0,0.0,101.39,0.0,0,0.0,0.0,346.72,0.0,0.0
MLI_2019_343,35.0,62117.56,1480.58,0.0,0.0,3.0,0.0,0,0.0,0.0,22.0,0.0,0.0,0.0,0.0,6948.79,0.0,0,0.0,0.0,24250.94,0.0,0.0,0.0,0.0,165.62,0.0,0,0.0,0.0,578.02,0.0,0.0
MLI_2019_344,256.0,122296.16,2915.05,1.0,0.0,159.0,0.0,0,3.0,0.0,61.0,0.0,0.0,1872.77,0.0,37951.18,0.0,0,9258.61,0.0,52553.72,0.0,0.0,44.64,0.0,904.6,0.0,0,220.69,0.0,1252.67,0.0,0.0
MLI_2019_345,61.0,61477.4,1465.63,0.0,0.0,28.0,0.0,0,0.0,0.0,19.0,0.0,1.0,0.0,0.0,3834.55,0.0,0,0.0,0.0,27335.29,0.0,6912.84,0.0,0.0,91.42,0.0,0,0.0,0.0,651.68,0.0,164.8
MLI_2019_346,111.0,105607.3,2518.73,0.0,0.0,43.0,0.0,0,0.0,0.0,34.0,0.0,0.0,0.0,0.0,9445.92,0.0,0,0.0,0.0,36839.4,0.0,0.0,0.0,0.0,225.29,0.0,0,0.0,0.0,878.62,0.0,0.0
MLI_2019_347,311.0,136831.03,3264.24,0.0,0.0,160.0,0.0,0,1.0,0.0,59.0,0.0,2.0,0.0,0.0,34921.27,0.0,0,2780.65,0.0,48189.79,0.0,7732.94,0.0,0.0,833.08,0.0,0,66.34,0.0,1149.61,0.0,184.48
MLI_2019_348,41.0,24732.59,590.11,0.0,0.0,16.0,0.0,0,0.0,0.0,4.0,0.0,0.0,0.0,0.0,2619.48,0.0,0,0.0,0.0,6067.43,0.0,0.0,0.0,0.0,62.5,0.0,0,0.0,0.0,144.77,0.0,0.0
MLI_2019_349,341.0,139200.47,3321.43,1.0,0.0,170.0,0.0,0,2.0,0.0,69.0,0.0,2.0,1071.13,0.0,36682.88,0.0,0,5225.95,0.0,50111.03,0.0,5418.42,25.56,0.0,875.28,0.0,0,124.7,0.0,1195.69,0.0,129.29
MLI_2019_35,35.0,28329.92,656.86,3.0,0.0,3.0,0.0,0,0.0,0.0,4.0,0.0,0.0,6669.31,0.0,1699.03,0.0,0,0.0,0.0,2225.34,0.0,0.0,154.63,0.0,39.39,0.0,0,0.0,0.0,51.6,0.0,0.0
MLI_2019_350,77.0,46048.6,1098.99,0.0,0.0,39.0,0.0,0,0.0,0.0,23.0,0.0,3.0,0.0,0.0,8206.53,0.0,0,0.0,0.0,16790.79,0.0,6950.88,0.0,0.0,195.86,0.0,0,0.0,0.0,400.73,0.0,165.89
MLI_2019_351,45.0,26766.87,638.84,0.0,0.0,1.0,0.0,0,0.0,0.0,19.0,0.0,0.0,0.0,0.0,165.73,0.0,0,0.0,0.0,8866.13,0.0,0.0,0.0,0.0,3.96,0.0,0,0.0,0.0,211.61,0.0,0.0
MLI_2019_352,20.0,13010.44,310.53,0.0,0.0,17.0,0.0,0,0.0,0.0,0.0,0.0,0.0,0.0,0.0,2326.07,0.0,0,0.0,0.0,0.0,0.0,0.0,0.0,0.0,55.52,0.0,0,0.0,0.0,0.0,0.0,0.0
MLI_2019_353,21.0,13032.66,311.06,0.0,0.0,17.0,0.0,0,0.0,0.0,0.0,0.0,0.0,0.0,0.0,2326.07,0.0,0,0.0,0.0,0.0,0.0,0.0,0.0,0.0,55.52,0.0,0,0.0,0.0,0.0,0.0,0.0
MLI_2019_354,10.0,3781.53,90.26,0.0,0.0,0.0,0.0,0,0.0,0.0,1.0,0.0,0.0,0.0,0.0,0.0,0.0,0,0.0,0.0,1377.43,0.0,0.0,0.0,0.0,0.0,0.0,0,0.0,0.0,32.88,0.0,0.0
MLI_2019_355,427.0,167891.92,4007.34,5.0,0.0,186.0,0.0,0,4.0,0.0,88.0,8.0,6.0,10169.29,0.0,43515.27,0.0,0,3428.48,0.0,41368.95,1197.25,6856.68,242.73,0.0,1038.65,0.0,0,81.83,0.0,987.42,28.58,163.66
MLI_2019_356,0.0,0.0,0.0,0.0,0.0,0.0,0.0,0,0.0,0.0,0.0,0.0,0.0,0.0,0.0,0.0,0.0,0,0.0,0.0,0.0,0.0,0.0,0.0,0.0,0.0,0.0,0,0.0,0.0,0.0,0.0,0.0
MLI_2019_357,0.0,0.0,0.0,0.0,0.0,0.0,0.0,0,0.0,0.0,0.0,0.0,0.0,0.0,0.0,0.0,0.0,0,0.0,0.0,0.0,0.0,0.0,0.0,0.0,0.0,0.0,0,0.0,0.0,0.0,0.0,0.0
MLI_2019_358,444.0,191459.1,4570.39,5.0,0.0,222.0,0.0,0,4.0,0.0,110.0,7.0,6.0,7286.0,0.0,67226.21,0.0,0,4873.29,0.0,56946.98,737.89,6832.0,173.93,0.0,1604.78,0.0,0,116.33,0.0,1359.4,17.61,163.09
MLI_2019_359,444.0,191559.11,4572.77,5.0,0.0,222.0,0.0,0,4.0,0.0,110.0,7.0,6.0,7295.39,0.0,67226.21,0.0,0,4877.63,0.0,57002.58,739.26,6832.03,174.15,0.0,1604.78,0.0,0,116.44,0.0,1360.73,17.65,163.09
MLI_2019_36,463.0,205835.9,4773.46,6.0,2.0,428.0,0.0,0,0.0,0.0,0.0,5.0,2.0,9821.09,5678.66,168768.55,0.0,0,0.0,0.0,0.0,1255.85,6945.78,227.76,131.69,3913.84,0.0,0,0.0,0.0,0.0,29.12,161.08
MLI_2019_360,11.0,20474.8,488.92,0.0,0.0,3.0,0.0,0,1.0,0.0,4.0,0.0,0.0,0.0,0.0,2079.1,0.0,0,6861.5,0.0,6637.92,0.0,0.0,0.0,0.0,49.65,0.0,0,163.85,0.0,158.51,0.0,0.0
MLI_2019_361,9.0,12938.3,309.01,2.0,0.0,6.0,0.0,0,0.0,0.0,0.0,0.0,0.0,7208.63,0.0,1936.05,0.0,0,0.0,0.0,0.0,0.0,0.0,172.17,0.0,46.24,0.0,0,0.0,0.0,0.0,0.0,0.0
MLI_2019_362,4.0,8178.54,195.37,0.0,0.0,0.0,0.0,0,0.0,0.0,1.0,0.0,1.0,0.0,0.0,0.0,0.0,0,0.0,0.0,408.94,0.0,6640.85,0.0,0.0,0.0,0.0,0,0.0,0.0,9.77,0.0,158.64
MLI_2019_363,51.0,22566.65,539.25,0.0,0.0,0.0,0.0,0,0.0,0.0,0.0,0.0,0.0,0.0,0.0,0.0,0.0,0,0.0,0.0,0.0,0.0,0.0,0.0,0.0,0.0,0.0,0,0.0,0.0,0.0,0.0,0.0
MLI_2019_364,143.0,86647.86,2070.96,0.0,0.0,119.0,0.0,0,1.0,0.0,1.0,0.0,0.0,0.0,0.0,53832.75,0.0,0,3846.17,0.0,2097.88,0.0,0.0,0.0,0.0,1286.65,0.0,0,91.93,0.0,50.14,0.0,0.0
MLI_2019_365,68.0,70205.05,1678.04,0.0,0.0,28.0,0.0,0,0.0,0.0,25.0,0.0,3.0,0.0,0.0,7181.78,0.0,0,0.0,0.0,44879.64,0.0,7434.35,0.0,0.0,171.66,0.0,0,0.0,0.0,1072.71,0.0,177.7
MLI_2019_366,226.0,143858.59,3439.68,6.0,0.0,184.0,0.0,0,2.0,0.0,6.0,0.0,1.0,10806.61,0.0,67905.91,0.0,0,4204.31,0.0,9141.47,0.0,3465.77,258.39,0.0,1623.64,0.0,0,100.53,0.0,218.57,0.0,82.87
MLI_2019_367,30.0,32040.73,766.17,0.0,0.0,0.0,0.0,0,0.0,0.0,30.0,0.0,0.0,0.0,0.0,0.0,0.0,0,0.0,0.0,32040.73,0.0,0.0,0.0,0.0,0.0,0.0,0,0.0,0.0,766.17,0.0,0.0
MLI_2019_368,5.0,16160.1,386.57,0.0,0.0,0.0,0.0,0,0.0,0.0,0.0,0.0,0.0,0.0,0.0,0.0,0.0,0,0.0,0.0,0.0,0.0,0.0,0.0,0.0,0.0,0.0,0,0.0,0.0,0.0,0.0,0.0
MLI_2019_369,409.0,91920.27,2198.96,12.0,0.0,371.0,0.0,0,0.0,0.0,9.0,4.0,2.0,9704.59,0.0,70406.1,0.0,0,0.0,0.0,2464.86,159.95,3205.09,232.16,0.0,1684.28,0.0,0,0.0,0.0,58.97,3.83,76.67
MLI_2019_37,471.0,217633.47,5047.11,5.0,2.0,432.0,0.0,0,0.0,0.0,0.0,6.0,2.0,9674.39,7551.27,172591.78,0.0,0,0.0,0.0,0.0,1291.11,5388.81,224.36,175.12,4002.55,0.0,0,0.0,0.0,0.0,29.94,124.97
MLI_2019_370,412.0,97755.74,2338.72,14.0,0.0,371.0,0.0,0,0.0,0.0,9.0,4.0,2.0,12343.23,0.0,70406.1,0.0,0,0.0,0.0,2464.86,159.95,709.96,295.3,0.0,1684.4,0.0,0,0.0,0.0,58.97,3.83,16.99
MLI_2019_371,385.0,94077.23,2251.21,11.0,0.0,344.0,0.0,0,0.0,0.0,8.0,4.0,2.0,9418.88,0.0,60675.7,0.0,0,0.0,0.0,1112.93,159.95,2086.14,225.39,0.0,1451.93,0.0,0,0.0,0.0,26.63,3.83,49.92
MLI_2019_372,46.0,67147.53,1606.93,0.0,0.0,14.0,0.0,0,0.0,0.0,10.0,0.0,0.0,0.0,0.0,2861.17,0.0,0,0.0,0.0,10299.9,0.0,0.0,0.0,0.0,68.47,0.0,0,0.0,0.0,246.49,0.0,0.0
MLI_2019_373,16.0,21613.91,517.25,0.0,0.0,0.0,0.0,0,0.0,0.0,5.0,0.0,3.0,0.0,0.0,0.0,0.0,0,0.0,0.0,4435.33,0.0,6680.31,0.0,0.0,0.0,0.0,0,0.0,0.0,106.14,0.0,159.87
MLI_2019_374,14.0,26734.72,639.93,0.0,0.0,0.0,0.0,0,0.0,0.0,0.0,0.0,3.0,0.0,0.0,0.0,0.0,0,0.0,0.0,0.0,0.0,8617.98,0.0,0.0,0.0,0.0,0,0.0,0.0,0.0,0.0,206.28
MLI_2019_375,22.0,24866.2,595.39,0.0,0.0,9.0,0.0,0,0.0,0.0,6.0,0.0,0.0,0.0,0.0,1841.28,0.0,0,0.0,0.0,6265.85,0.0,0.0,0.0,0.0,44.09,0.0,0,0.0,0.0,150.03,0.0,0.0
MLI_2019_376,0.0,0.0,0.0,0.0,0.0,0.0,0.0,0,0.0,0.0,0.0,0.0,0.0,0.0,0.0,0.0,0.0,0,0.0,0.0,0.0,0.0,0.0,0.0,0.0,0.0,0.0,0,0.0,0.0,0.0,0.0,0.0
MLI_2019_377,52.0,72908.92,1746.26,0.0,0.0,18.0,0.0,0,0.0,0.0,8.0,0.0,0.0,0.0,0.0,2601.61,0.0,0,0.0,0.0,14986.97,0.0,0.0,0.0,0.0,62.31,0.0,0,0.0,0.0,358.96,0.0,0.0
MLI_2019_378,17.0,18120.79,434.09,0.0,0.0,0.0,0.0,0,0.0,0.0,0.0,0.0,0.0,0.0,0.0,0.0,0.0,0,0.0,0.0,0.0,0.0,0.0,0.0,0.0,0.0,0.0,0,0.0,0.0,0.0,0.0,0.0
MLI_2019_379,105.0,39561.56,948.19,0.0,0.0,12.0,0.0,0,2.0,0.0,3.0,0.0,0.0,0.0,0.0,3577.57,0.0,0,6601.42,0.0,6310.65,0.0,0.0,0.0,0.0,85.75,0.0,0,158.22,0.0,151.25,0.0,0.0
MLI_2019_38,471.0,215471.09,4997.03,5.0,2.0,432.0,0.0,0,0.0,0.0,0.0,5.0,2.0,10403.87,7004.22,172551.22,0.0,0,0.0,0.0,0.0,1255.85,6139.97,241.28,162.44,4001.67,0.0,0,0.0,0.0,0.0,29.12,142.39
MLI_2019_380,105.0,38687.21,927.24,0.0,0.0,12.0,0.0,0,2.0,0.0,3.0,0.0,0.0,0.0,0.0,3577.57,0.0,0,6604.66,0.0,5488.68,0.0,0.0,0.0,0.0,85.75,0.0,0,158.3,0.0,131.55,0.0,0.0
MLI_2019_381,105.0,38264.7,917.12,0.0,0.0,12.0,0.0,0,2.0,0.0,3.0,0.0,0.0,0.0,0.0,3577.57,0.0,0,6609.0,0.0,5136.96,0.0,0.0,0.0,0.0,85.75,0.0,0,158.4,0.0,123.12,0.0,0.0
MLI_2019_382,1.0,8053.73,193.05,0.0,0.0,0.0,0.0,0,0.0,0.0,0.0,0.0,0.0,0.0,0.0,0.0,0.0,0,0.0,0.0,0.0,0.0,0.0,0.0,0.0,0.0,0.0,0,0.0,0.0,0.0,0.0,0.0
MLI_2019_383,0.0,0.0,0.0,0.0,0.0,0.0,0.0,0,0.0,0.0,0.0,0.0,0.0,0.0,0.0,0.0,0.0,0,0.0,0.0,0.0,0.0,0.0,0.0,0.0,0.0,0.0,0,0.0,0.0,0.0,0.0,0.0
MLI_2019_384,50.0,34723.49,832.65,0.0,0.0,23.0,0.0,0,0.0,0.0,7.0,0.0,3.0,0.0,0.0,4436.49,0.0,0,0.0,0.0,5946.03,0.0,8731.42,0.0,0.0,106.38,0.0,0,0.0,0.0,142.58,0.0,209.37
MLI_2019_385,1.0,4009.66,96.19,0.0,0.0,0.0,0.0,0,0.0,0.0,0.0,0.0,0.0,0.0,0.0,0.0,0.0,0,0.0,0.0,0.0,0.0,0.0,0.0,0.0,0.0,0.0,0,0.0,0.0,0.0,0.0,0.0
MLI_2019_386,24.0,17170.82,411.94,0.0,0.0,5.0,0.0,0,0.0,0.0,11.0,0.0,1.0,0.0,0.0,376.31,0.0,0,0.0,0.0,2303.37,0.0,5695.79,0.0,0.0,9.03,0.0,0,0.0,0.0,55.26,0.0,136.65
MLI_2019_387,4.0,16926.25,406.4,0.0,0.0,0.0,0.0,0,0.0,0.0,1.0,0.0,0.0,0.0,0.0,0.0,0.0,0,0.0,0.0,6899.01,0.0,0.0,0.0,0.0,0.0,0.0,0,0.0,0.0,165.64,0.0,0.0
MLI_2019_388,6.0,10654.59,255.87,0.0,0.0,0.0,0.0,0,0.0,0.0,0.0,0.0,0.0,0.0,0.0,0.0,0.0,0,0.0,0.0,0.0,0.0,0.0,0.0,0.0,0.0,0.0,0,0.0,0.0,0.0,0.0,0.0
MLI_2019_389,15.0,17537.52,421.17,0.0,0.0,0.0,0.0,0,3.0,0.0,6.0,0.0,0.0,0.0,0.0,0.0,0.0,0,7570.58,0.0,6613.27,0.0,0.0,0.0,0.0,0.0,0.0,0,181.81,0.0,158.82,0.0,0.0
MLI_2019_39,9.0,13779.36,319.62,0.0,0.0,0.0,0.0,0,0.0,0.0,0.0,0.0,0.0,0.0,0.0,0.0,0.0,0,0.0,0.0,0.0,0.0,0.0,0.0,0.0,0.0,0.0,0,0.0,0.0,0.0,0.0,0.0
MLI_2019_390,5.0,2077.11,49.88,0.0,0.0,0.0,0.0,0,0.0,0.0,0.0,0.0,0.0,0.0,0.0,0.0,0.0,0,0.0,0.0,0.0,0.0,0.0,0.0,0.0,0.0,0.0,0,0.0,0.0,0.0,0.0,0.0
MLI_2019_391,103.0,56741.73,1362.77,0.0,0.0,85.0,0.0,0,2.0,0.0,2.0,0.0,6.0,0.0,0.0,32648.77,0.0,0,4038.58,0.0,4055.28,0.0,6663.69,0.0,0.0,784.13,0.0,0,97.0,0.0,97.4,0.0,160.04
MLI_2019_392,160.0,96460.12,2317.33,0.0,0.0,135.0,0.0,0,2.0,0.0,8.0,0.0,4.0,0.0,0.0,56258.52,0.0,0,3423.65,0.0,12150.2,0.0,6953.11,0.0,0.0,1351.54,0.0,0,82.25,0.0,291.89,0.0,167.04
MLI_2019_393,17.0,12370.42,297.28,0.0,0.0,6.0,0.0,0,0.0,0.0,9.0,0.0,0.0,0.0,0.0,2321.41,0.0,0,0.0,0.0,5934.44,0.0,0.0,0.0,0.0,55.79,0.0,0,0.0,0.0,142.61,0.0,0.0
MLI_2019_394,232.0,152417.35,3663.18,0.0,0.0,50.0,0.0,0,0.0,0.0,49.0,0.0,0.0,0.0,0.0,10849.57,0.0,0,0.0,0.0,62778.75,0.0,0.0,0.0,0.0,260.76,0.0,0,0.0,0.0,1508.82,0.0,0.0
MLI_2019_395,5.0,12370.58,297.56,0.0,0.0,0.0,0.0,0,0.0,0.0,2.0,0.0,3.0,0.0,0.0,0.0,0.0,0,0.0,0.0,4270.34,0.0,8100.24,0.0,0.0,0.0,0.0,0,0.0,0.0,102.72,0.0,194.84
MLI_2019_396,17.0,24628.51,592.43,0.0,0.0,0.0,0.0,0,0.0,0.0,0.0,0.0,0.0,0.0,0.0,0.0,0.0,0,0.0,0.0,0.0,0.0,0.0,0.0,0.0,0.0,0.0,0,0.0,0.0,0.0,0.0,0.0
MLI_2019_397,9.0,14025.14,337.43,0.0,0.0,0.0,0.0,0,0.0,0.0,0.0,0.0,5.0,0.0,0.0,0.0,0.0,0,0.0,0.0,0.0,0.0,7617.68,0.0,0.0,0.0,0.0,0,0.0,0.0,0.0,0.0,183.27
MLI_2019_398,4.0,8850.06,212.93,0.0,0.0,0.0,0.0,0,0.0,0.0,0.0,0.0,0.0,0.0,0.0,0.0,0.0,0,0.0,0.0,0.0,0.0,0.0,0.0,0.0,0.0,0.0,0,0.0,0.0,0.0,0.0,0.0
MLI_2019_399,37.0,41497.14,998.46,0.0,0.0,22.0,0.0,0,0.0,0.0,0.0,0.0,0.0,0.0,0.0,6700.54,0.0,0,0.0,0.0,0.0,0.0,0.0,0.0,0.0,161.22,0.0,0,0.0,0.0,0.0,0.0,0.0
MLI_2019_4,10.0,24117.34,556.2,0.0,0.0,0.0,0.0,0,0.0,0.0,0.0,0.0,0.0,0.0,0.0,0.0,0.0,0,0.0,0.0,0.0,0.0,0.0,0.0,0.0,0.0,0.0,0,0.0,0.0,0.0,0.0,0.0
MLI_2019_40,34.0,40261.19,934.26,0.0,0.0,0.0,0.0,0,0.0,0.0,0.0,0.0,0.0,0.0,0.0,0.0,0.0,0,0.0,0.0,0.0,0.0,0.0,0.0,0.0,0.0,0.0,0,0.0,0.0,0.0,0.0,0.0
MLI_2019_400,1.0,773.56,18.62,0.0,0.0,0.0,0.0,0,0.0,0.0,0.0,0.0,0.0,0.0,0.0,0.0,0.0,0,0.0,0.0,0.0,0.0,0.0,0.0,0.0,0.0,0.0,0,0.0,0.0,0.0,0.0,0.0
MLI_2019_401,181.0,113352.01,2729.33,7.0,0.0,153.0,0.0,0,10.0,0.0,5.0,2.0,0.0,8911.5,0.0,81422.6,0.0,0,8981.1,0.0,7997.4,570.73,0.0,214.57,0.0,1960.52,0.0,0,216.25,0.0,192.56,13.74,0.0
MLI_2019_402,7.0,12548.59,302.16,0.0,0.0,0.0,0.0,0,3.0,0.0,0.0,0.0,0.0,0.0,0.0,0.0,0.0,0,3649.31,0.0,0.0,0.0,0.0,0.0,0.0,0.0,0.0,0,87.87,0.0,0.0,0.0,0.0
MLI_2019_403,8.0,21984.91,529.41,0.0,0.0,0.0,0.0,0,0.0,0.0,3.0,0.0,0.0,0.0,0.0,0.0,0.0,0,0.0,0.0,7437.31,0.0,0.0,0.0,0.0,0.0,0.0,0,0.0,0.0,179.09,0.0,0.0
MLI_2019_404,181.0,115346.14,2777.64,7.0,0.0,153.0,0.0,0,8.0,0.0,7.0,2.0,0.0,7683.54,0.0,82073.76,0.0,0,8171.51,0.0,11251.1,570.73,0.0,185.03,0.0,1976.41,0.0,0,196.78,0.0,270.94,13.74,0.0
MLI_2019_405,178.0,112944.83,2719.95,5.0,0.0,153.0,0.0,0,8.0,0.0,7.0,2.0,0.0,5616.52,0.0,82073.76,0.0,0,7277.52,0.0,11075.15,570.73,0.0,135.26,0.0,1976.51,0.0,0,175.26,0.0,266.71,13.74,0.0
MLI_2019_406,7.0,16953.56,408.28,0.0,0.0,0.0,0.0,0,0.0,0.0,1.0,0.0,3.0,0.0,0.0,0.0,0.0,0,0.0,0.0,1965.33,0.0,7948.78,0.0,0.0,0.0,0.0,0,0.0,0.0,47.33,0.0,191.42
MLI_2019_407,0.0,0.0,0.0,0.0,0.0,0.0,0.0,0,0.0,0.0,0.0,0.0,0.0,0.0,0.0,0.0,0.0,0,0.0,0.0,0.0,0.0,0.0,0.0,0.0,0.0,0.0,0,0.0,0.0,0.0,0.0,0.0
MLI_2019_408,178.0,112699.41,2714.06,5.0,0.0,153.0,0.0,0,8.0,0.0,7.0,2.0,0.0,5541.42,0.0,82073.76,0.0,0,7103.23,0.0,11029.79,570.73,0.0,133.45,0.0,1976.52,0.0,0,171.06,0.0,265.62,13.74,0.0
MLI_2019_409,178.0,112877.36,2718.35,5.0,0.0,153.0,0.0,0,8.0,0.0,7.0,2.0,0.0,5609.82,0.0,82073.76,0.0,0,7136.94,0.0,10855.8,570.73,0.0,135.1,0.0,1976.53,0.0,0,171.87,0.0,261.43,13.74,0.0
MLI_2019_41,4.0,12134.73,281.62,0.0,0.0,0.0,0.0,0,0.0,0.0,0.0,0.0,0.0,0.0,0.0,0.0,0.0,0,0.0,0.0,0.0,0.0,0.0,0.0,0.0,0.0,0.0,0,0.0,0.0,0.0,0.0,0.0
MLI_2019_410,178.0,113086.18,2723.39,5.0,0.0,153.0,0.0,0,8.0,0.0,7.0,2.0,0.0,5608.65,0.0,82073.76,0.0,0,7267.25,0.0,10580.26,570.73,0.0,135.07,0.0,1976.53,0.0,0,175.01,0.0,254.8,13.74,0.0
MLI_2019_411,178.0,113058.36,2722.71,5.0,0.0,153.0,0.0,0,8.0,0.0,7.0,2.0,0.0,5607.99,0.0,82073.76,0.0,0,7243.99,0.0,10558.91,570.73,0.0,135.05,0.0,1976.53,0.0,0,174.45,0.0,254.28,13.74,0.0
MLI_2019_412,178.0,112791.52,2716.29,5.0,0.0,153.0,0.0,0,8.0,0.0,7.0,2.0,0.0,5605.42,0.0,82073.76,0.0,0,7044.42,0.0,10814.89,570.73,0.0,134.99,0.0,1976.54,0.0,0,169.65,0.0,260.45,13.74,0.0
MLI_2019_413,178.0,112834.93,2717.34,5.0,0.0,153.0,0.0,0,8.0,0.0,7.0,2.0,0.0,5606.92,0.0,82073.76,0.0,0,7615.01,0.0,9127.13,570.73,0.0,135.03,0.0,1976.54,0.0,0,183.39,0.0,219.8,13.74,0.0
MLI_2019_414,179.0,112304.05,2704.59,5.0,0.0,153.0,0.0,0,8.0,0.0,8.0,2.0,0.0,5366.7,0.0,82073.76,0.0,0,6647.35,0.0,10818.84,570.73,0.0,129.24,0.0,1976.56,0.0,0,160.09,0.0,260.55,13.74,0.0
MLI_2019_415,169.0,113330.08,2729.43,5.0,0.0,148.0,0.0,0,2.0,0.0,8.0,2.0,0.0,5646.47,0.0,81061.26,0.0,0,6927.61,0.0,8990.72,570.73,0.0,135.99,0.0,1952.27,0.0,0,166.84,0.0,216.53,13.75,0.0
MLI_2019_416,67.0,52059.33,1253.85,4.0,0.0,31.0,0.0,0,1.0,0.0,3.0,2.0,0.0,3239.84,0.0,16291.38,0.0,0,8531.58,0.0,4409.22,2277.84,0.0,78.03,0.0,392.38,0.0,0,205.48,0.0,106.2,54.86,0.0
MLI_2019_417,67.0,53106.9,1279.12,4.0,0.0,31.0,0.0,0,1.0,0.0,3.0,2.0,0.0,3333.97,0.0,16291.38,0.0,0,8795.35,0.0,4764.18,2277.84,0.0,80.3,0.0,392.39,0.0,0,211.84,0.0,114.75,54.86,0.0
MLI_2019_418,9.0,10351.17,249.33,0.0,0.0,0.0,0.0,0,0.0,0.0,2.0,0.0,0.0,0.0,0.0,0.0,0.0,0,0.0,0.0,239.35,0.0,0.0,0.0,0.0,0.0,0.0,0,0.0,0.0,5.77,0.0,0.0
MLI_2019_419,10.0,34133.06,822.27,0.0,0.0,0.0,0.0,0,0.0,0.0,4.0,0.0,0.0,0.0,0.0,0.0,0.0,0,0.0,0.0,13121.88,0.0,0.0,0.0,0.0,0.0,0.0,0,0.0,0.0,316.11,0.0,0.0
MLI_2019_42,8.0,16409.9,380.94,0.0,0.0,0.0,0.0,0,3.0,0.0,0.0,0.0,0.0,0.0,0.0,0.0,0.0,0,3489.92,0.0,0.0,0.0,0.0,0.0,0.0,0.0,0.0,0,81.02,0.0,0.0,0.0,0.0
MLI_2019_420,1.0,2354.45,56.74,0.0,0.0,0.0,0.0,0,0.0,0.0,0.0,0.0,0.0,0.0,0.0,0.0,0.0,0,0.0,0.0,0.0,0.0,0.0,0.0,0.0,0.0,0.0,0,0.0,0.0,0.0,0.0,0.0
MLI_2019_421,1.0,737.52,17.78,0.0,0.0,0.0,0.0,0,0.0,0.0,0.0,0.0,0.0,0.0,0.0,0.0,0.0,0,0.0,0.0,0.0,0.0,0.0,0.0,0.0,0.0,0.0,0,0.0,0.0,0.0,0.0,0.0
MLI_2019_422,3.0,7646.16,184.31,0.0,0.0,0.0,0.0,0,0.0,0.0,0.0,1.0,2.0,0.0,0.0,0.0,0.0,0,0.0,0.0,0.0,20.98,7625.18,0.0,0.0,0.0,0.0,0,0.0,0.0,0.0,0.51,183.81
MLI_2019_423,5.0,11243.98,271.04,0.0,0.0,0.0,0.0,0,0.0,0.0,0.0,0.0,0.0,0.0,0.0,0.0,0.0,0,0.0,0.0,0.0,0.0,0.0,0.0,0.0,0.0,0.0,0,0.0,0.0,0.0,0.0,0.0
MLI_2019_424,5.0,15568.73,375.49,0.0,0.0,0.0,0.0,0,1.0,0.0,0.0,0.0,0.0,0.0,0.0,0.0,0.0,0,6764.41,0.0,0.0,0.0,0.0,0.0,0.0,0.0,0.0,0,163.15,0.0,0.0,0.0,0.0
MLI_2019_425,1.0,564.05,13.6,0.0,0.0,0.0,0.0,0,0.0,0.0,0.0,0.0,0.0,0.0,0.0,0.0,0.0,0,0.0,0.0,0.0,0.0,0.0,0.0,0.0,0.0,0.0,0,0.0,0.0,0.0,0.0,0.0
MLI_2019_426,0.0,0.0,0.0,0.0,0.0,0.0,0.0,0,0.0,0.0,0.0,0.0,0.0,0.0,0.0,0.0,0.0,0,0.0,0.0,0.0,0.0,0.0,0.0,0.0,0.0,0.0,0,0.0,0.0,0.0,0.0,0.0
MLI_2019_427,0.0,0.0,0.0,0.0,0.0,0.0,0.0,0,0.0,0.0,0.0,0.0,0.0,0.0,0.0,0.0,0.0,0,0.0,0.0,0.0,0.0,0.0,0.0,0.0,0.0,0.0,0,0.0,0.0,0.0,0.0,0.0
MLI_2019_428,2.0,7631.93,184.22,0.0,0.0,0.0,0.0,0,0.0,0.0,0.0,0.0,0.0,0.0,0.0,0.0,0.0,0,0.0,0.0,0.0,0.0,0.0,0.0,0.0,0.0,0.0,0,0.0,0.0,0.0,0.0,0.0
MLI_2019_429,31.0,19245.41,464.55,0.0,0.0,24.0,0.0,0,0.0,0.0,4.0,0.0,3.0,0.0,0.0,4603.7,0.0,0,0.0,0.0,7749.53,0.0,6892.17,0.0,0.0,111.13,0.0,0,0.0,0.0,187.06,0.0,166.37
MLI_2019_43,72.0,46858.72,1088.75,2.0,0.0,59.0,0.0,0,0.0,0.0,0.0,0.0,0.0,11574.89,0.0,17807.2,0.0,0,0.0,0.0,0.0,0.0,0.0,268.94,0.0,413.75,0.0,0,0.0,0.0,0.0,0.0,0.0
MLI_2019_430,10.0,24620.36,594.49,0.0,0.0,0.0,0.0,0,0.0,0.0,0.0,0.0,0.0,0.0,0.0,0.0,0.0,0,0.0,0.0,0.0,0.0,0.0,0.0,0.0,0.0,0.0,0,0.0,0.0,0.0,0.0,0.0
MLI_2019_431,88.0,36488.92,881.12,0.0,0.0,27.0,0.0,0,0.0,0.0,0.0,0.0,0.0,0.0,0.0,4625.21,0.0,0,0.0,0.0,0.0,0.0,0.0,0.0,0.0,111.69,0.0,0,0.0,0.0,0.0,0.0,0.0
MLI_2019_432,8.0,23200.46,560.33,0.0,0.0,0.0,0.0,0,0.0,0.0,0.0,0.0,0.0,0.0,0.0,0.0,0.0,0,0.0,0.0,0.0,0.0,0.0,0.0,0.0,0.0,0.0,0,0.0,0.0,0.0,0.0,0.0
MLI_2019_433,326.0,153712.44,3713.02,2.0,0.0,129.0,0.0,0,0.0,0.0,112.0,52.0,13.0,6686.05,0.0,41188.33,0.0,0,0.0,0.0,52164.6,18815.14,9845.39,161.51,0.0,994.93,0.0,0,0.0,0.0,1260.07,454.49,237.82
MLI_2019_434,218.0,54550.66,1317.71,0.0,0.0,167.0,0.0,0,0.0,0.0,43.0,3.0,0.0,0.0,0.0,27898.71,0.0,0,0.0,0.0,20899.19,286.1,0.0,0.0,0.0,673.91,0.0,0,0.0,0.0,504.84,6.91,0.0
MLI_2019_435,798.0,275570.58,6658.56,32.0,0.0,546.0,0.0,0,0.0,0.0,77.0,49.0,21.0,18700.99,0.0,182396.06,0.0,0,0.0,0.0,27240.98,9244.11,14508.25,451.87,0.0,4407.2,0.0,0,0.0,0.0,658.22,223.36,350.56
MLI_2019_436,948.0,351097.56,8484.08,42.0,0.0,614.0,1.0,0,0.0,0.0,119.0,70.0,30.0,22890.77,0.0,219291.95,255.65,0,0.0,0.0,45256.72,22950.56,16547.81,553.14,0.0,5299.07,6.18,0,0.0,0.0,1093.6,554.59,399.87
MLI_2019_437,947.0,351485.96,8493.48,42.0,0.0,614.0,1.0,0,0.0,0.0,119.0,70.0,29.0,22897.84,0.0,219607.24,255.65,0,0.0,0.0,45321.18,22945.88,16548.1,553.31,0.0,5306.7,6.18,0,0.0,0.0,1095.16,554.48,399.88
MLI_2019_438,207.0,109009.76,2634.16,0.0,0.0,159.0,0.0,0,4.0,0.0,35.0,0.0,0.0,0.0,0.0,64876.97,0.0,0,8628.19,0.0,17215.12,0.0,0.0,0.0,0.0,1567.72,0.0,0,208.5,0.0,415.99,0.0,0.0
MLI_2019_439,206.0,107143.05,2589.16,0.0,0.0,159.0,0.0,0,4.0,0.0,34.0,0.0,0.0,0.0,0.0,64876.97,0.0,0,8462.93,0.0,16134.41,0.0,0.0,0.0,0.0,1567.78,0.0,0,204.51,0.0,389.9,0.0,0.0
MLI_2019_44,7.0,27241.66,633.11,0.0,0.0,0.0,0.0,0,0.0,0.0,0.0,0.0,0.0,0.0,0.0,0.0,0.0,0,0.0,0.0,0.0,0.0,0.0,0.0,0.0,0.0,0.0,0,0.0,0.0,0.0,0.0,0.0
MLI_2019_440,206.0,106932.63,2584.09,0.0,0.0,159.0,0.0,0,4.0,0.0,34.0,0.0,0.0,0.0,0.0,64876.97,0.0,0,8456.74,0.0,15946.14,0.0,0.0,0.0,0.0,1567.79,0.0,0,204.36,0.0,385.35,0.0,0.0
MLI_2019_441,206.0,106059.64,2563.02,0.0,0.0,159.0,0.0,0,4.0,0.0,34.0,0.0,0.0,0.0,0.0,64876.97,0.0,0,8389.23,0.0,15331.34,0.0,0.0,0.0,0.0,1567.81,0.0,0,202.73,0.0,370.49,0.0,0.0
MLI_2019_442,985.0,375273.83,9069.43,44.0,0.0,644.0,1.0,0,0.0,0.0,130.0,62.0,25.0,23584.66,0.0,234654.59,255.65,0,0.0,0.0,58808.93,18339.88,16319.56,569.98,0.0,5671.01,6.18,0,0.0,0.0,1421.26,443.23,394.4
MLI_2019_443,203.0,102136.74,2468.4,0.0,0.0,159.0,0.0,0,4.0,0.0,31.0,0.0,0.0,0.0,0.0,64876.97,0.0,0,7542.44,0.0,13747.22,0.0,0.0,0.0,0.0,1567.92,0.0,0,182.28,0.0,332.24,0.0,0.0
MLI_2019_444,949.0,353952.07,8554.28,44.0,0.0,642.0,1.0,0,0.0,0.0,107.0,52.0,25.0,23254.58,0.0,234839.14,255.65,0,0.0,0.0,45206.03,13878.62,15247.12,562.01,0.0,5675.57,6.18,0,0.0,0.0,1092.53,335.42,368.49
MLI_2019_445,905.0,340397.37,8227.14,43.0,0.0,627.0,1.0,0,0.0,0.0,96.0,34.0,27.0,22912.9,0.0,227598.53,255.65,0,0.0,0.0,43908.1,8365.22,15042.38,553.79,0.0,5500.88,6.18,0,0.0,0.0,1061.22,202.18,363.56
MLI_2019_446,1.0,2991.35,72.31,0.0,0.0,0.0,0.0,0,0.0,0.0,1.0,0.0,0.0,0.0,0.0,0.0,0.0,0,0.0,0.0,2991.35,0.0,0.0,0.0,0.0,0.0,0.0,0,0.0,0.0,72.31,0.0,0.0
MLI_2019_447,211.0,100068.09,2419.45,5.0,0.0,171.0,0.0,0,0.0,0.0,15.0,0.0,6.0,6792.35,0.0,62244.66,0.0,0,0.0,0.0,12125.01,0.0,7224.78,164.23,0.0,1504.95,0.0,0,0.0,0.0,293.16,0.0,174.68
MLI_2019_448,72.0,43957.99,1062.95,1.0,0.0,52.0,0.0,0,0.0,0.0,7.0,0.0,6.0,6019.86,0.0,16150.54,0.0,0,0.0,0.0,5029.8,0.0,6953.18,145.57,0.0,390.54,0.0,0,0.0,0.0,121.63,0.0,168.13
MLI_2019_449,204.0,72269.37,1749.01,0.0,0.0,164.0,1.0,0,4.0,0.0,4.0,2.0,0.0,0.0,0.0,50535.74,0.0,0,12699.66,0.0,1607.63,263.58,0.0,0.0,0.0,1223.03,0.0,0,307.35,0.0,38.91,6.38,0.0
MLI_2019_45,7.0,11429.08,265.68,0.0,0.0,0.0,0.0,0,0.0,0.0,0.0,0.0,0.0,0.0,0.0,0.0,0.0,0,0.0,0.0,0.0,0.0,0.0,0.0,0.0,0.0,0.0,0,0.0,0.0,0.0,0.0,0.0
MLI_2019_450,204.0,73319.89,1774.57,0.0,0.0,164.0,1.0,0,4.0,0.0,4.0,2.0,0.0,0.0,0.0,50535.74,0.0,0,11638.61,0.0,1773.67,263.58,0.0,0.0,0.0,1223.13,0.0,0,281.69,0.0,42.93,6.38,0.0
MLI_2019_451,23.0,11441.01,276.92,0.0,0.0,12.0,0.0,0,2.0,0.0,4.0,0.0,0.0,0.0,0.0,1594.75,0.0,0,4829.65,0.0,3737.62,0.0,0.0,0.0,0.0,38.6,0.0,0,116.9,0.0,90.47,0.0,0.0
MLI_2019_452,4.0,8867.34,214.68,0.0,0.0,0.0,0.0,0,0.0,0.0,1.0,0.0,1.0,0.0,0.0,0.0,0.0,0,0.0,0.0,93.66,0.0,6837.52,0.0,0.0,0.0,0.0,0,0.0,0.0,2.27,0.0,165.53
MLI_2019_453,2.0,6375.32,154.39,0.0,0.0,0.0,0.0,0,1.0,0.0,1.0,0.0,0.0,0.0,0.0,0.0,0.0,0,3853.43,0.0,2521.89,0.0,0.0,0.0,0.0,0.0,0.0,0,93.32,0.0,61.07,0.0,0.0
MLI_2019_454,1.0,222.81,5.4,0.0,0.0,0.0,0.0,0,0.0,0.0,1.0,0.0,0.0,0.0,0.0,0.0,0.0,0,0.0,0.0,222.81,0.0,0.0,0.0,0.0,0.0,0.0,0,0.0,0.0,5.4,0.0,0.0
MLI_2019_455,2.0,1327.08,32.17,0.0,0.0,0.0,0.0,0,0.0,0.0,2.0,0.0,0.0,0.0,0.0,0.0,0.0,0,0.0,0.0,1327.08,0.0,0.0,0.0,0.0,0.0,0.0,0,0.0,0.0,32.17,0.0,0.0
MLI_2019_456,2.0,6881.46,166.82,0.0,0.0,0.0,0.0,0,0.0,0.0,2.0,0.0,0.0,0.0,0.0,0.0,0.0,0,0.0,0.0,6881.46,0.0,0.0,0.0,0.0,0.0,0.0,0,0.0,0.0,166.82,0.0,0.0
MLI_2019_457,0.0,0.0,0.0,0.0,0.0,0.0,0.0,0,0.0,0.0,0.0,0.0,0.0,0.0,0.0,0.0,0.0,0,0.0,0.0,0.0,0.0,0.0,0.0,0.0,0.0,0.0,0,0.0,0.0,0.0,0.0,0.0
MLI_2019_458,3.0,1067.57,25.89,0.0,0.0,0.0,0.0,0,0.0,0.0,0.0,0.0,0.0,0.0,0.0,0.0,0.0,0,0.0,0.0,0.0,0.0,0.0,0.0,0.0,0.0,0.0,0,0.0,0.0,0.0,0.0,0.0
MLI_2019_459,4.0,16333.1,396.28,0.0,0.0,0.0,0.0,0,0.0,0.0,0.0,0.0,1.0,0.0,0.0,0.0,0.0,0,0.0,0.0,0.0,0.0,6319.88,0.0,0.0,0.0,0.0,0,0.0,0.0,0.0,0.0,153.33
MLI_2019_46,15.0,26640.45,619.42,0.0,0.0,0.0,0.0,0,3.0,0.0,0.0,0.0,0.0,0.0,0.0,0.0,0.0,0,5127.37,0.0,0.0,0.0,0.0,0.0,0.0,0.0,0.0,0,119.22,0.0,0.0,0.0,0.0
MLI_2019_460,12.0,19147.5,464.56,0.0,0.0,4.0,0.0,0,1.0,0.0,1.0,1.0,0.0,0.0,0.0,716.09,0.0,0,1435.63,0.0,316.05,110.65,0.0,0.0,0.0,17.37,0.0,0,34.83,0.0,7.67,2.68,0.0
MLI_2019_461,25.0,35211.78,854.39,0.0,0.0,3.0,0.0,0,1.0,0.0,18.0,0.0,0.0,0.0,0.0,247.77,0.0,0,2382.05,0.0,22184.13,0.0,0.0,0.0,0.0,6.01,0.0,0,57.8,0.0,538.29,0.0,0.0
MLI_2019_462,24.0,20629.56,500.82,0.0,0.0,13.0,0.0,0,0.0,0.0,2.0,0.0,1.0,0.0,0.0,2187.3,0.0,0,0.0,0.0,87.3,0.0,2035.21,0.0,0.0,53.1,0.0,0,0.0,0.0,2.12,0.0,49.41
MLI_2019_463,542.0,188980.93,4590.37,20.0,0.0,463.0,2.0,0,10.0,0.0,17.0,5.0,0.0,4446.82,0.0,149801.09,1276.34,0,10073.63,0.0,13392.16,646.23,0.0,108.01,0.0,3638.69,31.0,0,244.69,0.0,325.3,15.7,0.0
MLI_2019_464,543.0,188609.29,4581.42,20.0,0.0,463.0,2.0,0,10.0,0.0,17.0,5.0,0.0,4659.42,0.0,149801.09,1276.34,0,8822.39,0.0,14002.25,646.23,0.0,113.18,0.0,3638.75,31.0,0,214.3,0.0,340.12,15.7,0.0
MLI_2019_465,542.0,188018.01,4567.25,20.0,0.0,463.0,2.0,0,10.0,0.0,16.0,5.0,0.0,5232.74,0.0,149801.09,1276.34,0,9646.17,0.0,11607.97,646.23,0.0,127.11,0.0,3638.9,31.0,0,234.32,0.0,281.98,15.7,0.0
MLI_2019_466,542.0,187961.37,4565.88,20.0,0.0,463.0,2.0,0,10.0,0.0,16.0,5.0,0.0,5249.98,0.0,149801.09,1276.34,0,9030.3,0.0,12137.84,646.23,0.0,127.53,0.0,3638.9,31.0,0,219.36,0.0,294.85,15.7,0.0
MLI_2019_467,541.0,186198.11,4523.3,20.0,0.0,462.0,2.0,0,10.0,0.0,17.0,5.0,0.0,5809.15,0.0,149733.71,1276.34,0,8256.7,0.0,10445.72,646.23,0.0,141.12,0.0,3637.47,31.01,0,200.58,0.0,253.76,15.7,0.0
MLI_2019_468,541.0,186153.38,4522.22,20.0,0.0,462.0,2.0,0,10.0,0.0,17.0,5.0,0.0,5804.61,0.0,149733.71,1276.34,0,8248.15,0.0,10408.71,646.23,0.0,141.01,0.0,3637.47,31.01,0,200.37,0.0,252.86,15.7,0.0
MLI_2019_469,541.0,186207.32,4523.53,20.0,0.0,462.0,2.0,0,10.0,0.0,17.0,5.0,0.0,5821.86,0.0,149733.71,1276.34,0,8235.3,0.0,10449.37,646.23,0.0,141.43,0.0,3637.47,31.01,0,200.06,0.0,253.85,15.7,0.0
MLI_2019_47,67.0,61013.31,1418.72,0.0,1.0,8.0,0.0,0,1.0,0.0,30.0,1.0,0.0,0.0,253.36,1815.79,0.0,0,8569.37,0.0,24002.64,1921.49,0.0,0.0,5.89,42.22,0.0,0,199.26,0.0,558.12,44.68,0.0
MLI_2019_470,535.0,182182.98,4425.8,20.0,0.0,460.0,2.0,0,10.0,0.0,11.0,5.0,0.0,4602.88,0.0,148647.38,1276.34,0,8020.15,0.0,8111.2,646.23,0.0,111.82,0.0,3611.11,31.01,0,194.83,0.0,197.05,15.7,0.0
MLI_2019_471,534.0,188576.13,4581.23,21.0,0.0,461.0,2.0,0,10.0,0.0,10.0,5.0,0.0,7046.45,0.0,149504.52,1276.34,0,7333.61,0.0,13739.32,646.23,0.0,171.19,0.0,3632.03,31.01,0,178.16,0.0,333.78,15.7,0.0
MLI_2019_472,532.0,186084.65,4520.74,20.0,0.0,461.0,2.0,0,10.0,0.0,9.0,5.0,0.0,5969.87,0.0,149389.92,1276.34,0,7237.63,0.0,11533.34,646.23,0.0,145.03,0.0,3629.28,31.01,0,175.83,0.0,280.19,15.7,0.0
MLI_2019_473,524.0,178142.53,4327.95,20.0,0.0,456.0,2.0,0,10.0,0.0,5.0,5.0,0.0,4497.19,0.0,145219.18,1276.34,0,6345.86,0.0,8660.47,646.23,0.0,109.26,0.0,3528.08,31.01,0,154.17,0.0,210.41,15.7,0.0
MLI_2019_474,528.0,183028.41,4446.67,20.0,0.0,460.0,2.0,0,10.0,0.0,9.0,5.0,0.0,5966.42,0.0,145973.29,1276.34,0,6264.77,0.0,13462.31,646.23,0.0,144.95,0.0,3546.41,31.01,0,152.2,0.0,327.07,15.7,0.0
MLI_2019_475,528.0,182990.84,4445.75,20.0,0.0,460.0,2.0,0,10.0,0.0,9.0,5.0,0.0,5959.76,0.0,145953.51,1276.34,0,6261.21,0.0,13447.21,646.23,0.0,144.79,0.0,3545.93,31.01,0,152.12,0.0,326.7,15.7,0.0
MLI_2019_476,528.0,182976.99,4445.42,20.0,0.0,460.0,2.0,0,10.0,0.0,9.0,5.0,0.0,5957.38,0.0,145945.77,1276.34,0,6259.82,0.0,13442.11,646.23,0.0,144.73,0.0,3545.75,31.01,0,152.08,0.0,326.58,15.7,0.0
MLI_2019_477,528.0,183024.17,4446.56,20.0,0.0,460.0,2.0,0,10.0,0.0,9.0,5.0,0.0,5973.36,0.0,145935.95,1276.34,0,6258.05,0.0,13498.07,646.23,0.0,145.12,0.0,3545.51,31.01,0,152.04,0.0,327.94,15.7,0.0
MLI_2019_478,528.0,183015.1,4446.35,20.0,0.0,460.0,2.0,0,10.0,0.0,9.0,5.0,0.0,5977.69,0.0,145903.71,1276.34,0,6252.24,0.0,13523.76,646.23,0.0,145.23,0.0,3544.73,31.01,0,151.9,0.0,328.56,15.7,0.0
MLI_2019_479,528.0,182877.14,4443.0,20.0,0.0,460.0,2.0,0,10.0,0.0,9.0,5.0,0.0,5954.8,0.0,145817.68,1276.34,0,6236.51,0.0,13482.86,646.23,0.0,144.67,0.0,3542.64,31.01,0,151.52,0.0,327.57,15.7,0.0
MLI_2019_48,141.0,47676.58,1108.62,1.0,0.0,13.0,0.0,0,0.0,0.0,0.0,1.0,3.0,3398.82,0.0,7211.21,0.0,0,0.0,0.0,0.0,112.07,7163.83,79.03,0.0,167.68,0.0,0,0.0,0.0,0.0,2.61,166.58
MLI_2019_480,528.0,182867.32,4442.76,20.0,0.0,460.0,2.0,0,10.0,0.0,9.0,5.0,0.0,5959.72,0.0,145779.07,1276.34,0,6229.34,0.0,13514.79,646.23,0.0,144.79,0.0,3541.7,31.01,0,151.34,0.0,328.34,15.7,0.0
MLI_2019_481,0.0,0.0,0.0,0.0,0.0,0.0,0.0,0,0.0,0.0,0.0,0.0,0.0,0.0,0.0,0.0,0.0,0,0.0,0.0,0.0,0.0,0.0,0.0,0.0,0.0,0.0,0,0.0,0.0,0.0,0.0,0.0
MLI_2019_482,14.0,24023.04,584.05,0.0,0.0,0.0,0.0,0,0.0,0.0,2.0,0.0,0.0,0.0,0.0,0.0,0.0,0,0.0,0.0,1735.51,0.0,0.0,0.0,0.0,0.0,0.0,0,0.0,0.0,42.19,0.0,0.0
MLI_2019_483,81.0,44584.91,1084.23,0.0,0.0,58.0,1.0,0,0.0,0.0,17.0,0.0,0.0,0.0,0.0,18148.51,0.0,0,0.0,0.0,18557.18,0.0,0.0,0.0,0.0,441.34,0.0,0,0.0,0.0,451.28,0.0,0.0
MLI_2019_484,81.0,44446.06,1080.85,0.0,0.0,58.0,1.0,0,0.0,0.0,17.0,0.0,0.0,0.0,0.0,18148.51,0.0,0,0.0,0.0,18467.14,0.0,0.0,0.0,0.0,441.34,0.0,0,0.0,0.0,449.09,0.0,0.0
MLI_2019_485,3.0,7681.86,186.86,0.0,0.0,0.0,0.0,0,0.0,0.0,1.0,0.0,0.0,0.0,0.0,0.0,0.0,0,0.0,0.0,3435.91,0.0,0.0,0.0,0.0,0.0,0.0,0,0.0,0.0,83.58,0.0,0.0
MLI_2019_486,2.0,7170.4,174.43,0.0,0.0,0.0,0.0,0,0.0,0.0,1.0,0.0,0.0,0.0,0.0,0.0,0.0,0,0.0,0.0,7138.22,0.0,0.0,0.0,0.0,0.0,0.0,0,0.0,0.0,173.65,0.0,0.0
MLI_2019_487,3.0,10382.37,252.58,0.0,0.0,1.0,0.0,0,0.0,0.0,0.0,0.0,1.0,0.0,0.0,688.38,0.0,0,0.0,0.0,0.0,0.0,6462.19,0.0,0.0,16.75,0.0,0,0.0,0.0,0.0,0.0,157.21
MLI_2019_488,1.0,847.24,20.61,0.0,0.0,0.0,0.0,0,0.0,0.0,1.0,0.0,0.0,0.0,0.0,0.0,0.0,0,0.0,0.0,847.24,0.0,0.0,0.0,0.0,0.0,0.0,0,0.0,0.0,20.61,0.0,0.0
MLI_2019_489,10.0,20419.15,496.78,1.0,0.0,0.0,0.0,0,0.0,0.0,3.0,0.0,0.0,6585.21,0.0,0.0,0.0,0,0.0,0.0,4970.61,0.0,0.0,160.21,0.0,0.0,0.0,0,0.0,0.0,120.93,0.0,0.0
MLI_2019_49,29.0,40171.41,934.12,1.0,0.0,1.0,0.0,0,0.0,0.0,12.0,4.0,0.0,2095.44,0.0,53.35,0.0,0,0.0,0.0,10448.97,4692.19,0.0,48.73,0.0,1.24,0.0,0,0.0,0.0,242.97,109.11,0.0
MLI_2019_490,3.0,7363.99,179.2,0.0,0.0,0.0,0.0,0,0.0,0.0,1.0,0.0,0.0,0.0,0.0,0.0,0.0,0,0.0,0.0,3832.05,0.0,0.0,0.0,0.0,0.0,0.0,0,0.0,0.0,93.25,0.0,0.0
MLI_2019_491,0.0,0.0,0.0,0.0,0.0,0.0,0.0,0,0.0,0.0,0.0,0.0,0.0,0.0,0.0,0.0,0.0,0,0.0,0.0,0.0,0.0,0.0,0.0,0.0,0.0,0.0,0,0.0,0.0,0.0,0.0,0.0
MLI_2019_492,1.0,1727.44,42.04,0.0,0.0,0.0,0.0,0,0.0,0.0,1.0,0.0,0.0,0.0,0.0,0.0,0.0,0,0.0,0.0,1727.44,0.0,0.0,0.0,0.0,0.0,0.0,0,0.0,0.0,42.04,0.0,0.0
MLI_2019_493,0.0,0.0,0.0,0.0,0.0,0.0,0.0,0,0.0,0.0,0.0,0.0,0.0,0.0,0.0,0.0,0.0,0,0.0,0.0,0.0,0.0,0.0,0.0,0.0,0.0,0.0,0,0.0,0.0,0.0,0.0,0.0
MLI_2019_494,2.0,2728.45,66.41,1.0,0.0,0.0,0.0,0,0.0,0.0,0.0,0.0,0.0,2625.96,0.0,0.0,0.0,0,0.0,0.0,0.0,0.0,0.0,63.92,0.0,0.0,0.0,0,0.0,0.0,0.0,0.0,0.0
MLI_2019_495,2.0,2720.31,66.22,1.0,0.0,0.0,0.0,0,0.0,0.0,0.0,0.0,0.0,2643.59,0.0,0.0,0.0,0,0.0,0.0,0.0,0.0,0.0,64.35,0.0,0.0,0.0,0,0.0,0.0,0.0,0.0,0.0
MLI_2019_496,1.0,7061.57,171.93,1.0,0.0,0.0,0.0,0,0.0,0.0,0.0,0.0,0.0,7061.57,0.0,0.0,0.0,0,0.0,0.0,0.0,0.0,0.0,171.93,0.0,0.0,0.0,0,0.0,0.0,0.0,0.0,0.0
MLI_2019_497,6.0,14490.57,352.82,0.0,0.0,0.0,0.0,0,0.0,0.0,5.0,0.0,0.0,0.0,0.0,0.0,0.0,0,0.0,0.0,12482.39,0.0,0.0,0.0,0.0,0.0,0.0,0,0.0,0.0,303.93,0.0,0.0
MLI_2019_498,1.0,8164.49,201.14,0.0,0.0,0.0,0.0,0,0.0,0.0,0.0,0.0,1.0,0.0,0.0,0.0,0.0,0,0.0,0.0,0.0,0.0,8164.49,0.0,0.0,0.0,0.0,0,0.0,0.0,0.0,0.0,201.14
MLI_2019_499,2.0,4886.72,120.46,0.0,0.0,0.0,0.0,0,0.0,0.0,2.0,0.0,0.0,0.0,0.0,0.0,0.0,0,0.0,0.0,4886.72,0.0,0.0,0.0,0.0,0.0,0.0,0,0.0,0.0,120.46,0.0,0.0
MLI_2019_5,4.0,13235.24,305.48,0.0,0.0,0.0,0.0,0,0.0,0.0,0.0,0.0,0.0,0.0,0.0,0.0,0.0,0,0.0,0.0,0.0,0.0,0.0,0.0,0.0,0.0,0.0,0,0.0,0.0,0.0,0.0,0.0
MLI_2019_50,142.0,116571.65,2711.35,2.0,0.0,0.0,0.0,0,1.0,0.0,88.0,0.0,0.0,6458.72,0.0,0.0,0.0,0,7144.12,0.0,53291.54,0.0,0.0,150.22,0.0,0.0,0.0,0,166.17,0.0,1239.51,0.0,0.0
MLI_2019_500,1.0,1146.76,28.29,0.0,0.0,0.0,0.0,0,0.0,0.0,0.0,0.0,0.0,0.0,0.0,0.0,0.0,0,0.0,0.0,0.0,0.0,0.0,0.0,0.0,0.0,0.0,0,0.0,0.0,0.0,0.0,0.0
MLI_2019_501,3.0,16471.15,406.51,0.0,0.0,0.0,0.0,0,0.0,0.0,2.0,0.0,0.0,0.0,0.0,0.0,0.0,0,0.0,0.0,9463.38,0.0,0.0,0.0,0.0,0.0,0.0,0,0.0,0.0,233.56,0.0,0.0
MLI_2019_502,0.0,0.0,0.0,0.0,0.0,0.0,0.0,0,0.0,0.0,0.0,0.0,0.0,0.0,0.0,0.0,0.0,0,0.0,0.0,0.0,0.0,0.0,0.0,0.0,0.0,0.0,0,0.0,0.0,0.0,0.0,0.0
MLI_2019_503,0.0,0.0,0.0,0.0,0.0,0.0,0.0,0,0.0,0.0,0.0,0.0,0.0,0.0,0.0,0.0,0.0,0,0.0,0.0,0.0,0.0,0.0,0.0,0.0,0.0,0.0,0,0.0,0.0,0.0,0.0,0.0
MLI_2019_504,614.0,219085.66,5419.32,35.0,0.0,281.0,0.0,0,0.0,0.0,168.0,49.0,6.0,19728.68,0.0,88198.38,0.0,0,0.0,0.0,85010.05,6222.94,5167.13,488.01,0.0,2181.68,0.0,0,0.0,0.0,2102.81,153.93,127.81
MLI_2019_505,611.0,219511.86,5430.16,35.0,0.0,281.0,0.0,0,0.0,0.0,165.0,49.0,6.0,20700.42,0.0,88198.38,0.0,0,0.0,0.0,83720.06,6330.48,5592.58,512.08,0.0,2181.8,0.0,0,0.0,0.0,2071.02,156.6,138.35
MLI_2019_506,624.0,225391.48,5576.0,36.0,0.0,282.0,0.0,0,0.0,0.0,177.0,49.0,6.0,21636.45,0.0,88918.98,0.0,0,0.0,0.0,89342.57,6330.48,5403.81,535.27,0.0,2199.78,0.0,0,0.0,0.0,2210.26,156.61,133.69
MLI_2019_507,615.0,219172.74,5422.26,36.0,0.0,282.0,0.0,0,0.0,0.0,168.0,49.0,7.0,21512.71,0.0,89134.75,0.0,0,0.0,0.0,83755.15,6330.48,5887.05,532.22,0.0,2205.16,0.0,0,0.0,0.0,2072.07,156.61,145.64
MLI_2019_508,611.0,216935.7,5367.06,36.0,0.0,282.0,0.0,0,0.0,0.0,165.0,49.0,6.0,21843.59,0.0,89134.75,0.0,0,0.0,0.0,83122.61,6330.48,5698.3,540.42,0.0,2205.22,0.0,0,0.0,0.0,2056.48,156.62,140.98
MLI_2019_509,609.0,216872.67,5365.5,36.0,0.0,282.0,0.0,0,0.0,0.0,163.0,49.0,6.0,21848.63,0.0,89134.75,0.0,0,0.0,0.0,83063.79,6330.48,5692.67,540.54,0.0,2205.22,0.0,0,0.0,0.0,2055.03,156.62,140.84
MLI_2019_51,21.0,30763.97,715.79,4.0,0.0,0.0,0.0,0,4.0,0.0,1.0,0.0,0.0,11124.09,0.0,0.0,0.0,0,8115.54,0.0,327.52,0.0,0.0,258.82,0.0,0.0,0.0,0,188.82,0.0,7.62,0.0,0.0
MLI_2019_510,601.0,212055.88,5246.44,36.0,0.0,282.0,0.0,0,0.0,0.0,156.0,49.0,6.0,21055.41,0.0,89134.75,0.0,0,0.0,0.0,80084.23,6330.48,5437.36,520.93,0.0,2205.27,0.0,0,0.0,0.0,1981.35,156.62,134.53
MLI_2019_511,601.0,210487.49,5207.73,37.0,0.0,282.0,0.0,0,0.0,0.0,156.0,49.0,6.0,19761.75,0.0,89134.75,0.0,0,0.0,0.0,80924.9,6330.48,4981.46,488.93,0.0,2205.31,0.0,0,0.0,0.0,2002.19,156.62,123.25
MLI_2019_512,529.0,182651.47,4519.43,29.0,0.0,258.0,0.0,0,0.0,0.0,124.0,41.0,6.0,20533.87,0.0,79564.8,0.0,0,0.0,0.0,63942.02,4666.17,3898.08,508.08,0.0,1968.71,0.0,0,0.0,0.0,1582.15,115.46,96.45
MLI_2019_513,529.0,182631.61,4518.94,29.0,0.0,258.0,0.0,0,0.0,0.0,124.0,41.0,6.0,20530.09,0.0,79556.83,0.0,0,0.0,0.0,63937.88,4663.62,3897.58,507.99,0.0,1968.51,0.0,0,0.0,0.0,1582.04,115.39,96.44
MLI_2019_514,1.0,1994.46,49.36,0.0,0.0,0.0,0.0,0,0.0,0.0,0.0,0.0,0.0,0.0,0.0,0.0,0.0,0,0.0,0.0,0.0,0.0,0.0,0.0,0.0,0.0,0.0,0,0.0,0.0,0.0,0.0,0.0
MLI_2019_515,2.0,10879.68,270.01,1.0,0.0,0.0,0.0,0,0.0,0.0,0.0,0.0,0.0,3776.45,0.0,0.0,0.0,0,0.0,0.0,0.0,0.0,0.0,93.72,0.0,0.0,0.0,0,0.0,0.0,0.0,0.0,0.0
MLI_2019_516,8.0,18685.91,463.99,0.0,0.0,0.0,0.0,0,0.0,0.0,7.0,0.0,0.0,0.0,0.0,0.0,0.0,0,0.0,0.0,15914.65,0.0,0.0,0.0,0.0,0.0,0.0,0,0.0,0.0,395.17,0.0,0.0
MLI_2019_517,0.0,0.0,0.0,0.0,0.0,0.0,0.0,0,0.0,0.0,0.0,0.0,0.0,0.0,0.0,0.0,0.0,0,0.0,0.0,0.0,0.0,0.0,0.0,0.0,0.0,0.0,0,0.0,0.0,0.0,0.0,0.0
MLI_2019_518,3.0,7969.32,198.11,2.0,0.0,0.0,0.0,0,0.0,0.0,1.0,0.0,0.0,7502.53,0.0,0.0,0.0,0,0.0,0.0,466.79,0.0,0.0,186.51,0.0,0.0,0.0,0,0.0,0.0,11.6,0.0,0.0
MLI_2019_519,90.0,33903.02,848.97,1.0,0.0,70.0,0.0,0,0.0,0.0,5.0,5.0,4.0,3153.2,0.0,10313.64,0.0,0,0.0,0.0,9257.04,612.5,6857.65,78.96,0.0,258.26,0.0,0,0.0,0.0,231.81,15.34,171.72
MLI_2019_52,54.0,59315.1,1380.33,6.0,0.0,0.0,0.0,0,1.0,0.0,7.0,0.0,0.0,18106.77,0.0,0.0,0.0,0,7620.67,0.0,7057.16,0.0,0.0,421.36,0.0,0.0,0.0,0,177.34,0.0,164.23,0.0,0.0
MLI_2019_520,4.0,9120.77,228.74,0.0,0.0,0.0,0.0,0,0.0,0.0,0.0,0.0,2.0,0.0,0.0,0.0,0.0,0,0.0,0.0,0.0,0.0,7643.44,0.0,0.0,0.0,0.0,0,0.0,0.0,0.0,0.0,191.69
MLI_2019_521,78.0,46339.57,1171.05,0.0,0.0,50.0,0.0,0,0.0,0.0,6.0,4.0,5.0,0.0,0.0,13690.66,0.0,0,0.0,0.0,11485.46,797.88,8174.31,0.0,0.0,345.98,0.0,0,0.0,0.0,290.25,20.16,206.57
MLI_2019_522,78.0,46453.4,1173.93,0.0,0.0,50.0,0.0,0,0.0,0.0,6.0,4.0,5.0,0.0,0.0,13690.66,0.0,0,0.0,0.0,11737.13,797.88,8439.11,0.0,0.0,345.98,0.0,0,0.0,0.0,296.61,20.16,213.27
MLI_2019_523,2.0,8411.05,214.21,1.0,0.0,0.0,0.0,0,0.0,0.0,0.0,0.0,0.0,7692.43,0.0,0.0,0.0,0,0.0,0.0,0.0,0.0,0.0,195.91,0.0,0.0,0.0,0,0.0,0.0,0.0,0.0,0.0
MLI_2019_524,79.0,56110.82,1436.35,6.0,0.0,61.0,0.0,0,0.0,0.0,12.0,0.0,0.0,8764.54,0.0,23237.12,0.0,0,0.0,0.0,24109.16,0.0,0.0,224.36,0.0,594.83,0.0,0,0.0,0.0,617.16,0.0,0.0
MLI_2019_53,105.0,94299.22,2194.52,0.0,0.0,1.0,0.0,0,0.0,0.0,50.0,0.0,0.0,0.0,0.0,291.69,0.0,0,0.0,0.0,30608.2,0.0,0.0,0.0,0.0,6.79,0.0,0,0.0,0.0,712.31,0.0,0.0
MLI_2019_54,9.0,24124.4,561.56,2.0,0.0,0.0,0.0,0,0.0,0.0,0.0,0.0,0.0,11082.38,0.0,0.0,0.0,0,0.0,0.0,0.0,0.0,0.0,257.97,0.0,0.0,0.0,0,0.0,0.0,0.0,0.0,0.0
MLI_2019_55,16.0,10760.72,250.62,0.0,0.0,0.0,0.0,0,0.0,0.0,0.0,0.0,0.0,0.0,0.0,0.0,0.0,0,0.0,0.0,0.0,0.0,0.0,0.0,0.0,0.0,0.0,0,0.0,0.0,0.0,0.0,0.0
MLI_2019_56,23.0,20929.89,487.5,4.0,0.0,0.0,0.0,0,0.0,0.0,0.0,0.0,0.0,9738.83,0.0,0.0,0.0,0,0.0,0.0,0.0,0.0,0.0,226.84,0.0,0.0,0.0,0,0.0,0.0,0.0,0.0,0.0
MLI_2019_57,10.0,19557.31,455.77,3.0,0.0,0.0,0.0,0,0.0,0.0,0.0,0.0,0.0,14960.58,0.0,0.0,0.0,0,0.0,0.0,0.0,0.0,0.0,348.65,0.0,0.0,0.0,0,0.0,0.0,0.0,0.0,0.0
MLI_2019_58,7.0,19286.91,449.5,3.0,0.0,0.0,0.0,0,0.0,0.0,0.0,0.0,0.0,14273.02,0.0,0.0,0.0,0,0.0,0.0,0.0,0.0,0.0,332.64,0.0,0.0,0.0,0,0.0,0.0,0.0,0.0,0.0
MLI_2019_59,17.0,22769.47,530.7,0.0,0.0,0.0,0.0,0,0.0,0.0,0.0,0.0,0.0,0.0,0.0,0.0,0.0,0,0.0,0.0,0.0,0.0,0.0,0.0,0.0,0.0,0.0,0,0.0,0.0,0.0,0.0,0.0
MLI_2019_6,14.0,14337.89,331.09,3.0,0.0,0.0,0.0,0,0.0,0.0,0.0,0.0,0.0,7502.59,0.0,0.0,0.0,0,0.0,0.0,0.0,0.0,0.0,173.25,0.0,0.0,0.0,0,0.0,0.0,0.0,0.0,0.0
MLI_2019_60,44.0,43380.98,1011.24,0.0,0.0,3.0,0.0,0,1.0,0.0,0.0,0.0,0.0,0.0,0.0,1147.91,0.0,0,3179.96,0.0,0.0,0.0,0.0,0.0,0.0,26.76,0.0,0,74.13,0.0,0.0,0.0,0.0
MLI_2019_61,24.0,32690.22,762.25,5.0,0.0,3.0,0.0,0,4.0,0.0,0.0,0.0,0.0,11876.14,0.0,377.26,0.0,0,6830.57,0.0,0.0,0.0,0.0,276.92,0.0,8.8,0.0,0,159.27,0.0,0.0,0.0,0.0
MLI_2019_62,100.0,66004.75,1539.38,0.0,1.0,7.0,0.0,0,0.0,0.0,49.0,0.0,0.0,0.0,2254.42,1283.66,0.0,0,0.0,0.0,23518.09,0.0,0.0,0.0,52.58,29.94,0.0,0,0.0,0.0,548.5,0.0,0.0
MLI_2019_63,29.0,51883.84,1210.15,4.0,0.0,1.0,0.0,0,3.0,0.0,14.0,0.0,0.0,3403.9,0.0,277.29,0.0,0,8081.93,0.0,22521.57,0.0,0.0,79.39,0.0,6.47,0.0,0,188.51,0.0,525.3,0.0,0.0
MLI_2019_64,14.0,20222.03,471.69,3.0,0.0,0.0,0.0,0,0.0,0.0,0.0,2.0,1.0,7269.05,0.0,0.0,0.0,0,0.0,0.0,0.0,257.91,6696.47,169.55,0.0,0.0,0.0,0,0.0,0.0,0.0,6.02,156.2
MLI_2019_65,12.0,25689.78,599.26,0.0,0.0,0.0,0.0,0,1.0,0.0,0.0,0.0,1.0,0.0,0.0,0.0,0.0,0,4903.79,0.0,0.0,0.0,4855.02,0.0,0.0,0.0,0.0,0,114.39,0.0,0.0,0.0,113.25
MLI_2019_66,28.0,38191.95,891.38,6.0,0.0,5.0,0.0,0,0.0,0.0,0.0,0.0,0.0,14881.69,0.0,1339.95,0.0,0,0.0,0.0,0.0,0.0,0.0,347.33,0.0,31.27,0.0,0,0.0,0.0,0.0,0.0,0.0
MLI_2019_67,3.0,4913.45,114.68,2.0,0.0,0.0,0.0,0,0.0,0.0,0.0,0.0,0.0,4569.6,0.0,0.0,0.0,0,0.0,0.0,0.0,0.0,0.0,106.65,0.0,0.0,0.0,0,0.0,0.0,0.0,0.0,0.0
MLI_2019_68,9.0,27976.66,652.99,0.0,0.0,0.0,0.0,0,1.0,0.0,0.0,0.0,0.0,0.0,0.0,0.0,0.0,0,2978.53,0.0,0.0,0.0,0.0,0.0,0.0,0.0,0.0,0,69.52,0.0,0.0,0.0,0.0
MLI_2019_69,20.0,27614.0,644.74,0.0,0.0,0.0,0.0,0,0.0,0.0,0.0,0.0,0.0,0.0,0.0,0.0,0.0,0,0.0,0.0,0.0,0.0,0.0,0.0,0.0,0.0,0.0,0,0.0,0.0,0.0,0.0,0.0
MLI_2019_7,14.0,20744.91,479.41,0.0,0.0,0.0,0.0,0,0.0,0.0,0.0,0.0,0.0,0.0,0.0,0.0,0.0,0,0.0,0.0,0.0,0.0,0.0,0.0,0.0,0.0,0.0,0,0.0,0.0,0.0,0.0,0.0
MLI_2019_70,1453.0,517277.74,12081.1,12.0,0.0,1306.0,0.0,0,3.0,0.0,9.0,15.0,21.0,13198.24,0.0,443046.18,0.0,0,3109.14,0.0,2732.97,3719.63,11437.96,308.25,0.0,10347.41,0.0,0,72.61,0.0,63.83,86.87,267.14
MLI_2019_71,20.0,25142.61,587.21,0.0,0.0,0.0,0.0,0,0.0,0.0,0.0,0.0,0.0,0.0,0.0,0.0,0.0,0,0.0,0.0,0.0,0.0,0.0,0.0,0.0,0.0,0.0,0,0.0,0.0,0.0,0.0,0.0
MLI_2019_72,22.0,23349.44,545.57,0.0,0.0,0.0,0.0,0,0.0,0.0,0.0,0.0,0.0,0.0,0.0,0.0,0.0,0,0.0,0.0,0.0,0.0,0.0,0.0,0.0,0.0,0.0,0,0.0,0.0,0.0,0.0,0.0
MLI_2019_73,11.0,23137.7,540.78,0.0,0.0,0.0,0.0,0,0.0,0.0,0.0,0.0,0.0,0.0,0.0,0.0,0.0,0,0.0,0.0,0.0,0.0,0.0,0.0,0.0,0.0,0.0,0,0.0,0.0,0.0,0.0,0.0
MLI_2019_74,229.0,118188.7,2762.33,2.0,0.0,211.0,0.0,0,3.0,0.0,1.0,0.0,0.0,7346.97,0.0,89177.36,0.0,0,7114.07,0.0,196.48,0.0,0.0,171.71,0.0,2084.27,0.0,0,166.27,0.0,4.59,0.0,0.0
MLI_2019_75,5.0,14797.66,345.92,1.0,0.0,0.0,0.0,0,0.0,0.0,1.0,0.0,0.0,7588.12,0.0,0.0,0.0,0,0.0,0.0,70.4,0.0,0.0,177.38,0.0,0.0,0.0,0,0.0,0.0,1.65,0.0,0.0
MLI_2019_76,2807.0,614034.95,14354.76,8.0,8.0,2574.0,0.0,0,0.0,0.0,74.0,54.0,3.0,11789.41,8679.88,526719.88,0.0,0,0.0,0.0,25530.98,10300.11,468.95,275.61,202.92,12313.53,0.0,0,0.0,0.0,596.86,240.79,10.96
MLI_2019_77,15.0,22324.31,522.01,0.0,0.0,0.0,0.0,0,0.0,0.0,0.0,0.0,0.0,0.0,0.0,0.0,0.0,0,0.0,0.0,0.0,0.0,0.0,0.0,0.0,0.0,0.0,0,0.0,0.0,0.0,0.0,0.0
MLI_2019_78,3120.0,754175.71,17635.25,24.0,17.0,2806.0,0.0,0,20.0,0.0,94.0,8.0,18.0,17744.67,8250.26,624567.85,0.0,0,7971.3,0.0,35025.76,1095.01,9790.75,414.93,192.92,14604.57,0.0,0,186.4,0.0,819.02,25.61,228.94
MLI_2019_79,3647.0,866205.66,20257.05,44.0,30.0,3318.0,0.0,0,52.0,0.0,49.0,7.0,21.0,24748.89,11304.76,747978.63,0.0,0,15733.05,0.0,18069.93,605.13,12438.28,578.78,264.37,17492.2,0.0,0,367.93,0.0,422.58,14.15,290.88
MLI_2019_8,12.0,23655.51,547.11,3.0,0.0,0.0,0.0,0,0.0,0.0,0.0,0.0,0.0,7367.27,0.0,0.0,0.0,0,0.0,0.0,0.0,0.0,0.0,170.39,0.0,0.0,0.0,0,0.0,0.0,0.0,0.0,0.0
MLI_2019_80,2967.0,627700.29,14679.5,57.0,17.0,2636.0,0.0,0,0.0,0.0,34.0,59.0,10.0,21040.36,10015.07,510422.85,0.0,0,0.0,0.0,12145.18,11469.55,2977.35,492.05,234.21,11936.83,0.0,0,0.0,0.0,284.03,268.23,69.63
MLI_2019_81,3022.0,633634.1,14818.38,57.0,31.0,2613.0,0.0,0,0.0,0.0,42.0,80.0,21.0,21602.12,11459.55,504896.49,0.0,0,0.0,0.0,14767.02,14066.2,5842.7,505.19,268.0,11807.68,0.0,0,0.0,0.0,345.35,328.96,136.64
MLI_2019_82,2753.0,593137.93,13872.02,25.0,18.0,2337.0,0.0,0,20.0,0.0,89.0,34.0,5.0,14840.49,8189.55,487578.26,0.0,0,9846.57,0.0,18724.37,3761.13,1024.41,347.08,191.53,11403.24,0.0,0,230.29,0.0,437.92,87.96,23.96
MLI_2019_83,3525.0,739934.3,17305.47,91.0,42.0,3025.0,0.0,0,12.0,0.0,42.0,88.0,33.0,34150.66,21735.19,549334.88,0.0,0,5556.96,0.0,21305.34,13991.71,17825.24,798.71,508.34,12847.76,0.0,0,129.97,0.0,498.29,327.24,416.89
MLI_2019_84,4387.0,940250.05,21990.53,51.0,37.0,3898.0,0.0,0,61.0,0.0,31.0,31.0,28.0,27050.46,19878.45,782848.82,0.0,0,17654.55,0.0,9357.86,3625.63,15369.99,632.66,464.92,18309.24,0.0,0,412.9,0.0,218.86,84.8,359.47
MLI_2019_85,4387.0,940439.26,21994.96,51.0,37.0,3898.0,0.0,0,61.0,0.0,31.0,31.0,28.0,27050.97,19887.9,783032.62,0.0,0,17655.83,0.0,9330.68,3632.37,15378.84,632.67,465.14,18313.54,0.0,0,412.93,0.0,218.23,84.95,359.68
MLI_2019_86,3640.0,738222.0,17265.85,66.0,31.0,3238.0,3.0,0,2.0,0.0,34.0,64.0,32.0,23097.48,9967.92,607248.97,0.0,0,1641.87,0.0,13640.7,9634.7,12772.02,540.21,233.13,14202.6,0.0,0,38.4,0.0,319.03,225.34,298.72
MLI_2019_87,4098.0,871555.7,20384.38,60.0,53.0,3506.0,0.0,0,50.0,0.0,44.0,40.0,24.0,30631.68,28000.42,674566.45,0.0,0,17903.44,0.0,16885.47,4478.66,16076.74,716.43,654.89,15777.1,0.0,0,418.73,0.0,394.93,104.75,376.01
MLI_2019_88,4571.0,980256.35,22927.08,47.0,48.0,4021.0,0.0,0,58.0,0.0,24.0,27.0,47.0,26754.97,20648.69,823397.93,0.0,0,16881.59,0.0,6100.63,2758.52,20172.66,625.77,482.95,19258.34,0.0,0,394.84,0.0,142.69,64.52,471.82
MLI_2019_89,4283.0,900387.3,21059.16,57.0,69.0,3682.0,1.0,0,47.0,0.0,37.0,45.0,27.0,31870.67,29232.2,704283.75,11.87,0,17942.96,0.0,14284.09,5691.84,16390.42,745.42,683.71,16472.5,0.28,0,419.67,0.0,334.09,133.13,383.36
MLI_2019_9,4.0,9669.89,223.75,0.0,0.0,0.0,0.0,0,0.0,0.0,0.0,0.0,0.0,0.0,0.0,0.0,0.0,0,0.0,0.0,0.0,0.0,0.0,0.0,0.0,0.0,0.0,0,0.0,0.0,0.0,0.0,0.0
MLI_2019_90,3945.0,796023.67,18618.61,92.0,36.0,3525.0,3.0,0,6.0,0.0,25.0,44.0,37.0,29975.01,12510.85,653360.94,0.0,0,3482.68,0.0,12242.77,7645.38,19795.43,701.1,292.62,15281.8,0.0,0,81.46,0.0,286.35,178.82,463.01
MLI_2019_91,2736.0,531545.45,12433.51,54.0,35.0,2351.0,0.0,0,15.0,0.0,31.0,60.0,0.0,16504.95,15746.21,446665.28,0.0,0,5878.4,0.0,9010.5,6540.78,0.0,386.07,368.32,10448.06,0.0,0,137.5,0.0,210.77,153.0,0.0
MLI_2019_92,4509.0,907440.37,21226.44,92.0,46.0,4085.0,4.0,0,29.0,0.0,14.0,50.0,30.0,39611.07,15955.6,783726.95,76.12,0,11001.64,0.0,4627.06,7948.08,17379.81,926.56,373.23,18332.59,1.78,0,257.35,0.0,108.23,185.92,406.54
MLI_2019_93,4507.0,907537.01,21228.76,92.0,43.0,4086.0,4.0,0,29.0,0.0,14.0,51.0,30.0,39980.59,15843.99,783595.05,76.12,0,11011.97,0.0,4470.73,7933.27,17302.05,935.21,370.62,18329.56,1.78,0,257.59,0.0,104.58,185.57,404.72
MLI_2019_94,4916.0,971213.65,22718.41,76.0,69.0,4227.0,1.0,0,84.0,0.0,27.0,41.0,45.0,35895.41,29597.65,789883.98,76.12,0,22186.4,0.0,7055.33,6302.28,20413.44,839.66,692.34,18476.79,1.78,0,518.98,0.0,165.04,147.42,477.51
MLI_2019_95,4290.0,894462.21,20923.29,73.0,69.0,3562.0,1.0,0,82.0,0.0,19.0,75.0,53.0,30435.89,26993.19,725359.56,92.66,0,18430.89,0.0,3908.02,9811.22,22564.03,711.96,631.43,16967.64,2.17,0,431.14,0.0,91.42,229.5,527.82
MLI_2019_96,2728.0,635705.77,14870.58,35.0,0.0,2543.0,0.0,0,11.0,0.0,38.0,34.0,9.0,26350.96,0.0,559689.69,0.0,0,4292.03,0.0,12096.88,4957.39,6765.89,616.41,0.0,13092.39,0.0,0,100.4,0.0,282.97,115.96,158.27
MLI_2019_97,3906.0,818038.72,19135.87,103.0,73.0,3055.0,2.0,0,91.0,0.0,25.0,114.0,53.0,33483.52,25262.23,637652.55,92.66,0,21520.66,0.0,5801.35,14534.82,18974.12,783.26,590.94,14916.21,2.17,0,503.42,0.0,135.71,340.0,443.85
MLI_2019_98,4190.0,861954.55,20163.55,64.0,67.0,3524.0,1.0,0,57.0,0.0,21.0,65.0,34.0,31495.43,27930.19,700270.44,76.12,0,17794.53,0.0,4117.5,9818.69,14370.53,736.77,653.37,16381.3,1.78,0,416.26,0.0,96.32,229.69,336.17
MLI_2019_99,4183.0,860303.63,20124.97,64.0,67.0,3517.0,1.0,0,57.0,0.0,21.0,65.0,32.0,31480.25,27897.38,698872.66,76.12,0,17831.2,0.0,4117.5,9790.02,14112.9,736.41,652.6,16348.64,1.78,0,417.12,0.0,96.32,229.02,330.14
