id,total_count,total_length,total_density,count_trunk,count_residential,count_pedestrian,count_service,count_primary,count_intersection,count_secondary,count_living_street,count_track,count_tertiary,length_trunk,length_residential,length_pedestrian,length_service,length_primary,length_intersection,length_secondary,length_living_street,length_track,length_tertiary,density_trunk,density_residential,density_pedestrian,density_service,density_primary,density_intersection,density_secondary,density_living_street,density_track,density_tertiary
ETH_2013_0,1.0,3983.2,89.12,0.0,0.0,0.0,0.0,0.0,0,0.0,0.0,0.0,0.0,0.0,0.0,0.0,0.0,0.0,0,0.0,0.0,0.0,0.0,0.0,0.0,0.0,0.0,0.0,0,0.0,0.0,0.0,0.0
ETH_2013_1,0.0,0.0,0.0,0.0,0.0,0.0,0.0,0.0,0,0.0,0.0,0.0,0.0,0.0,0.0,0.0,0.0,0.0,0,0.0,0.0,0.0,0.0,0.0,0.0,0.0,0.0,0.0,0,0.0,0.0,0.0,0.0
ETH_2013_10,2.0,12325.5,277.04,0.0,0.0,0.0,0.0,0.0,0,1.0,0.0,0.0,0.0,0.0,0.0,0.0,0.0,0.0,0,6698.16,0.0,0.0,0.0,0.0,0.0,0.0,0.0,0.0,0,150.55,0.0,0.0,0.0
ETH_2013_100,22.0,29848.54,675.88,0.0,11.0,0.0,0.0,4.0,0,1.0,0.0,0.0,5.0,0.0,10740.69,0.0,0.0,7738.64,0,3623.29,0.0,0.0,7702.86,0.0,243.21,0.0,0.0,175.23,0,82.04,0.0,0.0,174.42
ETH_2013_101,456.0,198313.16,4491.18,1.0,374.0,0.0,2.0,2.0,0,2.0,0.0,11.0,1.0,5305.72,115567.78,0.0,730.23,5576.51,0,3736.03,0.0,17148.12,189.07,120.16,2617.25,0.0,16.54,126.29,0,84.61,0.0,388.35,4.28
ETH_2013_102,11.0,18338.91,415.32,0.0,6.0,0.0,0.0,0.0,0,0.0,0.0,1.0,4.0,0.0,7308.38,0.0,0.0,0.0,0,0.0,0.0,2104.13,8926.4,0.0,165.51,0.0,0.0,0.0,0,0.0,0.0,47.65,202.16
ETH_2013_103,12.0,23617.5,534.94,0.0,7.0,0.0,0.0,0.0,0,0.0,0.0,0.0,5.0,0.0,8658.92,0.0,0.0,0.0,0,0.0,0.0,0.0,14958.58,0.0,196.13,0.0,0.0,0.0,0,0.0,0.0,0.0,338.82
ETH_2013_104,0.0,0.0,0.0,0.0,0.0,0.0,0.0,0.0,0,0.0,0.0,0.0,0.0,0.0,0.0,0.0,0.0,0.0,0,0.0,0.0,0.0,0.0,0.0,0.0,0.0,0.0,0.0,0,0.0,0.0,0.0,0.0
ETH_2013_105,11.0,21658.42,490.59,0.0,0.0,0.0,0.0,0.0,0,0.0,0.0,9.0,0.0,0.0,0.0,0.0,0.0,0.0,0,0.0,0.0,12523.86,0.0,0.0,0.0,0.0,0.0,0.0,0,0.0,0.0,283.68,0.0
ETH_2013_106,5.0,15167.85,343.58,0.0,0.0,0.0,0.0,0.0,0,0.0,0.0,1.0,1.0,0.0,0.0,0.0,0.0,0.0,0,0.0,0.0,121.94,8904.16,0.0,0.0,0.0,0.0,0.0,0,0.0,0.0,2.76,201.7
ETH_2013_107,4.0,17535.47,397.21,0.0,0.0,0.0,0.0,1.0,0,0.0,0.0,1.0,1.0,0.0,0.0,0.0,0.0,6997.62,0,0.0,0.0,1770.33,2762.86,0.0,0.0,0.0,0.0,158.51,0,0.0,0.0,40.1,62.58
ETH_2013_108,2.0,2113.87,47.88,0.0,0.0,0.0,0.0,1.0,0,1.0,0.0,0.0,0.0,0.0,0.0,0.0,0.0,1214.99,0,898.88,0.0,0.0,0.0,0.0,0.0,0.0,0.0,27.52,0,20.36,0.0,0.0,0.0
ETH_2013_109,1.0,10937.6,247.77,0.0,0.0,0.0,0.0,1.0,0,0.0,0.0,0.0,0.0,0.0,0.0,0.0,0.0,10937.6,0,0.0,0.0,0.0,0.0,0.0,0.0,0.0,0.0,247.77,0,0.0,0.0,0.0,0.0
ETH_2013_11,1.0,7128.82,160.24,0.0,0.0,0.0,0.0,0.0,0,0.0,0.0,0.0,0.0,0.0,0.0,0.0,0.0,0.0,0,0.0,0.0,0.0,0.0,0.0,0.0,0.0,0.0,0.0,0,0.0,0.0,0.0,0.0
ETH_2013_110,1.0,7427.01,168.26,0.0,0.0,0.0,0.0,0.0,0,0.0,0.0,0.0,1.0,0.0,0.0,0.0,0.0,0.0,0,0.0,0.0,0.0,7427.01,0.0,0.0,0.0,0.0,0.0,0,0.0,0.0,0.0,168.26
ETH_2013_111,1.0,1328.03,30.09,0.0,0.0,0.0,0.0,0.0,0,0.0,0.0,0.0,1.0,0.0,0.0,0.0,0.0,0.0,0,0.0,0.0,0.0,1328.03,0.0,0.0,0.0,0.0,0.0,0,0.0,0.0,0.0,30.09
ETH_2013_112,8.0,15519.81,351.67,0.0,4.0,0.0,0.0,0.0,0,0.0,0.0,4.0,0.0,0.0,3026.07,0.0,0.0,0.0,0,0.0,0.0,12493.74,0.0,0.0,68.57,0.0,0.0,0.0,0,0.0,0.0,283.1,0.0
ETH_2013_113,2.0,6355.1,144.01,0.0,0.0,0.0,0.0,0.0,0,0.0,0.0,2.0,0.0,0.0,0.0,0.0,0.0,0.0,0,0.0,0.0,6355.1,0.0,0.0,0.0,0.0,0.0,0.0,0,0.0,0.0,144.01,0.0
ETH_2013_114,3.0,12116.54,274.59,0.0,0.0,0.0,0.0,3.0,0,0.0,0.0,0.0,0.0,0.0,0.0,0.0,0.0,12116.54,0,0.0,0.0,0.0,0.0,0.0,0.0,0.0,0.0,274.59,0,0.0,0.0,0.0,0.0
ETH_2013_115,0.0,0.0,0.0,0.0,0.0,0.0,0.0,0.0,0,0.0,0.0,0.0,0.0,0.0,0.0,0.0,0.0,0.0,0,0.0,0.0,0.0,0.0,0.0,0.0,0.0,0.0,0.0,0,0.0,0.0,0.0,0.0
ETH_2013_116,1.0,7622.29,172.76,0.0,0.0,0.0,0.0,0.0,0,0.0,0.0,1.0,0.0,0.0,0.0,0.0,0.0,0.0,0,0.0,0.0,7622.29,0.0,0.0,0.0,0.0,0.0,0.0,0,0.0,0.0,172.76,0.0
ETH_2013_117,1.0,2476.88,56.14,0.0,0.0,0.0,0.0,0.0,0,0.0,0.0,0.0,1.0,0.0,0.0,0.0,0.0,0.0,0,0.0,0.0,0.0,2476.88,0.0,0.0,0.0,0.0,0.0,0,0.0,0.0,0.0,56.14
ETH_2013_118,0.0,0.0,0.0,0.0,0.0,0.0,0.0,0.0,0,0.0,0.0,0.0,0.0,0.0,0.0,0.0,0.0,0.0,0,0.0,0.0,0.0,0.0,0.0,0.0,0.0,0.0,0.0,0,0.0,0.0,0.0,0.0
ETH_2013_119,4.0,12541.92,284.3,0.0,0.0,0.0,0.0,0.0,0,0.0,0.0,3.0,1.0,0.0,0.0,0.0,0.0,0.0,0,0.0,0.0,7869.75,4672.17,0.0,0.0,0.0,0.0,0.0,0,0.0,0.0,178.39,105.91
ETH_2013_12,0.0,0.0,0.0,0.0,0.0,0.0,0.0,0.0,0,0.0,0.0,0.0,0.0,0.0,0.0,0.0,0.0,0.0,0,0.0,0.0,0.0,0.0,0.0,0.0,0.0,0.0,0.0,0,0.0,0.0,0.0,0.0
ETH_2013_120,2.0,7727.92,175.18,0.0,0.0,0.0,0.0,2.0,0,0.0,0.0,0.0,0.0,0.0,0.0,0.0,0.0,7727.92,0,0.0,0.0,0.0,0.0,0.0,0.0,0.0,0.0,175.18,0,0.0,0.0,0.0,0.0
ETH_2013_121,0.0,0.0,0.0,0.0,0.0,0.0,0.0,0.0,0,0.0,0.0,0.0,0.0,0.0,0.0,0.0,0.0,0.0,0,0.0,0.0,0.0,0.0,0.0,0.0,0.0,0.0,0.0,0,0.0,0.0,0.0,0.0
ETH_2013_122,1.0,9343.04,211.83,0.0,0.0,0.0,0.0,1.0,0,0.0,0.0,0.0,0.0,0.0,0.0,0.0,0.0,9343.04,0,0.0,0.0,0.0,0.0,0.0,0.0,0.0,0.0,211.83,0,0.0,0.0,0.0,0.0
ETH_2013_123,0.0,0.0,0.0,0.0,0.0,0.0,0.0,0.0,0,0.0,0.0,0.0,0.0,0.0,0.0,0.0,0.0,0.0,0,0.0,0.0,0.0,0.0,0.0,0.0,0.0,0.0,0.0,0,0.0,0.0,0.0,0.0
ETH_2013_124,30.0,26622.23,603.77,0.0,26.0,0.0,0.0,2.0,0,0.0,0.0,0.0,1.0,0.0,10689.02,0.0,0.0,9972.16,0,0.0,0.0,0.0,3097.69,0.0,242.42,0.0,0.0,226.16,0,0.0,0.0,0.0,70.25
ETH_2013_125,3.0,7229.66,163.97,0.0,0.0,0.0,0.0,0.0,0,0.0,0.0,2.0,0.0,0.0,0.0,0.0,0.0,0.0,0,0.0,0.0,1450.56,0.0,0.0,0.0,0.0,0.0,0.0,0,0.0,0.0,32.9,0.0
ETH_2013_126,1.0,1982.29,44.97,0.0,0.0,0.0,0.0,0.0,0,0.0,0.0,1.0,0.0,0.0,0.0,0.0,0.0,0.0,0,0.0,0.0,1982.29,0.0,0.0,0.0,0.0,0.0,0.0,0,0.0,0.0,44.97,0.0
ETH_2013_127,4.0,17165.36,389.48,0.0,1.0,0.0,0.0,0.0,0,0.0,0.0,1.0,1.0,0.0,359.96,0.0,0.0,0.0,0,0.0,0.0,7470.36,4787.08,0.0,8.17,0.0,0.0,0.0,0,0.0,0.0,169.5,108.62
ETH_2013_128,1.0,424.23,9.63,0.0,0.0,0.0,0.0,1.0,0,0.0,0.0,0.0,0.0,0.0,0.0,0.0,0.0,424.23,0,0.0,0.0,0.0,0.0,0.0,0.0,0.0,0.0,9.63,0,0.0,0.0,0.0,0.0
ETH_2013_129,275.0,131186.26,2976.91,0.0,189.0,0.0,0.0,11.0,0,15.0,0.0,0.0,54.0,0.0,50945.41,0.0,0.0,16579.99,0,14891.35,0.0,0.0,44985.84,0.0,1156.07,0.0,0.0,376.24,0,337.92,0.0,0.0,1020.83
ETH_2013_13,1.0,7978.96,179.39,0.0,0.0,0.0,0.0,1.0,0,0.0,0.0,0.0,0.0,0.0,0.0,0.0,0.0,7978.96,0,0.0,0.0,0.0,0.0,0.0,0.0,0.0,0.0,179.39,0,0.0,0.0,0.0,0.0
ETH_2013_130,3.0,9766.02,221.61,0.0,0.0,0.0,0.0,1.0,0,0.0,0.0,0.0,0.0,0.0,0.0,0.0,0.0,7790.46,0,0.0,0.0,0.0,0.0,0.0,0.0,0.0,0.0,176.78,0,0.0,0.0,0.0,0.0
ETH_2013_131,5.0,23945.82,543.39,0.0,0.0,0.0,0.0,0.0,0,0.0,0.0,0.0,1.0,0.0,0.0,0.0,0.0,0.0,0,0.0,0.0,0.0,9108.42,0.0,0.0,0.0,0.0,0.0,0,0.0,0.0,0.0,206.69
ETH_2013_132,226.0,108918.94,2471.72,0.0,152.0,0.0,0.0,11.0,0,13.0,0.0,0.0,46.0,0.0,40963.93,0.0,0.0,13333.63,0,13758.06,0.0,0.0,32573.58,0.0,929.6,0.0,0.0,302.58,0,312.21,0.0,0.0,739.2
ETH_2013_133,1.0,5301.34,120.31,0.0,0.0,0.0,0.0,0.0,0,0.0,0.0,0.0,1.0,0.0,0.0,0.0,0.0,0.0,0,0.0,0.0,0.0,5301.34,0.0,0.0,0.0,0.0,0.0,0,0.0,0.0,0.0,120.31
ETH_2013_134,0.0,0.0,0.0,0.0,0.0,0.0,0.0,0.0,0,0.0,0.0,0.0,0.0,0.0,0.0,0.0,0.0,0.0,0,0.0,0.0,0.0,0.0,0.0,0.0,0.0,0.0,0.0,0,0.0,0.0,0.0,0.0
ETH_2013_135,3.0,7309.1,165.91,0.0,0.0,0.0,0.0,0.0,0,0.0,0.0,1.0,2.0,0.0,0.0,0.0,0.0,0.0,0,0.0,0.0,533.68,6775.42,0.0,0.0,0.0,0.0,0.0,0,0.0,0.0,12.11,153.79
ETH_2013_136,2.0,7705.59,174.95,0.0,0.0,0.0,0.0,0.0,0,0.0,0.0,0.0,1.0,0.0,0.0,0.0,0.0,0.0,0,0.0,0.0,0.0,6924.33,0.0,0.0,0.0,0.0,0.0,0,0.0,0.0,0.0,157.21
ETH_2013_137,2.0,6881.89,156.26,0.0,0.0,0.0,0.0,0.0,0,0.0,0.0,0.0,1.0,0.0,0.0,0.0,0.0,0.0,0,0.0,0.0,0.0,57.85,0.0,0.0,0.0,0.0,0.0,0,0.0,0.0,0.0,1.31
ETH_2013_138,3.0,13982.57,317.48,0.0,0.0,0.0,0.0,0.0,0,0.0,0.0,0.0,2.0,0.0,0.0,0.0,0.0,0.0,0,0.0,0.0,0.0,10288.95,0.0,0.0,0.0,0.0,0.0,0,0.0,0.0,0.0,233.62
ETH_2013_139,0.0,0.0,0.0,0.0,0.0,0.0,0.0,0.0,0,0.0,0.0,0.0,0.0,0.0,0.0,0.0,0.0,0.0,0,0.0,0.0,0.0,0.0,0.0,0.0,0.0,0.0,0.0,0,0.0,0.0,0.0,0.0
ETH_2013_14,0.0,0.0,0.0,0.0,0.0,0.0,0.0,0.0,0,0.0,0.0,0.0,0.0,0.0,0.0,0.0,0.0,0.0,0,0.0,0.0,0.0,0.0,0.0,0.0,0.0,0.0,0.0,0,0.0,0.0,0.0,0.0
ETH_2013_140,2.0,13117.97,297.9,0.0,0.0,0.0,0.0,0.0,0,0.0,0.0,1.0,1.0,0.0,0.0,0.0,0.0,0.0,0,0.0,0.0,6994.11,6123.85,0.0,0.0,0.0,0.0,0.0,0,0.0,0.0,158.83,139.07
ETH_2013_141,1.0,8817.45,200.24,0.0,0.0,0.0,0.0,0.0,0,0.0,0.0,0.0,1.0,0.0,0.0,0.0,0.0,0.0,0,0.0,0.0,0.0,8817.45,0.0,0.0,0.0,0.0,0.0,0,0.0,0.0,0.0,200.24
ETH_2013_142,1.0,4716.12,107.13,0.0,0.0,0.0,0.0,0.0,0,0.0,0.0,0.0,1.0,0.0,0.0,0.0,0.0,0.0,0,0.0,0.0,0.0,4716.12,0.0,0.0,0.0,0.0,0.0,0,0.0,0.0,0.0,107.13
ETH_2013_143,2.0,11272.4,256.06,0.0,0.0,0.0,0.0,0.0,0,0.0,0.0,1.0,1.0,0.0,0.0,0.0,0.0,0.0,0,0.0,0.0,2722.54,8549.86,0.0,0.0,0.0,0.0,0.0,0,0.0,0.0,61.84,194.22
ETH_2013_144,194.0,103689.07,2355.83,1.0,181.0,0.0,0.0,0.0,0,1.0,0.0,7.0,0.0,6660.42,81889.57,0.0,0.0,0.0,0,3242.13,0.0,7416.58,0.0,151.33,1860.54,0.0,0.0,0.0,0,73.66,0.0,168.51,0.0
ETH_2013_145,12.0,20332.37,462.05,0.0,5.0,0.0,0.0,0.0,0,0.0,0.0,0.0,2.0,0.0,1728.57,0.0,0.0,0.0,0,0.0,0.0,0.0,7627.63,0.0,39.28,0.0,0.0,0.0,0,0.0,0.0,0.0,173.34
ETH_2013_146,8.0,12721.67,289.11,0.0,4.0,0.0,3.0,0.0,0,0.0,0.0,0.0,1.0,0.0,2683.38,0.0,231.7,0.0,0,0.0,0.0,0.0,9806.6,0.0,60.98,0.0,5.27,0.0,0,0.0,0.0,0.0,222.86
ETH_2013_147,88.0,57617.85,1309.4,0.0,48.0,0.0,0.0,1.0,0,0.0,0.0,1.0,0.0,0.0,22612.51,0.0,0.0,7992.08,0,0.0,0.0,737.65,0.0,0.0,513.88,0.0,0.0,181.62,0,0.0,0.0,16.76,0.0
ETH_2013_148,1.0,3895.97,88.54,0.0,0.0,0.0,0.0,0.0,0,0.0,0.0,0.0,0.0,0.0,0.0,0.0,0.0,0.0,0,0.0,0.0,0.0,0.0,0.0,0.0,0.0,0.0,0.0,0,0.0,0.0,0.0,0.0
ETH_2013_149,1.0,6894.39,156.7,0.0,0.0,0.0,0.0,0.0,0,1.0,0.0,0.0,0.0,0.0,0.0,0.0,0.0,0.0,0,6894.39,0.0,0.0,0.0,0.0,0.0,0.0,0.0,0.0,0,156.7,0.0,0.0,0.0
ETH_2013_15,1.0,2390.47,53.78,0.0,0.0,0.0,0.0,0.0,0,0.0,0.0,0.0,0.0,0.0,0.0,0.0,0.0,0.0,0,0.0,0.0,0.0,0.0,0.0,0.0,0.0,0.0,0.0,0,0.0,0.0,0.0,0.0
ETH_2013_150,1.0,7664.02,174.25,0.0,0.0,0.0,0.0,1.0,0,0.0,0.0,0.0,0.0,0.0,0.0,0.0,0.0,7664.02,0,0.0,0.0,0.0,0.0,0.0,0.0,0.0,0.0,174.25,0,0.0,0.0,0.0,0.0
ETH_2013_151,4.0,4648.9,105.7,0.0,0.0,0.0,0.0,0.0,0,3.0,0.0,0.0,1.0,0.0,0.0,0.0,0.0,0.0,0,3122.26,0.0,0.0,1526.64,0.0,0.0,0.0,0.0,0.0,0,70.99,0.0,0.0,34.71
ETH_2013_152,2.0,3659.23,83.2,0.0,0.0,0.0,0.0,0.0,0,1.0,0.0,1.0,0.0,0.0,0.0,0.0,0.0,0.0,0,2924.63,0.0,734.6,0.0,0.0,0.0,0.0,0.0,0.0,0,66.5,0.0,16.7,0.0
ETH_2013_153,3.0,11244.77,255.68,0.0,1.0,0.0,0.0,0.0,0,0.0,0.0,2.0,0.0,0.0,8206.31,0.0,0.0,0.0,0,0.0,0.0,3038.46,0.0,0.0,186.59,0.0,0.0,0.0,0,0.0,0.0,69.09,0.0
ETH_2013_154,11.0,27431.15,623.74,0.0,5.0,0.0,0.0,0.0,0,1.0,0.0,3.0,1.0,0.0,2799.51,0.0,0.0,0.0,0,9260.24,0.0,9425.28,5738.89,0.0,63.66,0.0,0.0,0.0,0,210.56,0.0,214.32,130.49
ETH_2013_155,25.0,34932.09,794.37,1.0,7.0,0.0,0.0,0.0,0,0.0,0.0,8.0,0.0,7475.65,4677.48,0.0,0.0,0.0,0,0.0,0.0,14542.71,0.0,170.0,106.37,0.0,0.0,0.0,0,0.0,0.0,330.71,0.0
ETH_2013_156,1.0,1629.51,37.06,0.0,0.0,0.0,0.0,0.0,0,0.0,0.0,0.0,0.0,0.0,0.0,0.0,0.0,0.0,0,0.0,0.0,0.0,0.0,0.0,0.0,0.0,0.0,0.0,0,0.0,0.0,0.0,0.0
ETH_2013_157,208.0,92488.42,2103.3,0.0,198.0,0.0,0.0,1.0,0,1.0,0.0,1.0,1.0,0.0,64575.23,0.0,0.0,7785.67,0,1661.86,0.0,1271.7,4312.76,0.0,1468.52,0.0,0.0,177.06,0,37.79,0.0,28.92,98.08
ETH_2013_158,6.0,21145.99,480.92,0.0,0.0,0.0,0.0,0.0,0,0.0,0.0,1.0,3.0,0.0,0.0,0.0,0.0,0.0,0,0.0,0.0,4557.22,8071.36,0.0,0.0,0.0,0.0,0.0,0,0.0,0.0,103.64,183.57
ETH_2013_159,2.0,8380.53,190.6,0.0,0.0,0.0,0.0,1.0,0,0.0,0.0,0.0,1.0,0.0,0.0,0.0,0.0,6796.86,0,0.0,0.0,0.0,1583.66,0.0,0.0,0.0,0.0,154.58,0,0.0,0.0,0.0,36.02
ETH_2013_16,1.0,7329.81,164.93,0.0,0.0,0.0,0.0,0.0,0,0.0,0.0,0.0,0.0,0.0,0.0,0.0,0.0,0.0,0,0.0,0.0,0.0,0.0,0.0,0.0,0.0,0.0,0.0,0,0.0,0.0,0.0,0.0
ETH_2013_160,222.0,114313.87,2600.02,3.0,183.0,0.0,0.0,0.0,0,0.0,0.0,10.0,2.0,7921.88,75510.56,0.0,0.0,0.0,0,0.0,0.0,10528.3,4055.7,180.18,1717.45,0.0,0.0,0.0,0,0.0,0.0,239.46,92.24
ETH_2013_161,7.0,18053.68,410.66,0.0,0.0,0.0,0.0,0.0,0,0.0,0.0,6.0,1.0,0.0,0.0,0.0,0.0,0.0,0,0.0,0.0,13666.33,4387.36,0.0,0.0,0.0,0.0,0.0,0,0.0,0.0,310.86,99.8
ETH_2013_162,0.0,0.0,0.0,0.0,0.0,0.0,0.0,0.0,0,0.0,0.0,0.0,0.0,0.0,0.0,0.0,0.0,0.0,0,0.0,0.0,0.0,0.0,0.0,0.0,0.0,0.0,0.0,0,0.0,0.0,0.0,0.0
ETH_2013_163,3.0,8910.68,202.7,0.0,0.0,0.0,0.0,0.0,0,0.0,0.0,0.0,3.0,0.0,0.0,0.0,0.0,0.0,0,0.0,0.0,0.0,8910.68,0.0,0.0,0.0,0.0,0.0,0,0.0,0.0,0.0,202.7
ETH_2013_164,1.0,8449.92,192.23,0.0,0.0,0.0,0.0,0.0,0,1.0,0.0,0.0,0.0,0.0,0.0,0.0,0.0,0.0,0,8449.92,0.0,0.0,0.0,0.0,0.0,0.0,0.0,0.0,0,192.23,0.0,0.0,0.0
ETH_2013_165,0.0,0.0,0.0,0.0,0.0,0.0,0.0,0.0,0,0.0,0.0,0.0,0.0,0.0,0.0,0.0,0.0,0.0,0,0.0,0.0,0.0,0.0,0.0,0.0,0.0,0.0,0.0,0,0.0,0.0,0.0,0.0
ETH_2013_166,5.0,20738.06,471.81,0.0,0.0,0.0,0.0,0.0,0,0.0,0.0,2.0,2.0,0.0,0.0,0.0,0.0,0.0,0,0.0,0.0,3310.57,13242.23,0.0,0.0,0.0,0.0,0.0,0,0.0,0.0,75.32,301.27
ETH_2013_167,115.0,56144.96,1277.61,0.0,58.0,0.0,0.0,23.0,0,19.0,0.0,0.0,11.0,0.0,22653.6,0.0,0.0,11960.31,0,9893.23,0.0,0.0,9538.32,0.0,515.5,0.0,0.0,272.16,0,225.13,0.0,0.0,217.05
ETH_2013_168,115.0,58251.01,1325.54,0.0,58.0,0.0,0.0,23.0,0,19.0,0.0,0.0,11.0,0.0,22653.6,0.0,0.0,11952.08,0,10812.41,0.0,0.0,10474.39,0.0,515.5,0.0,0.0,271.98,0,246.04,0.0,0.0,238.35
ETH_2013_169,108.0,44984.0,1023.74,0.0,57.0,0.0,0.0,21.0,0,18.0,0.0,0.0,10.0,0.0,21964.59,0.0,0.0,9932.53,0,5284.92,0.0,0.0,6827.66,0.0,499.87,0.0,0.0,226.04,0,120.27,0.0,0.0,155.38
ETH_2013_17,0.0,0.0,0.0,0.0,0.0,0.0,0.0,0.0,0,0.0,0.0,0.0,0.0,0.0,0.0,0.0,0.0,0.0,0,0.0,0.0,0.0,0.0,0.0,0.0,0.0,0.0,0.0,0,0.0,0.0,0.0,0.0
ETH_2013_170,0.0,0.0,0.0,0.0,0.0,0.0,0.0,0.0,0,0.0,0.0,0.0,0.0,0.0,0.0,0.0,0.0,0.0,0,0.0,0.0,0.0,0.0,0.0,0.0,0.0,0.0,0.0,0,0.0,0.0,0.0,0.0
ETH_2013_171,1.0,6272.85,142.83,0.0,0.0,0.0,0.0,0.0,0,1.0,0.0,0.0,0.0,0.0,0.0,0.0,0.0,0.0,0,6272.85,0.0,0.0,0.0,0.0,0.0,0.0,0.0,0.0,0,142.83,0.0,0.0,0.0
ETH_2013_172,1.0,7357.84,167.55,0.0,0.0,0.0,0.0,0.0,0,1.0,0.0,0.0,0.0,0.0,0.0,0.0,0.0,0.0,0,7357.84,0.0,0.0,0.0,0.0,0.0,0.0,0.0,0.0,0,167.55,0.0,0.0,0.0
ETH_2013_173,0.0,0.0,0.0,0.0,0.0,0.0,0.0,0.0,0,0.0,0.0,0.0,0.0,0.0,0.0,0.0,0.0,0.0,0,0.0,0.0,0.0,0.0,0.0,0.0,0.0,0.0,0.0,0,0.0,0.0,0.0,0.0
ETH_2013_174,0.0,0.0,0.0,0.0,0.0,0.0,0.0,0.0,0,0.0,0.0,0.0,0.0,0.0,0.0,0.0,0.0,0.0,0,0.0,0.0,0.0,0.0,0.0,0.0,0.0,0.0,0.0,0,0.0,0.0,0.0,0.0
ETH_2013_175,0.0,0.0,0.0,0.0,0.0,0.0,0.0,0.0,0,0.0,0.0,0.0,0.0,0.0,0.0,0.0,0.0,0.0,0,0.0,0.0,0.0,0.0,0.0,0.0,0.0,0.0,0.0,0,0.0,0.0,0.0,0.0
ETH_2013_176,114.0,65983.48,1503.07,0.0,101.0,0.0,0.0,0.0,0,8.0,0.0,1.0,3.0,0.0,35934.59,0.0,0.0,0.0,0,12847.9,0.0,3086.78,12049.66,0.0,818.57,0.0,0.0,0.0,0,292.67,0.0,70.32,274.49
ETH_2013_177,0.0,0.0,0.0,0.0,0.0,0.0,0.0,0.0,0,0.0,0.0,0.0,0.0,0.0,0.0,0.0,0.0,0.0,0,0.0,0.0,0.0,0.0,0.0,0.0,0.0,0.0,0.0,0,0.0,0.0,0.0,0.0
ETH_2013_178,6.0,18737.16,426.85,0.0,0.0,0.0,0.0,0.0,0,0.0,0.0,2.0,2.0,0.0,0.0,0.0,0.0,0.0,0,0.0,0.0,3721.64,13752.21,0.0,0.0,0.0,0.0,0.0,0,0.0,0.0,84.78,313.29
ETH_2013_179,261.0,163955.46,3736.03,14.0,196.0,0.0,0.0,5.0,0,6.0,0.0,9.0,28.0,12183.12,94636.28,0.0,0.0,8837.88,0,10651.77,0.0,8474.52,28030.89,277.62,2156.47,0.0,0.0,201.39,0,242.72,0.0,193.11,638.74
ETH_2013_18,2.0,9643.22,217.02,0.0,0.0,0.0,0.0,0.0,0,0.0,0.0,1.0,0.0,0.0,0.0,0.0,0.0,0.0,0,0.0,0.0,2768.62,0.0,0.0,0.0,0.0,0.0,0.0,0,0.0,0.0,62.31,0.0
ETH_2013_180,378.0,227412.16,5182.44,18.0,303.0,0.0,0.0,5.0,0,8.0,0.0,2.0,39.0,13662.88,138273.41,0.0,0.0,6893.11,0,14487.51,0.0,1905.61,51048.63,311.36,3151.08,0.0,0.0,157.09,0,330.15,0.0,43.43,1163.34
ETH_2013_181,288.0,172145.3,3923.11,12.0,227.0,0.0,0.0,5.0,0,8.0,0.0,0.0,35.0,11364.9,105044.9,0.0,0.0,5840.86,0,11961.87,0.0,0.0,37603.69,259.0,2393.92,0.0,0.0,133.11,0,272.61,0.0,0.0,856.97
ETH_2013_182,386.0,232778.63,5304.94,18.0,308.0,0.0,0.0,5.0,0,8.0,0.0,5.0,39.0,13680.39,141139.46,0.0,0.0,5993.87,0,16245.86,0.0,3647.75,50930.29,311.77,3216.51,0.0,0.0,136.6,0,370.24,0.0,83.13,1160.68
ETH_2013_183,389.0,224652.34,5120.02,18.0,313.0,0.0,0.0,4.0,0,8.0,0.0,1.0,39.0,13658.17,141219.42,0.0,0.0,4571.92,0,14832.16,0.0,313.74,48087.55,311.28,3218.51,0.0,0.0,104.2,0,338.04,0.0,7.15,1095.96
ETH_2013_184,16.0,27889.61,635.7,0.0,1.0,0.0,0.0,0.0,0,3.0,0.0,7.0,2.0,0.0,79.52,0.0,0.0,0.0,0,8667.15,0.0,8212.31,8785.39,0.0,1.81,0.0,0.0,0.0,0,197.55,0.0,187.19,200.25
ETH_2013_185,1.0,5698.0,129.9,0.0,0.0,0.0,0.0,1.0,0,0.0,0.0,0.0,0.0,0.0,0.0,0.0,0.0,5698.0,0,0.0,0.0,0.0,0.0,0.0,0.0,0.0,0.0,129.9,0,0.0,0.0,0.0,0.0
ETH_2013_186,2.0,6828.11,155.69,0.0,0.0,0.0,0.0,2.0,0,0.0,0.0,0.0,0.0,0.0,0.0,0.0,0.0,6828.11,0,0.0,0.0,0.0,0.0,0.0,0.0,0.0,0.0,155.69,0,0.0,0.0,0.0,0.0
ETH_2013_187,0.0,0.0,0.0,0.0,0.0,0.0,0.0,0.0,0,0.0,0.0,0.0,0.0,0.0,0.0,0.0,0.0,0.0,0,0.0,0.0,0.0,0.0,0.0,0.0,0.0,0.0,0.0,0,0.0,0.0,0.0,0.0
ETH_2013_188,6.0,19350.75,441.25,0.0,0.0,0.0,0.0,0.0,0,0.0,0.0,4.0,0.0,0.0,0.0,0.0,0.0,0.0,0,0.0,0.0,13978.69,0.0,0.0,0.0,0.0,0.0,0.0,0,0.0,0.0,318.75,0.0
ETH_2013_189,0.0,0.0,0.0,0.0,0.0,0.0,0.0,0.0,0,0.0,0.0,0.0,0.0,0.0,0.0,0.0,0.0,0.0,0,0.0,0.0,0.0,0.0,0.0,0.0,0.0,0.0,0.0,0,0.0,0.0,0.0,0.0
ETH_2013_19,1.0,6486.84,146.01,0.0,0.0,0.0,0.0,0.0,0,0.0,0.0,0.0,0.0,0.0,0.0,0.0,0.0,0.0,0,0.0,0.0,0.0,0.0,0.0,0.0,0.0,0.0,0.0,0,0.0,0.0,0.0,0.0
ETH_2013_190,3.0,12390.25,282.55,0.0,0.0,0.0,0.0,0.0,0,2.0,0.0,0.0,1.0,0.0,0.0,0.0,0.0,0.0,0,6823.2,0.0,0.0,5567.05,0.0,0.0,0.0,0.0,0.0,0,155.6,0.0,0.0,126.95
ETH_2013_191,4.0,8483.84,193.49,0.0,0.0,0.0,0.0,0.0,0,0.0,0.0,3.0,0.0,0.0,0.0,0.0,0.0,0.0,0,0.0,0.0,6136.73,0.0,0.0,0.0,0.0,0.0,0.0,0,0.0,0.0,139.96,0.0
ETH_2013_192,8.0,18779.06,428.37,0.0,0.0,0.0,0.0,0.0,0,1.0,0.0,6.0,0.0,0.0,0.0,0.0,0.0,0.0,0,5445.54,0.0,13213.85,0.0,0.0,0.0,0.0,0.0,0.0,0,124.22,0.0,301.42,0.0
ETH_2013_193,8.0,10194.3,232.55,0.0,1.0,0.0,0.0,1.0,0,0.0,0.0,6.0,0.0,0.0,459.37,0.0,0.0,6769.45,0,0.0,0.0,2965.49,0.0,0.0,10.48,0.0,0.0,154.42,0,0.0,0.0,67.65,0.0
ETH_2013_194,4.0,12309.33,280.81,0.0,0.0,0.0,0.0,0.0,0,0.0,0.0,3.0,0.0,0.0,0.0,0.0,0.0,0.0,0,0.0,0.0,3947.05,0.0,0.0,0.0,0.0,0.0,0.0,0,0.0,0.0,90.04,0.0
ETH_2013_195,5.0,18483.24,421.67,0.0,3.0,0.0,0.0,0.0,0,1.0,0.0,0.0,0.0,0.0,1804.67,0.0,0.0,0.0,0,13119.21,0.0,0.0,0.0,0.0,41.17,0.0,0.0,0.0,0,299.3,0.0,0.0,0.0
ETH_2013_196,0.0,0.0,0.0,0.0,0.0,0.0,0.0,0.0,0,0.0,0.0,0.0,0.0,0.0,0.0,0.0,0.0,0.0,0,0.0,0.0,0.0,0.0,0.0,0.0,0.0,0.0,0.0,0,0.0,0.0,0.0,0.0
ETH_2013_197,102.0,31451.27,717.82,0.0,0.0,0.0,0.0,1.0,0,0.0,0.0,1.0,5.0,0.0,0.0,0.0,0.0,7045.69,0,0.0,0.0,2045.48,798.26,0.0,0.0,0.0,0.0,160.81,0,0.0,0.0,46.68,18.22
ETH_2013_198,4.0,17984.79,410.51,0.0,0.0,0.0,0.0,0.0,0,1.0,0.0,3.0,0.0,0.0,0.0,0.0,0.0,0.0,0,5737.14,0.0,12247.66,0.0,0.0,0.0,0.0,0.0,0.0,0,130.95,0.0,279.56,0.0
ETH_2013_199,1.0,7549.66,172.33,0.0,0.0,0.0,0.0,0.0,0,0.0,0.0,0.0,0.0,0.0,0.0,0.0,0.0,0.0,0,0.0,0.0,0.0,0.0,0.0,0.0,0.0,0.0,0.0,0,0.0,0.0,0.0,0.0
ETH_2013_2,2.0,6577.57,147.3,0.0,0.0,0.0,0.0,0.0,0,0.0,0.0,0.0,2.0,0.0,0.0,0.0,0.0,0.0,0,0.0,0.0,0.0,6577.57,0.0,0.0,0.0,0.0,0.0,0,0.0,0.0,0.0,147.3
ETH_2013_20,1.0,6417.24,144.44,0.0,0.0,0.0,0.0,0.0,0,0.0,0.0,0.0,0.0,0.0,0.0,0.0,0.0,0.0,0,0.0,0.0,0.0,0.0,0.0,0.0,0.0,0.0,0.0,0,0.0,0.0,0.0,0.0
ETH_2013_200,985.0,298527.96,6815.62,13.0,854.0,81.0,9.0,4.0,0,2.0,0.0,9.0,5.0,11581.73,256221.08,2891.25,2111.9,6054.32,0,194.72,0.0,10153.17,6758.79,264.42,5849.73,66.01,48.22,138.22,0,4.45,0.0,231.8,154.31
ETH_2013_201,4.0,19566.25,446.73,0.0,0.0,0.0,0.0,0.0,0,2.0,0.0,0.0,1.0,0.0,0.0,0.0,0.0,0.0,0,7070.35,0.0,0.0,6543.49,0.0,0.0,0.0,0.0,0.0,0,161.43,0.0,0.0,149.4
ETH_2013_202,1.0,2592.8,59.2,0.0,0.0,0.0,0.0,0.0,0,0.0,0.0,0.0,1.0,0.0,0.0,0.0,0.0,0.0,0,0.0,0.0,0.0,2592.8,0.0,0.0,0.0,0.0,0.0,0,0.0,0.0,0.0,59.2
ETH_2013_203,325.0,138088.4,3153.5,0.0,241.0,0.0,0.0,7.0,0,1.0,0.0,11.0,0.0,0.0,72812.54,0.0,0.0,15572.43,0,4117.73,0.0,9940.1,0.0,0.0,1662.81,0.0,0.0,355.62,0,94.04,0.0,227.0,0.0
ETH_2013_204,1.0,871.47,19.9,0.0,0.0,0.0,0.0,0.0,0,1.0,0.0,0.0,0.0,0.0,0.0,0.0,0.0,0.0,0,871.47,0.0,0.0,0.0,0.0,0.0,0.0,0.0,0.0,0,19.9,0.0,0.0,0.0
ETH_2013_205,1578.0,391549.64,8942.83,46.0,1218.0,0.0,88.0,60.0,0,26.0,2.0,9.0,22.0,33609.95,248665.4,0.0,25442.85,29071.11,0,11372.71,737.48,4023.38,18667.5,767.64,5679.41,0.0,581.1,663.97,0,259.75,16.84,91.89,426.36
ETH_2013_206,2291.0,566062.66,12928.87,68.0,1847.0,0.0,81.0,93.0,0,38.0,2.0,4.0,40.0,52146.27,373259.81,0.0,22018.46,48293.49,0,14689.69,737.48,717.48,31903.31,1191.02,8525.25,0.0,502.9,1103.02,0,335.51,16.84,16.39,728.67
ETH_2013_207,2665.0,635533.69,14515.61,71.0,2187.0,18.0,67.0,104.0,0,50.0,2.0,10.0,46.0,52488.24,432666.27,1450.21,13374.84,55590.02,0,21129.0,737.48,4756.02,32826.26,1198.83,9882.11,33.12,305.48,1269.68,0,482.59,16.84,108.63,749.75
ETH_2013_208,2431.0,583866.8,13335.98,46.0,2087.0,34.0,30.0,88.0,0,26.0,0.0,8.0,44.0,39761.54,423561.6,3217.03,4897.38,52118.26,0,13260.68,0.0,4767.13,26596.2,908.18,9674.48,73.48,111.86,1190.42,0,302.88,0.0,108.88,607.48
ETH_2013_209,14.0,12072.24,275.75,0.0,4.0,0.0,0.0,0.0,0,0.0,0.0,4.0,0.0,0.0,1163.35,0.0,0.0,0.0,0,0.0,0.0,6585.33,0.0,0.0,26.57,0.0,0.0,0.0,0,0.0,0.0,150.42,0.0
ETH_2013_21,1.0,8167.54,183.9,0.0,0.0,0.0,0.0,0.0,0,0.0,0.0,0.0,0.0,0.0,0.0,0.0,0.0,0.0,0,0.0,0.0,0.0,0.0,0.0,0.0,0.0,0.0,0.0,0,0.0,0.0,0.0,0.0
ETH_2013_210,2594.0,645138.94,14736.84,30.0,2394.0,34.0,17.0,47.0,0,12.0,0.0,0.0,16.0,28938.88,530349.76,3217.03,3378.42,42082.74,0,11813.95,0.0,0.0,9628.56,661.05,12114.72,73.49,77.17,961.29,0,269.86,0.0,0.0,219.94
ETH_2013_211,0.0,0.0,0.0,0.0,0.0,0.0,0.0,0.0,0,0.0,0.0,0.0,0.0,0.0,0.0,0.0,0.0,0.0,0,0.0,0.0,0.0,0.0,0.0,0.0,0.0,0.0,0.0,0,0.0,0.0,0.0,0.0
ETH_2013_212,2882.0,664225.77,15173.6,49.0,1882.0,2.0,182.0,256.0,0,105.0,2.0,17.0,112.0,30408.32,360789.19,81.14,34593.98,113917.44,0,28972.47,737.48,1921.78,54506.14,694.65,8241.88,1.85,790.27,2602.34,0,661.85,16.85,43.9,1245.14
ETH_2013_213,2.0,5219.72,119.25,0.0,0.0,0.0,0.0,0.0,0,0.0,0.0,1.0,0.0,0.0,0.0,0.0,0.0,0.0,0,0.0,0.0,2256.17,0.0,0.0,0.0,0.0,0.0,0.0,0,0.0,0.0,51.54,0.0
ETH_2013_214,0.0,0.0,0.0,0.0,0.0,0.0,0.0,0.0,0,0.0,0.0,0.0,0.0,0.0,0.0,0.0,0.0,0.0,0,0.0,0.0,0.0,0.0,0.0,0.0,0.0,0.0,0.0,0,0.0,0.0,0.0,0.0
ETH_2013_215,3061.0,748675.08,17104.97,21.0,2098.0,2.0,107.0,285.0,0,142.0,0.0,9.0,139.0,25023.11,427439.72,81.14,16496.27,140382.88,0,48486.29,0.0,1218.12,60432.77,571.7,9765.71,1.85,376.89,3207.33,0,1107.77,0.0,27.83,1380.71
ETH_2013_216,2596.0,635267.67,14514.08,31.0,2233.0,0.0,60.0,88.0,0,25.0,0.0,2.0,64.0,16400.18,464718.17,0.0,8801.79,73469.68,0,13060.21,0.0,641.19,41087.39,374.7,10617.5,0.0,201.1,1678.58,0,298.39,0.0,14.65,938.73
ETH_2013_217,1.0,3876.97,88.58,0.0,0.0,0.0,0.0,0.0,0,0.0,0.0,0.0,0.0,0.0,0.0,0.0,0.0,0.0,0,0.0,0.0,0.0,0.0,0.0,0.0,0.0,0.0,0.0,0,0.0,0.0,0.0,0.0
ETH_2013_218,2774.0,629701.7,14387.19,26.0,2041.0,2.0,117.0,199.0,0,99.0,0.0,7.0,98.0,14341.58,381834.53,81.14,16604.32,106947.95,0,35236.58,0.0,1358.84,47412.87,327.67,8724.01,1.85,379.37,2443.51,0,805.07,0.0,31.05,1083.27
ETH_2013_219,2994.0,747189.59,17071.63,21.0,2184.0,2.0,70.0,253.0,0,102.0,0.0,8.0,133.0,27744.75,451652.4,81.14,9680.74,127554.15,0,40887.33,0.0,1193.39,60303.79,633.91,10319.26,1.85,221.18,2914.33,0,934.19,0.0,27.27,1377.81
ETH_2013_22,1.0,5151.45,116.03,0.0,0.0,0.0,0.0,0.0,0,0.0,0.0,0.0,0.0,0.0,0.0,0.0,0.0,0.0,0,0.0,0.0,0.0,0.0,0.0,0.0,0.0,0.0,0.0,0,0.0,0.0,0.0,0.0
ETH_2013_220,3.0,16266.66,371.66,0.0,0.0,0.0,0.0,0.0,0,1.0,0.0,2.0,0.0,0.0,0.0,0.0,0.0,0.0,0,7888.67,0.0,8377.99,0.0,0.0,0.0,0.0,0.0,0.0,0,180.24,0.0,191.42,0.0
ETH_2013_221,2650.0,602253.95,13760.42,22.0,1896.0,2.0,111.0,207.0,0,119.0,0.0,6.0,109.0,12386.83,344267.12,81.14,16639.21,107718.21,0,43808.53,0.0,1361.65,47876.19,283.02,7865.88,1.85,380.18,2461.17,0,1000.95,0.0,31.11,1093.88
ETH_2013_222,1.0,7973.19,182.18,0.0,0.0,0.0,0.0,1.0,0,0.0,0.0,0.0,0.0,0.0,0.0,0.0,0.0,7973.19,0,0.0,0.0,0.0,0.0,0.0,0.0,0.0,0.0,182.18,0,0.0,0.0,0.0,0.0
ETH_2013_223,1447.0,420056.73,9598.09,0.0,1341.0,0.0,3.0,31.0,0,4.0,10.0,4.0,36.0,0.0,332893.44,0.0,859.44,46791.03,0,1258.2,805.38,1058.41,30974.71,0.0,7606.45,0.0,19.64,1069.15,0,28.75,18.4,24.18,707.76
ETH_2013_224,3036.0,740780.35,16926.79,38.0,2244.0,2.0,78.0,230.0,0,108.0,0.0,2.0,126.0,32085.96,442932.35,81.14,13020.17,110562.3,0,48736.49,0.0,1915.58,61410.11,733.16,10120.98,1.85,297.51,2526.34,0,1113.63,0.0,43.77,1403.22
ETH_2013_225,1.0,2626.3,60.01,0.0,0.0,0.0,0.0,1.0,0,0.0,0.0,0.0,0.0,0.0,0.0,0.0,0.0,2626.3,0,0.0,0.0,0.0,0.0,0.0,0.0,0.0,0.0,60.01,0,0.0,0.0,0.0,0.0
ETH_2013_226,1314.0,342988.04,7837.56,4.0,1214.0,0.0,1.0,14.0,0,17.0,0.0,16.0,28.0,4774.9,259416.23,0.0,106.12,27374.01,0,10366.07,0.0,15618.09,16861.18,109.11,5927.88,0.0,2.42,625.52,0,236.87,0.0,356.89,385.29
ETH_2013_227,2658.0,654132.08,14947.71,32.0,2263.0,0.0,7.0,80.0,0,39.0,0.0,14.0,76.0,32081.06,463120.73,0.0,1165.65,51047.56,0,22447.79,0.0,9845.93,43556.25,733.09,10582.87,0.0,26.64,1166.5,0,512.96,0.0,224.99,995.31
ETH_2013_228,2530.0,634118.13,14490.8,32.0,2030.0,0.0,27.0,117.0,0,51.0,0.0,11.0,97.0,30954.13,409351.29,0.0,4615.56,64607.45,0,29733.22,0.0,7173.49,53583.63,707.36,9354.45,0.0,105.47,1476.4,0,679.46,0.0,163.93,1224.49
ETH_2013_229,29.0,34204.22,781.64,0.0,11.0,0.0,0.0,3.0,0,0.0,0.0,6.0,0.0,0.0,6904.9,0.0,0.0,10768.31,0,0.0,0.0,10749.23,0.0,0.0,157.79,0.0,0.0,246.08,0,0.0,0.0,245.64,0.0
ETH_2013_23,47.0,24395.76,549.5,0.0,44.0,0.0,0.0,0.0,0,0.0,0.0,0.0,1.0,0.0,15482.05,0.0,0.0,0.0,0,0.0,0.0,0.0,4634.82,0.0,348.73,0.0,0.0,0.0,0,0.0,0.0,0.0,104.4
ETH_2013_230,832.0,226438.98,5174.79,0.0,660.0,0.0,16.0,25.0,0,30.0,0.0,11.0,35.0,0.0,128781.5,0.0,3252.74,17592.78,0,17627.64,0.0,6626.33,24648.69,0.0,2943.03,0.0,74.33,402.05,0,402.84,0.0,151.43,563.29
ETH_2013_231,2.0,5372.21,122.77,0.0,1.0,0.0,0.0,0.0,0,0.0,0.0,1.0,0.0,0.0,212.32,0.0,0.0,0.0,0,0.0,0.0,5159.89,0.0,0.0,4.85,0.0,0.0,0.0,0,0.0,0.0,117.92,0.0
ETH_2013_232,233.0,79243.18,1810.99,0.0,5.0,0.0,0.0,3.0,0,1.0,0.0,1.0,3.0,0.0,594.5,0.0,0.0,7955.51,0,4851.43,0.0,2463.3,7292.68,0.0,13.59,0.0,0.0,181.81,0,110.87,0.0,56.3,166.66
ETH_2013_233,0.0,0.0,0.0,0.0,0.0,0.0,0.0,0.0,0,0.0,0.0,0.0,0.0,0.0,0.0,0.0,0.0,0.0,0,0.0,0.0,0.0,0.0,0.0,0.0,0.0,0.0,0.0,0,0.0,0.0,0.0,0.0
ETH_2013_234,1561.0,419265.6,9582.02,28.0,1281.0,0.0,9.0,31.0,0,28.0,0.0,27.0,41.0,26268.34,242434.9,0.0,1362.12,20085.79,0,16809.35,0.0,26619.15,27905.25,600.34,5540.68,0.0,31.13,459.05,0,384.17,0.0,608.36,637.75
ETH_2013_235,1.0,3876.24,88.59,0.0,0.0,0.0,0.0,0.0,0,1.0,0.0,0.0,0.0,0.0,0.0,0.0,0.0,0.0,0,3876.24,0.0,0.0,0.0,0.0,0.0,0.0,0.0,0.0,0,88.59,0.0,0.0,0.0
ETH_2013_236,3.0,11829.01,270.38,0.0,0.0,0.0,0.0,2.0,0,1.0,0.0,0.0,0.0,0.0,0.0,0.0,0.0,5479.01,0,6350.0,0.0,0.0,0.0,0.0,0.0,0.0,0.0,125.24,0,145.14,0.0,0.0,0.0
ETH_2013_237,5.0,14457.69,330.5,0.0,0.0,0.0,0.0,3.0,0,2.0,0.0,0.0,0.0,0.0,0.0,0.0,0.0,8422.96,0,6034.73,0.0,0.0,0.0,0.0,0.0,0.0,0.0,192.54,0,137.95,0.0,0.0,0.0
ETH_2013_238,3.0,14497.91,331.48,0.0,0.0,0.0,0.0,0.0,0,1.0,0.0,0.0,1.0,0.0,0.0,0.0,0.0,0.0,0,4550.58,0.0,0.0,3248.21,0.0,0.0,0.0,0.0,0.0,0,104.05,0.0,0.0,74.27
ETH_2013_239,3.0,9416.71,215.31,0.0,0.0,0.0,0.0,0.0,0,0.0,0.0,0.0,2.0,0.0,0.0,0.0,0.0,0.0,0,0.0,0.0,0.0,9005.67,0.0,0.0,0.0,0.0,0.0,0,0.0,0.0,0.0,205.91
ETH_2013_24,4.0,14242.73,320.87,0.0,0.0,0.0,0.0,0.0,0,0.0,0.0,0.0,1.0,0.0,0.0,0.0,0.0,0.0,0,0.0,0.0,0.0,2854.03,0.0,0.0,0.0,0.0,0.0,0,0.0,0.0,0.0,64.3
ETH_2013_240,83.0,57200.11,1307.93,0.0,47.0,0.0,0.0,1.0,0,2.0,1.0,3.0,4.0,0.0,9541.81,0.0,0.0,10951.11,0,7950.93,557.64,5460.54,2606.06,0.0,218.18,0.0,0.0,250.41,0,181.81,12.75,124.86,59.59
ETH_2013_241,1.0,627.1,14.34,0.0,0.0,0.0,0.0,0.0,0,0.0,0.0,0.0,0.0,0.0,0.0,0.0,0.0,0.0,0,0.0,0.0,0.0,0.0,0.0,0.0,0.0,0.0,0.0,0,0.0,0.0,0.0,0.0
ETH_2013_242,2.0,9511.96,217.57,0.0,0.0,0.0,0.0,1.0,0,0.0,0.0,0.0,0.0,0.0,0.0,0.0,0.0,7041.97,0,0.0,0.0,0.0,0.0,0.0,0.0,0.0,0.0,161.07,0,0.0,0.0,0.0,0.0
ETH_2013_243,2.0,8096.32,185.21,0.0,0.0,0.0,0.0,1.0,0,0.0,0.0,0.0,0.0,0.0,0.0,0.0,0.0,2080.36,0,0.0,0.0,0.0,0.0,0.0,0.0,0.0,0.0,47.59,0,0.0,0.0,0.0,0.0
ETH_2013_244,6.0,14198.83,324.82,0.0,0.0,0.0,0.0,2.0,0,0.0,0.0,1.0,1.0,0.0,0.0,0.0,0.0,8132.42,0,0.0,0.0,736.76,1093.04,0.0,0.0,0.0,0.0,186.04,0,0.0,0.0,16.85,25.0
ETH_2013_245,1.0,7349.73,168.14,0.0,0.0,0.0,0.0,0.0,0,0.0,0.0,1.0,0.0,0.0,0.0,0.0,0.0,0.0,0,0.0,0.0,7349.73,0.0,0.0,0.0,0.0,0.0,0.0,0,0.0,0.0,168.14,0.0
ETH_2013_246,8.0,24090.42,551.16,0.0,0.0,0.0,0.0,1.0,0,0.0,0.0,3.0,2.0,0.0,0.0,0.0,0.0,7107.55,0,0.0,0.0,3836.99,10998.16,0.0,0.0,0.0,0.0,162.61,0,0.0,0.0,87.79,251.62
ETH_2013_247,79.0,53298.29,1219.46,0.0,51.0,0.0,0.0,1.0,0,3.0,0.0,4.0,4.0,0.0,16170.94,0.0,0.0,5516.02,0,4389.03,0.0,6879.08,16577.72,0.0,369.99,0.0,0.0,126.21,0,100.42,0.0,157.39,379.3
ETH_2013_248,1.0,1064.16,24.35,0.0,0.0,0.0,0.0,1.0,0,0.0,0.0,0.0,0.0,0.0,0.0,0.0,0.0,1064.16,0,0.0,0.0,0.0,0.0,0.0,0.0,0.0,0.0,24.35,0,0.0,0.0,0.0,0.0
ETH_2013_249,7.0,16626.78,380.5,0.0,0.0,0.0,0.0,1.0,0,0.0,0.0,3.0,2.0,0.0,0.0,0.0,0.0,1210.0,0,0.0,0.0,4563.19,9200.43,0.0,0.0,0.0,0.0,27.69,0,0.0,0.0,104.43,210.55
ETH_2013_25,0.0,0.0,0.0,0.0,0.0,0.0,0.0,0.0,0,0.0,0.0,0.0,0.0,0.0,0.0,0.0,0.0,0.0,0,0.0,0.0,0.0,0.0,0.0,0.0,0.0,0.0,0.0,0,0.0,0.0,0.0,0.0
ETH_2013_250,0.0,0.0,0.0,0.0,0.0,0.0,0.0,0.0,0,0.0,0.0,0.0,0.0,0.0,0.0,0.0,0.0,0.0,0,0.0,0.0,0.0,0.0,0.0,0.0,0.0,0.0,0.0,0,0.0,0.0,0.0,0.0
ETH_2013_251,535.0,150275.81,3439.11,0.0,453.0,0.0,0.0,13.0,0,11.0,0.0,4.0,32.0,0.0,83571.35,0.0,0.0,8768.3,0,13967.91,0.0,10070.62,30890.07,0.0,1912.56,0.0,0.0,200.67,0,319.66,0.0,230.47,706.93
ETH_2013_252,0.0,0.0,0.0,0.0,0.0,0.0,0.0,0.0,0,0.0,0.0,0.0,0.0,0.0,0.0,0.0,0.0,0.0,0,0.0,0.0,0.0,0.0,0.0,0.0,0.0,0.0,0.0,0,0.0,0.0,0.0,0.0
ETH_2013_253,2.0,4033.32,92.31,0.0,0.0,0.0,0.0,0.0,0,0.0,0.0,0.0,1.0,0.0,0.0,0.0,0.0,0.0,0,0.0,0.0,0.0,1820.67,0.0,0.0,0.0,0.0,0.0,0,0.0,0.0,0.0,41.67
ETH_2013_254,3.0,14073.46,322.12,0.0,0.0,0.0,0.0,0.0,0,0.0,0.0,0.0,2.0,0.0,0.0,0.0,0.0,0.0,0,0.0,0.0,0.0,10131.96,0.0,0.0,0.0,0.0,0.0,0,0.0,0.0,0.0,231.9
ETH_2013_255,112.0,50302.58,1151.34,0.0,100.0,0.0,0.0,3.0,0,5.0,0.0,0.0,4.0,0.0,27987.19,0.0,0.0,8846.5,0,11808.33,0.0,0.0,1660.56,0.0,640.58,0.0,0.0,202.48,0,270.27,0.0,0.0,38.01
ETH_2013_256,263.0,95763.96,2191.87,0.0,227.0,0.0,0.0,15.0,0,8.0,0.0,0.0,12.0,0.0,56129.16,0.0,0.0,10285.75,0,17226.79,0.0,0.0,12028.85,0.0,1284.7,0.0,0.0,235.42,0,394.29,0.0,0.0,275.32
ETH_2013_257,0.0,0.0,0.0,0.0,0.0,0.0,0.0,0.0,0,0.0,0.0,0.0,0.0,0.0,0.0,0.0,0.0,0.0,0,0.0,0.0,0.0,0.0,0.0,0.0,0.0,0.0,0.0,0,0.0,0.0,0.0,0.0
ETH_2013_258,15.0,23235.29,531.88,0.0,3.0,0.0,0.0,1.0,0,0.0,0.0,1.0,1.0,0.0,1940.78,0.0,0.0,4285.1,0,0.0,0.0,1735.99,2658.03,0.0,44.43,0.0,0.0,98.09,0,0.0,0.0,39.74,60.84
ETH_2013_259,4.0,17931.69,410.48,0.0,0.0,0.0,0.0,1.0,0,2.0,0.0,0.0,1.0,0.0,0.0,0.0,0.0,3618.68,0,12625.45,0.0,0.0,1687.56,0.0,0.0,0.0,0.0,82.84,0,289.01,0.0,0.0,38.63
ETH_2013_26,0.0,0.0,0.0,0.0,0.0,0.0,0.0,0.0,0,0.0,0.0,0.0,0.0,0.0,0.0,0.0,0.0,0.0,0,0.0,0.0,0.0,0.0,0.0,0.0,0.0,0.0,0.0,0,0.0,0.0,0.0,0.0
ETH_2013_260,3.0,9277.46,212.38,0.0,0.0,0.0,0.0,0.0,0,0.0,0.0,3.0,0.0,0.0,0.0,0.0,0.0,0.0,0,0.0,0.0,9277.46,0.0,0.0,0.0,0.0,0.0,0.0,0,0.0,0.0,212.38,0.0
ETH_2013_261,59.0,66487.78,1522.05,0.0,19.0,0.0,0.0,11.0,0,11.0,0.0,1.0,15.0,0.0,10065.25,0.0,0.0,12428.66,0,19953.02,0.0,3425.32,20466.6,0.0,230.42,0.0,0.0,284.52,0,456.77,0.0,78.41,468.53
ETH_2013_262,7.0,16887.88,386.61,0.0,0.0,0.0,0.0,1.0,0,3.0,0.0,0.0,3.0,0.0,0.0,0.0,0.0,83.06,0,12038.85,0.0,0.0,4765.98,0.0,0.0,0.0,0.0,1.9,0,275.6,0.0,0.0,109.11
ETH_2013_263,6.0,14416.14,330.02,0.0,0.0,0.0,1.0,0.0,0,1.0,0.0,1.0,1.0,0.0,0.0,0.0,772.73,0.0,0,4340.13,0.0,3013.96,5200.55,0.0,0.0,0.0,17.69,0.0,0,99.36,0.0,69.0,119.05
ETH_2013_264,35.0,16866.18,386.12,0.0,18.0,0.0,2.0,1.0,0,0.0,0.0,1.0,5.0,0.0,8511.68,0.0,149.59,3820.46,0,0.0,0.0,184.89,2890.77,0.0,194.86,0.0,3.42,87.46,0,0.0,0.0,4.23,66.18
ETH_2013_265,19.0,29040.26,664.87,0.0,3.0,0.0,0.0,2.0,0,1.0,0.0,4.0,1.0,0.0,1431.18,0.0,0.0,7243.33,0,8095.92,0.0,6137.41,1209.38,0.0,32.77,0.0,0.0,165.84,0,185.36,0.0,140.52,27.69
ETH_2013_266,0.0,0.0,0.0,0.0,0.0,0.0,0.0,0.0,0,0.0,0.0,0.0,0.0,0.0,0.0,0.0,0.0,0.0,0,0.0,0.0,0.0,0.0,0.0,0.0,0.0,0.0,0.0,0,0.0,0.0,0.0,0.0
ETH_2013_267,3.0,8471.14,193.96,0.0,0.0,0.0,0.0,1.0,0,1.0,0.0,0.0,1.0,0.0,0.0,0.0,0.0,1685.91,0,4285.33,0.0,0.0,2499.9,0.0,0.0,0.0,0.0,38.6,0,98.12,0.0,0.0,57.24
ETH_2013_268,2.0,13666.24,313.04,0.0,0.0,0.0,0.0,1.0,0,0.0,0.0,1.0,0.0,0.0,0.0,0.0,0.0,2707.56,0,0.0,0.0,10958.68,0.0,0.0,0.0,0.0,0.0,62.02,0,0.0,0.0,251.02,0.0
ETH_2013_269,0.0,0.0,0.0,0.0,0.0,0.0,0.0,0.0,0,0.0,0.0,0.0,0.0,0.0,0.0,0.0,0.0,0.0,0,0.0,0.0,0.0,0.0,0.0,0.0,0.0,0.0,0.0,0,0.0,0.0,0.0,0.0
ETH_2013_27,33.0,28451.18,641.15,0.0,29.0,0.0,0.0,0.0,0,0.0,0.0,3.0,1.0,0.0,11296.73,0.0,0.0,0.0,0,0.0,0.0,10099.67,7054.78,0.0,254.57,0.0,0.0,0.0,0,0.0,0.0,227.6,158.98
ETH_2013_270,0.0,0.0,0.0,0.0,0.0,0.0,0.0,0.0,0,0.0,0.0,0.0,0.0,0.0,0.0,0.0,0.0,0.0,0,0.0,0.0,0.0,0.0,0.0,0.0,0.0,0.0,0.0,0,0.0,0.0,0.0,0.0
ETH_2013_271,1.0,9236.26,211.61,0.0,0.0,0.0,0.0,0.0,0,0.0,0.0,1.0,0.0,0.0,0.0,0.0,0.0,0.0,0,0.0,0.0,9236.26,0.0,0.0,0.0,0.0,0.0,0.0,0,0.0,0.0,211.61,0.0
ETH_2013_272,0.0,0.0,0.0,0.0,0.0,0.0,0.0,0.0,0,0.0,0.0,0.0,0.0,0.0,0.0,0.0,0.0,0.0,0,0.0,0.0,0.0,0.0,0.0,0.0,0.0,0.0,0.0,0,0.0,0.0,0.0,0.0
ETH_2013_273,12.0,18744.4,429.48,0.0,0.0,0.0,0.0,3.0,0,0.0,0.0,4.0,5.0,0.0,0.0,0.0,0.0,8066.95,0,0.0,0.0,6682.36,3995.09,0.0,0.0,0.0,0.0,184.83,0,0.0,0.0,153.11,91.54
ETH_2013_274,1.0,1629.96,37.35,0.0,0.0,0.0,0.0,0.0,0,0.0,0.0,0.0,1.0,0.0,0.0,0.0,0.0,0.0,0,0.0,0.0,0.0,1629.96,0.0,0.0,0.0,0.0,0.0,0,0.0,0.0,0.0,37.35
ETH_2013_275,0.0,0.0,0.0,0.0,0.0,0.0,0.0,0.0,0,0.0,0.0,0.0,0.0,0.0,0.0,0.0,0.0,0.0,0,0.0,0.0,0.0,0.0,0.0,0.0,0.0,0.0,0.0,0,0.0,0.0,0.0,0.0
ETH_2013_276,4.0,14460.19,331.37,0.0,0.0,0.0,0.0,0.0,0,2.0,0.0,0.0,0.0,0.0,0.0,0.0,0.0,0.0,0,9065.54,0.0,0.0,0.0,0.0,0.0,0.0,0.0,0.0,0,207.75,0.0,0.0,0.0
ETH_2013_277,0.0,0.0,0.0,0.0,0.0,0.0,0.0,0.0,0,0.0,0.0,0.0,0.0,0.0,0.0,0.0,0.0,0.0,0,0.0,0.0,0.0,0.0,0.0,0.0,0.0,0.0,0.0,0,0.0,0.0,0.0,0.0
ETH_2013_278,1.0,4095.66,93.86,0.0,0.0,0.0,0.0,0.0,0,0.0,0.0,0.0,0.0,0.0,0.0,0.0,0.0,0.0,0,0.0,0.0,0.0,0.0,0.0,0.0,0.0,0.0,0.0,0,0.0,0.0,0.0,0.0
ETH_2013_279,30.0,37982.47,870.43,0.0,16.0,0.0,0.0,0.0,0,3.0,0.0,4.0,2.0,0.0,9216.42,0.0,0.0,0.0,0,14128.96,0.0,8728.19,814.89,0.0,211.21,0.0,0.0,0.0,0,323.79,0.0,200.02,18.67
ETH_2013_28,0.0,0.0,0.0,0.0,0.0,0.0,0.0,0.0,0,0.0,0.0,0.0,0.0,0.0,0.0,0.0,0.0,0.0,0,0.0,0.0,0.0,0.0,0.0,0.0,0.0,0.0,0.0,0,0.0,0.0,0.0,0.0
ETH_2013_280,1.0,8290.39,190.0,0.0,0.0,0.0,0.0,0.0,0,1.0,0.0,0.0,0.0,0.0,0.0,0.0,0.0,0.0,0,8290.39,0.0,0.0,0.0,0.0,0.0,0.0,0.0,0.0,0,190.0,0.0,0.0,0.0
ETH_2013_281,0.0,0.0,0.0,0.0,0.0,0.0,0.0,0.0,0,0.0,0.0,0.0,0.0,0.0,0.0,0.0,0.0,0.0,0,0.0,0.0,0.0,0.0,0.0,0.0,0.0,0.0,0.0,0,0.0,0.0,0.0,0.0
ETH_2013_282,477.0,157789.76,3616.32,0.0,370.0,0.0,0.0,27.0,0,20.0,0.0,6.0,39.0,0.0,95481.81,0.0,0.0,14263.43,0,11021.45,0.0,10179.82,16340.9,0.0,2188.31,0.0,0.0,326.9,0,252.6,0.0,233.31,374.51
ETH_2013_283,919.0,287990.41,6600.8,0.0,777.0,0.0,2.0,47.0,0,26.0,0.0,4.0,39.0,0.0,201917.83,0.0,547.55,29709.5,0,21975.45,0.0,5510.45,16147.2,0.0,4628.0,0.0,12.55,680.95,0,503.68,0.0,126.3,370.1
ETH_2013_284,691.0,223902.33,5132.22,0.0,570.0,0.0,1.0,38.0,0,20.0,0.0,4.0,39.0,0.0,151895.64,0.0,268.51,23533.65,0,17391.54,0.0,4227.68,16756.85,0.0,3481.7,0.0,6.15,539.43,0,398.64,0.0,96.91,384.09
ETH_2013_285,561.0,186194.04,4267.9,0.0,450.0,0.0,1.0,32.0,0,18.0,0.0,3.0,39.0,0.0,122876.44,0.0,268.51,19438.6,0,16420.34,0.0,4106.27,16756.85,0.0,2816.55,0.0,6.15,445.57,0,376.38,0.0,94.12,384.1
ETH_2013_286,999.0,312628.1,7166.08,0.0,846.0,0.0,9.0,49.0,0,27.0,0.0,3.0,41.0,0.0,220621.56,0.0,3368.35,29862.01,0,25058.65,0.0,3841.84,17301.21,0.0,5057.1,0.0,77.21,684.5,0,574.4,0.0,88.06,396.58
ETH_2013_287,1030.0,321991.63,7380.81,0.0,877.0,0.0,9.0,49.0,0,27.0,0.0,3.0,41.0,0.0,229508.83,0.0,3368.35,30222.35,0,25361.49,0.0,3654.92,17301.21,0.0,5260.88,0.0,77.21,692.77,0,581.35,0.0,83.78,396.58
ETH_2013_288,698.0,216528.76,4963.41,0.0,596.0,0.0,10.0,43.0,0,24.0,0.0,0.0,9.0,0.0,160246.97,0.0,3829.93,22233.23,0,17604.48,0.0,0.0,3154.17,0.0,3673.29,0.0,87.79,509.64,0,403.54,0.0,0.0,72.3
ETH_2013_289,1043.0,324606.49,7440.91,0.0,889.0,0.0,9.0,49.0,0,29.0,0.0,2.0,41.0,0.0,234377.3,0.0,3368.35,30710.63,0,25676.95,0.0,2493.24,17301.21,0.0,5372.6,0.0,77.21,703.98,0,588.59,0.0,57.15,396.59
ETH_2013_29,308.0,123429.85,2781.7,0.0,276.0,0.0,0.0,15.0,0,2.0,0.0,7.0,6.0,0.0,82354.69,0.0,0.0,15228.92,0,7903.8,0.0,10907.54,6208.58,0.0,1856.0,0.0,0.0,343.21,0,178.13,0.0,245.82,139.92
ETH_2013_290,0.0,0.0,0.0,0.0,0.0,0.0,0.0,0.0,0,0.0,0.0,0.0,0.0,0.0,0.0,0.0,0.0,0.0,0,0.0,0.0,0.0,0.0,0.0,0.0,0.0,0.0,0.0,0,0.0,0.0,0.0,0.0
ETH_2013_291,970.0,295346.29,6770.29,0.0,818.0,0.0,9.0,49.0,0,30.0,0.0,2.0,41.0,0.0,210333.59,0.0,3368.35,29777.51,0,25082.97,0.0,1758.15,16465.07,0.0,4821.53,0.0,77.21,682.6,0,574.98,0.0,40.3,377.43
ETH_2013_292,942.0,288849.94,6621.37,0.0,791.0,0.0,9.0,50.0,0,29.0,0.0,2.0,41.0,0.0,203733.94,0.0,3368.35,29823.82,0,23828.51,0.0,2022.88,17301.21,0.0,4670.24,0.0,77.21,683.66,0,546.23,0.0,46.37,396.6
ETH_2013_293,0.0,0.0,0.0,0.0,0.0,0.0,0.0,0.0,0,0.0,0.0,0.0,0.0,0.0,0.0,0.0,0.0,0.0,0,0.0,0.0,0.0,0.0,0.0,0.0,0.0,0.0,0.0,0,0.0,0.0,0.0,0.0
ETH_2013_294,0.0,0.0,0.0,0.0,0.0,0.0,0.0,0.0,0,0.0,0.0,0.0,0.0,0.0,0.0,0.0,0.0,0.0,0,0.0,0.0,0.0,0.0,0.0,0.0,0.0,0.0,0.0,0,0.0,0.0,0.0,0.0
ETH_2013_295,0.0,0.0,0.0,0.0,0.0,0.0,0.0,0.0,0,0.0,0.0,0.0,0.0,0.0,0.0,0.0,0.0,0.0,0,0.0,0.0,0.0,0.0,0.0,0.0,0.0,0.0,0.0,0,0.0,0.0,0.0,0.0
ETH_2013_296,0.0,0.0,0.0,0.0,0.0,0.0,0.0,0.0,0,0.0,0.0,0.0,0.0,0.0,0.0,0.0,0.0,0.0,0,0.0,0.0,0.0,0.0,0.0,0.0,0.0,0.0,0.0,0,0.0,0.0,0.0,0.0
ETH_2013_297,0.0,0.0,0.0,0.0,0.0,0.0,0.0,0.0,0,0.0,0.0,0.0,0.0,0.0,0.0,0.0,0.0,0.0,0,0.0,0.0,0.0,0.0,0.0,0.0,0.0,0.0,0.0,0,0.0,0.0,0.0,0.0
ETH_2013_298,3.0,12948.02,297.04,0.0,1.0,0.0,0.0,1.0,0,1.0,0.0,0.0,0.0,0.0,1165.09,0.0,0.0,4787.2,0,6995.72,0.0,0.0,0.0,0.0,26.73,0.0,0.0,109.82,0,160.49,0.0,0.0,0.0
ETH_2013_299,1.0,7549.73,173.21,0.0,0.0,0.0,0.0,1.0,0,0.0,0.0,0.0,0.0,0.0,0.0,0.0,0.0,7549.73,0,0.0,0.0,0.0,0.0,0.0,0.0,0.0,0.0,173.21,0,0.0,0.0,0.0,0.0
ETH_2013_3,1.0,2326.22,52.11,0.0,0.0,0.0,0.0,0.0,0,0.0,0.0,1.0,0.0,0.0,0.0,0.0,0.0,0.0,0,0.0,0.0,2326.22,0.0,0.0,0.0,0.0,0.0,0.0,0,0.0,0.0,52.11,0.0
ETH_2013_30,386.0,163835.44,3692.45,0.0,340.0,0.0,0.0,22.0,0,6.0,0.0,6.0,10.0,0.0,108791.55,0.0,0.0,19275.6,0,8611.91,0.0,13783.91,12546.15,0.0,2451.9,0.0,0.0,434.43,0,194.09,0.0,310.66,282.76
ETH_2013_300,0.0,0.0,0.0,0.0,0.0,0.0,0.0,0.0,0,0.0,0.0,0.0,0.0,0.0,0.0,0.0,0.0,0.0,0,0.0,0.0,0.0,0.0,0.0,0.0,0.0,0.0,0.0,0,0.0,0.0,0.0,0.0
ETH_2013_301,4.0,10004.63,229.55,0.0,0.0,0.0,0.0,0.0,0,1.0,0.0,1.0,0.0,0.0,0.0,0.0,0.0,0.0,0,6292.67,0.0,2361.33,0.0,0.0,0.0,0.0,0.0,0.0,0,144.38,0.0,54.18,0.0
ETH_2013_302,7.0,13409.13,307.7,1.0,3.0,0.0,0.0,0.0,0,0.0,0.0,2.0,0.0,4976.18,1390.48,0.0,0.0,0.0,0,0.0,0.0,3900.22,0.0,114.19,31.91,0.0,0.0,0.0,0,0.0,0.0,89.5,0.0
ETH_2013_303,3.0,9929.77,227.87,0.0,0.0,0.0,0.0,0.0,0,0.0,0.0,1.0,1.0,0.0,0.0,0.0,0.0,0.0,0,0.0,0.0,1032.31,4212.52,0.0,0.0,0.0,0.0,0.0,0,0.0,0.0,23.69,96.67
ETH_2013_304,0.0,0.0,0.0,0.0,0.0,0.0,0.0,0.0,0,0.0,0.0,0.0,0.0,0.0,0.0,0.0,0.0,0.0,0,0.0,0.0,0.0,0.0,0.0,0.0,0.0,0.0,0.0,0,0.0,0.0,0.0,0.0
ETH_2013_305,4.0,13796.91,316.72,0.0,0.0,0.0,0.0,0.0,0,0.0,0.0,3.0,0.0,0.0,0.0,0.0,0.0,0.0,0,0.0,0.0,8097.14,0.0,0.0,0.0,0.0,0.0,0.0,0,0.0,0.0,185.88,0.0
ETH_2013_306,10.0,23250.65,533.75,0.0,0.0,0.0,0.0,0.0,0,0.0,0.0,7.0,1.0,0.0,0.0,0.0,0.0,0.0,0,0.0,0.0,11997.7,10463.44,0.0,0.0,0.0,0.0,0.0,0,0.0,0.0,275.42,240.2
ETH_2013_307,0.0,0.0,0.0,0.0,0.0,0.0,0.0,0.0,0,0.0,0.0,0.0,0.0,0.0,0.0,0.0,0.0,0.0,0,0.0,0.0,0.0,0.0,0.0,0.0,0.0,0.0,0.0,0,0.0,0.0,0.0,0.0
ETH_2013_308,4.0,13634.45,313.08,1.0,0.0,0.0,0.0,0.0,0,0.0,0.0,2.0,0.0,6537.22,0.0,0.0,0.0,0.0,0,0.0,0.0,3225.37,0.0,150.11,0.0,0.0,0.0,0.0,0,0.0,0.0,74.06,0.0
ETH_2013_309,0.0,0.0,0.0,0.0,0.0,0.0,0.0,0.0,0,0.0,0.0,0.0,0.0,0.0,0.0,0.0,0.0,0.0,0,0.0,0.0,0.0,0.0,0.0,0.0,0.0,0.0,0.0,0,0.0,0.0,0.0,0.0
ETH_2013_31,5.0,10518.97,237.08,0.0,3.0,0.0,0.0,0.0,0,0.0,0.0,0.0,2.0,0.0,418.16,0.0,0.0,0.0,0,0.0,0.0,0.0,10100.81,0.0,9.42,0.0,0.0,0.0,0,0.0,0.0,0.0,227.66
ETH_2013_310,2.0,7379.63,169.56,0.0,0.0,0.0,0.0,0.0,0,0.0,0.0,0.0,0.0,0.0,0.0,0.0,0.0,0.0,0,0.0,0.0,0.0,0.0,0.0,0.0,0.0,0.0,0.0,0,0.0,0.0,0.0,0.0
ETH_2013_311,22.0,35048.91,805.41,1.0,15.0,0.0,0.0,0.0,0,0.0,0.0,5.0,0.0,13304.1,10198.92,0.0,0.0,0.0,0,0.0,0.0,8406.79,0.0,305.72,234.37,0.0,0.0,0.0,0,0.0,0.0,193.19,0.0
ETH_2013_312,12.0,14145.92,325.08,0.0,5.0,0.0,0.0,0.0,0,0.0,0.0,1.0,1.0,0.0,2808.23,0.0,0.0,0.0,0,0.0,0.0,508.85,2338.18,0.0,64.54,0.0,0.0,0.0,0,0.0,0.0,11.69,53.73
ETH_2013_313,433.0,184595.16,4243.38,0.0,350.0,0.0,0.0,21.0,0,19.0,0.0,0.0,9.0,0.0,106718.52,0.0,0.0,12858.26,0,25043.95,0.0,0.0,6757.99,0.0,2453.19,0.0,0.0,295.58,0,575.7,0.0,0.0,155.35
ETH_2013_314,0.0,0.0,0.0,0.0,0.0,0.0,0.0,0.0,0,0.0,0.0,0.0,0.0,0.0,0.0,0.0,0.0,0.0,0,0.0,0.0,0.0,0.0,0.0,0.0,0.0,0.0,0.0,0,0.0,0.0,0.0,0.0
ETH_2013_315,1.0,7081.83,162.8,0.0,0.0,0.0,0.0,0.0,0,0.0,0.0,0.0,1.0,0.0,0.0,0.0,0.0,0.0,0,0.0,0.0,0.0,7081.83,0.0,0.0,0.0,0.0,0.0,0,0.0,0.0,0.0,162.8
ETH_2013_316,1.0,8095.93,186.17,0.0,0.0,0.0,0.0,0.0,0,1.0,0.0,0.0,0.0,0.0,0.0,0.0,0.0,0.0,0,8095.93,0.0,0.0,0.0,0.0,0.0,0.0,0.0,0.0,0,186.17,0.0,0.0,0.0
ETH_2013_317,0.0,0.0,0.0,0.0,0.0,0.0,0.0,0.0,0,0.0,0.0,0.0,0.0,0.0,0.0,0.0,0.0,0.0,0,0.0,0.0,0.0,0.0,0.0,0.0,0.0,0.0,0.0,0,0.0,0.0,0.0,0.0
ETH_2013_318,1.0,11527.75,265.16,0.0,0.0,0.0,0.0,0.0,0,1.0,0.0,0.0,0.0,0.0,0.0,0.0,0.0,0.0,0,11527.75,0.0,0.0,0.0,0.0,0.0,0.0,0.0,0.0,0,265.16,0.0,0.0,0.0
ETH_2013_319,0.0,0.0,0.0,0.0,0.0,0.0,0.0,0.0,0,0.0,0.0,0.0,0.0,0.0,0.0,0.0,0.0,0.0,0,0.0,0.0,0.0,0.0,0.0,0.0,0.0,0.0,0.0,0,0.0,0.0,0.0,0.0
ETH_2013_32,177.0,82403.25,1857.48,0.0,157.0,0.0,0.0,10.0,0,4.0,0.0,1.0,5.0,0.0,61461.19,0.0,0.0,12779.53,0,2192.78,0.0,799.49,5170.27,0.0,1385.42,0.0,0.0,288.07,0,49.43,0.0,18.02,116.54
ETH_2013_320,3.0,17483.74,402.61,0.0,0.0,0.0,0.0,2.0,0,1.0,0.0,0.0,0.0,0.0,0.0,0.0,0.0,12442.51,0,5041.23,0.0,0.0,0.0,0.0,0.0,0.0,0.0,286.52,0,116.09,0.0,0.0,0.0
ETH_2013_321,1.0,7087.13,163.27,0.0,0.0,0.0,0.0,0.0,0,1.0,0.0,0.0,0.0,0.0,0.0,0.0,0.0,0.0,0,7087.13,0.0,0.0,0.0,0.0,0.0,0.0,0.0,0.0,0,163.27,0.0,0.0,0.0
ETH_2013_322,1.0,7865.25,181.2,1.0,0.0,0.0,0.0,0.0,0,0.0,0.0,0.0,0.0,7865.25,0.0,0.0,0.0,0.0,0,0.0,0.0,0.0,0.0,181.2,0.0,0.0,0.0,0.0,0,0.0,0.0,0.0,0.0
ETH_2013_323,1.0,7509.74,173.02,0.0,0.0,0.0,0.0,0.0,0,0.0,0.0,0.0,0.0,0.0,0.0,0.0,0.0,0.0,0,0.0,0.0,0.0,0.0,0.0,0.0,0.0,0.0,0.0,0,0.0,0.0,0.0,0.0
ETH_2013_324,1.0,7380.3,170.07,0.0,0.0,0.0,0.0,0.0,0,0.0,0.0,1.0,0.0,0.0,0.0,0.0,0.0,0.0,0,0.0,0.0,7380.3,0.0,0.0,0.0,0.0,0.0,0.0,0,0.0,0.0,170.07,0.0
ETH_2013_325,1.0,7313.83,168.56,0.0,0.0,0.0,0.0,0.0,0,1.0,0.0,0.0,0.0,0.0,0.0,0.0,0.0,0.0,0,7313.83,0.0,0.0,0.0,0.0,0.0,0.0,0.0,0.0,0,168.56,0.0,0.0,0.0
ETH_2013_326,4.0,11310.66,260.7,0.0,0.0,0.0,0.0,1.0,0,0.0,0.0,3.0,0.0,0.0,0.0,0.0,0.0,6669.04,0,0.0,0.0,4641.62,0.0,0.0,0.0,0.0,0.0,153.71,0,0.0,0.0,106.98,0.0
ETH_2013_327,1.0,4655.52,107.31,0.0,0.0,0.0,0.0,0.0,0,1.0,0.0,0.0,0.0,0.0,0.0,0.0,0.0,0.0,0,4655.52,0.0,0.0,0.0,0.0,0.0,0.0,0.0,0.0,0,107.31,0.0,0.0,0.0
ETH_2013_328,0.0,0.0,0.0,0.0,0.0,0.0,0.0,0.0,0,0.0,0.0,0.0,0.0,0.0,0.0,0.0,0.0,0.0,0,0.0,0.0,0.0,0.0,0.0,0.0,0.0,0.0,0.0,0,0.0,0.0,0.0,0.0
ETH_2013_329,82.0,37998.78,876.19,5.0,74.0,0.0,0.0,0.0,0,0.0,0.0,0.0,1.0,9121.55,25434.38,0.0,0.0,0.0,0,0.0,0.0,0.0,3087.07,210.33,586.48,0.0,0.0,0.0,0,0.0,0.0,0.0,71.18
ETH_2013_33,0.0,0.0,0.0,0.0,0.0,0.0,0.0,0.0,0,0.0,0.0,0.0,0.0,0.0,0.0,0.0,0.0,0.0,0,0.0,0.0,0.0,0.0,0.0,0.0,0.0,0.0,0.0,0,0.0,0.0,0.0,0.0
ETH_2013_330,0.0,0.0,0.0,0.0,0.0,0.0,0.0,0.0,0,0.0,0.0,0.0,0.0,0.0,0.0,0.0,0.0,0.0,0,0.0,0.0,0.0,0.0,0.0,0.0,0.0,0.0,0.0,0,0.0,0.0,0.0,0.0
ETH_2013_331,17.0,11670.36,269.12,0.0,15.0,0.0,0.0,0.0,0,2.0,0.0,0.0,0.0,0.0,3099.62,0.0,0.0,0.0,0,8570.74,0.0,0.0,0.0,0.0,71.48,0.0,0.0,0.0,0,197.64,0.0,0.0,0.0
ETH_2013_332,2.0,9120.38,210.32,0.0,0.0,0.0,0.0,2.0,0,0.0,0.0,0.0,0.0,0.0,0.0,0.0,0.0,9120.38,0,0.0,0.0,0.0,0.0,0.0,0.0,0.0,0.0,210.32,0,0.0,0.0,0.0,0.0
ETH_2013_333,1.0,7195.84,165.94,0.0,0.0,0.0,0.0,0.0,0,1.0,0.0,0.0,0.0,0.0,0.0,0.0,0.0,0.0,0,7195.84,0.0,0.0,0.0,0.0,0.0,0.0,0.0,0.0,0,165.94,0.0,0.0,0.0
ETH_2013_334,0.0,0.0,0.0,0.0,0.0,0.0,0.0,0.0,0,0.0,0.0,0.0,0.0,0.0,0.0,0.0,0.0,0.0,0,0.0,0.0,0.0,0.0,0.0,0.0,0.0,0.0,0.0,0,0.0,0.0,0.0,0.0
ETH_2013_335,1.0,11040.04,254.59,0.0,0.0,0.0,0.0,0.0,0,1.0,0.0,0.0,0.0,0.0,0.0,0.0,0.0,0.0,0,11040.04,0.0,0.0,0.0,0.0,0.0,0.0,0.0,0.0,0,254.59,0.0,0.0,0.0
ETH_2013_336,2.0,8297.98,191.37,0.0,0.0,0.0,0.0,2.0,0,0.0,0.0,0.0,0.0,0.0,0.0,0.0,0.0,8297.98,0,0.0,0.0,0.0,0.0,0.0,0.0,0.0,0.0,191.37,0,0.0,0.0,0.0,0.0
ETH_2013_337,63.0,29796.88,687.18,1.0,61.0,0.0,0.0,0.0,0,0.0,0.0,0.0,1.0,7855.99,17921.36,0.0,0.0,0.0,0,0.0,0.0,0.0,4019.54,181.18,413.31,0.0,0.0,0.0,0,0.0,0.0,0.0,92.7
ETH_2013_338,147.0,56429.05,1302.49,0.0,141.0,0.0,0.0,1.0,0,0.0,0.0,0.0,5.0,0.0,35887.34,0.0,0.0,5753.61,0,0.0,0.0,0.0,14788.1,0.0,828.35,0.0,0.0,132.8,0,0.0,0.0,0.0,341.34
ETH_2013_339,2.0,15256.95,352.24,0.0,0.0,0.0,0.0,0.0,0,1.0,0.0,1.0,0.0,0.0,0.0,0.0,0.0,0.0,0,9626.52,0.0,5630.43,0.0,0.0,0.0,0.0,0.0,0.0,0,222.25,0.0,129.99,0.0
ETH_2013_34,0.0,0.0,0.0,0.0,0.0,0.0,0.0,0.0,0,0.0,0.0,0.0,0.0,0.0,0.0,0.0,0.0,0.0,0,0.0,0.0,0.0,0.0,0.0,0.0,0.0,0.0,0.0,0,0.0,0.0,0.0,0.0
ETH_2013_340,0.0,0.0,0.0,0.0,0.0,0.0,0.0,0.0,0,0.0,0.0,0.0,0.0,0.0,0.0,0.0,0.0,0.0,0,0.0,0.0,0.0,0.0,0.0,0.0,0.0,0.0,0.0,0,0.0,0.0,0.0,0.0
ETH_2013_341,1.0,8422.49,194.54,0.0,0.0,0.0,0.0,0.0,0,1.0,0.0,0.0,0.0,0.0,0.0,0.0,0.0,0.0,0,8422.49,0.0,0.0,0.0,0.0,0.0,0.0,0.0,0.0,0,194.54,0.0,0.0,0.0
ETH_2013_342,1.0,6189.68,142.97,1.0,0.0,0.0,0.0,0.0,0,0.0,0.0,0.0,0.0,6189.68,0.0,0.0,0.0,0.0,0,0.0,0.0,0.0,0.0,142.97,0.0,0.0,0.0,0.0,0,0.0,0.0,0.0,0.0
ETH_2013_343,2.0,8525.85,196.97,0.0,0.0,0.0,0.0,0.0,0,0.0,0.0,0.0,1.0,0.0,0.0,0.0,0.0,0.0,0,0.0,0.0,0.0,5317.62,0.0,0.0,0.0,0.0,0.0,0,0.0,0.0,0.0,122.85
ETH_2013_344,3.0,8237.4,190.31,0.0,1.0,0.0,0.0,0.0,0,2.0,0.0,0.0,0.0,0.0,499.28,0.0,0.0,0.0,0,7738.12,0.0,0.0,0.0,0.0,11.54,0.0,0.0,0.0,0,178.78,0.0,0.0,0.0
ETH_2013_345,1.0,1032.19,23.85,0.0,0.0,0.0,0.0,0.0,0,1.0,0.0,0.0,0.0,0.0,0.0,0.0,0.0,0.0,0,1032.19,0.0,0.0,0.0,0.0,0.0,0.0,0.0,0.0,0,23.85,0.0,0.0,0.0
ETH_2013_346,0.0,0.0,0.0,0.0,0.0,0.0,0.0,0.0,0,0.0,0.0,0.0,0.0,0.0,0.0,0.0,0.0,0.0,0,0.0,0.0,0.0,0.0,0.0,0.0,0.0,0.0,0.0,0,0.0,0.0,0.0,0.0
ETH_2013_347,0.0,0.0,0.0,0.0,0.0,0.0,0.0,0.0,0,0.0,0.0,0.0,0.0,0.0,0.0,0.0,0.0,0.0,0,0.0,0.0,0.0,0.0,0.0,0.0,0.0,0.0,0.0,0,0.0,0.0,0.0,0.0
ETH_2013_348,0.0,0.0,0.0,0.0,0.0,0.0,0.0,0.0,0,0.0,0.0,0.0,0.0,0.0,0.0,0.0,0.0,0.0,0,0.0,0.0,0.0,0.0,0.0,0.0,0.0,0.0,0.0,0,0.0,0.0,0.0,0.0
ETH_2013_349,0.0,0.0,0.0,0.0,0.0,0.0,0.0,0.0,0,0.0,0.0,0.0,0.0,0.0,0.0,0.0,0.0,0.0,0,0.0,0.0,0.0,0.0,0.0,0.0,0.0,0.0,0.0,0,0.0,0.0,0.0,0.0
ETH_2013_35,0.0,0.0,0.0,0.0,0.0,0.0,0.0,0.0,0,0.0,0.0,0.0,0.0,0.0,0.0,0.0,0.0,0.0,0,0.0,0.0,0.0,0.0,0.0,0.0,0.0,0.0,0.0,0,0.0,0.0,0.0,0.0
ETH_2013_350,1.0,8380.51,193.75,0.0,0.0,0.0,0.0,0.0,0,1.0,0.0,0.0,0.0,0.0,0.0,0.0,0.0,0.0,0,8380.51,0.0,0.0,0.0,0.0,0.0,0.0,0.0,0.0,0,193.75,0.0,0.0,0.0
ETH_2013_351,0.0,0.0,0.0,0.0,0.0,0.0,0.0,0.0,0,0.0,0.0,0.0,0.0,0.0,0.0,0.0,0.0,0.0,0,0.0,0.0,0.0,0.0,0.0,0.0,0.0,0.0,0.0,0,0.0,0.0,0.0,0.0
ETH_2013_352,0.0,0.0,0.0,0.0,0.0,0.0,0.0,0.0,0,0.0,0.0,0.0,0.0,0.0,0.0,0.0,0.0,0.0,0,0.0,0.0,0.0,0.0,0.0,0.0,0.0,0.0,0.0,0,0.0,0.0,0.0,0.0
ETH_2013_353,0.0,0.0,0.0,0.0,0.0,0.0,0.0,0.0,0,0.0,0.0,0.0,0.0,0.0,0.0,0.0,0.0,0.0,0,0.0,0.0,0.0,0.0,0.0,0.0,0.0,0.0,0.0,0,0.0,0.0,0.0,0.0
ETH_2013_354,0.0,0.0,0.0,0.0,0.0,0.0,0.0,0.0,0,0.0,0.0,0.0,0.0,0.0,0.0,0.0,0.0,0.0,0,0.0,0.0,0.0,0.0,0.0,0.0,0.0,0.0,0.0,0,0.0,0.0,0.0,0.0
ETH_2013_355,1.0,8180.61,189.28,0.0,0.0,0.0,0.0,0.0,0,1.0,0.0,0.0,0.0,0.0,0.0,0.0,0.0,0.0,0,8180.61,0.0,0.0,0.0,0.0,0.0,0.0,0.0,0.0,0,189.28,0.0,0.0,0.0
ETH_2013_356,228.0,107062.53,2477.62,0.0,215.0,0.0,1.0,4.0,0,2.0,0.0,0.0,6.0,0.0,79795.69,0.0,155.99,10121.4,0,7197.34,0.0,0.0,9792.11,0.0,1846.61,0.0,3.61,234.23,0,166.56,0.0,0.0,226.61
ETH_2013_357,0.0,0.0,0.0,0.0,0.0,0.0,0.0,0.0,0,0.0,0.0,0.0,0.0,0.0,0.0,0.0,0.0,0.0,0,0.0,0.0,0.0,0.0,0.0,0.0,0.0,0.0,0.0,0,0.0,0.0,0.0,0.0
ETH_2013_358,1.0,8966.11,207.5,0.0,0.0,0.0,0.0,0.0,0,1.0,0.0,0.0,0.0,0.0,0.0,0.0,0.0,0.0,0,8966.11,0.0,0.0,0.0,0.0,0.0,0.0,0.0,0.0,0,207.5,0.0,0.0,0.0
ETH_2013_359,274.0,114899.82,2659.58,0.0,259.0,0.0,1.0,6.0,0,1.0,0.0,0.0,7.0,0.0,90138.86,0.0,155.99,9155.34,0,348.96,0.0,0.0,15100.66,0.0,2086.44,0.0,3.61,211.92,0,8.08,0.0,0.0,349.53
ETH_2013_36,0.0,0.0,0.0,0.0,0.0,0.0,0.0,0.0,0,0.0,0.0,0.0,0.0,0.0,0.0,0.0,0.0,0.0,0,0.0,0.0,0.0,0.0,0.0,0.0,0.0,0.0,0.0,0,0.0,0.0,0.0,0.0
ETH_2013_360,0.0,0.0,0.0,0.0,0.0,0.0,0.0,0.0,0,0.0,0.0,0.0,0.0,0.0,0.0,0.0,0.0,0.0,0,0.0,0.0,0.0,0.0,0.0,0.0,0.0,0.0,0.0,0,0.0,0.0,0.0,0.0
ETH_2013_361,2.0,9370.11,216.99,0.0,0.0,0.0,0.0,0.0,0,1.0,0.0,0.0,1.0,0.0,0.0,0.0,0.0,0.0,0,1445.46,0.0,0.0,7924.65,0.0,0.0,0.0,0.0,0.0,0,33.47,0.0,0.0,183.52
ETH_2013_362,0.0,0.0,0.0,0.0,0.0,0.0,0.0,0.0,0,0.0,0.0,0.0,0.0,0.0,0.0,0.0,0.0,0.0,0,0.0,0.0,0.0,0.0,0.0,0.0,0.0,0.0,0.0,0,0.0,0.0,0.0,0.0
ETH_2013_363,0.0,0.0,0.0,0.0,0.0,0.0,0.0,0.0,0,0.0,0.0,0.0,0.0,0.0,0.0,0.0,0.0,0.0,0,0.0,0.0,0.0,0.0,0.0,0.0,0.0,0.0,0.0,0,0.0,0.0,0.0,0.0
ETH_2013_364,1.0,1485.63,34.43,0.0,0.0,0.0,0.0,0.0,0,0.0,0.0,0.0,1.0,0.0,0.0,0.0,0.0,0.0,0,0.0,0.0,0.0,1485.63,0.0,0.0,0.0,0.0,0.0,0,0.0,0.0,0.0,34.43
ETH_2013_365,10.0,9870.71,228.81,0.0,0.0,0.0,0.0,0.0,0,0.0,0.0,5.0,5.0,0.0,0.0,0.0,0.0,0.0,0,0.0,0.0,4455.65,5415.06,0.0,0.0,0.0,0.0,0.0,0,0.0,0.0,103.29,125.53
ETH_2013_366,1.0,2690.68,62.38,0.0,0.0,0.0,0.0,0.0,0,1.0,0.0,0.0,0.0,0.0,0.0,0.0,0.0,0.0,0,2690.68,0.0,0.0,0.0,0.0,0.0,0.0,0.0,0.0,0,62.38,0.0,0.0,0.0
ETH_2013_367,9.0,6198.94,143.74,3.0,5.0,0.0,0.0,0.0,0,0.0,0.0,0.0,1.0,4974.77,875.84,0.0,0.0,0.0,0,0.0,0.0,0.0,348.33,115.35,20.31,0.0,0.0,0.0,0,0.0,0.0,0.0,8.08
ETH_2013_368,0.0,0.0,0.0,0.0,0.0,0.0,0.0,0.0,0,0.0,0.0,0.0,0.0,0.0,0.0,0.0,0.0,0.0,0,0.0,0.0,0.0,0.0,0.0,0.0,0.0,0.0,0.0,0,0.0,0.0,0.0,0.0
ETH_2013_369,2.0,12012.84,278.58,0.0,0.0,0.0,0.0,0.0,0,0.0,0.0,0.0,1.0,0.0,0.0,0.0,0.0,0.0,0,0.0,0.0,0.0,10737.71,0.0,0.0,0.0,0.0,0.0,0,0.0,0.0,0.0,249.01
ETH_2013_37,0.0,0.0,0.0,0.0,0.0,0.0,0.0,0.0,0,0.0,0.0,0.0,0.0,0.0,0.0,0.0,0.0,0.0,0,0.0,0.0,0.0,0.0,0.0,0.0,0.0,0.0,0.0,0,0.0,0.0,0.0,0.0
ETH_2013_370,0.0,0.0,0.0,0.0,0.0,0.0,0.0,0.0,0,0.0,0.0,0.0,0.0,0.0,0.0,0.0,0.0,0.0,0,0.0,0.0,0.0,0.0,0.0,0.0,0.0,0.0,0.0,0,0.0,0.0,0.0,0.0
ETH_2013_371,1.0,6666.83,154.72,0.0,0.0,0.0,0.0,0.0,0,1.0,0.0,0.0,0.0,0.0,0.0,0.0,0.0,0.0,0,6666.83,0.0,0.0,0.0,0.0,0.0,0.0,0.0,0.0,0,154.72,0.0,0.0,0.0
ETH_2013_372,1.0,6668.71,154.77,0.0,0.0,0.0,0.0,0.0,0,1.0,0.0,0.0,0.0,0.0,0.0,0.0,0.0,0.0,0,6668.71,0.0,0.0,0.0,0.0,0.0,0.0,0.0,0.0,0,154.77,0.0,0.0,0.0
ETH_2013_373,1.0,624.63,14.5,0.0,0.0,0.0,0.0,0.0,0,1.0,0.0,0.0,0.0,0.0,0.0,0.0,0.0,0.0,0,624.63,0.0,0.0,0.0,0.0,0.0,0.0,0.0,0.0,0,14.5,0.0,0.0,0.0
ETH_2013_374,7.0,20382.93,473.17,0.0,0.0,0.0,0.0,0.0,0,6.0,0.0,0.0,1.0,0.0,0.0,0.0,0.0,0.0,0,17248.67,0.0,0.0,3134.26,0.0,0.0,0.0,0.0,0.0,0,400.41,0.0,0.0,72.76
ETH_2013_375,1.0,4462.34,103.59,0.0,0.0,0.0,0.0,0.0,0,1.0,0.0,0.0,0.0,0.0,0.0,0.0,0.0,0.0,0,4462.34,0.0,0.0,0.0,0.0,0.0,0.0,0.0,0.0,0,103.59,0.0,0.0,0.0
ETH_2013_376,452.0,171760.72,3987.66,0.0,344.0,0.0,12.0,41.0,0,3.0,0.0,5.0,13.0,0.0,114056.04,0.0,2824.23,28104.58,0,8190.08,0.0,3490.9,10565.43,0.0,2647.97,0.0,65.57,652.49,0,190.14,0.0,81.05,245.29
ETH_2013_377,322.0,114911.04,2667.95,1.0,206.0,0.0,15.0,33.0,0,2.0,0.0,4.0,14.0,3809.65,63119.57,0.0,2630.94,11460.85,0,4803.11,0.0,1012.35,13263.01,88.45,1465.48,0.0,61.08,266.09,0,111.52,0.0,23.5,307.93
ETH_2013_378,499.0,192754.3,4475.47,0.0,364.0,0.0,12.0,44.0,0,3.0,0.0,2.0,14.0,0.0,120686.9,0.0,2943.6,27772.41,0,7176.97,0.0,2058.65,14479.97,0.0,2802.17,0.0,68.35,644.83,0,166.64,0.0,47.8,336.2
ETH_2013_379,3.0,5754.19,133.64,3.0,0.0,0.0,0.0,0.0,0,0.0,0.0,0.0,0.0,5754.19,0.0,0.0,0.0,0.0,0,0.0,0.0,0.0,0.0,133.64,0.0,0.0,0.0,0.0,0,0.0,0.0,0.0,0.0
ETH_2013_38,61.0,49865.64,1124.82,0.0,53.0,0.0,0.0,0.0,0,2.0,0.0,3.0,2.0,0.0,24720.22,0.0,0.0,0.0,0,8422.9,0.0,11375.42,4836.63,0.0,557.61,0.0,0.0,0.0,0,190.0,0.0,256.6,109.1
ETH_2013_380,0.0,0.0,0.0,0.0,0.0,0.0,0.0,0.0,0,0.0,0.0,0.0,0.0,0.0,0.0,0.0,0.0,0.0,0,0.0,0.0,0.0,0.0,0.0,0.0,0.0,0.0,0.0,0,0.0,0.0,0.0,0.0
ETH_2013_381,0.0,0.0,0.0,0.0,0.0,0.0,0.0,0.0,0,0.0,0.0,0.0,0.0,0.0,0.0,0.0,0.0,0.0,0,0.0,0.0,0.0,0.0,0.0,0.0,0.0,0.0,0.0,0,0.0,0.0,0.0,0.0
ETH_2013_382,0.0,0.0,0.0,0.0,0.0,0.0,0.0,0.0,0,0.0,0.0,0.0,0.0,0.0,0.0,0.0,0.0,0.0,0,0.0,0.0,0.0,0.0,0.0,0.0,0.0,0.0,0.0,0,0.0,0.0,0.0,0.0
ETH_2013_383,1.0,8242.41,191.49,0.0,0.0,0.0,0.0,1.0,0,0.0,0.0,0.0,0.0,0.0,0.0,0.0,0.0,8242.41,0,0.0,0.0,0.0,0.0,0.0,0.0,0.0,0.0,191.49,0,0.0,0.0,0.0,0.0
ETH_2013_384,0.0,0.0,0.0,0.0,0.0,0.0,0.0,0.0,0,0.0,0.0,0.0,0.0,0.0,0.0,0.0,0.0,0.0,0,0.0,0.0,0.0,0.0,0.0,0.0,0.0,0.0,0.0,0,0.0,0.0,0.0,0.0
ETH_2013_385,0.0,0.0,0.0,0.0,0.0,0.0,0.0,0.0,0,0.0,0.0,0.0,0.0,0.0,0.0,0.0,0.0,0.0,0,0.0,0.0,0.0,0.0,0.0,0.0,0.0,0.0,0.0,0,0.0,0.0,0.0,0.0
ETH_2013_386,1.0,8272.95,192.22,0.0,0.0,0.0,0.0,0.0,0,1.0,0.0,0.0,0.0,0.0,0.0,0.0,0.0,0.0,0,8272.95,0.0,0.0,0.0,0.0,0.0,0.0,0.0,0.0,0,192.22,0.0,0.0,0.0
ETH_2013_387,1.0,6002.12,139.56,1.0,0.0,0.0,0.0,0.0,0,0.0,0.0,0.0,0.0,6002.12,0.0,0.0,0.0,0.0,0,0.0,0.0,0.0,0.0,139.56,0.0,0.0,0.0,0.0,0,0.0,0.0,0.0,0.0
ETH_2013_388,1.0,5908.54,137.41,0.0,0.0,0.0,0.0,1.0,0,0.0,0.0,0.0,0.0,0.0,0.0,0.0,0.0,5908.54,0,0.0,0.0,0.0,0.0,0.0,0.0,0.0,0.0,137.41,0,0.0,0.0,0.0,0.0
ETH_2013_389,1.0,8002.82,186.12,0.0,0.0,0.0,0.0,1.0,0,0.0,0.0,0.0,0.0,0.0,0.0,0.0,0.0,8002.82,0,0.0,0.0,0.0,0.0,0.0,0.0,0.0,0.0,186.12,0,0.0,0.0,0.0,0.0
ETH_2013_39,0.0,0.0,0.0,0.0,0.0,0.0,0.0,0.0,0,0.0,0.0,0.0,0.0,0.0,0.0,0.0,0.0,0.0,0,0.0,0.0,0.0,0.0,0.0,0.0,0.0,0.0,0.0,0,0.0,0.0,0.0,0.0
ETH_2013_390,199.0,71619.73,1665.91,0.0,187.0,0.0,0.0,11.0,0,0.0,0.0,0.0,0.0,0.0,50195.51,0.0,0.0,15434.59,0,0.0,0.0,0.0,0.0,0.0,1167.57,0.0,0.0,359.02,0,0.0,0.0,0.0,0.0
ETH_2013_391,2.0,5023.26,116.88,1.0,0.0,0.0,0.0,0.0,0,0.0,0.0,0.0,0.0,4143.56,0.0,0.0,0.0,0.0,0,0.0,0.0,0.0,0.0,96.41,0.0,0.0,0.0,0.0,0,0.0,0.0,0.0,0.0
ETH_2013_392,3.0,8807.87,204.97,0.0,0.0,0.0,0.0,3.0,0,0.0,0.0,0.0,0.0,0.0,0.0,0.0,0.0,8807.87,0,0.0,0.0,0.0,0.0,0.0,0.0,0.0,0.0,204.97,0,0.0,0.0,0.0,0.0
ETH_2013_393,1.0,10094.27,235.0,0.0,0.0,0.0,0.0,0.0,0,1.0,0.0,0.0,0.0,0.0,0.0,0.0,0.0,0.0,0,10094.27,0.0,0.0,0.0,0.0,0.0,0.0,0.0,0.0,0,235.0,0.0,0.0,0.0
ETH_2013_394,1.0,1999.8,46.57,0.0,0.0,0.0,0.0,0.0,0,1.0,0.0,0.0,0.0,0.0,0.0,0.0,0.0,0.0,0,1999.8,0.0,0.0,0.0,0.0,0.0,0.0,0.0,0.0,0,46.57,0.0,0.0,0.0
ETH_2013_395,0.0,0.0,0.0,0.0,0.0,0.0,0.0,0.0,0,0.0,0.0,0.0,0.0,0.0,0.0,0.0,0.0,0.0,0,0.0,0.0,0.0,0.0,0.0,0.0,0.0,0.0,0.0,0,0.0,0.0,0.0,0.0
ETH_2013_396,2.0,5754.42,134.01,0.0,0.0,0.0,0.0,2.0,0,0.0,0.0,0.0,0.0,0.0,0.0,0.0,0.0,5754.42,0,0.0,0.0,0.0,0.0,0.0,0.0,0.0,0.0,134.01,0,0.0,0.0,0.0,0.0
ETH_2013_397,0.0,0.0,0.0,0.0,0.0,0.0,0.0,0.0,0,0.0,0.0,0.0,0.0,0.0,0.0,0.0,0.0,0.0,0,0.0,0.0,0.0,0.0,0.0,0.0,0.0,0.0,0.0,0,0.0,0.0,0.0,0.0
ETH_2013_398,0.0,0.0,0.0,0.0,0.0,0.0,0.0,0.0,0,0.0,0.0,0.0,0.0,0.0,0.0,0.0,0.0,0.0,0,0.0,0.0,0.0,0.0,0.0,0.0,0.0,0.0,0.0,0,0.0,0.0,0.0,0.0
ETH_2013_399,0.0,0.0,0.0,0.0,0.0,0.0,0.0,0.0,0,0.0,0.0,0.0,0.0,0.0,0.0,0.0,0.0,0.0,0,0.0,0.0,0.0,0.0,0.0,0.0,0.0,0.0,0.0,0,0.0,0.0,0.0,0.0
ETH_2013_4,3.0,10207.08,228.78,0.0,0.0,0.0,0.0,0.0,0,0.0,0.0,0.0,0.0,0.0,0.0,0.0,0.0,0.0,0,0.0,0.0,0.0,0.0,0.0,0.0,0.0,0.0,0.0,0,0.0,0.0,0.0,0.0
ETH_2013_40,0.0,0.0,0.0,0.0,0.0,0.0,0.0,0.0,0,0.0,0.0,0.0,0.0,0.0,0.0,0.0,0.0,0.0,0,0.0,0.0,0.0,0.0,0.0,0.0,0.0,0.0,0.0,0,0.0,0.0,0.0,0.0
ETH_2013_400,0.0,0.0,0.0,0.0,0.0,0.0,0.0,0.0,0,0.0,0.0,0.0,0.0,0.0,0.0,0.0,0.0,0.0,0,0.0,0.0,0.0,0.0,0.0,0.0,0.0,0.0,0.0,0,0.0,0.0,0.0,0.0
ETH_2013_401,0.0,0.0,0.0,0.0,0.0,0.0,0.0,0.0,0,0.0,0.0,0.0,0.0,0.0,0.0,0.0,0.0,0.0,0,0.0,0.0,0.0,0.0,0.0,0.0,0.0,0.0,0.0,0,0.0,0.0,0.0,0.0
ETH_2013_402,1.0,7884.11,184.13,0.0,0.0,0.0,0.0,0.0,0,0.0,0.0,0.0,0.0,0.0,0.0,0.0,0.0,0.0,0,0.0,0.0,0.0,0.0,0.0,0.0,0.0,0.0,0.0,0,0.0,0.0,0.0,0.0
ETH_2013_403,0.0,0.0,0.0,0.0,0.0,0.0,0.0,0.0,0,0.0,0.0,0.0,0.0,0.0,0.0,0.0,0.0,0.0,0,0.0,0.0,0.0,0.0,0.0,0.0,0.0,0.0,0.0,0,0.0,0.0,0.0,0.0
ETH_2013_404,3.0,17124.05,400.05,0.0,0.0,0.0,0.0,0.0,0,0.0,0.0,0.0,1.0,0.0,0.0,0.0,0.0,0.0,0,0.0,0.0,0.0,3536.02,0.0,0.0,0.0,0.0,0.0,0,0.0,0.0,0.0,82.61
ETH_2013_405,4.0,6531.65,152.69,0.0,0.0,0.0,0.0,0.0,0,0.0,0.0,0.0,1.0,0.0,0.0,0.0,0.0,0.0,0,0.0,0.0,0.0,614.81,0.0,0.0,0.0,0.0,0.0,0,0.0,0.0,0.0,14.37
ETH_2013_406,9.0,21136.68,494.26,4.0,1.0,0.0,0.0,1.0,0,2.0,0.0,0.0,1.0,9139.41,77.78,0.0,0.0,4072.68,0,4995.36,0.0,0.0,2851.46,213.71,1.82,0.0,0.0,95.24,0,116.81,0.0,0.0,66.68
ETH_2013_407,1.0,6170.59,144.3,1.0,0.0,0.0,0.0,0.0,0,0.0,0.0,0.0,0.0,6170.59,0.0,0.0,0.0,0.0,0,0.0,0.0,0.0,0.0,144.3,0.0,0.0,0.0,0.0,0,0.0,0.0,0.0,0.0
ETH_2013_408,494.0,152129.65,3558.92,0.0,462.0,0.0,0.0,8.0,0,6.0,0.0,0.0,10.0,0.0,120535.25,0.0,0.0,10676.4,0,11389.42,0.0,0.0,4947.27,0.0,2819.8,0.0,0.0,249.76,0,266.44,0.0,0.0,115.74
ETH_2013_409,447.0,142888.51,3342.95,0.0,413.0,0.0,0.0,11.0,0,6.0,0.0,0.0,10.0,0.0,110953.76,0.0,0.0,12628.19,0,10252.14,0.0,0.0,3916.91,0.0,2595.82,0.0,0.0,295.44,0,239.85,0.0,0.0,91.64
ETH_2013_41,0.0,0.0,0.0,0.0,0.0,0.0,0.0,0.0,0,0.0,0.0,0.0,0.0,0.0,0.0,0.0,0.0,0.0,0,0.0,0.0,0.0,0.0,0.0,0.0,0.0,0.0,0.0,0,0.0,0.0,0.0,0.0
ETH_2013_410,1.0,4715.01,110.31,0.0,0.0,0.0,0.0,0.0,0,0.0,0.0,0.0,0.0,0.0,0.0,0.0,0.0,0.0,0,0.0,0.0,0.0,0.0,0.0,0.0,0.0,0.0,0.0,0,0.0,0.0,0.0,0.0
ETH_2013_411,1.0,6657.96,155.77,0.0,0.0,0.0,0.0,0.0,0,0.0,0.0,0.0,0.0,0.0,0.0,0.0,0.0,0.0,0,0.0,0.0,0.0,0.0,0.0,0.0,0.0,0.0,0.0,0,0.0,0.0,0.0,0.0
ETH_2013_412,1.0,7681.43,179.91,0.0,0.0,0.0,0.0,1.0,0,0.0,0.0,0.0,0.0,0.0,0.0,0.0,0.0,7681.43,0,0.0,0.0,0.0,0.0,0.0,0.0,0.0,0.0,179.91,0,0.0,0.0,0.0,0.0
ETH_2013_413,2.0,11869.49,278.0,0.0,0.0,0.0,0.0,0.0,0,1.0,0.0,0.0,1.0,0.0,0.0,0.0,0.0,0.0,0,7284.43,0.0,0.0,4585.07,0.0,0.0,0.0,0.0,0.0,0,170.61,0.0,0.0,107.39
ETH_2013_414,0.0,0.0,0.0,0.0,0.0,0.0,0.0,0.0,0,0.0,0.0,0.0,0.0,0.0,0.0,0.0,0.0,0.0,0,0.0,0.0,0.0,0.0,0.0,0.0,0.0,0.0,0.0,0,0.0,0.0,0.0,0.0
ETH_2013_415,9.0,20649.52,483.73,0.0,0.0,0.0,0.0,1.0,0,0.0,0.0,0.0,4.0,0.0,0.0,0.0,0.0,8744.15,0,0.0,0.0,0.0,2302.07,0.0,0.0,0.0,0.0,204.84,0,0.0,0.0,0.0,53.93
ETH_2013_416,0.0,0.0,0.0,0.0,0.0,0.0,0.0,0.0,0,0.0,0.0,0.0,0.0,0.0,0.0,0.0,0.0,0.0,0,0.0,0.0,0.0,0.0,0.0,0.0,0.0,0.0,0.0,0,0.0,0.0,0.0,0.0
ETH_2013_417,1.0,2870.89,67.26,0.0,0.0,0.0,0.0,1.0,0,0.0,0.0,0.0,0.0,0.0,0.0,0.0,0.0,2870.89,0,0.0,0.0,0.0,0.0,0.0,0.0,0.0,0.0,67.26,0,0.0,0.0,0.0,0.0
ETH_2013_418,1.0,2265.95,53.11,0.0,0.0,0.0,0.0,0.0,0,0.0,0.0,0.0,0.0,0.0,0.0,0.0,0.0,0.0,0,0.0,0.0,0.0,0.0,0.0,0.0,0.0,0.0,0.0,0,0.0,0.0,0.0,0.0
ETH_2013_419,0.0,0.0,0.0,0.0,0.0,0.0,0.0,0.0,0,0.0,0.0,0.0,0.0,0.0,0.0,0.0,0.0,0.0,0,0.0,0.0,0.0,0.0,0.0,0.0,0.0,0.0,0.0,0,0.0,0.0,0.0,0.0
ETH_2013_42,0.0,0.0,0.0,0.0,0.0,0.0,0.0,0.0,0,0.0,0.0,0.0,0.0,0.0,0.0,0.0,0.0,0.0,0,0.0,0.0,0.0,0.0,0.0,0.0,0.0,0.0,0.0,0,0.0,0.0,0.0,0.0
ETH_2013_420,1.0,2542.94,59.68,0.0,0.0,0.0,0.0,0.0,0,0.0,0.0,0.0,0.0,0.0,0.0,0.0,0.0,0.0,0,0.0,0.0,0.0,0.0,0.0,0.0,0.0,0.0,0.0,0,0.0,0.0,0.0,0.0
ETH_2013_421,0.0,0.0,0.0,0.0,0.0,0.0,0.0,0.0,0,0.0,0.0,0.0,0.0,0.0,0.0,0.0,0.0,0.0,0,0.0,0.0,0.0,0.0,0.0,0.0,0.0,0.0,0.0,0,0.0,0.0,0.0,0.0
ETH_2013_422,0.0,0.0,0.0,0.0,0.0,0.0,0.0,0.0,0,0.0,0.0,0.0,0.0,0.0,0.0,0.0,0.0,0.0,0,0.0,0.0,0.0,0.0,0.0,0.0,0.0,0.0,0.0,0,0.0,0.0,0.0,0.0
ETH_2013_423,0.0,0.0,0.0,0.0,0.0,0.0,0.0,0.0,0,0.0,0.0,0.0,0.0,0.0,0.0,0.0,0.0,0.0,0,0.0,0.0,0.0,0.0,0.0,0.0,0.0,0.0,0.0,0,0.0,0.0,0.0,0.0
ETH_2013_424,3.0,12527.88,294.65,0.0,0.0,0.0,0.0,2.0,0,0.0,0.0,0.0,0.0,0.0,0.0,0.0,0.0,6662.97,0,0.0,0.0,0.0,0.0,0.0,0.0,0.0,0.0,156.71,0,0.0,0.0,0.0,0.0
ETH_2013_425,0.0,0.0,0.0,0.0,0.0,0.0,0.0,0.0,0,0.0,0.0,0.0,0.0,0.0,0.0,0.0,0.0,0.0,0,0.0,0.0,0.0,0.0,0.0,0.0,0.0,0.0,0.0,0,0.0,0.0,0.0,0.0
ETH_2013_426,17.0,19532.7,460.11,0.0,0.0,0.0,6.0,2.0,0,6.0,0.0,2.0,0.0,0.0,0.0,0.0,918.1,8269.15,0,8868.07,0.0,1092.98,0.0,0.0,0.0,0.0,21.63,194.79,0,208.9,0.0,25.75,0.0
ETH_2013_427,0.0,0.0,0.0,0.0,0.0,0.0,0.0,0.0,0,0.0,0.0,0.0,0.0,0.0,0.0,0.0,0.0,0.0,0,0.0,0.0,0.0,0.0,0.0,0.0,0.0,0.0,0.0,0,0.0,0.0,0.0,0.0
ETH_2013_428,960.0,308819.45,7274.96,0.0,788.0,1.0,69.0,0.0,0,9.0,13.0,12.0,53.0,0.0,221608.59,0.0,18053.61,0.0,0,15914.7,5122.2,10195.02,33244.01,0.0,5220.5,0.0,425.29,0.0,0,374.91,120.67,240.17,783.14
ETH_2013_429,918.0,299884.43,7064.62,0.0,736.0,1.0,74.0,0.0,0,9.0,13.0,12.0,57.0,0.0,207077.32,0.0,19091.47,0.0,0,18014.37,4088.69,10312.87,36856.49,0.0,4878.29,0.0,449.75,0.0,0,424.38,96.32,242.95,868.26
ETH_2013_43,0.0,0.0,0.0,0.0,0.0,0.0,0.0,0.0,0,0.0,0.0,0.0,0.0,0.0,0.0,0.0,0.0,0.0,0,0.0,0.0,0.0,0.0,0.0,0.0,0.0,0.0,0.0,0,0.0,0.0,0.0,0.0
ETH_2013_430,445.0,169737.21,3998.67,0.0,319.0,0.0,54.0,0.0,0,9.0,11.0,10.0,36.0,0.0,103798.97,0.0,12879.42,0.0,0,21723.83,3239.07,9213.92,15505.01,0.0,2445.3,0.0,303.41,0.0,0,511.77,76.31,217.06,365.27
ETH_2013_431,1206.0,382781.96,9018.13,0.0,1048.0,1.0,59.0,0.0,0,12.0,0.0,12.0,58.0,0.0,293809.7,0.0,16085.05,0.0,0,16990.26,0.0,7428.21,40798.45,0.0,6921.99,0.0,378.95,0.0,0,400.28,0.0,175.0,961.19
ETH_2013_432,1262.0,387875.48,9138.51,0.0,1113.0,1.0,54.0,0.0,0,9.0,0.0,12.0,58.0,0.0,309472.28,0.0,13114.34,0.0,0,9322.06,0.0,5469.19,39700.84,0.0,7291.3,0.0,308.98,0.0,0,219.63,0.0,128.86,935.37
ETH_2013_433,1286.0,408616.12,9627.19,0.0,1129.0,1.0,59.0,0.0,0,12.0,0.0,11.0,58.0,0.0,316481.57,0.0,16085.05,0.0,0,18620.96,0.0,6408.72,43636.85,0.0,7456.45,0.0,378.97,0.0,0,438.72,0.0,150.99,1028.1
ETH_2013_434,1038.0,332025.17,7823.36,0.0,908.0,1.0,42.0,0.0,0,12.0,0.0,3.0,57.0,0.0,255079.02,0.0,12282.54,0.0,0,13656.25,0.0,3997.53,39920.42,0.0,6010.31,0.0,289.41,0.0,0,321.78,0.0,94.19,940.63
ETH_2013_435,807.0,248807.05,5862.92,0.0,707.0,1.0,21.0,0.0,0,6.0,0.0,3.0,57.0,0.0,198955.11,0.0,5117.24,0.0,0,2929.16,0.0,4633.53,26692.92,0.0,4688.21,0.0,120.58,0.0,0,69.02,0.0,109.19,629.0
ETH_2013_436,0.0,0.0,0.0,0.0,0.0,0.0,0.0,0.0,0,0.0,0.0,0.0,0.0,0.0,0.0,0.0,0.0,0.0,0,0.0,0.0,0.0,0.0,0.0,0.0,0.0,0.0,0.0,0,0.0,0.0,0.0,0.0
ETH_2013_437,765.0,252140.19,5941.66,0.0,691.0,1.0,10.0,0.0,0,9.0,0.0,3.0,40.0,0.0,200355.81,0.0,3295.71,0.0,0,10852.4,0.0,4939.46,28120.83,0.0,4721.37,0.0,77.66,0.0,0,255.74,0.0,116.4,662.67
ETH_2013_438,3.0,5033.58,118.67,0.0,0.0,0.0,0.0,2.0,0,0.0,0.0,0.0,1.0,0.0,0.0,0.0,0.0,3148.81,0,0.0,0.0,0.0,1884.76,0.0,0.0,0.0,0.0,74.24,0,0.0,0.0,0.0,44.44
ETH_2013_439,8.0,7501.65,176.94,0.0,0.0,0.0,0.0,0.0,0,6.0,0.0,0.0,0.0,0.0,0.0,0.0,0.0,0.0,0,6688.21,0.0,0.0,0.0,0.0,0.0,0.0,0.0,0.0,0,157.75,0.0,0.0,0.0
ETH_2013_44,2.0,8330.16,187.97,0.0,0.0,0.0,0.0,0.0,0,0.0,0.0,0.0,0.0,0.0,0.0,0.0,0.0,0.0,0,0.0,0.0,0.0,0.0,0.0,0.0,0.0,0.0,0.0,0,0.0,0.0,0.0,0.0
ETH_2013_440,1.0,1820.52,42.94,0.0,0.0,0.0,0.0,1.0,0,0.0,0.0,0.0,0.0,0.0,0.0,0.0,0.0,1820.52,0,0.0,0.0,0.0,0.0,0.0,0.0,0.0,0.0,42.94,0,0.0,0.0,0.0,0.0
ETH_2013_441,0.0,0.0,0.0,0.0,0.0,0.0,0.0,0.0,0,0.0,0.0,0.0,0.0,0.0,0.0,0.0,0.0,0.0,0,0.0,0.0,0.0,0.0,0.0,0.0,0.0,0.0,0.0,0,0.0,0.0,0.0,0.0
ETH_2013_442,2.0,1097.8,25.91,0.0,0.0,0.0,0.0,0.0,0,1.0,0.0,0.0,0.0,0.0,0.0,0.0,0.0,0.0,0,918.22,0.0,0.0,0.0,0.0,0.0,0.0,0.0,0.0,0,21.67,0.0,0.0,0.0
ETH_2013_443,1.0,125.1,2.95,0.0,0.0,0.0,0.0,0.0,0,0.0,0.0,1.0,0.0,0.0,0.0,0.0,0.0,0.0,0,0.0,0.0,125.1,0.0,0.0,0.0,0.0,0.0,0.0,0,0.0,0.0,2.95,0.0
ETH_2013_444,2.0,12099.47,285.75,0.0,0.0,0.0,0.0,0.0,0,1.0,0.0,0.0,0.0,0.0,0.0,0.0,0.0,0.0,0,8852.1,0.0,0.0,0.0,0.0,0.0,0.0,0.0,0.0,0,209.06,0.0,0.0,0.0
ETH_2013_445,6.0,10100.45,238.58,0.0,0.0,0.0,0.0,1.0,0,1.0,0.0,0.0,3.0,0.0,0.0,0.0,0.0,6793.51,0,1534.19,0.0,0.0,1379.27,0.0,0.0,0.0,0.0,160.47,0,36.24,0.0,0.0,32.58
ETH_2013_446,6.0,12858.95,303.75,0.0,0.0,0.0,0.0,1.0,0,1.0,0.0,0.0,3.0,0.0,0.0,0.0,0.0,6870.66,0,4215.54,0.0,0.0,1379.27,0.0,0.0,0.0,0.0,162.3,0,99.58,0.0,0.0,32.58
ETH_2013_447,1.0,6823.93,161.24,0.0,0.0,0.0,0.0,0.0,0,0.0,0.0,0.0,0.0,0.0,0.0,0.0,0.0,0.0,0,0.0,0.0,0.0,0.0,0.0,0.0,0.0,0.0,0.0,0,0.0,0.0,0.0,0.0
ETH_2013_448,3.0,10130.77,239.38,0.0,0.0,0.0,0.0,0.0,0,0.0,0.0,0.0,0.0,0.0,0.0,0.0,0.0,0.0,0,0.0,0.0,0.0,0.0,0.0,0.0,0.0,0.0,0.0,0,0.0,0.0,0.0,0.0
ETH_2013_449,25.0,14650.2,346.25,0.0,24.0,0.0,0.0,0.0,0,0.0,0.0,0.0,0.0,0.0,7592.05,0.0,0.0,0.0,0,0.0,0.0,0.0,0.0,0.0,179.44,0.0,0.0,0.0,0,0.0,0.0,0.0,0.0
ETH_2013_45,2.0,3484.48,78.63,0.0,0.0,0.0,0.0,0.0,0,0.0,0.0,0.0,0.0,0.0,0.0,0.0,0.0,0.0,0,0.0,0.0,0.0,0.0,0.0,0.0,0.0,0.0,0.0,0,0.0,0.0,0.0,0.0
ETH_2013_450,0.0,0.0,0.0,0.0,0.0,0.0,0.0,0.0,0,0.0,0.0,0.0,0.0,0.0,0.0,0.0,0.0,0.0,0,0.0,0.0,0.0,0.0,0.0,0.0,0.0,0.0,0.0,0,0.0,0.0,0.0,0.0
ETH_2013_451,1.0,4170.49,98.66,0.0,0.0,0.0,0.0,0.0,0,1.0,0.0,0.0,0.0,0.0,0.0,0.0,0.0,0.0,0,4170.49,0.0,0.0,0.0,0.0,0.0,0.0,0.0,0.0,0,98.66,0.0,0.0,0.0
ETH_2013_452,2.0,8758.17,207.2,0.0,0.0,0.0,0.0,0.0,0,0.0,0.0,0.0,0.0,0.0,0.0,0.0,0.0,0.0,0,0.0,0.0,0.0,0.0,0.0,0.0,0.0,0.0,0.0,0,0.0,0.0,0.0,0.0
ETH_2013_453,5.0,7973.22,188.79,0.0,0.0,0.0,0.0,0.0,0,5.0,0.0,0.0,0.0,0.0,0.0,0.0,0.0,0.0,0,7973.22,0.0,0.0,0.0,0.0,0.0,0.0,0.0,0.0,0,188.79,0.0,0.0,0.0
ETH_2013_454,1.0,1263.91,29.93,0.0,0.0,0.0,0.0,0.0,0,0.0,0.0,0.0,1.0,0.0,0.0,0.0,0.0,0.0,0,0.0,0.0,0.0,1263.91,0.0,0.0,0.0,0.0,0.0,0,0.0,0.0,0.0,29.93
ETH_2013_455,1.0,5350.43,126.69,0.0,0.0,0.0,0.0,0.0,0,1.0,0.0,0.0,0.0,0.0,0.0,0.0,0.0,0.0,0,5350.43,0.0,0.0,0.0,0.0,0.0,0.0,0.0,0.0,0,126.69,0.0,0.0,0.0
ETH_2013_456,331.0,128744.14,3048.83,0.0,293.0,0.0,0.0,13.0,0,7.0,0.0,1.0,13.0,0.0,93512.58,0.0,0.0,11334.1,0,7106.63,0.0,1623.41,12353.17,0.0,2214.5,0.0,0.0,268.41,0,168.29,0.0,38.44,292.54
ETH_2013_457,2.0,7851.74,185.95,0.0,0.0,0.0,0.0,2.0,0,0.0,0.0,0.0,0.0,0.0,0.0,0.0,0.0,7851.74,0,0.0,0.0,0.0,0.0,0.0,0.0,0.0,0.0,185.95,0,0.0,0.0,0.0,0.0
ETH_2013_458,1.0,9529.88,225.72,0.0,0.0,0.0,0.0,0.0,0,0.0,0.0,0.0,1.0,0.0,0.0,0.0,0.0,0.0,0,0.0,0.0,0.0,9529.88,0.0,0.0,0.0,0.0,0.0,0,0.0,0.0,0.0,225.72
ETH_2013_459,396.0,121678.11,2882.09,0.0,331.0,0.0,0.0,21.0,0,32.0,0.0,1.0,8.0,0.0,85601.13,0.0,0.0,15055.4,0,11154.21,0.0,2498.24,6970.06,0.0,2027.57,0.0,0.0,356.61,0,264.2,0.0,59.17,165.09
ETH_2013_46,0.0,0.0,0.0,0.0,0.0,0.0,0.0,0.0,0,0.0,0.0,0.0,0.0,0.0,0.0,0.0,0.0,0.0,0,0.0,0.0,0.0,0.0,0.0,0.0,0.0,0.0,0.0,0,0.0,0.0,0.0,0.0
ETH_2013_460,293.0,107512.22,2547.27,0.0,258.0,0.0,0.0,10.0,0,4.0,0.0,2.0,19.0,0.0,72833.58,0.0,0.0,14720.85,0,9507.25,0.0,3398.88,7051.66,0.0,1725.63,0.0,0.0,348.78,0,225.25,0.0,80.53,167.07
ETH_2013_461,0.0,0.0,0.0,0.0,0.0,0.0,0.0,0.0,0,0.0,0.0,0.0,0.0,0.0,0.0,0.0,0.0,0.0,0,0.0,0.0,0.0,0.0,0.0,0.0,0.0,0.0,0.0,0,0.0,0.0,0.0,0.0
ETH_2013_462,3.0,9437.99,223.66,0.0,0.0,0.0,0.0,0.0,0,0.0,0.0,0.0,0.0,0.0,0.0,0.0,0.0,0.0,0,0.0,0.0,0.0,0.0,0.0,0.0,0.0,0.0,0.0,0,0.0,0.0,0.0,0.0
ETH_2013_463,6.0,18631.6,441.55,0.0,1.0,0.0,0.0,2.0,0,0.0,0.0,0.0,0.0,0.0,191.19,0.0,0.0,12262.88,0,0.0,0.0,0.0,0.0,0.0,4.53,0.0,0.0,290.62,0,0.0,0.0,0.0,0.0
ETH_2013_464,1.0,5576.35,132.23,0.0,0.0,0.0,0.0,0.0,0,0.0,0.0,0.0,0.0,0.0,0.0,0.0,0.0,0.0,0,0.0,0.0,0.0,0.0,0.0,0.0,0.0,0.0,0.0,0,0.0,0.0,0.0,0.0
ETH_2013_465,6.0,17989.24,426.66,0.0,0.0,0.0,0.0,2.0,0,0.0,0.0,1.0,1.0,0.0,0.0,0.0,0.0,7719.87,0,0.0,0.0,3088.39,5803.75,0.0,0.0,0.0,0.0,183.1,0,0.0,0.0,73.25,137.65
ETH_2013_466,3.0,13413.68,318.16,0.0,0.0,0.0,0.0,0.0,0,0.0,0.0,0.0,1.0,0.0,0.0,0.0,0.0,0.0,0,0.0,0.0,0.0,8220.43,0.0,0.0,0.0,0.0,0.0,0,0.0,0.0,0.0,194.98
ETH_2013_467,1.0,5550.7,131.66,0.0,0.0,0.0,0.0,0.0,0,1.0,0.0,0.0,0.0,0.0,0.0,0.0,0.0,0.0,0,5550.7,0.0,0.0,0.0,0.0,0.0,0.0,0.0,0.0,0,131.66,0.0,0.0,0.0
ETH_2013_468,8.0,26716.45,633.79,0.0,0.0,0.0,0.0,3.0,0,0.0,0.0,3.0,2.0,0.0,0.0,0.0,0.0,3662.44,0,0.0,0.0,6915.37,16138.64,0.0,0.0,0.0,0.0,86.88,0,0.0,0.0,164.05,382.85
ETH_2013_469,2.0,10907.59,258.76,0.0,0.0,0.0,0.0,0.0,0,1.0,0.0,0.0,0.0,0.0,0.0,0.0,0.0,0.0,0,7323.23,0.0,0.0,0.0,0.0,0.0,0.0,0.0,0.0,0,173.73,0.0,0.0,0.0
ETH_2013_47,0.0,0.0,0.0,0.0,0.0,0.0,0.0,0.0,0,0.0,0.0,0.0,0.0,0.0,0.0,0.0,0.0,0.0,0,0.0,0.0,0.0,0.0,0.0,0.0,0.0,0.0,0.0,0,0.0,0.0,0.0,0.0
ETH_2013_470,3.0,12489.95,296.34,0.0,0.0,0.0,0.0,2.0,0,1.0,0.0,0.0,0.0,0.0,0.0,0.0,0.0,9092.58,0,3397.37,0.0,0.0,0.0,0.0,0.0,0.0,0.0,215.74,0,80.61,0.0,0.0,0.0
ETH_2013_471,0.0,0.0,0.0,0.0,0.0,0.0,0.0,0.0,0,0.0,0.0,0.0,0.0,0.0,0.0,0.0,0.0,0.0,0,0.0,0.0,0.0,0.0,0.0,0.0,0.0,0.0,0.0,0,0.0,0.0,0.0,0.0
ETH_2013_472,1.0,7281.2,172.97,0.0,0.0,0.0,0.0,0.0,0,0.0,0.0,0.0,0.0,0.0,0.0,0.0,0.0,0.0,0,0.0,0.0,0.0,0.0,0.0,0.0,0.0,0.0,0.0,0,0.0,0.0,0.0,0.0
ETH_2013_48,15.0,9745.6,219.96,0.0,8.0,0.0,0.0,0.0,0,0.0,0.0,0.0,7.0,0.0,1483.06,0.0,0.0,0.0,0,0.0,0.0,0.0,8262.54,0.0,33.47,0.0,0.0,0.0,0,0.0,0.0,0.0,186.49
ETH_2013_49,1.0,1698.66,38.34,0.0,0.0,0.0,0.0,0.0,0,1.0,0.0,0.0,0.0,0.0,0.0,0.0,0.0,0.0,0,1698.66,0.0,0.0,0.0,0.0,0.0,0.0,0.0,0.0,0,38.34,0.0,0.0,0.0
ETH_2013_5,28.0,17653.45,395.73,0.0,0.0,0.0,0.0,0.0,0,2.0,0.0,22.0,0.0,0.0,0.0,0.0,0.0,0.0,0,2248.43,0.0,7765.52,0.0,0.0,0.0,0.0,0.0,0.0,0,50.4,0.0,174.08,0.0
ETH_2013_50,11.0,21357.41,482.14,1.0,8.0,0.0,0.0,0.0,0,0.0,0.0,0.0,2.0,9181.29,2495.63,0.0,0.0,0.0,0,0.0,0.0,0.0,9680.49,207.26,56.34,0.0,0.0,0.0,0,0.0,0.0,0.0,218.53
ETH_2013_51,3.0,6572.14,148.36,0.0,0.0,0.0,0.0,0.0,0,0.0,0.0,0.0,0.0,0.0,0.0,0.0,0.0,0.0,0,0.0,0.0,0.0,0.0,0.0,0.0,0.0,0.0,0.0,0,0.0,0.0,0.0,0.0
ETH_2013_52,64.0,47061.35,1062.99,0.0,61.0,0.0,0.0,0.0,0,1.0,0.0,0.0,1.0,0.0,28516.43,0.0,0.0,0.0,0,10004.24,0.0,0.0,6558.25,0.0,644.11,0.0,0.0,0.0,0,225.97,0.0,0.0,148.13
ETH_2013_53,1.0,176.87,4.0,0.0,0.0,0.0,0.0,0.0,0,0.0,0.0,1.0,0.0,0.0,0.0,0.0,0.0,0.0,0,0.0,0.0,176.87,0.0,0.0,0.0,0.0,0.0,0.0,0,0.0,0.0,4.0,0.0
ETH_2013_54,1.0,8088.25,182.72,0.0,0.0,0.0,0.0,0.0,0,0.0,0.0,0.0,0.0,0.0,0.0,0.0,0.0,0.0,0,0.0,0.0,0.0,0.0,0.0,0.0,0.0,0.0,0.0,0,0.0,0.0,0.0,0.0
ETH_2013_55,2.0,8656.48,195.58,1.0,0.0,0.0,0.0,0.0,0,0.0,0.0,0.0,0.0,6828.82,0.0,0.0,0.0,0.0,0,0.0,0.0,0.0,0.0,154.28,0.0,0.0,0.0,0.0,0,0.0,0.0,0.0,0.0
ETH_2013_56,0.0,0.0,0.0,0.0,0.0,0.0,0.0,0.0,0,0.0,0.0,0.0,0.0,0.0,0.0,0.0,0.0,0.0,0,0.0,0.0,0.0,0.0,0.0,0.0,0.0,0.0,0.0,0,0.0,0.0,0.0,0.0
ETH_2013_57,0.0,0.0,0.0,0.0,0.0,0.0,0.0,0.0,0,0.0,0.0,0.0,0.0,0.0,0.0,0.0,0.0,0.0,0,0.0,0.0,0.0,0.0,0.0,0.0,0.0,0.0,0.0,0,0.0,0.0,0.0,0.0
ETH_2013_58,0.0,0.0,0.0,0.0,0.0,0.0,0.0,0.0,0,0.0,0.0,0.0,0.0,0.0,0.0,0.0,0.0,0.0,0,0.0,0.0,0.0,0.0,0.0,0.0,0.0,0.0,0.0,0,0.0,0.0,0.0,0.0
ETH_2013_59,0.0,0.0,0.0,0.0,0.0,0.0,0.0,0.0,0,0.0,0.0,0.0,0.0,0.0,0.0,0.0,0.0,0.0,0,0.0,0.0,0.0,0.0,0.0,0.0,0.0,0.0,0.0,0,0.0,0.0,0.0,0.0
ETH_2013_6,3.0,6300.47,141.42,0.0,0.0,0.0,0.0,0.0,0,2.0,0.0,0.0,1.0,0.0,0.0,0.0,0.0,0.0,0,5801.23,0.0,0.0,499.24,0.0,0.0,0.0,0.0,0.0,0,130.22,0.0,0.0,11.21
ETH_2013_60,1.0,7098.16,160.47,0.0,0.0,0.0,0.0,0.0,0,0.0,0.0,0.0,1.0,0.0,0.0,0.0,0.0,0.0,0,0.0,0.0,0.0,7098.16,0.0,0.0,0.0,0.0,0.0,0,0.0,0.0,0.0,160.47
ETH_2013_61,0.0,0.0,0.0,0.0,0.0,0.0,0.0,0.0,0,0.0,0.0,0.0,0.0,0.0,0.0,0.0,0.0,0.0,0,0.0,0.0,0.0,0.0,0.0,0.0,0.0,0.0,0.0,0,0.0,0.0,0.0,0.0
ETH_2013_62,501.0,165156.74,3734.37,0.0,428.0,0.0,0.0,35.0,0,16.0,0.0,0.0,21.0,0.0,113921.96,0.0,0.0,19119.04,0,9416.26,0.0,0.0,20013.91,0.0,2575.9,0.0,0.0,432.3,0,212.91,0.0,0.0,452.54
ETH_2013_63,2.0,15714.1,355.37,0.0,0.0,0.0,0.0,0.0,0,0.0,0.0,1.0,0.0,0.0,0.0,0.0,0.0,0.0,0,0.0,0.0,10212.75,0.0,0.0,0.0,0.0,0.0,0.0,0,0.0,0.0,230.96,0.0
ETH_2013_64,42.0,24617.32,556.74,0.0,38.0,0.0,0.0,1.0,0,2.0,0.0,0.0,1.0,0.0,9369.56,0.0,0.0,9582.34,0,4990.23,0.0,0.0,675.19,0.0,211.9,0.0,0.0,216.71,0,112.86,0.0,0.0,15.27
ETH_2013_65,5.0,16353.2,369.86,1.0,0.0,0.0,0.0,0.0,0,0.0,0.0,0.0,0.0,3852.04,0.0,0.0,0.0,0.0,0,0.0,0.0,0.0,0.0,87.12,0.0,0.0,0.0,0.0,0,0.0,0.0,0.0,0.0
ETH_2013_66,0.0,0.0,0.0,0.0,0.0,0.0,0.0,0.0,0,0.0,0.0,0.0,0.0,0.0,0.0,0.0,0.0,0.0,0,0.0,0.0,0.0,0.0,0.0,0.0,0.0,0.0,0.0,0,0.0,0.0,0.0,0.0
ETH_2013_67,12.0,20621.74,466.42,0.0,6.0,0.0,0.0,0.0,0,0.0,0.0,1.0,2.0,0.0,5582.86,0.0,0.0,0.0,0,0.0,0.0,1892.92,11162.43,0.0,126.27,0.0,0.0,0.0,0,0.0,0.0,42.81,252.47
ETH_2013_68,0.0,0.0,0.0,0.0,0.0,0.0,0.0,0.0,0,0.0,0.0,0.0,0.0,0.0,0.0,0.0,0.0,0.0,0,0.0,0.0,0.0,0.0,0.0,0.0,0.0,0.0,0.0,0,0.0,0.0,0.0,0.0
ETH_2013_69,2.0,7040.02,159.24,0.0,0.0,0.0,0.0,0.0,0,0.0,0.0,0.0,0.0,0.0,0.0,0.0,0.0,0.0,0,0.0,0.0,0.0,0.0,0.0,0.0,0.0,0.0,0.0,0,0.0,0.0,0.0,0.0
ETH_2013_7,1.0,6827.88,153.28,0.0,0.0,0.0,0.0,0.0,0,0.0,0.0,0.0,1.0,0.0,0.0,0.0,0.0,0.0,0,0.0,0.0,0.0,6827.88,0.0,0.0,0.0,0.0,0.0,0,0.0,0.0,0.0,153.28
ETH_2013_70,1.0,1489.54,33.69,0.0,0.0,0.0,0.0,0.0,0,1.0,0.0,0.0,0.0,0.0,0.0,0.0,0.0,0.0,0,1489.54,0.0,0.0,0.0,0.0,0.0,0.0,0.0,0.0,0,33.69,0.0,0.0,0.0
ETH_2013_71,1.0,8402.31,190.06,0.0,0.0,0.0,0.0,0.0,0,0.0,0.0,0.0,1.0,0.0,0.0,0.0,0.0,0.0,0,0.0,0.0,0.0,8402.31,0.0,0.0,0.0,0.0,0.0,0,0.0,0.0,0.0,190.06
ETH_2013_72,10.0,8545.94,193.31,0.0,5.0,0.0,0.0,0.0,0,4.0,0.0,0.0,1.0,0.0,4554.96,0.0,0.0,0.0,0,3802.64,0.0,0.0,188.34,0.0,103.03,0.0,0.0,0.0,0,86.02,0.0,0.0,4.26
ETH_2013_73,6.0,18148.07,410.57,0.0,0.0,0.0,0.0,0.0,0,0.0,0.0,0.0,1.0,0.0,0.0,0.0,0.0,0.0,0,0.0,0.0,0.0,7117.32,0.0,0.0,0.0,0.0,0.0,0,0.0,0.0,0.0,161.02
ETH_2013_74,4.0,14601.39,330.34,0.0,0.0,0.0,0.0,2.0,0,0.0,0.0,0.0,2.0,0.0,0.0,0.0,0.0,9401.47,0,0.0,0.0,0.0,5199.92,0.0,0.0,0.0,0.0,212.7,0,0.0,0.0,0.0,117.64
ETH_2013_75,0.0,0.0,0.0,0.0,0.0,0.0,0.0,0.0,0,0.0,0.0,0.0,0.0,0.0,0.0,0.0,0.0,0.0,0,0.0,0.0,0.0,0.0,0.0,0.0,0.0,0.0,0.0,0,0.0,0.0,0.0,0.0
ETH_2013_76,4.0,13796.6,312.14,0.0,0.0,0.0,0.0,2.0,0,0.0,0.0,0.0,2.0,0.0,0.0,0.0,0.0,10497.38,0,0.0,0.0,0.0,3299.22,0.0,0.0,0.0,0.0,237.5,0,0.0,0.0,0.0,74.64
ETH_2013_77,38.0,42316.14,957.42,0.0,24.0,0.0,0.0,2.0,0,1.0,0.0,10.0,0.0,0.0,10578.99,0.0,0.0,11525.42,0,417.21,0.0,19154.9,0.0,0.0,239.35,0.0,0.0,260.77,0,9.44,0.0,433.39,0.0
ETH_2013_78,719.0,228600.42,5172.58,1.0,631.0,0.0,0.0,0.0,0,46.0,0.0,0.0,29.0,6899.52,162313.71,0.0,0.0,0.0,0,23555.58,0.0,0.0,27333.82,156.12,3672.7,0.0,0.0,0.0,0,533.0,0.0,0.0,618.49
ETH_2013_79,808.0,259520.54,5872.44,1.0,700.0,0.0,2.0,0.0,0,56.0,0.0,0.0,29.0,3427.57,186316.36,0.0,895.59,0.0,0,28955.13,0.0,0.0,27015.26,77.56,4215.97,0.0,20.27,0.0,0,655.2,0.0,0.0,611.3
ETH_2013_8,0.0,0.0,0.0,0.0,0.0,0.0,0.0,0.0,0,0.0,0.0,0.0,0.0,0.0,0.0,0.0,0.0,0.0,0,0.0,0.0,0.0,0.0,0.0,0.0,0.0,0.0,0.0,0,0.0,0.0,0.0,0.0
ETH_2013_80,3.0,13133.64,297.2,0.0,1.0,0.0,0.0,0.0,0,1.0,0.0,0.0,1.0,0.0,484.87,0.0,0.0,0.0,0,1650.06,0.0,0.0,10998.71,0.0,10.97,0.0,0.0,0.0,0,37.34,0.0,0.0,248.89
ETH_2013_81,875.0,289861.16,6559.35,1.0,763.0,0.0,2.0,0.0,0,58.0,0.0,1.0,32.0,6326.83,206694.3,0.0,895.59,0.0,0,33582.93,0.0,296.79,28657.3,143.17,4677.34,0.0,20.27,0.0,0,759.96,0.0,6.72,648.49
ETH_2013_82,871.0,287687.7,6510.36,1.0,757.0,0.0,2.0,0.0,0,62.0,0.0,1.0,32.0,6804.49,203274.26,0.0,895.59,0.0,0,36376.08,0.0,296.79,27663.16,153.99,4600.09,0.0,20.27,0.0,0,823.19,0.0,6.72,626.02
ETH_2013_83,853.0,279504.4,6325.24,1.0,740.0,0.0,2.0,0.0,0,62.0,0.0,1.0,31.0,6803.3,198181.45,0.0,895.59,0.0,0,36713.15,0.0,296.79,24236.79,153.96,4484.88,0.0,20.27,0.0,0,830.83,0.0,6.72,548.48
ETH_2013_84,801.0,262633.81,5943.53,1.0,691.0,0.0,2.0,0.0,0,62.0,0.0,1.0,28.0,6802.77,185013.31,0.0,895.59,0.0,0,36744.32,0.0,296.79,20503.7,153.95,4186.94,0.0,20.27,0.0,0,831.54,0.0,6.72,464.01
ETH_2013_85,5.0,19247.7,435.59,0.0,0.0,0.0,0.0,0.0,0,2.0,0.0,0.0,1.0,0.0,0.0,0.0,0.0,0.0,0,9958.33,0.0,0.0,5305.85,0.0,0.0,0.0,0.0,0.0,0,225.36,0.0,0.0,120.08
ETH_2013_86,624.0,211825.76,4793.85,1.0,527.0,0.0,2.0,0.0,0,57.0,0.0,1.0,20.0,7170.59,143288.59,0.0,895.59,0.0,0,35287.49,0.0,296.79,12509.37,162.28,3242.78,0.0,20.27,0.0,0,798.6,0.0,6.72,283.1
ETH_2013_87,61.0,28619.29,647.69,0.0,56.0,0.0,0.0,4.0,0,0.0,0.0,0.0,0.0,0.0,19381.04,0.0,0.0,8543.6,0,0.0,0.0,0.0,0.0,0.0,438.62,0.0,0.0,193.35,0,0.0,0.0,0.0,0.0
ETH_2013_88,596.0,204080.19,4618.61,1.0,499.0,0.0,2.0,0.0,0,55.0,0.0,1.0,22.0,7194.86,136431.5,0.0,895.59,0.0,0,34176.23,0.0,296.79,12707.87,162.83,3087.63,0.0,20.27,0.0,0,773.45,0.0,6.72,287.6
ETH_2013_89,9.0,11983.47,271.24,0.0,0.0,0.0,0.0,0.0,0,1.0,0.0,1.0,0.0,0.0,0.0,0.0,0.0,0.0,0,4608.18,0.0,3755.69,0.0,0.0,0.0,0.0,0.0,0.0,0,104.3,0.0,85.01,0.0
ETH_2013_9,0.0,0.0,0.0,0.0,0.0,0.0,0.0,0.0,0,0.0,0.0,0.0,0.0,0.0,0.0,0.0,0.0,0.0,0,0.0,0.0,0.0,0.0,0.0,0.0,0.0,0.0,0.0,0,0.0,0.0,0.0,0.0
ETH_2013_90,57.0,60723.41,1374.45,0.0,48.0,0.0,0.0,1.0,0,0.0,0.0,5.0,0.0,0.0,37718.23,0.0,0.0,7526.98,0,0.0,0.0,10018.99,0.0,0.0,853.74,0.0,0.0,170.37,0,0.0,0.0,226.78,0.0
ETH_2013_91,1.0,3611.98,81.76,0.0,0.0,0.0,0.0,0.0,0,0.0,0.0,1.0,0.0,0.0,0.0,0.0,0.0,0.0,0,0.0,0.0,3611.98,0.0,0.0,0.0,0.0,0.0,0.0,0,0.0,0.0,81.76,0.0
ETH_2013_92,39.0,35344.74,800.02,0.0,23.0,0.0,0.0,3.0,0,1.0,0.0,0.0,4.0,0.0,9278.61,0.0,0.0,6057.4,0,5497.98,0.0,0.0,7302.15,0.0,210.02,0.0,0.0,137.11,0,124.45,0.0,0.0,165.28
ETH_2013_93,39.0,29541.7,668.7,0.0,30.0,0.0,0.0,0.0,0,0.0,0.0,5.0,1.0,0.0,9280.98,0.0,0.0,0.0,0,0.0,0.0,9724.46,5807.56,0.0,210.08,0.0,0.0,0.0,0,0.0,0.0,220.12,131.46
ETH_2013_94,1.0,3092.56,70.01,0.0,0.0,0.0,0.0,1.0,0,0.0,0.0,0.0,0.0,0.0,0.0,0.0,0.0,3092.56,0,0.0,0.0,0.0,0.0,0.0,0.0,0.0,0.0,70.01,0,0.0,0.0,0.0,0.0
ETH_2013_95,4.0,11763.5,266.32,0.0,0.0,0.0,0.0,0.0,0,1.0,0.0,0.0,1.0,0.0,0.0,0.0,0.0,0.0,0,2657.0,0.0,0.0,8327.86,0.0,0.0,0.0,0.0,0.0,0,60.15,0.0,0.0,188.54
ETH_2013_96,1.0,8311.4,188.18,0.0,0.0,0.0,0.0,0.0,0,1.0,0.0,0.0,0.0,0.0,0.0,0.0,0.0,0.0,0,8311.4,0.0,0.0,0.0,0.0,0.0,0.0,0.0,0.0,0,188.18,0.0,0.0,0.0
ETH_2013_97,7.0,12893.65,291.93,0.0,5.0,0.0,0.0,0.0,0,0.0,0.0,1.0,0.0,0.0,4095.69,0.0,0.0,0.0,0,0.0,0.0,479.31,0.0,0.0,92.73,0.0,0.0,0.0,0,0.0,0.0,10.85,0.0
ETH_2013_98,311.0,149477.69,3384.42,1.0,209.0,0.0,0.0,3.0,0,2.0,0.0,7.0,1.0,4862.8,58850.37,0.0,0.0,4305.54,0,6665.49,0.0,12254.92,829.53,110.1,1332.47,0.0,0.0,97.48,0,150.92,0.0,277.47,18.78
ETH_2013_99,3.0,11336.47,256.68,0.0,0.0,0.0,0.0,0.0,0,1.0,0.0,1.0,1.0,0.0,0.0,0.0,0.0,0.0,0,7726.16,0.0,984.9,2625.41,0.0,0.0,0.0,0.0,0.0,0,174.94,0.0,22.3,59.44
