id,building_count,building_area,building_density,residential_count,residential_area,residential_density,industry_count,industry_area,industry_density,education_count,education_area,education_density,health_count,health_area,health_density
MLI_2014_0,0.0,0.0,0.0,3.0,1172617.32,26996.22,0.0,0.0,0.0,3.0,0.0,0.0,0.0,0.0,0.0
MLI_2014_1,0.0,0.0,0.0,1.0,17184.8,395.85,0.0,0.0,0.0,2.0,0.0,0.0,0.0,0.0,0.0
MLI_2014_10,0.0,0.0,0.0,4.0,826101.2,19054.94,0.0,0.0,0.0,6.0,0.0,0.0,0.0,0.0,0.0
MLI_2014_100,0.0,0.0,0.0,0.0,0.0,0.0,0.0,0.0,0.0,4.0,0.0,0.0,0.0,0.0,0.0
MLI_2014_101,26.0,1760.92,40.97,5.0,364098.97,8471.39,0.0,0.0,0.0,2.0,0.0,0.0,0.0,0.0,0.0
MLI_2014_102,0.0,0.0,0.0,1.0,33874.22,788.2,0.0,0.0,0.0,0.0,0.0,0.0,0.0,0.0,0.0
MLI_2014_103,0.0,0.0,0.0,0.0,0.0,0.0,0.0,0.0,0.0,1.0,0.0,0.0,0.0,0.0,0.0
MLI_2014_104,2319.0,135922.31,3163.92,13.0,2121120.91,49374.25,0.0,0.0,0.0,9.0,0.0,0.0,3.0,0.0,0.0
MLI_2014_105,0.0,0.0,0.0,0.0,0.0,0.0,0.0,0.0,0.0,2.0,0.0,0.0,0.0,0.0,0.0
MLI_2014_106,1182.0,61650.02,1435.35,24.0,1171086.93,27265.55,0.0,0.0,0.0,2.0,0.0,0.0,0.0,0.0,0.0
MLI_2014_107,0.0,0.0,0.0,0.0,0.0,0.0,0.0,0.0,0.0,2.0,0.0,0.0,0.0,0.0,0.0
MLI_2014_108,0.0,0.0,0.0,8.0,61660.73,1435.77,0.0,0.0,0.0,2.0,0.0,0.0,0.0,0.0,0.0
MLI_2014_109,0.0,0.0,0.0,12.0,33523.54,780.64,0.0,0.0,0.0,2.0,0.0,0.0,0.0,0.0,0.0
MLI_2014_11,0.0,0.0,0.0,2.0,110382.49,2546.42,0.0,0.0,0.0,1.0,0.0,0.0,0.0,0.0,0.0
MLI_2014_110,0.0,0.0,0.0,9.0,347281.11,8087.46,0.0,0.0,0.0,1.0,0.0,0.0,0.0,0.0,0.0
MLI_2014_111,0.0,0.0,0.0,2.0,341582.7,7955.88,0.0,0.0,0.0,3.0,0.0,0.0,0.0,0.0,0.0
MLI_2014_112,0.0,0.0,0.0,9.0,465404.92,10840.75,0.0,0.0,0.0,2.0,0.0,0.0,0.0,0.0,0.0
MLI_2014_113,0.0,0.0,0.0,0.0,0.0,0.0,0.0,0.0,0.0,2.0,0.0,0.0,0.0,0.0,0.0
MLI_2014_114,0.0,0.0,0.0,1.0,173179.85,4034.03,0.0,0.0,0.0,4.0,0.0,0.0,0.0,0.0,0.0
MLI_2014_115,0.0,0.0,0.0,12.0,184407.36,4295.81,0.0,0.0,0.0,3.0,0.0,0.0,0.0,0.0,0.0
MLI_2014_116,0.0,0.0,0.0,0.0,0.0,0.0,0.0,0.0,0.0,0.0,0.0,0.0,0.0,0.0,0.0
MLI_2014_117,0.0,0.0,0.0,12.0,268446.03,6254.81,0.0,0.0,0.0,4.0,0.0,0.0,0.0,0.0,0.0
MLI_2014_118,0.0,0.0,0.0,0.0,0.0,0.0,0.0,0.0,0.0,0.0,0.0,0.0,0.0,0.0,0.0
MLI_2014_119,0.0,0.0,0.0,2.0,2251.1,52.47,0.0,0.0,0.0,3.0,0.0,0.0,0.0,0.0,0.0
MLI_2014_12,0.0,0.0,0.0,0.0,0.0,0.0,0.0,0.0,0.0,1.0,0.0,0.0,0.0,0.0,0.0
MLI_2014_120,0.0,0.0,0.0,4.0,386370.62,9006.03,0.0,0.0,0.0,2.0,0.0,0.0,0.0,0.0,0.0
MLI_2014_121,1.0,10.5,0.24,5.0,40201.67,937.12,0.0,0.0,0.0,0.0,0.0,0.0,0.0,0.0,0.0
MLI_2014_122,0.0,0.0,0.0,10.0,295557.73,6890.15,0.0,0.0,0.0,3.0,0.0,0.0,0.0,0.0,0.0
MLI_2014_123,0.0,0.0,0.0,8.0,288555.83,6727.05,0.0,0.0,0.0,2.0,0.0,0.0,0.0,0.0,0.0
MLI_2014_124,0.0,0.0,0.0,3.0,93190.57,2172.57,0.0,0.0,0.0,1.0,0.0,0.0,0.0,0.0,0.0
MLI_2014_125,0.0,0.0,0.0,1.0,428.39,9.99,0.0,0.0,0.0,0.0,0.0,0.0,0.0,0.0,0.0
MLI_2014_126,0.0,0.0,0.0,0.0,0.0,0.0,0.0,0.0,0.0,2.0,0.0,0.0,0.0,0.0,0.0
MLI_2014_127,17.0,2412.29,56.25,11.0,5283185.51,123193.93,0.0,0.0,0.0,11.0,0.0,0.0,1.0,0.0,0.0
MLI_2014_128,3.0,142.14,3.31,2.0,276801.48,6455.19,0.0,0.0,0.0,0.0,0.0,0.0,0.0,0.0,0.0
MLI_2014_129,506.0,12803.6,298.61,2.0,359785.45,8391.15,0.0,0.0,0.0,2.0,0.0,0.0,0.0,0.0,0.0
MLI_2014_13,0.0,0.0,0.0,0.0,0.0,0.0,0.0,0.0,0.0,0.0,0.0,0.0,1.0,0.0,0.0
MLI_2014_130,0.0,0.0,0.0,3.0,176576.9,4118.78,0.0,0.0,0.0,2.0,0.0,0.0,0.0,0.0,0.0
MLI_2014_131,347.0,9114.0,212.59,1.0,284726.45,6641.46,0.0,0.0,0.0,2.0,0.0,0.0,0.0,0.0,0.0
MLI_2014_132,91.0,6919.12,161.41,2.0,104724.54,2442.97,0.0,0.0,0.0,2.0,0.0,0.0,0.0,0.0,0.0
MLI_2014_133,0.0,0.0,0.0,0.0,0.0,0.0,0.0,0.0,0.0,0.0,0.0,0.0,0.0,0.0,0.0
MLI_2014_134,0.0,0.0,0.0,6.0,337279.08,7868.33,0.0,0.0,0.0,3.0,0.0,0.0,0.0,0.0,0.0
MLI_2014_135,46.0,859.27,20.05,4.0,118795.81,2771.63,0.0,0.0,0.0,1.0,0.0,0.0,0.0,0.0,0.0
MLI_2014_136,0.0,0.0,0.0,0.0,0.0,0.0,0.0,0.0,0.0,2.0,0.0,0.0,0.0,0.0,0.0
MLI_2014_137,0.0,0.0,0.0,0.0,0.0,0.0,0.0,0.0,0.0,1.0,0.0,0.0,0.0,0.0,0.0
MLI_2014_138,0.0,0.0,0.0,0.0,0.0,0.0,0.0,0.0,0.0,0.0,0.0,0.0,0.0,0.0,0.0
MLI_2014_139,0.0,0.0,0.0,1.0,342061.17,7983.65,0.0,0.0,0.0,1.0,0.0,0.0,0.0,0.0,0.0
MLI_2014_14,0.0,0.0,0.0,0.0,0.0,0.0,0.0,0.0,0.0,0.0,0.0,0.0,0.0,0.0,0.0
MLI_2014_140,0.0,0.0,0.0,1.0,11771.25,274.76,0.0,0.0,0.0,1.0,0.0,0.0,0.0,0.0,0.0
MLI_2014_141,0.0,0.0,0.0,6.0,60131.27,1403.7,0.0,0.0,0.0,0.0,0.0,0.0,0.0,0.0,0.0
MLI_2014_142,0.0,0.0,0.0,0.0,0.0,0.0,0.0,0.0,0.0,0.0,0.0,0.0,0.0,0.0,0.0
MLI_2014_143,3.0,214.58,5.01,0.0,0.0,0.0,0.0,0.0,0.0,6.0,0.0,0.0,0.0,0.0,0.0
MLI_2014_144,0.0,0.0,0.0,0.0,0.0,0.0,0.0,0.0,0.0,0.0,0.0,0.0,0.0,0.0,0.0
MLI_2014_145,0.0,0.0,0.0,2.0,485069.31,11326.67,0.0,0.0,0.0,3.0,0.0,0.0,0.0,0.0,0.0
MLI_2014_146,0.0,0.0,0.0,0.0,0.0,0.0,0.0,0.0,0.0,0.0,0.0,0.0,1.0,0.0,0.0
MLI_2014_147,0.0,0.0,0.0,21.0,61368.37,1433.07,0.0,0.0,0.0,2.0,0.0,0.0,0.0,0.0,0.0
MLI_2014_148,0.0,0.0,0.0,1.0,99966.85,2334.83,0.0,0.0,0.0,5.0,0.0,0.0,0.0,0.0,0.0
MLI_2014_149,0.0,0.0,0.0,0.0,0.0,0.0,0.0,0.0,0.0,3.0,0.0,0.0,0.0,0.0,0.0
MLI_2014_15,0.0,0.0,0.0,0.0,0.0,0.0,0.0,0.0,0.0,1.0,0.0,0.0,0.0,0.0,0.0
MLI_2014_150,129.0,13770.47,321.71,1.0,1696308.49,39629.35,0.0,0.0,0.0,4.0,0.0,0.0,3.0,0.0,0.0
MLI_2014_151,0.0,0.0,0.0,0.0,0.0,0.0,0.0,0.0,0.0,0.0,0.0,0.0,1.0,0.0,0.0
MLI_2014_152,0.0,0.0,0.0,7.0,37135.82,867.64,0.0,0.0,0.0,2.0,0.0,0.0,0.0,0.0,0.0
MLI_2014_153,419.0,26671.02,623.16,105.0,374159.66,8742.1,0.0,0.0,0.0,1.0,659.52,15.41,3.0,0.0,0.0
MLI_2014_154,0.0,0.0,0.0,0.0,0.0,0.0,0.0,0.0,0.0,0.0,0.0,0.0,0.0,0.0,0.0
MLI_2014_155,0.0,0.0,0.0,0.0,0.0,0.0,0.0,0.0,0.0,1.0,0.0,0.0,0.0,0.0,0.0
MLI_2014_156,0.0,0.0,0.0,0.0,0.0,0.0,0.0,0.0,0.0,3.0,0.0,0.0,0.0,0.0,0.0
MLI_2014_157,0.0,0.0,0.0,3.0,43059.93,1006.64,0.0,0.0,0.0,0.0,0.0,0.0,0.0,0.0,0.0
MLI_2014_158,294.0,54353.05,1270.72,27.0,6713362.69,156952.22,0.0,0.0,0.0,21.0,13965.94,326.51,5.0,0.0,0.0
MLI_2014_159,0.0,0.0,0.0,0.0,0.0,0.0,0.0,0.0,0.0,1.0,0.0,0.0,0.0,0.0,0.0
MLI_2014_16,0.0,0.0,0.0,0.0,0.0,0.0,0.0,0.0,0.0,0.0,0.0,0.0,1.0,0.0,0.0
MLI_2014_160,0.0,0.0,0.0,0.0,0.0,0.0,0.0,0.0,0.0,2.0,0.0,0.0,0.0,0.0,0.0
MLI_2014_161,0.0,0.0,0.0,0.0,0.0,0.0,0.0,0.0,0.0,3.0,0.0,0.0,0.0,0.0,0.0
MLI_2014_162,0.0,0.0,0.0,0.0,0.0,0.0,0.0,0.0,0.0,2.0,0.0,0.0,0.0,0.0,0.0
MLI_2014_163,243.0,65692.45,1536.19,20.0,9265674.12,216673.39,0.0,0.0,0.0,59.0,28956.84,677.14,31.0,138.66,3.24
MLI_2014_164,0.0,0.0,0.0,0.0,0.0,0.0,0.0,0.0,0.0,0.0,0.0,0.0,0.0,0.0,0.0
MLI_2014_165,0.0,0.0,0.0,0.0,0.0,0.0,0.0,0.0,0.0,0.0,0.0,0.0,0.0,0.0,0.0
MLI_2014_166,0.0,0.0,0.0,0.0,0.0,0.0,0.0,0.0,0.0,1.0,0.0,0.0,0.0,0.0,0.0
MLI_2014_167,0.0,0.0,0.0,5.0,417481.45,9763.72,0.0,0.0,0.0,0.0,0.0,0.0,0.0,0.0,0.0
MLI_2014_168,85.0,8443.09,197.46,39.0,374901.61,8768.06,0.0,0.0,0.0,0.0,0.0,0.0,0.0,0.0,0.0
MLI_2014_169,0.0,0.0,0.0,1.0,858100.51,20069.62,0.0,0.0,0.0,2.0,0.0,0.0,0.0,0.0,0.0
MLI_2014_17,0.0,0.0,0.0,1.0,688033.79,15880.93,0.0,0.0,0.0,1.0,0.0,0.0,0.0,0.0,0.0
MLI_2014_170,2213.0,610794.43,14287.38,294.0,18682810.13,437018.25,0.0,0.0,0.0,61.0,339303.07,7936.8,77.0,1542.23,36.07
MLI_2014_171,833.0,423226.24,9900.34,43.0,23608651.91,552266.61,0.0,0.0,0.0,216.0,790417.59,18489.88,89.0,1813.42,42.42
MLI_2014_172,965.0,214993.69,5029.78,37.0,6634163.35,155206.48,0.0,0.0,0.0,9.0,0.0,0.0,2.0,50576.27,1183.23
MLI_2014_173,0.0,0.0,0.0,0.0,0.0,0.0,0.0,0.0,0.0,2.0,0.0,0.0,0.0,0.0,0.0
MLI_2014_174,0.0,0.0,0.0,0.0,0.0,0.0,0.0,0.0,0.0,5.0,0.0,0.0,0.0,0.0,0.0
MLI_2014_175,0.0,0.0,0.0,0.0,0.0,0.0,0.0,0.0,0.0,0.0,0.0,0.0,0.0,0.0,0.0
MLI_2014_176,156.0,25276.86,591.44,56.0,3599170.32,84215.67,0.0,0.0,0.0,13.0,21319.6,498.85,1.0,0.0,0.0
MLI_2014_177,1018.0,579635.19,13562.78,102.0,17295603.24,404696.82,0.0,0.0,0.0,13.0,190325.56,4453.39,39.0,1907.37,44.63
MLI_2014_178,0.0,0.0,0.0,0.0,0.0,0.0,0.0,0.0,0.0,1.0,0.0,0.0,0.0,0.0,0.0
MLI_2014_179,0.0,0.0,0.0,0.0,0.0,0.0,0.0,0.0,0.0,4.0,0.0,0.0,0.0,0.0,0.0
MLI_2014_18,0.0,0.0,0.0,2.0,3363249.29,77650.13,0.0,0.0,0.0,5.0,0.0,0.0,0.0,0.0,0.0
MLI_2014_180,0.0,0.0,0.0,0.0,0.0,0.0,0.0,0.0,0.0,2.0,0.0,0.0,0.0,0.0,0.0
MLI_2014_181,1564.0,760814.87,17804.77,107.0,14403307.23,337069.66,0.0,0.0,0.0,19.0,282024.74,6600.01,40.0,42734.99,1000.09
MLI_2014_182,1922.0,1011118.37,23662.53,150.0,16484209.88,385768.97,0.0,0.0,0.0,129.0,234042.61,5477.14,79.0,47954.27,1122.24
MLI_2014_183,0.0,0.0,0.0,0.0,0.0,0.0,0.0,0.0,0.0,0.0,0.0,0.0,0.0,0.0,0.0
MLI_2014_184,969.0,235030.16,5500.96,75.0,20365728.66,476666.85,0.0,0.0,0.0,16.0,29290.46,685.55,2.0,0.0,0.0
MLI_2014_185,2011.0,1013643.57,23724.85,292.0,22461465.16,525722.17,0.0,0.0,0.0,244.0,345781.67,8093.2,88.0,12658.92,296.29
MLI_2014_186,0.0,0.0,0.0,0.0,0.0,0.0,0.0,0.0,0.0,1.0,0.0,0.0,0.0,0.0,0.0
MLI_2014_187,866.0,191932.47,4492.76,80.0,14038573.48,328615.16,0.0,0.0,0.0,8.0,62603.75,1465.43,5.0,0.0,0.0
MLI_2014_188,0.0,0.0,0.0,0.0,0.0,0.0,0.0,0.0,0.0,3.0,0.0,0.0,0.0,0.0,0.0
MLI_2014_189,1171.0,347951.1,8145.13,268.0,15387631.94,360206.36,0.0,0.0,0.0,166.0,264327.03,6187.58,55.0,12391.96,290.08
MLI_2014_19,0.0,0.0,0.0,4.0,2155431.0,49767.89,0.0,0.0,0.0,9.0,0.0,0.0,0.0,0.0,0.0
MLI_2014_190,844.0,293710.11,6875.46,264.0,13042673.55,305316.02,0.0,0.0,0.0,129.0,214868.04,5029.85,43.0,7039.21,164.78
MLI_2014_191,0.0,0.0,0.0,1.0,258481.12,6050.84,0.0,0.0,0.0,0.0,0.0,0.0,0.0,0.0,0.0
MLI_2014_192,0.0,0.0,0.0,2.0,293641.62,6873.98,0.0,0.0,0.0,4.0,0.0,0.0,0.0,0.0,0.0
MLI_2014_193,0.0,0.0,0.0,0.0,0.0,0.0,0.0,0.0,0.0,1.0,0.0,0.0,0.0,0.0,0.0
MLI_2014_194,0.0,0.0,0.0,2.0,366067.03,8570.41,0.0,0.0,0.0,3.0,0.0,0.0,0.0,0.0,0.0
MLI_2014_195,966.0,119865.58,2806.37,362.0,15686185.54,367255.65,0.0,0.0,0.0,53.0,45796.43,1072.22,8.0,0.0,0.0
MLI_2014_196,931.0,64534.72,1511.08,139.0,10733841.79,251333.44,0.0,0.0,0.0,14.0,19129.04,447.91,1.0,0.0,0.0
MLI_2014_197,2.0,204.24,4.78,2.0,1659107.79,38849.02,0.0,0.0,0.0,2.0,0.0,0.0,0.0,0.0,0.0
MLI_2014_198,0.0,0.0,0.0,0.0,0.0,0.0,0.0,0.0,0.0,5.0,0.0,0.0,0.0,0.0,0.0
MLI_2014_199,0.0,0.0,0.0,0.0,0.0,0.0,0.0,0.0,0.0,1.0,0.0,0.0,0.0,0.0,0.0
MLI_2014_2,0.0,0.0,0.0,3.0,279666.34,6444.69,0.0,0.0,0.0,1.0,0.0,0.0,0.0,0.0,0.0
MLI_2014_20,0.0,0.0,0.0,2.0,218939.35,5055.41,0.0,0.0,0.0,1.0,0.0,0.0,0.0,0.0,0.0
MLI_2014_200,0.0,0.0,0.0,2.0,480216.74,11245.04,0.0,0.0,0.0,4.0,0.0,0.0,0.0,0.0,0.0
MLI_2014_201,267.0,111806.96,2618.2,12.0,17528229.51,410460.81,0.0,0.0,0.0,44.0,199725.12,4676.99,16.0,51134.75,1197.43
MLI_2014_202,0.0,0.0,0.0,0.0,0.0,0.0,0.0,0.0,0.0,0.0,0.0,0.0,0.0,0.0,0.0
MLI_2014_203,0.0,0.0,0.0,12.0,32588.85,763.24,0.0,0.0,0.0,1.0,0.0,0.0,0.0,0.0,0.0
MLI_2014_204,0.0,0.0,0.0,0.0,0.0,0.0,0.0,0.0,0.0,3.0,0.0,0.0,0.0,0.0,0.0
MLI_2014_205,0.0,0.0,0.0,0.0,0.0,0.0,0.0,0.0,0.0,2.0,0.0,0.0,0.0,0.0,0.0
MLI_2014_206,0.0,0.0,0.0,3.0,229703.48,5380.08,0.0,0.0,0.0,1.0,0.0,0.0,0.0,0.0,0.0
MLI_2014_207,0.0,0.0,0.0,15.0,63346.15,1483.73,0.0,0.0,0.0,1.0,0.0,0.0,0.0,0.0,0.0
MLI_2014_208,0.0,0.0,0.0,1.0,7182.21,168.23,0.0,0.0,0.0,1.0,0.0,0.0,0.0,0.0,0.0
MLI_2014_209,0.0,0.0,0.0,1.0,12370.93,289.79,0.0,0.0,0.0,0.0,0.0,0.0,0.0,0.0,0.0
MLI_2014_21,0.0,0.0,0.0,0.0,0.0,0.0,0.0,0.0,0.0,0.0,0.0,0.0,0.0,0.0,0.0
MLI_2014_210,0.0,0.0,0.0,0.0,0.0,0.0,0.0,0.0,0.0,1.0,0.0,0.0,0.0,0.0,0.0
MLI_2014_211,0.0,0.0,0.0,0.0,0.0,0.0,0.0,0.0,0.0,0.0,0.0,0.0,0.0,0.0,0.0
MLI_2014_212,0.0,0.0,0.0,4.0,34815.0,815.65,0.0,0.0,0.0,0.0,0.0,0.0,0.0,0.0,0.0
MLI_2014_213,87.0,8269.41,193.74,20.0,1264233.47,29619.0,0.0,0.0,0.0,6.0,6771.79,158.65,2.0,0.0,0.0
MLI_2014_214,2.0,40.28,0.94,1.0,1153270.05,27020.15,0.0,0.0,0.0,2.0,0.0,0.0,0.0,0.0,0.0
MLI_2014_215,0.0,0.0,0.0,1.0,15109.86,354.05,0.0,0.0,0.0,1.0,0.0,0.0,1.0,0.0,0.0
MLI_2014_216,23.0,794.59,18.62,14.0,1484768.08,34792.44,0.0,0.0,0.0,8.0,0.0,0.0,1.0,0.0,0.0
MLI_2014_217,0.0,0.0,0.0,0.0,0.0,0.0,0.0,0.0,0.0,2.0,0.0,0.0,0.0,0.0,0.0
MLI_2014_218,0.0,0.0,0.0,0.0,0.0,0.0,0.0,0.0,0.0,1.0,0.0,0.0,0.0,0.0,0.0
MLI_2014_219,0.0,0.0,0.0,0.0,0.0,0.0,0.0,0.0,0.0,8.0,0.0,0.0,0.0,0.0,0.0
MLI_2014_22,0.0,0.0,0.0,0.0,0.0,0.0,0.0,0.0,0.0,0.0,0.0,0.0,0.0,0.0,0.0
MLI_2014_220,0.0,0.0,0.0,0.0,0.0,0.0,0.0,0.0,0.0,1.0,0.0,0.0,1.0,0.0,0.0
MLI_2014_221,0.0,0.0,0.0,0.0,0.0,0.0,0.0,0.0,0.0,6.0,0.0,0.0,0.0,0.0,0.0
MLI_2014_222,683.0,65180.27,1527.83,9.0,5233155.0,122665.62,0.0,0.0,0.0,23.0,0.0,0.0,12.0,0.0,0.0
MLI_2014_223,0.0,0.0,0.0,0.0,0.0,0.0,0.0,0.0,0.0,0.0,0.0,0.0,0.0,0.0,0.0
MLI_2014_224,0.0,0.0,0.0,0.0,0.0,0.0,0.0,0.0,0.0,1.0,0.0,0.0,0.0,0.0,0.0
MLI_2014_225,0.0,0.0,0.0,0.0,0.0,0.0,0.0,0.0,0.0,1.0,0.0,0.0,0.0,0.0,0.0
MLI_2014_226,0.0,0.0,0.0,6.0,93496.83,2191.9,0.0,0.0,0.0,1.0,0.0,0.0,0.0,0.0,0.0
MLI_2014_227,0.0,0.0,0.0,0.0,0.0,0.0,0.0,0.0,0.0,3.0,0.0,0.0,0.0,0.0,0.0
MLI_2014_228,0.0,0.0,0.0,0.0,0.0,0.0,0.0,0.0,0.0,8.0,0.0,0.0,3.0,0.0,0.0
MLI_2014_229,0.0,0.0,0.0,0.0,0.0,0.0,0.0,0.0,0.0,5.0,0.0,0.0,0.0,0.0,0.0
MLI_2014_23,0.0,0.0,0.0,1.0,11163.3,257.8,0.0,0.0,0.0,2.0,0.0,0.0,0.0,0.0,0.0
MLI_2014_230,0.0,0.0,0.0,0.0,0.0,0.0,0.0,0.0,0.0,2.0,0.0,0.0,3.0,0.0,0.0
MLI_2014_231,4.0,52.93,1.24,4.0,1571439.8,36850.9,0.0,0.0,0.0,3.0,0.0,0.0,0.0,0.0,0.0
MLI_2014_232,50.0,6123.18,143.61,2.0,6397644.74,150046.79,0.0,0.0,0.0,15.0,0.0,0.0,3.0,0.0,0.0
MLI_2014_233,0.0,0.0,0.0,2.0,134634.06,3157.7,0.0,0.0,0.0,8.0,0.0,0.0,3.0,0.0,0.0
MLI_2014_234,0.0,0.0,0.0,1.0,90908.14,2132.2,0.0,0.0,0.0,1.0,0.0,0.0,0.0,0.0,0.0
MLI_2014_235,0.0,0.0,0.0,1.0,69641.11,1633.4,0.0,0.0,0.0,1.0,0.0,0.0,0.0,0.0,0.0
MLI_2014_236,0.0,0.0,0.0,0.0,0.0,0.0,0.0,0.0,0.0,2.0,0.0,0.0,0.0,0.0,0.0
MLI_2014_237,1.0,46.24,1.08,2.0,21875.82,513.09,0.0,0.0,0.0,1.0,0.0,0.0,0.0,0.0,0.0
MLI_2014_238,0.0,0.0,0.0,0.0,0.0,0.0,0.0,0.0,0.0,0.0,0.0,0.0,1.0,0.0,0.0
MLI_2014_239,0.0,0.0,0.0,0.0,0.0,0.0,0.0,0.0,0.0,0.0,0.0,0.0,0.0,0.0,0.0
MLI_2014_24,0.0,0.0,0.0,0.0,0.0,0.0,0.0,0.0,0.0,2.0,0.0,0.0,0.0,0.0,0.0
MLI_2014_240,0.0,0.0,0.0,0.0,0.0,0.0,0.0,0.0,0.0,4.0,0.0,0.0,0.0,0.0,0.0
MLI_2014_241,0.0,0.0,0.0,0.0,0.0,0.0,0.0,0.0,0.0,3.0,0.0,0.0,0.0,0.0,0.0
MLI_2014_242,0.0,0.0,0.0,2.0,197181.69,4625.19,0.0,0.0,0.0,1.0,0.0,0.0,0.0,0.0,0.0
MLI_2014_243,0.0,0.0,0.0,5.0,405588.92,9513.85,0.0,0.0,0.0,3.0,0.0,0.0,0.0,0.0,0.0
MLI_2014_244,0.0,0.0,0.0,11.0,689915.17,16183.4,0.0,0.0,0.0,3.0,0.0,0.0,0.0,0.0,0.0
MLI_2014_245,0.0,0.0,0.0,2.0,186435.89,4373.65,0.0,0.0,0.0,0.0,0.0,0.0,0.0,0.0,0.0
MLI_2014_246,0.0,0.0,0.0,5.0,393558.6,9232.58,0.0,0.0,0.0,8.0,0.0,0.0,0.0,0.0,0.0
MLI_2014_247,0.0,0.0,0.0,3.0,967768.81,22705.79,0.0,0.0,0.0,3.0,0.0,0.0,0.0,0.0,0.0
MLI_2014_248,0.0,0.0,0.0,7.0,506980.03,11894.87,0.0,0.0,0.0,4.0,0.0,0.0,2.0,0.0,0.0
MLI_2014_249,0.0,0.0,0.0,0.0,0.0,0.0,0.0,0.0,0.0,4.0,0.0,0.0,0.0,0.0,0.0
MLI_2014_25,0.0,0.0,0.0,3.0,816507.49,18861.19,0.0,0.0,0.0,1.0,0.0,0.0,0.0,0.0,0.0
MLI_2014_250,0.0,0.0,0.0,0.0,0.0,0.0,0.0,0.0,0.0,2.0,0.0,0.0,0.0,0.0,0.0
MLI_2014_251,0.0,0.0,0.0,8.0,673670.55,15807.53,0.0,0.0,0.0,3.0,0.0,0.0,1.0,0.0,0.0
MLI_2014_252,0.0,0.0,0.0,3.0,172867.02,4056.37,0.0,0.0,0.0,0.0,0.0,0.0,0.0,0.0,0.0
MLI_2014_253,0.0,0.0,0.0,0.0,0.0,0.0,0.0,0.0,0.0,1.0,0.0,0.0,0.0,0.0,0.0
MLI_2014_254,0.0,0.0,0.0,0.0,0.0,0.0,0.0,0.0,0.0,2.0,0.0,0.0,0.0,0.0,0.0
MLI_2014_255,0.0,0.0,0.0,6.0,88167.06,2069.49,0.0,0.0,0.0,1.0,0.0,0.0,0.0,0.0,0.0
MLI_2014_256,36.0,15208.43,356.99,3.0,522393.04,12262.31,0.0,0.0,0.0,23.0,0.0,0.0,1.0,0.0,0.0
MLI_2014_257,0.0,0.0,0.0,10.0,385100.91,9040.34,0.0,0.0,0.0,2.0,0.0,0.0,0.0,0.0,0.0
MLI_2014_258,0.0,0.0,0.0,0.0,0.0,0.0,0.0,0.0,0.0,1.0,0.0,0.0,0.0,0.0,0.0
MLI_2014_259,6.0,6369.86,149.56,5.0,941670.29,22109.16,0.0,0.0,0.0,10.0,0.0,0.0,2.0,0.0,0.0
MLI_2014_26,0.0,0.0,0.0,2.0,564033.0,13030.49,0.0,0.0,0.0,2.0,0.0,0.0,0.0,0.0,0.0
MLI_2014_260,0.0,0.0,0.0,0.0,0.0,0.0,0.0,0.0,0.0,4.0,0.0,0.0,0.0,0.0,0.0
MLI_2014_261,0.0,0.0,0.0,0.0,0.0,0.0,0.0,0.0,0.0,2.0,0.0,0.0,0.0,0.0,0.0
MLI_2014_262,0.0,0.0,0.0,0.0,0.0,0.0,0.0,0.0,0.0,1.0,0.0,0.0,0.0,0.0,0.0
MLI_2014_263,0.0,0.0,0.0,0.0,0.0,0.0,0.0,0.0,0.0,4.0,0.0,0.0,0.0,0.0,0.0
MLI_2014_264,0.0,0.0,0.0,0.0,0.0,0.0,0.0,0.0,0.0,2.0,0.0,0.0,0.0,0.0,0.0
MLI_2014_265,0.0,0.0,0.0,2.0,438217.66,10291.56,0.0,0.0,0.0,3.0,0.0,0.0,0.0,0.0,0.0
MLI_2014_266,0.0,0.0,0.0,0.0,0.0,0.0,0.0,0.0,0.0,1.0,0.0,0.0,0.0,0.0,0.0
MLI_2014_267,0.0,0.0,0.0,1.0,260820.95,6126.08,0.0,0.0,0.0,4.0,0.0,0.0,0.0,0.0,0.0
MLI_2014_268,0.0,0.0,0.0,0.0,0.0,0.0,0.0,0.0,0.0,3.0,0.0,0.0,0.0,0.0,0.0
MLI_2014_269,0.0,0.0,0.0,1.0,525203.37,12336.37,0.0,0.0,0.0,2.0,0.0,0.0,0.0,0.0,0.0
MLI_2014_27,0.0,0.0,0.0,2.0,460640.78,10643.16,0.0,0.0,0.0,1.0,0.0,0.0,0.0,0.0,0.0
MLI_2014_270,0.0,0.0,0.0,0.0,0.0,0.0,0.0,0.0,0.0,1.0,0.0,0.0,0.0,0.0,0.0
MLI_2014_271,0.0,0.0,0.0,0.0,0.0,0.0,0.0,0.0,0.0,1.0,0.0,0.0,0.0,0.0,0.0
MLI_2014_272,0.0,0.0,0.0,0.0,0.0,0.0,0.0,0.0,0.0,4.0,0.0,0.0,0.0,0.0,0.0
MLI_2014_273,0.0,0.0,0.0,3.0,203903.87,4789.92,0.0,0.0,0.0,1.0,0.0,0.0,0.0,0.0,0.0
MLI_2014_274,0.0,0.0,0.0,0.0,0.0,0.0,0.0,0.0,0.0,2.0,0.0,0.0,0.0,0.0,0.0
MLI_2014_275,0.0,0.0,0.0,0.0,0.0,0.0,0.0,0.0,0.0,3.0,0.0,0.0,0.0,0.0,0.0
MLI_2014_276,0.0,0.0,0.0,0.0,0.0,0.0,0.0,0.0,0.0,4.0,0.0,0.0,0.0,0.0,0.0
MLI_2014_277,0.0,0.0,0.0,0.0,0.0,0.0,0.0,0.0,0.0,1.0,0.0,0.0,0.0,0.0,0.0
MLI_2014_278,0.0,0.0,0.0,5.0,616399.38,14482.8,0.0,0.0,0.0,4.0,0.0,0.0,0.0,0.0,0.0
MLI_2014_279,0.0,0.0,0.0,0.0,0.0,0.0,0.0,0.0,0.0,2.0,0.0,0.0,0.0,0.0,0.0
MLI_2014_28,0.0,0.0,0.0,1.0,98361.09,2272.73,0.0,0.0,0.0,3.0,0.0,0.0,0.0,0.0,0.0
MLI_2014_280,4.0,616.66,14.49,6.0,144183.41,3388.02,0.0,0.0,0.0,1.0,0.0,0.0,0.0,0.0,0.0
MLI_2014_281,0.0,0.0,0.0,1.0,147124.84,3457.36,0.0,0.0,0.0,3.0,0.0,0.0,0.0,0.0,0.0
MLI_2014_282,0.0,0.0,0.0,0.0,0.0,0.0,0.0,0.0,0.0,0.0,0.0,0.0,0.0,0.0,0.0
MLI_2014_283,0.0,0.0,0.0,6.0,147769.14,3473.03,0.0,0.0,0.0,0.0,0.0,0.0,0.0,0.0,0.0
MLI_2014_284,11.0,6561.48,154.22,3.0,1745018.51,41015.73,0.0,0.0,0.0,7.0,0.0,0.0,3.0,0.0,0.0
MLI_2014_285,0.0,0.0,0.0,0.0,0.0,0.0,0.0,0.0,0.0,1.0,0.0,0.0,0.0,0.0,0.0
MLI_2014_286,4.0,43.32,1.02,5.0,1143711.5,26887.28,0.0,0.0,0.0,4.0,0.0,0.0,0.0,0.0,0.0
MLI_2014_287,0.0,0.0,0.0,1.0,669576.83,15741.81,0.0,0.0,0.0,4.0,0.0,0.0,0.0,0.0,0.0
MLI_2014_288,0.0,0.0,0.0,6.0,309077.85,7266.5,0.0,0.0,0.0,4.0,0.0,0.0,0.0,0.0,0.0
MLI_2014_289,0.0,0.0,0.0,1.0,332689.86,7822.2,0.0,0.0,0.0,2.0,0.0,0.0,0.0,0.0,0.0
MLI_2014_29,0.0,0.0,0.0,0.0,0.0,0.0,0.0,0.0,0.0,4.0,0.0,0.0,0.0,0.0,0.0
MLI_2014_290,0.0,0.0,0.0,0.0,0.0,0.0,0.0,0.0,0.0,3.0,0.0,0.0,0.0,0.0,0.0
MLI_2014_291,0.0,0.0,0.0,1.0,1579903.21,37151.31,0.0,0.0,0.0,5.0,0.0,0.0,2.0,0.0,0.0
MLI_2014_292,2.0,664.64,15.63,1.0,513694.72,12079.72,0.0,0.0,0.0,2.0,0.0,0.0,0.0,0.0,0.0
MLI_2014_293,0.0,0.0,0.0,1.0,1657955.45,38987.47,0.0,0.0,0.0,4.0,0.0,0.0,2.0,0.0,0.0
MLI_2014_294,0.0,0.0,0.0,0.0,0.0,0.0,0.0,0.0,0.0,1.0,0.0,0.0,0.0,0.0,0.0
MLI_2014_295,0.0,0.0,0.0,3.0,150233.14,3532.99,0.0,0.0,0.0,2.0,0.0,0.0,0.0,0.0,0.0
MLI_2014_296,0.0,0.0,0.0,1.0,268333.15,6310.32,0.0,0.0,0.0,0.0,0.0,0.0,0.0,0.0,0.0
MLI_2014_297,0.0,0.0,0.0,0.0,0.0,0.0,0.0,0.0,0.0,0.0,0.0,0.0,0.0,0.0,0.0
MLI_2014_298,3.0,455.41,10.71,2.0,312635.53,7352.65,0.0,0.0,0.0,1.0,0.0,0.0,0.0,0.0,0.0
MLI_2014_299,0.0,0.0,0.0,0.0,0.0,0.0,0.0,0.0,0.0,1.0,0.0,0.0,1.0,0.0,0.0
MLI_2014_3,0.0,0.0,0.0,1.0,436610.66,10064.33,0.0,0.0,0.0,2.0,0.0,0.0,0.0,0.0,0.0
MLI_2014_30,0.0,0.0,0.0,0.0,0.0,0.0,0.0,0.0,0.0,1.0,0.0,0.0,0.0,0.0,0.0
MLI_2014_300,0.0,0.0,0.0,4.0,183573.91,4317.69,0.0,0.0,0.0,1.0,0.0,0.0,0.0,0.0,0.0
MLI_2014_301,0.0,0.0,0.0,0.0,0.0,0.0,0.0,0.0,0.0,0.0,0.0,0.0,1.0,0.0,0.0
MLI_2014_302,0.0,0.0,0.0,3.0,296494.53,6973.97,0.0,0.0,0.0,2.0,0.0,0.0,0.0,0.0,0.0
MLI_2014_303,0.0,0.0,0.0,5.0,14964.47,352.0,0.0,0.0,0.0,1.0,0.0,0.0,0.0,0.0,0.0
MLI_2014_304,36.0,11243.37,264.47,2.0,14837400.88,349014.9,0.0,0.0,0.0,47.0,0.0,0.0,7.0,0.0,0.0
MLI_2014_305,0.0,0.0,0.0,0.0,0.0,0.0,0.0,0.0,0.0,1.0,0.0,0.0,0.0,0.0,0.0
MLI_2014_306,0.0,0.0,0.0,1.0,634358.26,14921.94,0.0,0.0,0.0,3.0,0.0,0.0,0.0,0.0,0.0
MLI_2014_307,0.0,0.0,0.0,1.0,66872.67,1573.05,0.0,0.0,0.0,1.0,0.0,0.0,0.0,0.0,0.0
MLI_2014_308,0.0,0.0,0.0,18.0,521046.42,12256.9,0.0,0.0,0.0,2.0,0.0,0.0,0.0,0.0,0.0
MLI_2014_309,0.0,0.0,0.0,10.0,523190.35,12307.87,0.0,0.0,0.0,2.0,0.0,0.0,0.0,0.0,0.0
MLI_2014_31,0.0,0.0,0.0,1.0,185917.37,4296.7,0.0,0.0,0.0,2.0,0.0,0.0,0.0,0.0,0.0
MLI_2014_310,0.0,0.0,0.0,5.0,597037.48,14045.65,0.0,0.0,0.0,3.0,0.0,0.0,0.0,0.0,0.0
MLI_2014_311,0.0,0.0,0.0,16.0,474857.27,11171.67,0.0,0.0,0.0,2.0,0.0,0.0,0.0,0.0,0.0
MLI_2014_312,0.0,0.0,0.0,4.0,1047014.21,24633.17,0.0,0.0,0.0,4.0,0.0,0.0,0.0,0.0,0.0
MLI_2014_313,0.0,0.0,0.0,0.0,0.0,0.0,0.0,0.0,0.0,2.0,0.0,0.0,0.0,0.0,0.0
MLI_2014_314,0.0,0.0,0.0,4.0,395522.32,9305.79,0.0,0.0,0.0,0.0,0.0,0.0,0.0,0.0,0.0
MLI_2014_315,0.0,0.0,0.0,2.0,516333.34,12148.67,0.0,0.0,0.0,2.0,0.0,0.0,0.0,0.0,0.0
MLI_2014_316,0.0,0.0,0.0,0.0,0.0,0.0,0.0,0.0,0.0,0.0,0.0,0.0,0.0,0.0,0.0
MLI_2014_317,0.0,0.0,0.0,2.0,161339.34,3796.2,0.0,0.0,0.0,5.0,0.0,0.0,0.0,0.0,0.0
MLI_2014_318,0.0,0.0,0.0,0.0,0.0,0.0,0.0,0.0,0.0,2.0,0.0,0.0,0.0,0.0,0.0
MLI_2014_319,0.0,0.0,0.0,0.0,0.0,0.0,0.0,0.0,0.0,4.0,0.0,0.0,0.0,0.0,0.0
MLI_2014_32,0.0,0.0,0.0,1.0,124726.73,2883.26,0.0,0.0,0.0,1.0,0.0,0.0,0.0,0.0,0.0
MLI_2014_320,0.0,0.0,0.0,7.0,1190602.12,28016.5,0.0,0.0,0.0,4.0,0.0,0.0,0.0,0.0,0.0
MLI_2014_321,0.0,0.0,0.0,1.0,229894.26,5409.74,0.0,0.0,0.0,6.0,0.0,0.0,0.0,0.0,0.0
MLI_2014_322,0.0,0.0,0.0,3.0,808800.39,19033.9,0.0,0.0,0.0,3.0,0.0,0.0,0.0,0.0,0.0
MLI_2014_323,0.0,0.0,0.0,0.0,0.0,0.0,0.0,0.0,0.0,1.0,0.0,0.0,0.0,0.0,0.0
MLI_2014_324,0.0,0.0,0.0,6.0,43394.28,1021.31,0.0,0.0,0.0,0.0,0.0,0.0,0.0,0.0,0.0
MLI_2014_325,0.0,0.0,0.0,8.0,262883.57,6187.3,0.0,0.0,0.0,2.0,0.0,0.0,0.0,0.0,0.0
MLI_2014_326,0.0,0.0,0.0,2.0,380379.46,8953.04,0.0,0.0,0.0,2.0,0.0,0.0,0.0,0.0,0.0
MLI_2014_327,0.0,0.0,0.0,0.0,0.0,0.0,0.0,0.0,0.0,2.0,0.0,0.0,0.0,0.0,0.0
MLI_2014_328,0.0,0.0,0.0,7.0,413151.06,9725.21,0.0,0.0,0.0,2.0,0.0,0.0,0.0,0.0,0.0
MLI_2014_329,0.0,0.0,0.0,3.0,64973.88,1529.53,0.0,0.0,0.0,1.0,0.0,0.0,0.0,0.0,0.0
MLI_2014_33,0.0,0.0,0.0,0.0,0.0,0.0,0.0,0.0,0.0,1.0,0.0,0.0,0.0,0.0,0.0
MLI_2014_330,0.0,0.0,0.0,5.0,620540.71,14608.05,0.0,0.0,0.0,4.0,0.0,0.0,1.0,0.0,0.0
MLI_2014_331,0.0,0.0,0.0,0.0,0.0,0.0,0.0,0.0,0.0,0.0,0.0,0.0,0.0,0.0,0.0
MLI_2014_332,0.0,0.0,0.0,0.0,0.0,0.0,0.0,0.0,0.0,1.0,0.0,0.0,0.0,0.0,0.0
MLI_2014_333,0.0,0.0,0.0,7.0,203161.98,4783.37,0.0,0.0,0.0,5.0,0.0,0.0,0.0,0.0,0.0
MLI_2014_334,0.0,0.0,0.0,0.0,0.0,0.0,0.0,0.0,0.0,2.0,0.0,0.0,1.0,0.0,0.0
MLI_2014_335,0.0,0.0,0.0,0.0,0.0,0.0,0.0,0.0,0.0,6.0,0.0,0.0,1.0,0.0,0.0
MLI_2014_336,0.0,0.0,0.0,0.0,0.0,0.0,0.0,0.0,0.0,0.0,0.0,0.0,0.0,0.0,0.0
MLI_2014_337,1.0,47.36,1.12,4.0,6875889.27,161918.88,0.0,0.0,0.0,35.0,0.0,0.0,3.0,0.0,0.0
MLI_2014_338,116.0,49688.19,1170.12,3.0,15443267.58,363678.32,0.0,0.0,0.0,126.0,0.0,0.0,24.0,0.0,0.0
MLI_2014_339,0.0,0.0,0.0,0.0,0.0,0.0,0.0,0.0,0.0,0.0,0.0,0.0,0.0,0.0,0.0
MLI_2014_34,0.0,0.0,0.0,3.0,170172.21,3935.45,0.0,0.0,0.0,1.0,0.0,0.0,0.0,0.0,0.0
MLI_2014_340,0.0,0.0,0.0,0.0,0.0,0.0,0.0,0.0,0.0,2.0,0.0,0.0,0.0,0.0,0.0
MLI_2014_341,0.0,0.0,0.0,0.0,0.0,0.0,0.0,0.0,0.0,1.0,0.0,0.0,0.0,0.0,0.0
MLI_2014_342,0.0,0.0,0.0,5.0,26674.82,628.25,0.0,0.0,0.0,1.0,0.0,0.0,0.0,0.0,0.0
MLI_2014_343,0.0,0.0,0.0,0.0,0.0,0.0,0.0,0.0,0.0,2.0,0.0,0.0,0.0,0.0,0.0
MLI_2014_344,0.0,0.0,0.0,0.0,0.0,0.0,0.0,0.0,0.0,0.0,0.0,0.0,0.0,0.0,0.0
MLI_2014_345,0.0,0.0,0.0,1.0,3958559.06,93239.57,0.0,0.0,0.0,7.0,0.0,0.0,4.0,0.0,0.0
MLI_2014_346,0.0,0.0,0.0,0.0,0.0,0.0,0.0,0.0,0.0,1.0,0.0,0.0,0.0,0.0,0.0
MLI_2014_347,0.0,0.0,0.0,0.0,0.0,0.0,0.0,0.0,0.0,1.0,0.0,0.0,0.0,0.0,0.0
MLI_2014_348,1.0,30.85,0.73,2.0,159204.03,3750.44,0.0,0.0,0.0,4.0,0.0,0.0,0.0,0.0,0.0
MLI_2014_349,0.0,0.0,0.0,10.0,386022.9,9093.82,0.0,0.0,0.0,1.0,0.0,0.0,0.0,0.0,0.0
MLI_2014_35,0.0,0.0,0.0,0.0,0.0,0.0,0.0,0.0,0.0,5.0,0.0,0.0,0.0,0.0,0.0
MLI_2014_350,0.0,0.0,0.0,2.0,4098138.4,96543.02,0.0,0.0,0.0,8.0,0.0,0.0,2.0,0.0,0.0
MLI_2014_351,0.0,0.0,0.0,11.0,193693.91,4563.22,0.0,0.0,0.0,2.0,0.0,0.0,0.0,0.0,0.0
MLI_2014_352,1.0,225.06,5.3,6.0,493372.51,11623.36,0.0,0.0,0.0,1.0,0.0,0.0,0.0,0.0,0.0
MLI_2014_353,0.0,0.0,0.0,0.0,0.0,0.0,0.0,0.0,0.0,1.0,0.0,0.0,0.0,0.0,0.0
MLI_2014_354,2.0,297.78,7.02,29.0,1429296.13,33674.06,0.0,0.0,0.0,3.0,0.0,0.0,0.0,0.0,0.0
MLI_2014_355,0.0,0.0,0.0,24.0,589808.64,13896.18,0.0,0.0,0.0,3.0,0.0,0.0,0.0,0.0,0.0
MLI_2014_356,0.0,0.0,0.0,0.0,0.0,0.0,0.0,0.0,0.0,4.0,0.0,0.0,0.0,0.0,0.0
MLI_2014_357,0.0,0.0,0.0,6.0,193840.45,4567.05,0.0,0.0,0.0,1.0,0.0,0.0,0.0,0.0,0.0
MLI_2014_358,0.0,0.0,0.0,0.0,0.0,0.0,0.0,0.0,0.0,2.0,0.0,0.0,0.0,0.0,0.0
MLI_2014_359,0.0,0.0,0.0,4.0,109135.36,2571.71,0.0,0.0,0.0,1.0,0.0,0.0,0.0,0.0,0.0
MLI_2014_36,0.0,0.0,0.0,0.0,0.0,0.0,0.0,0.0,0.0,1.0,0.0,0.0,0.0,0.0,0.0
MLI_2014_360,0.0,0.0,0.0,0.0,0.0,0.0,0.0,0.0,0.0,0.0,0.0,0.0,0.0,0.0,0.0
MLI_2014_361,0.0,0.0,0.0,0.0,0.0,0.0,0.0,0.0,0.0,3.0,0.0,0.0,0.0,0.0,0.0
MLI_2014_362,21.0,13812.43,325.52,3.0,502827.54,11850.1,0.0,0.0,0.0,2.0,0.0,0.0,0.0,0.0,0.0
MLI_2014_363,0.0,0.0,0.0,0.0,0.0,0.0,0.0,0.0,0.0,3.0,0.0,0.0,0.0,0.0,0.0
MLI_2014_364,0.0,0.0,0.0,1.0,6481744.65,152760.3,0.0,0.0,0.0,15.0,0.0,0.0,1.0,0.0,0.0
MLI_2014_365,0.0,0.0,0.0,1.0,7440550.29,175360.24,0.0,0.0,0.0,15.0,0.0,0.0,4.0,0.0,0.0
MLI_2014_366,0.0,0.0,0.0,1.0,53954.64,1271.63,0.0,0.0,0.0,2.0,0.0,0.0,0.0,0.0,0.0
MLI_2014_367,0.0,0.0,0.0,0.0,0.0,0.0,0.0,0.0,0.0,1.0,0.0,0.0,0.0,0.0,0.0
MLI_2014_368,33.0,6856.06,161.6,11.0,837267.59,19734.37,0.0,0.0,0.0,4.0,0.0,0.0,0.0,0.0,0.0
MLI_2014_369,0.0,0.0,0.0,1.0,2386178.99,56251.5,0.0,0.0,0.0,6.0,0.0,0.0,1.0,0.0,0.0
MLI_2014_37,0.0,0.0,0.0,0.0,0.0,0.0,0.0,0.0,0.0,0.0,0.0,0.0,0.0,0.0,0.0
MLI_2014_370,9.0,950.19,22.4,10.0,495666.83,11685.73,0.0,0.0,0.0,3.0,0.0,0.0,0.0,0.0,0.0
MLI_2014_371,0.0,0.0,0.0,7.0,315285.05,7433.18,0.0,0.0,0.0,2.0,0.0,0.0,0.0,0.0,0.0
MLI_2014_372,1.0,80.86,1.91,3.0,351412.53,8285.27,0.0,0.0,0.0,1.0,0.0,0.0,0.0,0.0,0.0
MLI_2014_373,0.0,0.0,0.0,1.0,148189.73,3494.08,0.0,0.0,0.0,1.0,0.0,0.0,0.0,0.0,0.0
MLI_2014_374,0.0,0.0,0.0,2.0,132405.02,3121.94,0.0,0.0,0.0,2.0,0.0,0.0,0.0,0.0,0.0
MLI_2014_375,0.0,0.0,0.0,3.0,198575.15,4682.38,0.0,0.0,0.0,1.0,0.0,0.0,0.0,0.0,0.0
MLI_2014_376,0.0,0.0,0.0,2.0,254442.47,5999.73,0.0,0.0,0.0,1.0,0.0,0.0,0.0,0.0,0.0
MLI_2014_377,0.0,0.0,0.0,3.0,260592.63,6144.79,0.0,0.0,0.0,1.0,0.0,0.0,0.0,0.0,0.0
MLI_2014_378,0.0,0.0,0.0,1.0,86394.28,2037.24,0.0,0.0,0.0,2.0,0.0,0.0,0.0,0.0,0.0
MLI_2014_379,0.0,0.0,0.0,1.0,50912.74,1200.57,0.0,0.0,0.0,2.0,0.0,0.0,0.0,0.0,0.0
MLI_2014_38,0.0,0.0,0.0,18.0,87180.92,2016.93,0.0,0.0,0.0,2.0,0.0,0.0,0.0,0.0,0.0
MLI_2014_380,0.0,0.0,0.0,0.0,0.0,0.0,0.0,0.0,0.0,2.0,0.0,0.0,0.0,0.0,0.0
MLI_2014_381,0.0,0.0,0.0,0.0,0.0,0.0,0.0,0.0,0.0,0.0,0.0,0.0,0.0,0.0,0.0
MLI_2014_382,0.0,0.0,0.0,0.0,0.0,0.0,0.0,0.0,0.0,0.0,0.0,0.0,0.0,0.0,0.0
MLI_2014_383,0.0,0.0,0.0,0.0,0.0,0.0,0.0,0.0,0.0,4.0,0.0,0.0,1.0,0.0,0.0
MLI_2014_384,0.0,0.0,0.0,22.0,241872.68,5704.63,0.0,0.0,0.0,1.0,0.0,0.0,0.0,0.0,0.0
MLI_2014_385,1.0,151.23,3.57,33.0,519426.9,12252.26,0.0,0.0,0.0,3.0,0.0,0.0,0.0,0.0,0.0
MLI_2014_386,0.0,0.0,0.0,21.0,299044.71,7054.97,0.0,0.0,0.0,1.0,0.0,0.0,0.0,0.0,0.0
MLI_2014_387,1.0,92.18,2.17,8.0,410791.0,9691.62,0.0,0.0,0.0,1.0,0.0,0.0,0.0,0.0,0.0
MLI_2014_388,0.0,0.0,0.0,0.0,0.0,0.0,0.0,0.0,0.0,2.0,0.0,0.0,0.0,0.0,0.0
MLI_2014_389,0.0,0.0,0.0,0.0,0.0,0.0,0.0,0.0,0.0,1.0,0.0,0.0,0.0,0.0,0.0
MLI_2014_39,0.0,0.0,0.0,0.0,0.0,0.0,0.0,0.0,0.0,1.0,0.0,0.0,0.0,0.0,0.0
MLI_2014_390,1.0,53.23,1.26,41.0,400604.52,9453.35,0.0,0.0,0.0,1.0,0.0,0.0,0.0,0.0,0.0
MLI_2014_391,0.0,0.0,0.0,0.0,0.0,0.0,0.0,0.0,0.0,1.0,0.0,0.0,0.0,0.0,0.0
MLI_2014_392,0.0,0.0,0.0,5.0,275509.02,6501.88,0.0,0.0,0.0,1.0,0.0,0.0,0.0,0.0,0.0
MLI_2014_393,0.0,0.0,0.0,0.0,0.0,0.0,0.0,0.0,0.0,2.0,0.0,0.0,0.0,0.0,0.0
MLI_2014_394,0.0,0.0,0.0,4.0,1259175.26,29720.35,0.0,0.0,0.0,3.0,0.0,0.0,0.0,0.0,0.0
MLI_2014_395,0.0,0.0,0.0,0.0,0.0,0.0,0.0,0.0,0.0,2.0,0.0,0.0,0.0,0.0,0.0
MLI_2014_396,0.0,0.0,0.0,3.0,66934.9,1579.9,0.0,0.0,0.0,2.0,0.0,0.0,0.0,0.0,0.0
MLI_2014_397,1.0,9.78,0.23,3.0,1973516.87,46585.47,0.0,0.0,0.0,14.0,0.0,0.0,0.0,0.0,0.0
MLI_2014_398,20.0,2955.0,69.75,3.0,1059666.47,25013.86,0.0,0.0,0.0,4.0,0.0,0.0,0.0,0.0,0.0
MLI_2014_399,0.0,0.0,0.0,1.0,565588.77,13351.78,0.0,0.0,0.0,5.0,0.0,0.0,0.0,0.0,0.0
MLI_2014_4,0.0,0.0,0.0,0.0,0.0,0.0,0.0,0.0,0.0,1.0,0.0,0.0,0.0,0.0,0.0
MLI_2014_40,0.0,0.0,0.0,1.0,5280103.28,122178.28,0.0,0.0,0.0,10.0,0.0,0.0,0.0,0.0,0.0
MLI_2014_400,0.0,0.0,0.0,0.0,0.0,0.0,0.0,0.0,0.0,1.0,0.0,0.0,0.0,0.0,0.0
MLI_2014_401,0.0,0.0,0.0,0.0,0.0,0.0,0.0,0.0,0.0,1.0,0.0,0.0,0.0,0.0,0.0
MLI_2014_402,23.0,3005.59,70.96,3.0,406765.92,9602.97,0.0,0.0,0.0,3.0,0.0,0.0,0.0,0.0,0.0
MLI_2014_403,0.0,0.0,0.0,0.0,0.0,0.0,0.0,0.0,0.0,1.0,0.0,0.0,0.0,0.0,0.0
MLI_2014_404,0.0,0.0,0.0,1.0,148906.76,3515.77,0.0,0.0,0.0,0.0,0.0,0.0,0.0,0.0,0.0
MLI_2014_405,2.0,128.68,3.04,18.0,266216.0,6285.5,0.0,0.0,0.0,2.0,0.0,0.0,0.0,0.0,0.0
MLI_2014_406,1.0,405.76,9.58,1.0,234909.87,5546.66,0.0,0.0,0.0,10.0,0.0,0.0,0.0,0.0,0.0
MLI_2014_407,0.0,0.0,0.0,0.0,0.0,0.0,0.0,0.0,0.0,0.0,0.0,0.0,0.0,0.0,0.0
MLI_2014_408,0.0,0.0,0.0,19.0,320018.38,7557.66,0.0,0.0,0.0,2.0,0.0,0.0,0.0,0.0,0.0
MLI_2014_409,14.0,359.94,8.5,11.0,331932.42,7839.26,0.0,0.0,0.0,4.0,0.0,0.0,0.0,0.0,0.0
MLI_2014_41,0.0,0.0,0.0,0.0,0.0,0.0,0.0,0.0,0.0,1.0,0.0,0.0,0.0,0.0,0.0
MLI_2014_410,0.0,0.0,0.0,0.0,0.0,0.0,0.0,0.0,0.0,2.0,0.0,0.0,0.0,0.0,0.0
MLI_2014_411,0.0,0.0,0.0,1.0,698162.64,16489.29,0.0,0.0,0.0,3.0,0.0,0.0,0.0,0.0,0.0
MLI_2014_412,0.0,0.0,0.0,2.0,400207.45,9452.16,0.0,0.0,0.0,1.0,0.0,0.0,0.0,0.0,0.0
MLI_2014_413,0.0,0.0,0.0,5.0,104639.9,2471.5,0.0,0.0,0.0,1.0,0.0,0.0,0.0,0.0,0.0
MLI_2014_414,1.0,415.51,9.81,3.0,1371151.91,32386.04,0.0,0.0,0.0,3.0,0.0,0.0,0.0,0.0,0.0
MLI_2014_415,0.0,0.0,0.0,1.0,27142.52,641.13,0.0,0.0,0.0,1.0,0.0,0.0,0.0,0.0,0.0
MLI_2014_416,0.0,0.0,0.0,1.0,175121.88,4136.69,0.0,0.0,0.0,0.0,0.0,0.0,0.0,0.0,0.0
MLI_2014_417,0.0,0.0,0.0,0.0,0.0,0.0,0.0,0.0,0.0,2.0,0.0,0.0,0.0,0.0,0.0
MLI_2014_418,0.0,0.0,0.0,2.0,1078462.89,25475.53,0.0,0.0,0.0,5.0,0.0,0.0,1.0,0.0,0.0
MLI_2014_419,0.0,0.0,0.0,22.0,414829.35,9799.43,0.0,0.0,0.0,1.0,0.0,0.0,0.0,0.0,0.0
MLI_2014_42,0.0,0.0,0.0,0.0,0.0,0.0,0.0,0.0,0.0,2.0,0.0,0.0,0.0,0.0,0.0
MLI_2014_420,2.0,94.94,2.24,16.0,419101.09,9900.39,0.0,0.0,0.0,1.0,0.0,0.0,0.0,0.0,0.0
MLI_2014_421,0.0,0.0,0.0,4.0,1632348.97,38562.48,0.0,0.0,0.0,4.0,0.0,0.0,0.0,0.0,0.0
MLI_2014_422,0.0,0.0,0.0,0.0,0.0,0.0,0.0,0.0,0.0,3.0,0.0,0.0,0.0,0.0,0.0
MLI_2014_423,0.0,0.0,0.0,1.0,12821.64,302.93,0.0,0.0,0.0,2.0,0.0,0.0,0.0,0.0,0.0
MLI_2014_424,0.0,0.0,0.0,1.0,139409.04,3293.81,0.0,0.0,0.0,1.0,0.0,0.0,0.0,0.0,0.0
MLI_2014_425,0.0,0.0,0.0,3.0,574480.89,13573.73,0.0,0.0,0.0,4.0,0.0,0.0,0.0,0.0,0.0
MLI_2014_426,0.0,0.0,0.0,10.0,302355.37,7144.15,0.0,0.0,0.0,3.0,0.0,0.0,0.0,0.0,0.0
MLI_2014_427,0.0,0.0,0.0,1.0,940910.42,22233.65,0.0,0.0,0.0,2.0,0.0,0.0,0.0,0.0,0.0
MLI_2014_428,0.0,0.0,0.0,10.0,211709.71,5002.73,0.0,0.0,0.0,3.0,0.0,0.0,0.0,0.0,0.0
MLI_2014_429,1.0,26.9,0.64,10.0,340814.4,8053.64,0.0,0.0,0.0,2.0,0.0,0.0,0.0,0.0,0.0
MLI_2014_43,0.0,0.0,0.0,0.0,0.0,0.0,0.0,0.0,0.0,1.0,0.0,0.0,0.0,0.0,0.0
MLI_2014_430,0.0,0.0,0.0,0.0,0.0,0.0,0.0,0.0,0.0,2.0,0.0,0.0,0.0,0.0,0.0
MLI_2014_431,2.0,523.9,12.38,5.0,587196.25,13877.12,0.0,0.0,0.0,2.0,0.0,0.0,0.0,0.0,0.0
MLI_2014_432,0.0,0.0,0.0,2.0,288699.12,6823.63,0.0,0.0,0.0,1.0,0.0,0.0,0.0,0.0,0.0
MLI_2014_433,0.0,0.0,0.0,0.0,0.0,0.0,0.0,0.0,0.0,1.0,0.0,0.0,0.0,0.0,0.0
MLI_2014_434,0.0,0.0,0.0,2.0,730503.46,17267.07,0.0,0.0,0.0,2.0,0.0,0.0,0.0,0.0,0.0
MLI_2014_435,3.0,402.16,9.51,15.0,552487.51,13059.68,0.0,0.0,0.0,7.0,0.0,0.0,0.0,0.0,0.0
MLI_2014_436,4.0,283.29,6.7,8.0,447720.05,10583.37,0.0,0.0,0.0,3.0,0.0,0.0,0.0,0.0,0.0
MLI_2014_437,0.0,0.0,0.0,0.0,0.0,0.0,0.0,0.0,0.0,2.0,0.0,0.0,0.0,0.0,0.0
MLI_2014_438,2.0,465.31,11.0,10.0,351632.95,8312.28,0.0,0.0,0.0,4.0,0.0,0.0,0.0,0.0,0.0
MLI_2014_439,2.0,293.38,6.94,4.0,287899.16,6805.88,0.0,0.0,0.0,2.0,0.0,0.0,0.0,0.0,0.0
MLI_2014_44,0.0,0.0,0.0,1.0,6075268.14,140636.67,0.0,0.0,0.0,5.0,0.0,0.0,0.0,0.0,0.0
MLI_2014_440,0.0,0.0,0.0,2.0,511180.53,12084.31,0.0,0.0,0.0,3.0,0.0,0.0,0.0,0.0,0.0
MLI_2014_441,0.0,0.0,0.0,4.0,4409611.58,104248.58,0.0,0.0,0.0,6.0,0.0,0.0,0.0,0.0,0.0
MLI_2014_442,0.0,0.0,0.0,0.0,0.0,0.0,0.0,0.0,0.0,0.0,0.0,0.0,0.0,0.0,0.0
MLI_2014_443,0.0,0.0,0.0,7.0,150195.36,3551.4,0.0,0.0,0.0,0.0,0.0,0.0,0.0,0.0,0.0
MLI_2014_444,0.0,0.0,0.0,1.0,166873.69,3946.0,0.0,0.0,0.0,1.0,0.0,0.0,0.0,0.0,0.0
MLI_2014_445,0.0,0.0,0.0,6.0,291143.04,6884.59,0.0,0.0,0.0,4.0,0.0,0.0,0.0,0.0,0.0
MLI_2014_446,0.0,0.0,0.0,2.0,252854.37,5979.34,0.0,0.0,0.0,3.0,0.0,0.0,0.0,0.0,0.0
MLI_2014_447,0.0,0.0,0.0,5.0,192792.53,4559.1,0.0,0.0,0.0,2.0,0.0,0.0,0.0,0.0,0.0
MLI_2014_448,34.0,5040.04,119.19,4.0,1981398.51,46856.29,0.0,0.0,0.0,9.0,0.0,0.0,1.0,0.0,0.0
MLI_2014_449,0.0,0.0,0.0,0.0,0.0,0.0,0.0,0.0,0.0,5.0,0.0,0.0,0.0,0.0,0.0
MLI_2014_45,0.0,0.0,0.0,2.0,1368175.47,31672.22,0.0,0.0,0.0,3.0,0.0,0.0,0.0,0.0,0.0
MLI_2014_450,0.0,0.0,0.0,16.0,281156.56,6648.9,0.0,0.0,0.0,2.0,0.0,0.0,0.0,0.0,0.0
MLI_2014_451,0.0,0.0,0.0,6.0,98138.24,2320.87,0.0,0.0,0.0,1.0,0.0,0.0,0.0,0.0,0.0
MLI_2014_452,0.0,0.0,0.0,3.0,642023.86,15183.43,0.0,0.0,0.0,6.0,0.0,0.0,0.0,0.0,0.0
MLI_2014_453,34.0,5040.04,119.2,4.0,2373405.12,56131.03,0.0,0.0,0.0,8.0,0.0,0.0,1.0,0.0,0.0
MLI_2014_454,0.0,0.0,0.0,2.0,250016.05,5913.69,0.0,0.0,0.0,2.0,0.0,0.0,0.0,0.0,0.0
MLI_2014_455,0.0,0.0,0.0,18.0,290393.22,6868.77,0.0,0.0,0.0,1.0,0.0,0.0,0.0,0.0,0.0
MLI_2014_456,0.0,0.0,0.0,7.0,125600.56,2970.97,0.0,0.0,0.0,1.0,0.0,0.0,0.0,0.0,0.0
MLI_2014_457,0.0,0.0,0.0,15.0,149034.87,3525.29,0.0,0.0,0.0,2.0,0.0,0.0,0.0,0.0,0.0
MLI_2014_458,10.0,3208.94,75.91,6.0,1310818.09,31007.37,0.0,0.0,0.0,2.0,0.0,0.0,0.0,0.0,0.0
MLI_2014_459,0.0,0.0,0.0,1.0,851.68,20.15,0.0,0.0,0.0,1.0,0.0,0.0,0.0,0.0,0.0
MLI_2014_46,0.0,0.0,0.0,0.0,0.0,0.0,0.0,0.0,0.0,1.0,0.0,0.0,0.0,0.0,0.0
MLI_2014_460,0.0,0.0,0.0,13.0,95371.04,2256.07,0.0,0.0,0.0,1.0,0.0,0.0,0.0,0.0,0.0
MLI_2014_461,0.0,0.0,0.0,35.0,460125.86,10884.98,0.0,0.0,0.0,1.0,0.0,0.0,0.0,0.0,0.0
MLI_2014_462,0.0,0.0,0.0,1.0,5828.57,137.89,0.0,0.0,0.0,1.0,0.0,0.0,0.0,0.0,0.0
MLI_2014_463,0.0,0.0,0.0,3.0,1263062.19,29884.09,0.0,0.0,0.0,1.0,0.0,0.0,0.0,0.0,0.0
MLI_2014_464,0.0,0.0,0.0,2.0,240545.06,5691.64,0.0,0.0,0.0,2.0,0.0,0.0,0.0,0.0,0.0
MLI_2014_465,0.0,0.0,0.0,2.0,240545.06,5691.98,0.0,0.0,0.0,1.0,0.0,0.0,0.0,0.0,0.0
MLI_2014_466,0.0,0.0,0.0,5.0,126395.01,2990.88,0.0,0.0,0.0,0.0,0.0,0.0,0.0,0.0,0.0
MLI_2014_467,0.0,0.0,0.0,3.0,1091664.01,25832.18,0.0,0.0,0.0,2.0,0.0,0.0,0.0,0.0,0.0
MLI_2014_468,0.0,0.0,0.0,0.0,0.0,0.0,0.0,0.0,0.0,0.0,0.0,0.0,0.0,0.0,0.0
MLI_2014_469,1.0,468.85,11.09,4.0,1448753.54,34282.55,0.0,0.0,0.0,2.0,0.0,0.0,0.0,0.0,0.0
MLI_2014_47,0.0,0.0,0.0,1.0,6096633.19,141144.0,0.0,0.0,0.0,5.0,0.0,0.0,0.0,0.0,0.0
MLI_2014_470,41.0,25991.0,615.07,8.0,2672067.4,63234.0,0.0,0.0,0.0,15.0,0.0,0.0,4.0,0.0,0.0
MLI_2014_471,19.0,1133.24,26.82,38.0,386029.51,9135.36,0.0,0.0,0.0,2.0,0.0,0.0,0.0,0.0,0.0
MLI_2014_472,0.0,0.0,0.0,4.0,1264783.8,29931.46,0.0,0.0,0.0,2.0,0.0,0.0,0.0,0.0,0.0
MLI_2014_473,0.0,0.0,0.0,1.0,17274.49,408.81,0.0,0.0,0.0,0.0,0.0,0.0,0.0,0.0,0.0
MLI_2014_474,7.0,93.7,2.22,2.0,1199928.44,28399.92,0.0,0.0,0.0,2.0,0.0,0.0,0.0,0.0,0.0
MLI_2014_475,0.0,0.0,0.0,2.0,31550.62,746.81,0.0,0.0,0.0,0.0,0.0,0.0,0.0,0.0,0.0
MLI_2014_476,1.0,171.85,4.07,1.0,179633.49,4252.22,0.0,0.0,0.0,1.0,0.0,0.0,0.0,0.0,0.0
MLI_2014_477,0.0,0.0,0.0,2.0,20956.86,496.1,0.0,0.0,0.0,0.0,0.0,0.0,0.0,0.0,0.0
MLI_2014_478,0.0,0.0,0.0,12.0,197382.8,4672.72,0.0,0.0,0.0,4.0,0.0,0.0,0.0,0.0,0.0
MLI_2014_479,2.0,69.43,1.64,8.0,94933.36,2247.44,0.0,0.0,0.0,0.0,0.0,0.0,0.0,0.0,0.0
MLI_2014_48,0.0,0.0,0.0,0.0,0.0,0.0,0.0,0.0,0.0,0.0,0.0,0.0,0.0,0.0,0.0
MLI_2014_480,92.0,17882.37,423.4,16.0,2962008.81,70131.09,0.0,0.0,0.0,9.0,0.0,0.0,0.0,0.0,0.0
MLI_2014_481,214.0,15564.7,368.53,1.0,1054644.72,24971.04,0.0,0.0,0.0,0.0,0.0,0.0,0.0,0.0,0.0
MLI_2014_482,1.0,171.85,4.07,1.0,179633.49,4253.63,0.0,0.0,0.0,1.0,0.0,0.0,0.0,0.0,0.0
MLI_2014_483,92.0,17882.37,423.46,12.0,3102975.95,73479.9,0.0,0.0,0.0,10.0,0.0,0.0,0.0,0.0,0.0
MLI_2014_484,0.0,0.0,0.0,3.0,554957.04,13143.59,0.0,0.0,0.0,3.0,0.0,0.0,0.0,0.0,0.0
MLI_2014_485,0.0,0.0,0.0,2.0,13490.82,319.56,0.0,0.0,0.0,0.0,0.0,0.0,0.0,0.0,0.0
MLI_2014_486,4.0,684.86,16.22,13.0,299573.12,7096.12,0.0,0.0,0.0,2.0,0.0,0.0,0.0,0.0,0.0
MLI_2014_487,0.0,0.0,0.0,0.0,0.0,0.0,0.0,0.0,0.0,1.0,0.0,0.0,0.0,0.0,0.0
MLI_2014_488,0.0,0.0,0.0,1.0,82324.3,1950.3,0.0,0.0,0.0,0.0,0.0,0.0,0.0,0.0,0.0
MLI_2014_489,0.0,0.0,0.0,2.0,256072.54,6066.88,0.0,0.0,0.0,1.0,0.0,0.0,0.0,0.0,0.0
MLI_2014_49,0.0,0.0,0.0,0.0,0.0,0.0,0.0,0.0,0.0,6.0,0.0,0.0,0.0,0.0,0.0
MLI_2014_490,0.0,0.0,0.0,0.0,0.0,0.0,0.0,0.0,0.0,1.0,0.0,0.0,0.0,0.0,0.0
MLI_2014_491,2.0,342.47,8.11,3.0,664831.4,15751.69,0.0,0.0,0.0,1.0,0.0,0.0,0.0,0.0,0.0
MLI_2014_492,0.0,0.0,0.0,2.0,487999.34,11562.25,0.0,0.0,0.0,0.0,0.0,0.0,0.0,0.0,0.0
MLI_2014_493,0.0,0.0,0.0,6.0,2049431.53,48560.0,0.0,0.0,0.0,4.0,0.0,0.0,0.0,0.0,0.0
MLI_2014_494,0.0,0.0,0.0,6.0,217628.51,5156.76,0.0,0.0,0.0,1.0,0.0,0.0,0.0,0.0,0.0
MLI_2014_495,0.0,0.0,0.0,1.0,78210.9,1853.39,0.0,0.0,0.0,2.0,0.0,0.0,0.0,0.0,0.0
MLI_2014_496,0.0,0.0,0.0,0.0,0.0,0.0,0.0,0.0,0.0,0.0,0.0,0.0,0.0,0.0,0.0
MLI_2014_497,26.0,5051.63,119.72,1.0,109409.4,2592.92,0.0,0.0,0.0,1.0,0.0,0.0,0.0,0.0,0.0
MLI_2014_498,0.0,0.0,0.0,1.0,83659.19,1982.71,0.0,0.0,0.0,0.0,0.0,0.0,0.0,0.0,0.0
MLI_2014_499,0.0,0.0,0.0,3.0,851888.83,20190.62,0.0,0.0,0.0,0.0,0.0,0.0,0.0,0.0,0.0
MLI_2014_5,0.0,0.0,0.0,1.0,8246854.28,190142.99,0.0,0.0,0.0,4.0,0.0,0.0,0.0,0.0,0.0
MLI_2014_50,0.0,0.0,0.0,1.0,1706436.88,39516.11,0.0,0.0,0.0,0.0,0.0,0.0,0.0,0.0,0.0
MLI_2014_500,8.0,125.74,2.98,9.0,463782.28,10992.51,0.0,0.0,0.0,0.0,0.0,0.0,0.0,0.0,0.0
MLI_2014_501,17.0,1123.47,26.63,7.0,192542.5,4564.15,0.0,0.0,0.0,3.0,0.0,0.0,0.0,0.0,0.0
MLI_2014_502,56.0,1590.34,37.7,25.0,347146.72,8229.14,0.0,0.0,0.0,9.0,0.0,0.0,0.0,0.0,0.0
MLI_2014_503,0.0,0.0,0.0,0.0,0.0,0.0,0.0,0.0,0.0,1.0,0.0,0.0,0.0,0.0,0.0
MLI_2014_504,0.0,0.0,0.0,5.0,209598.81,4969.15,0.0,0.0,0.0,1.0,0.0,0.0,0.0,0.0,0.0
MLI_2014_505,0.0,0.0,0.0,5.0,436321.99,10345.44,0.0,0.0,0.0,8.0,0.0,0.0,1.0,0.0,0.0
MLI_2014_506,0.0,0.0,0.0,3.0,338906.63,8035.71,0.0,0.0,0.0,11.0,0.0,0.0,2.0,0.0,0.0
MLI_2014_507,0.0,0.0,0.0,0.0,0.0,0.0,0.0,0.0,0.0,1.0,0.0,0.0,0.0,0.0,0.0
MLI_2014_508,0.0,0.0,0.0,6.0,6457103.88,153112.21,0.0,0.0,0.0,31.0,0.0,0.0,6.0,0.0,0.0
MLI_2014_509,0.0,0.0,0.0,4.0,6768649.84,160509.23,0.0,0.0,0.0,30.0,0.0,0.0,6.0,0.0,0.0
MLI_2014_51,0.0,0.0,0.0,0.0,0.0,0.0,0.0,0.0,0.0,2.0,0.0,0.0,0.0,0.0,0.0
MLI_2014_510,0.0,0.0,0.0,4.0,219354.98,5202.02,0.0,0.0,0.0,0.0,0.0,0.0,0.0,0.0,0.0
MLI_2014_511,0.0,0.0,0.0,0.0,0.0,0.0,0.0,0.0,0.0,0.0,0.0,0.0,0.0,0.0,0.0
MLI_2014_512,0.0,0.0,0.0,2.0,4654055.37,110386.92,0.0,0.0,0.0,17.0,0.0,0.0,2.0,0.0,0.0
MLI_2014_513,0.0,0.0,0.0,1.0,843620.99,20009.58,0.0,0.0,0.0,4.0,0.0,0.0,0.0,0.0,0.0
MLI_2014_514,8.0,585.09,13.88,2.0,234509.92,5562.61,0.0,0.0,0.0,0.0,0.0,0.0,0.0,0.0,0.0
MLI_2014_515,14.0,556.55,13.2,4.0,171999.77,4079.88,0.0,0.0,0.0,1.0,0.0,0.0,0.0,0.0,0.0
MLI_2014_516,31.0,1515.76,35.96,11.0,348327.66,8262.68,0.0,0.0,0.0,2.0,0.0,0.0,0.0,0.0,0.0
MLI_2014_517,16.0,372.7,8.84,8.0,212945.52,5051.28,0.0,0.0,0.0,0.0,0.0,0.0,0.0,0.0,0.0
MLI_2014_518,37.0,1737.62,41.22,5.0,319129.55,7570.54,0.0,0.0,0.0,3.0,0.0,0.0,0.0,0.0,0.0
MLI_2014_519,0.0,0.0,0.0,1.0,865740.78,20537.65,0.0,0.0,0.0,2.0,0.0,0.0,0.0,0.0,0.0
MLI_2014_52,0.0,0.0,0.0,0.0,0.0,0.0,0.0,0.0,0.0,2.0,0.0,0.0,0.0,0.0,0.0
MLI_2014_520,0.0,0.0,0.0,1.0,33371.79,791.67,0.0,0.0,0.0,0.0,0.0,0.0,0.0,0.0,0.0
MLI_2014_521,13.0,274.75,6.52,8.0,414377.79,9830.55,0.0,0.0,0.0,0.0,0.0,0.0,0.0,0.0,0.0
MLI_2014_522,60.0,1106.81,26.26,2.0,69234.69,1642.51,0.0,0.0,0.0,0.0,0.0,0.0,0.0,0.0,0.0
MLI_2014_523,0.0,0.0,0.0,1.0,182829.59,4337.48,0.0,0.0,0.0,7.0,0.0,0.0,0.0,0.0,0.0
MLI_2014_524,30.0,2971.2,70.49,10.0,2559518.95,60724.24,0.0,0.0,0.0,5.0,0.0,0.0,2.0,0.0,0.0
MLI_2014_525,30.0,2971.2,70.49,3.0,3057104.68,72529.63,0.0,0.0,0.0,5.0,0.0,0.0,2.0,0.0,0.0
MLI_2014_526,0.0,0.0,0.0,3.0,761113.37,18060.0,0.0,0.0,0.0,5.0,0.0,0.0,0.0,0.0,0.0
MLI_2014_527,0.0,0.0,0.0,0.0,0.0,0.0,0.0,0.0,0.0,0.0,0.0,0.0,0.0,0.0,0.0
MLI_2014_528,0.0,0.0,0.0,1.0,7044.6,167.16,0.0,0.0,0.0,0.0,0.0,0.0,0.0,0.0,0.0
MLI_2014_529,0.0,0.0,0.0,0.0,0.0,0.0,0.0,0.0,0.0,0.0,0.0,0.0,0.0,0.0,0.0
MLI_2014_53,4490.0,455697.28,10560.73,9.0,27760097.11,643336.91,0.0,0.0,0.0,37.0,157.79,3.66,3.0,0.0,0.0
MLI_2014_530,44.0,898.55,21.32,4.0,198531.76,4711.2,0.0,0.0,0.0,1.0,0.0,0.0,0.0,0.0,0.0
MLI_2014_531,0.0,0.0,0.0,0.0,0.0,0.0,0.0,0.0,0.0,1.0,0.0,0.0,0.0,0.0,0.0
MLI_2014_532,0.0,0.0,0.0,5.0,454932.02,10800.45,0.0,0.0,0.0,3.0,0.0,0.0,0.0,0.0,0.0
MLI_2014_533,53.0,3287.87,78.06,3.0,687837.82,16329.94,0.0,0.0,0.0,2.0,0.0,0.0,0.0,0.0,0.0
MLI_2014_534,14.0,981.26,23.3,5.0,194780.38,4624.36,0.0,0.0,0.0,4.0,0.0,0.0,0.0,0.0,0.0
MLI_2014_535,0.0,0.0,0.0,2.0,186636.56,4431.38,0.0,0.0,0.0,3.0,0.0,0.0,0.0,0.0,0.0
MLI_2014_536,81.0,4301.88,102.15,12.0,528949.32,12559.93,0.0,0.0,0.0,8.0,0.0,0.0,0.0,0.0,0.0
MLI_2014_537,0.0,0.0,0.0,0.0,0.0,0.0,0.0,0.0,0.0,4.0,0.0,0.0,0.0,0.0,0.0
MLI_2014_538,0.0,0.0,0.0,0.0,0.0,0.0,0.0,0.0,0.0,0.0,0.0,0.0,0.0,0.0,0.0
MLI_2014_539,0.0,0.0,0.0,2.0,218397.22,5186.6,0.0,0.0,0.0,1.0,0.0,0.0,0.0,0.0,0.0
MLI_2014_54,0.0,0.0,0.0,0.0,0.0,0.0,0.0,0.0,0.0,1.0,0.0,0.0,0.0,0.0,0.0
MLI_2014_540,1.0,264.26,6.28,2.0,311151.83,7389.87,0.0,0.0,0.0,1.0,0.0,0.0,0.0,0.0,0.0
MLI_2014_541,9251.0,914451.57,21718.51,211.0,9805963.42,232894.68,0.0,0.0,0.0,16.0,41410.37,983.51,4.0,7592.83,180.33
MLI_2014_542,46.0,7246.36,172.11,5.0,2000460.52,47512.28,0.0,0.0,0.0,6.0,0.0,0.0,0.0,0.0,0.0
MLI_2014_543,36052.0,3158650.93,75028.64,220.0,26328750.16,625396.87,0.0,0.0,0.0,37.0,130973.59,3111.07,7.0,7592.83,180.36
MLI_2014_544,23.0,476.99,11.33,19.0,109009.52,2589.4,0.0,0.0,0.0,1.0,0.0,0.0,0.0,0.0,0.0
MLI_2014_545,133.0,9759.91,231.84,34.0,1321953.49,31402.37,0.0,0.0,0.0,12.0,0.0,0.0,0.0,0.0,0.0
MLI_2014_546,0.0,0.0,0.0,0.0,0.0,0.0,0.0,0.0,0.0,0.0,0.0,0.0,0.0,0.0,0.0
MLI_2014_547,0.0,0.0,0.0,2.0,120528.62,2863.26,0.0,0.0,0.0,0.0,0.0,0.0,0.0,0.0,0.0
MLI_2014_548,46.0,7246.36,172.15,8.0,2356028.48,55970.67,0.0,0.0,0.0,8.0,0.0,0.0,0.0,0.0,0.0
MLI_2014_549,0.0,0.0,0.0,5.0,620885.47,14750.13,0.0,0.0,0.0,9.0,0.0,0.0,0.0,0.0,0.0
MLI_2014_55,0.0,0.0,0.0,0.0,0.0,0.0,0.0,0.0,0.0,5.0,0.0,0.0,0.0,0.0,0.0
MLI_2014_550,0.0,0.0,0.0,1.0,495319.26,11767.54,0.0,0.0,0.0,2.0,0.0,0.0,0.0,0.0,0.0
MLI_2014_551,24806.0,1872466.38,44486.54,70.0,14841271.33,352602.72,0.0,0.0,0.0,27.0,24728.83,587.51,4.0,0.0,0.0
MLI_2014_552,10.0,241.29,5.73,2.0,218888.2,5200.8,0.0,0.0,0.0,1.0,0.0,0.0,0.0,0.0,0.0
MLI_2014_553,4.0,107.04,2.54,3.0,203252.51,4829.4,0.0,0.0,0.0,0.0,0.0,0.0,0.0,0.0,0.0
MLI_2014_554,0.0,0.0,0.0,1.0,59976.38,1425.09,0.0,0.0,0.0,5.0,0.0,0.0,0.0,0.0,0.0
MLI_2014_555,0.0,0.0,0.0,1.0,178914.04,4251.17,0.0,0.0,0.0,0.0,0.0,0.0,0.0,0.0,0.0
MLI_2014_556,5098.0,551606.31,13107.08,26.0,4096928.0,97349.81,0.0,0.0,0.0,27.0,22180.26,527.04,2.0,20280.64,481.9
MLI_2014_557,0.0,0.0,0.0,0.0,0.0,0.0,0.0,0.0,0.0,0.0,0.0,0.0,0.0,0.0,0.0
MLI_2014_558,148.0,4837.61,114.95,6.0,733654.12,17433.6,0.0,0.0,0.0,1.0,0.0,0.0,0.0,0.0,0.0
MLI_2014_559,1.0,64.79,1.54,9.0,345406.9,8207.89,0.0,0.0,0.0,1.0,0.0,0.0,0.0,0.0,0.0
MLI_2014_56,19.0,3529.58,81.82,4.0,341083.3,7906.61,0.0,0.0,0.0,2.0,0.0,0.0,0.0,0.0,0.0
MLI_2014_560,0.0,0.0,0.0,1.0,865771.9,20575.03,0.0,0.0,0.0,2.0,0.0,0.0,0.0,0.0,0.0
MLI_2014_561,0.0,0.0,0.0,0.0,0.0,0.0,0.0,0.0,0.0,1.0,0.0,0.0,0.0,0.0,0.0
MLI_2014_562,4.0,73.16,1.74,10.0,210363.31,4999.47,0.0,0.0,0.0,3.0,0.0,0.0,0.0,0.0,0.0
MLI_2014_563,0.0,0.0,0.0,3.0,222699.46,5293.27,0.0,0.0,0.0,0.0,0.0,0.0,0.0,0.0,0.0
MLI_2014_564,0.0,0.0,0.0,0.0,0.0,0.0,0.0,0.0,0.0,1.0,0.0,0.0,0.0,0.0,0.0
MLI_2014_565,0.0,0.0,0.0,0.0,0.0,0.0,0.0,0.0,0.0,3.0,0.0,0.0,0.0,0.0,0.0
MLI_2014_566,0.0,0.0,0.0,0.0,0.0,0.0,0.0,0.0,0.0,0.0,0.0,0.0,0.0,0.0,0.0
MLI_2014_567,1.0,87.34,2.08,4.0,318258.46,7566.48,0.0,0.0,0.0,2.0,0.0,0.0,0.0,0.0,0.0
MLI_2014_568,0.0,0.0,0.0,1.0,999382.44,23761.7,0.0,0.0,0.0,6.0,0.0,0.0,0.0,0.0,0.0
MLI_2014_569,0.0,0.0,0.0,0.0,0.0,0.0,0.0,0.0,0.0,2.0,0.0,0.0,0.0,0.0,0.0
MLI_2014_57,0.0,0.0,0.0,0.0,0.0,0.0,0.0,0.0,0.0,3.0,0.0,0.0,0.0,0.0,0.0
MLI_2014_570,0.0,0.0,0.0,3.0,2457913.11,58446.9,0.0,0.0,0.0,3.0,0.0,0.0,0.0,0.0,0.0
MLI_2014_571,0.0,0.0,0.0,6.0,745393.77,17724.83,0.0,0.0,0.0,3.0,0.0,0.0,0.0,0.0,0.0
MLI_2014_572,0.0,0.0,0.0,0.0,0.0,0.0,0.0,0.0,0.0,0.0,0.0,0.0,0.0,0.0,0.0
MLI_2014_573,0.0,0.0,0.0,7.0,107983.06,2567.84,0.0,0.0,0.0,1.0,0.0,0.0,1.0,0.0,0.0
MLI_2014_574,0.0,0.0,0.0,1.0,53843.41,1280.46,0.0,0.0,0.0,0.0,0.0,0.0,0.0,0.0,0.0
MLI_2014_575,0.0,0.0,0.0,1.0,2474013.02,58835.75,0.0,0.0,0.0,2.0,0.0,0.0,0.0,0.0,0.0
MLI_2014_576,14.0,496.59,11.81,7.0,132072.62,3141.14,0.0,0.0,0.0,2.0,0.0,0.0,0.0,0.0,0.0
MLI_2014_577,0.0,0.0,0.0,5.0,68275.13,1623.88,0.0,0.0,0.0,1.0,0.0,0.0,0.0,0.0,0.0
MLI_2014_578,0.0,0.0,0.0,1.0,998.24,23.74,0.0,0.0,0.0,0.0,0.0,0.0,0.0,0.0,0.0
MLI_2014_579,0.0,0.0,0.0,0.0,0.0,0.0,0.0,0.0,0.0,0.0,0.0,0.0,0.0,0.0,0.0
MLI_2014_58,0.0,0.0,0.0,0.0,0.0,0.0,0.0,0.0,0.0,0.0,0.0,0.0,0.0,0.0,0.0
MLI_2014_580,0.0,0.0,0.0,6.0,102683.06,2442.44,0.0,0.0,0.0,0.0,0.0,0.0,0.0,0.0,0.0
MLI_2014_581,0.0,0.0,0.0,4.0,293995.9,6993.2,0.0,0.0,0.0,1.0,0.0,0.0,0.0,0.0,0.0
MLI_2014_582,0.0,0.0,0.0,6.0,97718.64,2324.51,0.0,0.0,0.0,1.0,0.0,0.0,0.0,0.0,0.0
MLI_2014_583,0.0,0.0,0.0,1.0,214885.13,5111.74,0.0,0.0,0.0,3.0,0.0,0.0,0.0,0.0,0.0
MLI_2014_584,2.0,737.41,17.54,4.0,1420233.72,33784.97,0.0,0.0,0.0,4.0,0.0,0.0,0.0,0.0,0.0
MLI_2014_585,27.0,1875.08,44.61,14.0,1814998.01,43176.71,0.0,0.0,0.0,4.0,0.0,0.0,0.0,0.0,0.0
MLI_2014_586,0.0,0.0,0.0,3.0,1184694.29,28183.76,0.0,0.0,0.0,2.0,0.0,0.0,0.0,0.0,0.0
MLI_2014_587,13.0,274.1,6.52,13.0,284362.91,6764.98,0.0,0.0,0.0,3.0,0.0,0.0,0.0,0.0,0.0
MLI_2014_588,0.0,0.0,0.0,5.0,199533.11,4747.17,0.0,0.0,0.0,1.0,0.0,0.0,0.0,0.0,0.0
MLI_2014_589,1.0,7.83,0.19,8.0,92174.3,2192.97,0.0,0.0,0.0,0.0,0.0,0.0,0.0,0.0,0.0
MLI_2014_59,0.0,0.0,0.0,0.0,0.0,0.0,0.0,0.0,0.0,3.0,0.0,0.0,0.0,0.0,0.0
MLI_2014_590,0.0,0.0,0.0,1.0,120374.99,2864.01,0.0,0.0,0.0,1.0,0.0,0.0,0.0,0.0,0.0
MLI_2014_591,0.0,0.0,0.0,3.0,662822.83,15770.37,0.0,0.0,0.0,2.0,0.0,0.0,0.0,0.0,0.0
MLI_2014_592,18.0,2767.33,65.84,11.0,1563284.22,37195.69,0.0,0.0,0.0,5.0,0.0,0.0,0.0,0.0,0.0
MLI_2014_593,0.0,0.0,0.0,0.0,0.0,0.0,0.0,0.0,0.0,1.0,0.0,0.0,0.0,0.0,0.0
MLI_2014_594,742.0,27758.91,660.65,11.0,1033211.28,24589.82,0.0,0.0,0.0,1.0,0.0,0.0,0.0,0.0,0.0
MLI_2014_595,0.0,0.0,0.0,1.0,17940.32,426.98,0.0,0.0,0.0,0.0,0.0,0.0,0.0,0.0,0.0
MLI_2014_596,0.0,0.0,0.0,16.0,378065.03,8998.5,0.0,0.0,0.0,4.0,0.0,0.0,0.0,0.0,0.0
MLI_2014_597,0.0,0.0,0.0,10.0,329881.29,7852.94,0.0,0.0,0.0,3.0,0.0,0.0,0.0,0.0,0.0
MLI_2014_598,8.0,1279.85,30.47,2.0,553020.87,13165.65,0.0,0.0,0.0,2.0,0.0,0.0,0.0,0.0,0.0
MLI_2014_599,7.0,596.95,14.21,6.0,100144.61,2384.19,0.0,0.0,0.0,1.0,0.0,0.0,0.0,0.0,0.0
MLI_2014_6,0.0,0.0,0.0,1.0,2479008.19,57157.8,0.0,0.0,0.0,0.0,0.0,0.0,0.0,0.0,0.0
MLI_2014_60,0.0,0.0,0.0,0.0,0.0,0.0,0.0,0.0,0.0,3.0,0.0,0.0,0.0,0.0,0.0
MLI_2014_600,4.0,482.22,11.48,12.0,303519.06,7226.66,0.0,0.0,0.0,1.0,0.0,0.0,0.0,0.0,0.0
MLI_2014_601,0.0,0.0,0.0,9.0,302940.44,7213.04,0.0,0.0,0.0,6.0,0.0,0.0,0.0,0.0,0.0
MLI_2014_602,0.0,0.0,0.0,1.0,116474.51,2773.3,0.0,0.0,0.0,1.0,0.0,0.0,0.0,0.0,0.0
MLI_2014_603,8.0,122.43,2.92,5.0,330580.81,7872.12,0.0,0.0,0.0,0.0,0.0,0.0,0.0,0.0,0.0
MLI_2014_604,0.0,0.0,0.0,11.0,496357.77,11821.67,0.0,0.0,0.0,2.0,0.0,0.0,0.0,0.0,0.0
MLI_2014_605,0.0,0.0,0.0,4.0,73373.96,1747.65,0.0,0.0,0.0,0.0,0.0,0.0,0.0,0.0,0.0
MLI_2014_606,0.0,0.0,0.0,0.0,0.0,0.0,0.0,0.0,0.0,1.0,0.0,0.0,0.0,0.0,0.0
MLI_2014_607,74.0,9970.86,237.51,9.0,2394646.79,57040.91,0.0,0.0,0.0,5.0,0.0,0.0,0.0,0.0,0.0
MLI_2014_608,0.0,0.0,0.0,0.0,0.0,0.0,0.0,0.0,0.0,0.0,0.0,0.0,0.0,0.0,0.0
MLI_2014_609,5.0,1304.11,31.07,4.0,99295.86,2365.49,0.0,0.0,0.0,0.0,0.0,0.0,0.0,0.0,0.0
MLI_2014_61,0.0,0.0,0.0,0.0,0.0,0.0,0.0,0.0,0.0,0.0,0.0,0.0,0.0,0.0,0.0
MLI_2014_610,0.0,0.0,0.0,0.0,0.0,0.0,0.0,0.0,0.0,0.0,0.0,0.0,0.0,0.0,0.0
MLI_2014_611,48.0,1686.47,40.19,9.0,244219.64,5819.53,0.0,0.0,0.0,1.0,0.0,0.0,0.0,0.0,0.0
MLI_2014_612,48.0,1686.47,40.19,9.0,244219.64,5819.59,0.0,0.0,0.0,1.0,0.0,0.0,0.0,0.0,0.0
MLI_2014_613,0.0,0.0,0.0,4.0,180830.8,4309.31,0.0,0.0,0.0,1.0,0.0,0.0,0.0,0.0,0.0
MLI_2014_614,0.0,0.0,0.0,3.0,74519.84,1775.87,0.0,0.0,0.0,0.0,0.0,0.0,0.0,0.0,0.0
MLI_2014_615,0.0,0.0,0.0,3.0,629584.29,15003.92,0.0,0.0,0.0,4.0,0.0,0.0,0.0,0.0,0.0
MLI_2014_616,7.0,85.98,2.05,5.0,145105.1,3458.17,0.0,0.0,0.0,2.0,0.0,0.0,0.0,0.0,0.0
MLI_2014_617,9.0,301.93,7.2,8.0,543984.64,12966.08,0.0,0.0,0.0,1.0,0.0,0.0,0.0,0.0,0.0
MLI_2014_618,5.0,1240.15,29.56,4.0,653590.44,15579.74,0.0,0.0,0.0,3.0,0.0,0.0,0.0,0.0,0.0
MLI_2014_619,0.0,0.0,0.0,0.0,0.0,0.0,0.0,0.0,0.0,2.0,0.0,0.0,0.0,0.0,0.0
MLI_2014_62,0.0,0.0,0.0,0.0,0.0,0.0,0.0,0.0,0.0,1.0,0.0,0.0,0.0,0.0,0.0
MLI_2014_620,0.0,0.0,0.0,1.0,10295.03,245.44,0.0,0.0,0.0,0.0,0.0,0.0,0.0,0.0,0.0
MLI_2014_621,0.0,0.0,0.0,0.0,0.0,0.0,0.0,0.0,0.0,1.0,0.0,0.0,0.0,0.0,0.0
MLI_2014_622,2.0,281.59,6.71,5.0,483367.82,11524.13,0.0,0.0,0.0,1.0,0.0,0.0,0.0,0.0,0.0
MLI_2014_623,61.0,4244.35,101.19,4.0,591622.05,14105.45,0.0,0.0,0.0,4.0,0.0,0.0,0.0,0.0,0.0
MLI_2014_624,1.0,258.44,6.16,4.0,131346.1,3131.76,0.0,0.0,0.0,1.0,0.0,0.0,0.0,0.0,0.0
MLI_2014_625,5.0,324.65,7.74,7.0,109814.48,2618.46,0.0,0.0,0.0,2.0,0.0,0.0,0.0,0.0,0.0
MLI_2014_626,0.0,0.0,0.0,2.0,476282.64,11356.82,0.0,0.0,0.0,0.0,0.0,0.0,0.0,0.0,0.0
MLI_2014_627,25.0,2181.64,52.02,14.0,407411.88,9714.89,0.0,0.0,0.0,3.0,0.0,0.0,0.0,0.0,0.0
MLI_2014_628,198.0,7151.66,170.54,0.0,0.0,0.0,0.0,0.0,0.0,1.0,0.0,0.0,0.0,0.0,0.0
MLI_2014_629,0.0,0.0,0.0,0.0,0.0,0.0,0.0,0.0,0.0,0.0,0.0,0.0,0.0,0.0,0.0
MLI_2014_63,0.0,0.0,0.0,0.0,0.0,0.0,0.0,0.0,0.0,2.0,0.0,0.0,0.0,0.0,0.0
MLI_2014_630,0.0,0.0,0.0,5.0,332630.75,7932.7,0.0,0.0,0.0,1.0,0.0,0.0,0.0,0.0,0.0
MLI_2014_631,138.0,3880.58,92.55,1.0,42396.92,1011.14,0.0,0.0,0.0,0.0,0.0,0.0,0.0,0.0,0.0
MLI_2014_632,0.0,0.0,0.0,3.0,280397.14,6687.95,0.0,0.0,0.0,1.0,0.0,0.0,0.0,0.0,0.0
MLI_2014_633,0.0,0.0,0.0,2.0,600431.6,14321.85,0.0,0.0,0.0,4.0,0.0,0.0,0.0,0.0,0.0
MLI_2014_634,0.0,0.0,0.0,2.0,148627.1,3545.17,0.0,0.0,0.0,1.0,0.0,0.0,0.0,0.0,0.0
MLI_2014_635,0.0,0.0,0.0,1.0,11325.01,270.15,0.0,0.0,0.0,0.0,0.0,0.0,0.0,0.0,0.0
MLI_2014_636,165.0,3953.62,94.32,9.0,177668.88,4238.56,0.0,0.0,0.0,1.0,0.0,0.0,0.0,0.0,0.0
MLI_2014_637,2.0,28.02,0.67,16.0,547657.79,13065.3,0.0,0.0,0.0,3.0,0.0,0.0,0.0,0.0,0.0
MLI_2014_638,0.0,0.0,0.0,3.0,726670.12,17338.38,0.0,0.0,0.0,4.0,0.0,0.0,0.0,0.0,0.0
MLI_2014_639,66.0,4774.7,113.93,9.0,415918.07,9924.26,0.0,0.0,0.0,2.0,0.0,0.0,0.0,0.0,0.0
MLI_2014_64,0.0,0.0,0.0,0.0,0.0,0.0,0.0,0.0,0.0,3.0,0.0,0.0,0.0,0.0,0.0
MLI_2014_640,5.0,956.72,22.83,4.0,296242.76,7069.05,0.0,0.0,0.0,4.0,0.0,0.0,0.0,0.0,0.0
MLI_2014_641,0.0,0.0,0.0,1.0,1069254.31,25516.31,0.0,0.0,0.0,2.0,0.0,0.0,0.0,0.0,0.0
MLI_2014_642,0.0,0.0,0.0,1.0,3012292.97,71894.7,0.0,0.0,0.0,7.0,0.0,0.0,0.0,0.0,0.0
MLI_2014_643,0.0,0.0,0.0,1.0,121712.72,2905.02,0.0,0.0,0.0,0.0,0.0,0.0,0.0,0.0,0.0
MLI_2014_644,0.0,0.0,0.0,1.0,2179308.93,52016.98,0.0,0.0,0.0,6.0,0.0,0.0,0.0,0.0,0.0
MLI_2014_645,0.0,0.0,0.0,1.0,3012292.97,71901.64,0.0,0.0,0.0,7.0,0.0,0.0,0.0,0.0,0.0
MLI_2014_646,566.0,12051.56,287.67,5.0,180077.84,4298.39,0.0,0.0,0.0,2.0,0.0,0.0,0.0,0.0,0.0
MLI_2014_647,0.0,0.0,0.0,2.0,1056654.99,25222.12,0.0,0.0,0.0,9.0,0.0,0.0,0.0,0.0,0.0
MLI_2014_648,0.0,0.0,0.0,1.0,3012292.97,71908.43,0.0,0.0,0.0,7.0,0.0,0.0,0.0,0.0,0.0
MLI_2014_649,0.0,0.0,0.0,1.0,359558.97,8583.59,0.0,0.0,0.0,2.0,0.0,0.0,0.0,0.0,0.0
MLI_2014_65,0.0,0.0,0.0,0.0,0.0,0.0,0.0,0.0,0.0,3.0,0.0,0.0,0.0,0.0,0.0
MLI_2014_650,0.0,0.0,0.0,0.0,0.0,0.0,0.0,0.0,0.0,0.0,0.0,0.0,0.0,0.0,0.0
MLI_2014_651,0.0,0.0,0.0,2.0,978761.0,23369.26,0.0,0.0,0.0,2.0,0.0,0.0,0.0,0.0,0.0
MLI_2014_652,0.0,0.0,0.0,1.0,810114.5,19342.69,0.0,0.0,0.0,5.0,0.0,0.0,0.0,0.0,0.0
MLI_2014_653,0.0,0.0,0.0,0.0,0.0,0.0,0.0,0.0,0.0,2.0,0.0,0.0,0.0,0.0,0.0
MLI_2014_654,0.0,0.0,0.0,5.0,340344.88,8127.83,0.0,0.0,0.0,1.0,0.0,0.0,0.0,0.0,0.0
MLI_2014_655,0.0,0.0,0.0,3.0,246920.63,5897.22,0.0,0.0,0.0,0.0,0.0,0.0,0.0,0.0,0.0
MLI_2014_656,0.0,0.0,0.0,4.0,323043.69,7715.45,0.0,0.0,0.0,1.0,0.0,0.0,0.0,0.0,0.0
MLI_2014_657,0.0,0.0,0.0,3.0,832887.07,19893.95,0.0,0.0,0.0,2.0,0.0,0.0,0.0,0.0,0.0
MLI_2014_658,0.0,0.0,0.0,2.0,921868.66,22019.44,0.0,0.0,0.0,5.0,0.0,0.0,0.0,0.0,0.0
MLI_2014_659,13.0,255.86,6.11,5.0,317922.03,7593.85,0.0,0.0,0.0,3.0,0.0,0.0,0.0,0.0,0.0
MLI_2014_66,0.0,0.0,0.0,0.0,0.0,0.0,0.0,0.0,0.0,2.0,0.0,0.0,0.0,0.0,0.0
MLI_2014_660,0.0,0.0,0.0,0.0,0.0,0.0,0.0,0.0,0.0,0.0,0.0,0.0,0.0,0.0,0.0
MLI_2014_661,0.0,0.0,0.0,1.0,8624.31,206.04,0.0,0.0,0.0,1.0,0.0,0.0,0.0,0.0,0.0
MLI_2014_662,0.0,0.0,0.0,0.0,0.0,0.0,0.0,0.0,0.0,2.0,0.0,0.0,0.0,0.0,0.0
MLI_2014_663,0.0,0.0,0.0,1.0,298981.24,7143.15,0.0,0.0,0.0,0.0,0.0,0.0,1.0,0.0,0.0
MLI_2014_664,0.0,0.0,0.0,0.0,0.0,0.0,0.0,0.0,0.0,0.0,0.0,0.0,0.0,0.0,0.0
MLI_2014_665,0.0,0.0,0.0,2.0,1681418.36,40175.87,0.0,0.0,0.0,7.0,0.0,0.0,0.0,0.0,0.0
MLI_2014_666,0.0,0.0,0.0,1.0,719465.05,17190.98,0.0,0.0,0.0,2.0,0.0,0.0,0.0,0.0,0.0
MLI_2014_667,0.0,0.0,0.0,0.0,0.0,0.0,0.0,0.0,0.0,2.0,0.0,0.0,0.0,0.0,0.0
MLI_2014_668,0.0,0.0,0.0,1.0,16765.61,400.62,0.0,0.0,0.0,0.0,0.0,0.0,0.0,0.0,0.0
MLI_2014_669,0.0,0.0,0.0,0.0,0.0,0.0,0.0,0.0,0.0,2.0,0.0,0.0,0.0,0.0,0.0
MLI_2014_67,0.0,0.0,0.0,3.0,22514.17,522.63,0.0,0.0,0.0,0.0,0.0,0.0,0.0,0.0,0.0
MLI_2014_670,0.0,0.0,0.0,2.0,465207.24,11116.81,0.0,0.0,0.0,1.0,0.0,0.0,0.0,0.0,0.0
MLI_2014_671,0.0,0.0,0.0,0.0,0.0,0.0,0.0,0.0,0.0,0.0,0.0,0.0,0.0,0.0,0.0
MLI_2014_672,2.0,732.41,17.5,2.0,527806.61,12613.21,0.0,0.0,0.0,0.0,0.0,0.0,2.0,0.0,0.0
MLI_2014_673,2.0,732.41,17.5,1.0,1928037.95,46076.76,0.0,0.0,0.0,5.0,0.0,0.0,2.0,0.0,0.0
MLI_2014_674,2.0,732.41,17.5,1.0,1928037.95,46078.66,0.0,0.0,0.0,7.0,0.0,0.0,2.0,0.0,0.0
MLI_2014_675,0.0,0.0,0.0,0.0,0.0,0.0,0.0,0.0,0.0,0.0,0.0,0.0,0.0,0.0,0.0
MLI_2014_676,0.0,0.0,0.0,0.0,0.0,0.0,0.0,0.0,0.0,0.0,0.0,0.0,0.0,0.0,0.0
MLI_2014_677,0.0,0.0,0.0,0.0,0.0,0.0,0.0,0.0,0.0,1.0,0.0,0.0,0.0,0.0,0.0
MLI_2014_678,0.0,0.0,0.0,2.0,382816.21,9151.31,0.0,0.0,0.0,1.0,0.0,0.0,0.0,0.0,0.0
MLI_2014_679,0.0,0.0,0.0,2.0,679726.03,16250.27,0.0,0.0,0.0,2.0,0.0,0.0,0.0,0.0,0.0
MLI_2014_68,0.0,0.0,0.0,0.0,0.0,0.0,0.0,0.0,0.0,0.0,0.0,0.0,0.0,0.0,0.0
MLI_2014_680,0.0,0.0,0.0,0.0,0.0,0.0,0.0,0.0,0.0,0.0,0.0,0.0,0.0,0.0,0.0
MLI_2014_681,0.0,0.0,0.0,3.0,44741.62,1069.68,0.0,0.0,0.0,0.0,0.0,0.0,0.0,0.0,0.0
MLI_2014_682,0.0,0.0,0.0,15.0,965453.01,23083.75,0.0,0.0,0.0,3.0,0.0,0.0,0.0,0.0,0.0
MLI_2014_683,187.0,2146.37,51.32,4.0,93826.2,2243.5,0.0,0.0,0.0,0.0,0.0,0.0,0.0,0.0,0.0
MLI_2014_684,0.0,0.0,0.0,3.0,562918.43,13462.08,0.0,0.0,0.0,2.0,0.0,0.0,0.0,0.0,0.0
MLI_2014_685,0.0,0.0,0.0,1.0,1422068.91,34009.65,0.0,0.0,0.0,3.0,0.0,0.0,0.0,0.0,0.0
MLI_2014_686,0.0,0.0,0.0,0.0,0.0,0.0,0.0,0.0,0.0,0.0,0.0,0.0,0.0,0.0,0.0
MLI_2014_687,0.0,0.0,0.0,0.0,0.0,0.0,0.0,0.0,0.0,0.0,0.0,0.0,0.0,0.0,0.0
MLI_2014_688,0.0,0.0,0.0,0.0,0.0,0.0,0.0,0.0,0.0,0.0,0.0,0.0,0.0,0.0,0.0
MLI_2014_689,6.0,99.86,2.39,20.0,133788.53,3200.66,0.0,0.0,0.0,2.0,0.0,0.0,0.0,0.0,0.0
MLI_2014_69,0.0,0.0,0.0,0.0,0.0,0.0,0.0,0.0,0.0,2.0,0.0,0.0,0.0,0.0,0.0
MLI_2014_690,1.0,398.74,9.54,3.0,4935292.63,118074.13,0.0,0.0,0.0,2.0,0.0,0.0,1.0,0.0,0.0
MLI_2014_691,0.0,0.0,0.0,4.0,401820.69,9615.58,0.0,0.0,0.0,1.0,0.0,0.0,0.0,0.0,0.0
MLI_2014_692,60.0,1218.04,29.15,4.0,46719.87,1118.06,0.0,0.0,0.0,0.0,0.0,0.0,0.0,0.0,0.0
MLI_2014_693,0.0,0.0,0.0,7.0,332655.24,7961.67,0.0,0.0,0.0,0.0,0.0,0.0,0.0,0.0,0.0
MLI_2014_694,0.0,0.0,0.0,7.0,333020.25,7970.43,0.0,0.0,0.0,0.0,0.0,0.0,0.0,0.0,0.0
MLI_2014_695,0.0,0.0,0.0,5.0,187452.64,4487.12,0.0,0.0,0.0,1.0,0.0,0.0,0.0,0.0,0.0
MLI_2014_696,0.0,0.0,0.0,0.0,0.0,0.0,0.0,0.0,0.0,0.0,0.0,0.0,0.0,0.0,0.0
MLI_2014_697,0.0,0.0,0.0,0.0,0.0,0.0,0.0,0.0,0.0,0.0,0.0,0.0,0.0,0.0,0.0
MLI_2014_698,0.0,0.0,0.0,0.0,0.0,0.0,0.0,0.0,0.0,0.0,0.0,0.0,0.0,0.0,0.0
MLI_2014_699,0.0,0.0,0.0,4.0,209924.64,5026.09,0.0,0.0,0.0,1.0,0.0,0.0,0.0,0.0,0.0
MLI_2014_7,0.0,0.0,0.0,1.0,8246854.28,190151.36,0.0,0.0,0.0,4.0,0.0,0.0,0.0,0.0,0.0
MLI_2014_70,0.0,0.0,0.0,7.0,70024.17,1626.03,0.0,0.0,0.0,1.0,0.0,0.0,0.0,0.0,0.0
MLI_2014_700,0.0,0.0,0.0,13.0,1020364.94,24433.55,0.0,0.0,0.0,5.0,0.0,0.0,0.0,0.0,0.0
MLI_2014_701,0.0,0.0,0.0,1.0,489555.89,11722.99,0.0,0.0,0.0,1.0,0.0,0.0,0.0,0.0,0.0
MLI_2014_702,0.0,0.0,0.0,0.0,0.0,0.0,0.0,0.0,0.0,1.0,0.0,0.0,0.0,0.0,0.0
MLI_2014_703,0.0,0.0,0.0,0.0,0.0,0.0,0.0,0.0,0.0,0.0,0.0,0.0,0.0,0.0,0.0
MLI_2014_704,0.0,0.0,0.0,0.0,0.0,0.0,0.0,0.0,0.0,0.0,0.0,0.0,0.0,0.0,0.0
MLI_2014_705,0.0,0.0,0.0,0.0,0.0,0.0,0.0,0.0,0.0,0.0,0.0,0.0,0.0,0.0,0.0
MLI_2014_706,0.0,0.0,0.0,1.0,602652.07,14433.43,0.0,0.0,0.0,1.0,0.0,0.0,0.0,0.0,0.0
MLI_2014_707,0.0,0.0,0.0,0.0,0.0,0.0,0.0,0.0,0.0,0.0,0.0,0.0,0.0,0.0,0.0
MLI_2014_708,0.0,0.0,0.0,2.0,19121.87,458.07,0.0,0.0,0.0,0.0,0.0,0.0,0.0,0.0,0.0
MLI_2014_709,0.0,0.0,0.0,0.0,0.0,0.0,0.0,0.0,0.0,2.0,0.0,0.0,0.0,0.0,0.0
MLI_2014_71,0.0,0.0,0.0,0.0,0.0,0.0,0.0,0.0,0.0,4.0,0.0,0.0,0.0,0.0,0.0
MLI_2014_710,0.0,0.0,0.0,4.0,1584657.57,37967.79,0.0,0.0,0.0,4.0,0.0,0.0,0.0,0.0,0.0
MLI_2014_711,0.0,0.0,0.0,0.0,0.0,0.0,0.0,0.0,0.0,2.0,0.0,0.0,0.0,0.0,0.0
MLI_2014_712,0.0,0.0,0.0,0.0,0.0,0.0,0.0,0.0,0.0,0.0,0.0,0.0,0.0,0.0,0.0
MLI_2014_713,0.0,0.0,0.0,10.0,376844.87,9030.47,0.0,0.0,0.0,1.0,0.0,0.0,0.0,0.0,0.0
MLI_2014_714,0.0,0.0,0.0,2.0,224721.22,5385.66,0.0,0.0,0.0,1.0,0.0,0.0,0.0,0.0,0.0
MLI_2014_715,0.0,0.0,0.0,5.0,364652.62,8740.32,0.0,0.0,0.0,0.0,0.0,0.0,0.0,0.0,0.0
MLI_2014_716,0.0,0.0,0.0,0.0,0.0,0.0,0.0,0.0,0.0,0.0,0.0,0.0,0.0,0.0,0.0
MLI_2014_717,0.0,0.0,0.0,0.0,0.0,0.0,0.0,0.0,0.0,0.0,0.0,0.0,0.0,0.0,0.0
MLI_2014_718,7.0,153.12,3.67,3.0,128501.78,3081.08,0.0,0.0,0.0,0.0,0.0,0.0,0.0,0.0,0.0
MLI_2014_719,0.0,0.0,0.0,2.0,182835.13,4383.89,0.0,0.0,0.0,0.0,0.0,0.0,0.0,0.0,0.0
MLI_2014_72,0.0,0.0,0.0,0.0,0.0,0.0,0.0,0.0,0.0,0.0,0.0,0.0,0.0,0.0,0.0
MLI_2014_720,0.0,0.0,0.0,0.0,0.0,0.0,0.0,0.0,0.0,0.0,0.0,0.0,0.0,0.0,0.0
MLI_2014_721,0.0,0.0,0.0,2.0,96116.55,2305.0,0.0,0.0,0.0,3.0,0.0,0.0,0.0,0.0,0.0
MLI_2014_722,0.0,0.0,0.0,2.0,89475.22,2145.83,0.0,0.0,0.0,0.0,0.0,0.0,0.0,0.0,0.0
MLI_2014_723,0.0,0.0,0.0,2.0,78799.63,1890.08,0.0,0.0,0.0,0.0,0.0,0.0,0.0,0.0,0.0
MLI_2014_724,0.0,0.0,0.0,6.0,97250.44,2333.4,0.0,0.0,0.0,0.0,0.0,0.0,0.0,0.0,0.0
MLI_2014_725,0.0,0.0,0.0,3.0,153848.16,3691.41,0.0,0.0,0.0,0.0,0.0,0.0,0.0,0.0,0.0
MLI_2014_726,8.0,639.05,15.33,2.0,170091.38,4081.42,0.0,0.0,0.0,0.0,0.0,0.0,0.0,0.0,0.0
MLI_2014_727,0.0,0.0,0.0,1.0,55360.25,1328.68,0.0,0.0,0.0,0.0,0.0,0.0,0.0,0.0,0.0
MLI_2014_728,0.0,0.0,0.0,3.0,83374.11,2001.43,0.0,0.0,0.0,0.0,0.0,0.0,0.0,0.0,0.0
MLI_2014_729,0.0,0.0,0.0,5.0,579381.81,13910.04,0.0,0.0,0.0,2.0,0.0,0.0,0.0,0.0,0.0
MLI_2014_73,0.0,0.0,0.0,3.0,57929.01,1345.32,0.0,0.0,0.0,1.0,0.0,0.0,0.0,0.0,0.0
MLI_2014_730,0.0,0.0,0.0,0.0,0.0,0.0,0.0,0.0,0.0,0.0,0.0,0.0,0.0,0.0,0.0
MLI_2014_731,19.0,2492.42,59.86,11.0,2535881.49,60905.16,0.0,0.0,0.0,5.0,0.0,0.0,0.0,0.0,0.0
MLI_2014_732,0.0,0.0,0.0,2.0,155638.25,3739.72,0.0,0.0,0.0,0.0,0.0,0.0,0.0,0.0,0.0
MLI_2014_733,1.0,266.81,6.41,5.0,259206.69,6229.52,0.0,0.0,0.0,2.0,0.0,0.0,0.0,0.0,0.0
MLI_2014_734,1.0,183.08,4.4,3.0,125195.99,3008.86,0.0,0.0,0.0,0.0,0.0,0.0,0.0,0.0,0.0
MLI_2014_735,0.0,0.0,0.0,0.0,0.0,0.0,0.0,0.0,0.0,0.0,0.0,0.0,0.0,0.0,0.0
MLI_2014_736,0.0,0.0,0.0,0.0,0.0,0.0,0.0,0.0,0.0,0.0,0.0,0.0,0.0,0.0,0.0
MLI_2014_737,1.0,266.81,6.41,2.0,127357.54,3061.79,0.0,0.0,0.0,1.0,0.0,0.0,0.0,0.0,0.0
MLI_2014_738,0.0,0.0,0.0,4.0,225369.15,5418.24,0.0,0.0,0.0,0.0,0.0,0.0,0.0,0.0,0.0
MLI_2014_739,0.0,0.0,0.0,3.0,83847.69,2016.29,0.0,0.0,0.0,1.0,0.0,0.0,0.0,0.0,0.0
MLI_2014_74,0.0,0.0,0.0,0.0,0.0,0.0,0.0,0.0,0.0,2.0,0.0,0.0,0.0,0.0,0.0
MLI_2014_740,1.0,247.83,5.96,1.0,192927.15,4639.39,0.0,0.0,0.0,1.0,0.0,0.0,0.0,0.0,0.0
MLI_2014_741,0.0,0.0,0.0,4.0,182526.35,4389.5,0.0,0.0,0.0,0.0,0.0,0.0,0.0,0.0,0.0
MLI_2014_742,0.0,0.0,0.0,4.0,198956.74,4784.77,0.0,0.0,0.0,2.0,0.0,0.0,0.0,0.0,0.0
MLI_2014_743,0.0,0.0,0.0,2.0,275770.45,6632.38,0.0,0.0,0.0,1.0,0.0,0.0,0.0,0.0,0.0
MLI_2014_744,0.0,0.0,0.0,7.0,1545996.27,37186.44,0.0,0.0,0.0,2.0,0.0,0.0,0.0,0.0,0.0
MLI_2014_745,0.0,0.0,0.0,12.0,281854.31,6779.84,0.0,0.0,0.0,0.0,0.0,0.0,0.0,0.0,0.0
MLI_2014_746,54.0,4441.18,106.85,5.0,701555.55,16878.95,0.0,0.0,0.0,1.0,0.0,0.0,0.0,0.0,0.0
MLI_2014_747,0.0,0.0,0.0,3.0,107413.39,2584.53,0.0,0.0,0.0,0.0,0.0,0.0,0.0,0.0,0.0
MLI_2014_748,0.0,0.0,0.0,2.0,212787.29,5120.92,0.0,0.0,0.0,1.0,0.0,0.0,0.0,0.0,0.0
MLI_2014_749,18.0,1985.25,47.78,5.0,1689873.65,40669.02,0.0,0.0,0.0,3.0,0.0,0.0,0.0,0.0,0.0
MLI_2014_75,0.0,0.0,0.0,0.0,0.0,0.0,0.0,0.0,0.0,0.0,0.0,0.0,0.0,0.0,0.0
MLI_2014_750,0.0,0.0,0.0,0.0,0.0,0.0,0.0,0.0,0.0,0.0,0.0,0.0,0.0,0.0,0.0
MLI_2014_751,0.0,0.0,0.0,5.0,621037.07,14956.74,0.0,0.0,0.0,1.0,0.0,0.0,0.0,0.0,0.0
MLI_2014_752,0.0,0.0,0.0,3.0,112653.05,2713.51,0.0,0.0,0.0,0.0,0.0,0.0,0.0,0.0,0.0
MLI_2014_753,2.0,254.42,6.13,5.0,225957.9,5444.99,0.0,0.0,0.0,1.0,0.0,0.0,0.0,0.0,0.0
MLI_2014_754,9.0,1128.13,27.21,2.0,313389.75,7558.79,0.0,0.0,0.0,1.0,0.0,0.0,0.0,0.0,0.0
MLI_2014_755,0.0,0.0,0.0,4.0,561440.04,13542.08,0.0,0.0,0.0,2.0,0.0,0.0,0.0,0.0,0.0
MLI_2014_756,0.0,0.0,0.0,2.0,166376.21,4013.15,0.0,0.0,0.0,0.0,0.0,0.0,0.0,0.0,0.0
MLI_2014_757,0.0,0.0,0.0,5.0,245975.03,5934.54,0.0,0.0,0.0,0.0,0.0,0.0,0.0,0.0,0.0
MLI_2014_758,0.0,0.0,0.0,0.0,0.0,0.0,0.0,0.0,0.0,0.0,0.0,0.0,0.0,0.0,0.0
MLI_2014_759,3.0,475.06,11.46,10.0,645825.75,15583.92,0.0,0.0,0.0,1.0,0.0,0.0,0.0,0.0,0.0
MLI_2014_76,711.0,34672.0,805.28,2.0,2931451.13,68084.51,0.0,0.0,0.0,11.0,0.0,0.0,0.0,0.0,0.0
MLI_2014_760,9.0,2076.98,50.13,5.0,2887819.49,69695.8,0.0,0.0,0.0,4.0,0.0,0.0,0.0,0.0,0.0
MLI_2014_761,6.0,1551.67,37.45,4.0,2986151.14,72071.75,0.0,0.0,0.0,5.0,0.0,0.0,0.0,0.0,0.0
MLI_2014_762,3.0,475.06,11.47,3.0,416819.02,10060.95,0.0,0.0,0.0,0.0,0.0,0.0,0.0,0.0,0.0
MLI_2014_763,9.0,2076.98,50.14,5.0,2977700.95,71879.03,0.0,0.0,0.0,4.0,0.0,0.0,0.0,0.0,0.0
MLI_2014_764,9.0,2076.98,50.14,5.0,2968001.52,71645.37,0.0,0.0,0.0,5.0,0.0,0.0,0.0,0.0,0.0
MLI_2014_765,124.0,6591.0,159.11,7.0,724332.33,17485.56,0.0,0.0,0.0,1.0,0.0,0.0,0.0,0.0,0.0
MLI_2014_766,5.0,1174.45,28.35,5.0,1981273.4,47831.0,0.0,0.0,0.0,1.0,0.0,0.0,0.0,0.0,0.0
MLI_2014_767,0.0,0.0,0.0,3.0,162723.02,3928.69,0.0,0.0,0.0,0.0,0.0,0.0,0.0,0.0,0.0
MLI_2014_768,645.0,22855.25,551.86,9.0,779325.65,18817.62,0.0,0.0,0.0,7.0,0.0,0.0,0.0,0.0,0.0
MLI_2014_769,894.0,42038.67,1015.11,7.0,1613207.88,38954.24,0.0,0.0,0.0,2.0,0.0,0.0,0.0,0.0,0.0
MLI_2014_77,1195.0,61957.51,1439.02,22.0,1126222.32,26157.51,0.0,0.0,0.0,12.0,0.0,0.0,0.0,0.0,0.0
MLI_2014_770,3.0,513.03,12.39,4.0,811062.61,19588.24,0.0,0.0,0.0,3.0,0.0,0.0,0.0,0.0,0.0
MLI_2014_771,0.0,0.0,0.0,16.0,355567.43,8587.47,0.0,0.0,0.0,0.0,0.0,0.0,0.0,0.0,0.0
MLI_2014_772,50.0,1492.26,36.05,13.0,662374.83,16000.21,0.0,0.0,0.0,3.0,0.0,0.0,0.0,0.0,0.0
MLI_2014_773,48.0,1315.78,31.78,15.0,661128.83,15970.41,0.0,0.0,0.0,3.0,0.0,0.0,0.0,0.0,0.0
MLI_2014_774,337.0,55906.05,1350.6,5.0,1299723.38,31399.13,0.0,0.0,0.0,2.0,0.0,0.0,0.0,0.0,0.0
MLI_2014_775,6.0,1044.33,25.23,9.0,257554.44,6223.19,0.0,0.0,0.0,3.0,0.0,0.0,0.0,0.0,0.0
MLI_2014_776,2701.0,341705.86,8258.17,12.0,17227419.2,416343.44,0.0,0.0,0.0,73.0,0.0,0.0,5.0,25501.55,616.31
MLI_2014_777,20.0,1435.22,34.69,7.0,402539.67,9729.8,0.0,0.0,0.0,1.0,0.0,0.0,0.0,0.0,0.0
MLI_2014_778,342.0,25322.77,612.21,9.0,1235296.89,29865.01,0.0,0.0,0.0,9.0,0.0,0.0,0.0,0.0,0.0
MLI_2014_779,6.0,1942.62,46.98,5.0,887002.95,21451.9,0.0,0.0,0.0,4.0,0.0,0.0,0.0,0.0,0.0
MLI_2014_78,0.0,0.0,0.0,2.0,371908.48,8637.99,0.0,0.0,0.0,1.0,0.0,0.0,0.0,0.0,0.0
MLI_2014_780,0.0,0.0,0.0,21.0,2527295.07,61123.99,0.0,0.0,0.0,5.0,0.0,0.0,3.0,0.0,0.0
MLI_2014_781,8.0,2399.92,58.05,4.0,999563.48,24176.08,0.0,0.0,0.0,4.0,0.0,0.0,0.0,0.0,0.0
MLI_2014_782,0.0,0.0,0.0,17.0,2446011.11,59174.26,0.0,0.0,0.0,7.0,0.0,0.0,1.0,0.0,0.0
MLI_2014_783,128.0,6208.17,150.28,18.0,380461.56,9210.02,0.0,0.0,0.0,3.0,0.0,0.0,0.0,0.0,0.0
MLI_2014_784,0.0,0.0,0.0,5.0,317792.87,7695.36,0.0,0.0,0.0,1.0,0.0,0.0,0.0,0.0,0.0
MLI_2014_785,0.0,0.0,0.0,5.0,259583.11,6286.77,0.0,0.0,0.0,1.0,0.0,0.0,0.0,0.0,0.0
MLI_2014_786,0.0,0.0,0.0,5.0,1901549.5,46053.79,0.0,0.0,0.0,5.0,0.0,0.0,0.0,0.0,0.0
MLI_2014_787,0.0,0.0,0.0,0.0,0.0,0.0,0.0,0.0,0.0,0.0,0.0,0.0,0.0,0.0,0.0
MLI_2014_788,0.0,0.0,0.0,4.0,1719145.05,41644.59,0.0,0.0,0.0,14.0,0.0,0.0,0.0,0.0,0.0
MLI_2014_789,1.0,287.56,6.97,3.0,369201.34,8943.61,0.0,0.0,0.0,1.0,0.0,0.0,0.0,0.0,0.0
MLI_2014_79,1157.0,59425.38,1380.48,3.0,5861143.71,136157.43,0.0,0.0,0.0,12.0,0.0,0.0,0.0,0.0,0.0
MLI_2014_790,34.0,2919.08,70.72,6.0,244081.91,5913.55,0.0,0.0,0.0,3.0,0.0,0.0,0.0,0.0,0.0
MLI_2014_791,23.0,2179.02,52.8,7.0,509374.68,12343.16,0.0,0.0,0.0,1.0,0.0,0.0,0.0,0.0,0.0
MLI_2014_792,0.0,0.0,0.0,3.0,41643.35,1009.25,0.0,0.0,0.0,0.0,0.0,0.0,0.0,0.0,0.0
MLI_2014_793,0.0,0.0,0.0,3.0,34185.41,828.75,0.0,0.0,0.0,0.0,0.0,0.0,0.0,0.0,0.0
MLI_2014_794,0.0,0.0,0.0,0.0,0.0,0.0,0.0,0.0,0.0,0.0,0.0,0.0,0.0,0.0,0.0
MLI_2014_795,0.0,0.0,0.0,1.0,251976.49,6112.79,0.0,0.0,0.0,0.0,0.0,0.0,0.0,0.0,0.0
MLI_2014_796,20.0,1425.33,34.59,2.0,355081.7,8615.93,0.0,0.0,0.0,2.0,0.0,0.0,0.0,0.0,0.0
MLI_2014_797,0.0,0.0,0.0,1.0,514435.92,12482.95,0.0,0.0,0.0,3.0,0.0,0.0,0.0,0.0,0.0
MLI_2014_798,0.0,0.0,0.0,1.0,108316.52,2628.47,0.0,0.0,0.0,2.0,0.0,0.0,0.0,0.0,0.0
MLI_2014_799,0.0,0.0,0.0,6.0,320244.11,7771.53,0.0,0.0,0.0,1.0,0.0,0.0,0.0,0.0,0.0
MLI_2014_8,0.0,0.0,0.0,0.0,0.0,0.0,0.0,0.0,0.0,0.0,0.0,0.0,0.0,0.0,0.0
MLI_2014_80,0.0,0.0,0.0,0.0,0.0,0.0,0.0,0.0,0.0,1.0,0.0,0.0,0.0,0.0,0.0
MLI_2014_800,1.0,137.42,3.33,2.0,432702.98,10500.65,0.0,0.0,0.0,3.0,0.0,0.0,0.0,0.0,0.0
MLI_2014_801,0.0,0.0,0.0,0.0,0.0,0.0,0.0,0.0,0.0,4.0,0.0,0.0,0.0,0.0,0.0
MLI_2014_802,0.0,0.0,0.0,0.0,0.0,0.0,0.0,0.0,0.0,0.0,0.0,0.0,0.0,0.0,0.0
MLI_2014_803,3.0,289.63,7.03,6.0,775288.48,18817.95,0.0,0.0,0.0,1.0,0.0,0.0,0.0,0.0,0.0
MLI_2014_804,3.0,289.63,7.03,5.0,690604.85,16763.45,0.0,0.0,0.0,0.0,0.0,0.0,0.0,0.0,0.0
MLI_2014_805,11.0,2008.29,48.75,11.0,1780286.19,43216.5,0.0,0.0,0.0,0.0,0.0,0.0,0.0,0.0,0.0
MLI_2014_806,0.0,0.0,0.0,0.0,0.0,0.0,0.0,0.0,0.0,3.0,0.0,0.0,0.0,0.0,0.0
MLI_2014_807,484.0,167965.4,4079.27,2.0,5409512.58,131377.59,0.0,0.0,0.0,32.0,0.0,0.0,6.0,0.0,0.0
MLI_2014_808,14.0,896.76,21.78,4.0,166454.66,4042.99,0.0,0.0,0.0,0.0,0.0,0.0,0.0,0.0,0.0
MLI_2014_809,0.0,0.0,0.0,2.0,176626.35,4290.56,0.0,0.0,0.0,0.0,0.0,0.0,0.0,0.0,0.0
MLI_2014_81,0.0,0.0,0.0,0.0,0.0,0.0,0.0,0.0,0.0,4.0,0.0,0.0,0.0,0.0,0.0
MLI_2014_810,0.0,0.0,0.0,7.0,1095864.16,26624.72,0.0,0.0,0.0,3.0,0.0,0.0,0.0,0.0,0.0
MLI_2014_811,2.0,46.42,1.13,11.0,1292621.19,31408.66,0.0,0.0,0.0,4.0,0.0,0.0,0.0,0.0,0.0
MLI_2014_812,19.0,1215.45,29.53,12.0,300325.46,7297.44,0.0,0.0,0.0,0.0,0.0,0.0,0.0,0.0,0.0
MLI_2014_813,12.0,671.52,16.32,21.0,461620.84,11219.95,0.0,0.0,0.0,1.0,0.0,0.0,0.0,0.0,0.0
MLI_2014_814,207.0,18115.64,440.32,25.0,628233.46,15269.92,0.0,0.0,0.0,4.0,0.0,0.0,0.0,0.0,0.0
MLI_2014_815,0.0,0.0,0.0,1.0,646190.7,15730.26,0.0,0.0,0.0,2.0,0.0,0.0,0.0,0.0,0.0
MLI_2014_816,1.0,257.87,6.28,9.0,1777161.65,43262.76,0.0,0.0,0.0,3.0,0.0,0.0,0.0,0.0,0.0
MLI_2014_817,0.0,0.0,0.0,4.0,816492.39,19879.0,0.0,0.0,0.0,1.0,0.0,0.0,0.0,0.0,0.0
MLI_2014_818,0.0,0.0,0.0,10.0,4307153.12,104872.86,0.0,0.0,0.0,3.0,0.0,0.0,0.0,0.0,0.0
MLI_2014_819,0.0,0.0,0.0,15.0,4656450.58,113388.14,0.0,0.0,0.0,5.0,0.0,0.0,0.0,0.0,0.0
MLI_2014_82,22.0,2357.48,54.78,17.0,910323.86,21152.18,0.0,0.0,0.0,6.0,8122.37,188.73,0.0,0.0,0.0
MLI_2014_820,0.0,0.0,0.0,1.0,134267.93,3269.78,0.0,0.0,0.0,2.0,0.0,0.0,0.0,0.0,0.0
MLI_2014_821,0.0,0.0,0.0,15.0,4569793.13,111295.53,0.0,0.0,0.0,5.0,0.0,0.0,0.0,0.0,0.0
MLI_2014_822,0.0,0.0,0.0,0.0,0.0,0.0,0.0,0.0,0.0,0.0,0.0,0.0,0.0,0.0,0.0
MLI_2014_823,0.0,0.0,0.0,0.0,0.0,0.0,0.0,0.0,0.0,0.0,0.0,0.0,0.0,0.0,0.0
MLI_2014_83,0.0,0.0,0.0,0.0,0.0,0.0,0.0,0.0,0.0,0.0,0.0,0.0,0.0,0.0,0.0
MLI_2014_84,21.0,2305.22,53.57,12.0,901717.49,20953.97,0.0,0.0,0.0,6.0,8122.37,188.75,0.0,0.0,0.0
MLI_2014_85,0.0,0.0,0.0,0.0,0.0,0.0,0.0,0.0,0.0,1.0,0.0,0.0,0.0,0.0,0.0
MLI_2014_86,9.0,241.61,5.62,5.0,180371.48,4191.78,0.0,0.0,0.0,2.0,295.54,6.87,0.0,0.0,0.0
MLI_2014_87,441.0,15506.91,360.38,10.0,1062200.85,24685.78,0.0,0.0,0.0,5.0,0.0,0.0,0.0,0.0,0.0
MLI_2014_88,0.0,0.0,0.0,2.0,501345.55,11653.15,0.0,0.0,0.0,4.0,0.0,0.0,0.0,0.0,0.0
MLI_2014_89,0.0,0.0,0.0,1.0,187427.0,4356.58,0.0,0.0,0.0,2.0,0.0,0.0,0.0,0.0,0.0
MLI_2014_9,0.0,0.0,0.0,4.0,42480.53,979.8,0.0,0.0,0.0,1.0,0.0,0.0,0.0,0.0,0.0
MLI_2014_90,0.0,0.0,0.0,0.0,0.0,0.0,0.0,0.0,0.0,1.0,0.0,0.0,0.0,0.0,0.0
MLI_2014_91,135.0,8435.65,196.09,10.0,511079.78,11880.34,0.0,0.0,0.0,4.0,0.0,0.0,0.0,0.0,0.0
MLI_2014_92,1.0,107.32,2.49,2.0,5143.29,119.56,0.0,0.0,0.0,2.0,0.0,0.0,0.0,0.0,0.0
MLI_2014_93,54.0,4177.44,97.11,8.0,79290.51,1843.28,0.0,0.0,0.0,1.0,0.0,0.0,0.0,0.0,0.0
MLI_2014_94,2.0,1742.34,40.51,5.0,283568.33,6593.73,0.0,0.0,0.0,1.0,0.0,0.0,0.0,0.0,0.0
MLI_2014_95,0.0,0.0,0.0,1.0,18675.99,434.31,0.0,0.0,0.0,1.0,0.0,0.0,0.0,0.0,0.0
MLI_2014_96,0.0,0.0,0.0,1.0,15623.44,363.34,0.0,0.0,0.0,0.0,0.0,0.0,0.0,0.0,0.0
MLI_2014_97,0.0,0.0,0.0,2.0,143960.53,3348.46,0.0,0.0,0.0,2.0,0.0,0.0,0.0,0.0,0.0
MLI_2014_98,0.0,0.0,0.0,0.0,0.0,0.0,0.0,0.0,0.0,1.0,0.0,0.0,0.0,0.0,0.0
MLI_2014_99,0.0,0.0,0.0,2.0,5033.67,117.11,0.0,0.0,0.0,0.0,0.0,0.0,0.0,0.0,0.0
