id,total_count,total_length,total_density,count_primary,count_residential,count_intersection,count_pedestrian,count_track,count_service,count_living_street,count_secondary,count_tertiary,count_trunk,length_primary,length_residential,length_intersection,length_pedestrian,length_track,length_service,length_living_street,length_secondary,length_tertiary,length_trunk,density_primary,density_residential,density_intersection,density_pedestrian,density_track,density_service,density_living_street,density_secondary,density_tertiary,density_trunk
NER_2018_0,6.0,11239.9,261.38,0.0,2.0,0,0.0,0.0,0.0,0,0.0,2.0,0.0,0.0,1089.06,0,0.0,0.0,0.0,0,0.0,9994.09,0.0,0.0,25.33,0,0.0,0.0,0.0,0,0.0,232.4,0.0
NER_2018_1,278.0,106705.05,2482.8,3.0,253.0,0,0.0,2.0,1.0,0,1.0,5.0,0.0,8339.74,82638.45,0,0.0,2681.57,294.47,0,3777.45,3756.3,0.0,194.05,1922.82,0,0.0,62.39,6.85,0,87.89,87.4,0.0
NER_2018_10,0.0,0.0,0.0,0.0,0.0,0,0.0,0.0,0.0,0,0.0,0.0,0.0,0.0,0.0,0,0.0,0.0,0.0,0,0.0,0.0,0.0,0.0,0.0,0,0.0,0.0,0.0,0,0.0,0.0,0.0
NER_2018_100,1.0,5633.94,132.6,0.0,0.0,0,0.0,0.0,0.0,0,0.0,1.0,0.0,0.0,0.0,0,0.0,0.0,0.0,0,0.0,5633.94,0.0,0.0,0.0,0,0.0,0.0,0.0,0,0.0,132.6,0.0
NER_2018_101,79.0,31422.81,739.59,0.0,78.0,0,0.0,0.0,0.0,0,0.0,1.0,0.0,0.0,31242.63,0,0.0,0.0,0.0,0,0.0,180.17,0.0,0.0,735.35,0,0.0,0.0,0.0,0,0.0,4.24,0.0
NER_2018_102,2.0,3522.86,82.93,0.0,0.0,0,0.0,0.0,0.0,0,1.0,1.0,0.0,0.0,0.0,0,0.0,0.0,0.0,0,157.35,3365.51,0.0,0.0,0.0,0,0.0,0.0,0.0,0,3.7,79.22,0.0
NER_2018_103,1.0,6413.06,150.96,0.0,0.0,0,0.0,1.0,0.0,0,0.0,0.0,0.0,0.0,0.0,0,0.0,6413.06,0.0,0,0.0,0.0,0.0,0.0,0.0,0,0.0,150.96,0.0,0,0.0,0.0,0.0
NER_2018_104,21.0,56338.79,1326.37,0.0,0.0,0,0.0,13.0,0.0,0,0.0,0.0,0.0,0.0,0.0,0,0.0,40126.31,0.0,0,0.0,0.0,0.0,0.0,0.0,0,0.0,944.68,0.0,0,0.0,0.0,0.0
NER_2018_105,229.0,147282.04,3467.54,0.0,104.0,0,0.0,92.0,1.0,0,0.0,2.0,1.0,0.0,21018.23,0,0.0,87698.73,393.4,0,0.0,10013.68,3657.63,0.0,494.84,0,0.0,2064.74,9.26,0,0.0,235.76,86.11
NER_2018_106,1.0,3725.35,87.71,0.0,0.0,0,0.0,0.0,0.0,0,0.0,0.0,0.0,0.0,0.0,0,0.0,0.0,0.0,0,0.0,0.0,0.0,0.0,0.0,0,0.0,0.0,0.0,0,0.0,0.0,0.0
NER_2018_107,123.0,142885.87,3364.21,1.0,29.0,0,0.0,25.0,0.0,0,0.0,0.0,0.0,8877.22,3604.98,0,0.0,23941.9,0.0,0,0.0,0.0,0.0,209.01,84.88,0,0.0,563.71,0.0,0,0.0,0.0,0.0
NER_2018_108,1.0,6594.57,155.28,0.0,0.0,0,0.0,0.0,0.0,0,1.0,0.0,0.0,0.0,0.0,0,0.0,0.0,0.0,0,6594.57,0.0,0.0,0.0,0.0,0,0.0,0.0,0.0,0,155.28,0.0,0.0
NER_2018_109,19.0,45109.96,1062.17,0.0,0.0,0,0.0,16.0,0.0,0,0.0,0.0,0.0,0.0,0.0,0,0.0,32753.9,0.0,0,0.0,0.0,0.0,0.0,0.0,0,0.0,771.23,0.0,0,0.0,0.0,0.0
NER_2018_11,2.0,3890.75,90.97,0.0,0.0,0,0.0,0.0,0.0,0,1.0,1.0,0.0,0.0,0.0,0,0.0,0.0,0.0,0,2815.22,1075.53,0.0,0.0,0.0,0,0.0,0.0,0.0,0,65.82,25.15,0.0
NER_2018_110,2.0,5147.05,121.21,0.0,0.0,0,0.0,0.0,0.0,0,0.0,1.0,0.0,0.0,0.0,0,0.0,0.0,0.0,0,0.0,863.51,0.0,0.0,0.0,0,0.0,0.0,0.0,0,0.0,20.33,0.0
NER_2018_111,119.0,186584.52,4393.9,0.0,0.0,0,0.0,88.0,0.0,0,0.0,1.0,0.0,0.0,0.0,0,0.0,124096.12,0.0,0,0.0,7673.92,0.0,0.0,0.0,0,0.0,2922.35,0.0,0,0.0,180.71,0.0
NER_2018_112,1.0,7341.14,172.88,0.0,0.0,0,0.0,0.0,0.0,0,1.0,0.0,0.0,0.0,0.0,0,0.0,0.0,0.0,0,7341.14,0.0,0.0,0.0,0.0,0,0.0,0.0,0.0,0,172.88,0.0,0.0
NER_2018_113,22.0,58807.68,1384.9,0.0,0.0,0,0.0,22.0,0.0,0,0.0,0.0,0.0,0.0,0.0,0,0.0,58807.68,0.0,0,0.0,0.0,0.0,0.0,0.0,0,0.0,1384.9,0.0,0,0.0,0.0,0.0
NER_2018_114,102.0,86275.58,2031.83,0.0,63.0,0,0.0,21.0,0.0,0,0.0,0.0,0.0,0.0,14564.91,0,0.0,35447.72,0.0,0,0.0,0.0,0.0,0.0,343.01,0,0.0,834.81,0.0,0,0.0,0.0,0.0
NER_2018_115,338.0,176879.55,4165.66,0.0,169.0,0,0.0,132.0,5.0,0,1.0,10.0,2.0,0.0,51686.23,0,0.0,84620.65,389.78,0,207.13,16059.36,1679.55,0.0,1217.25,0,0.0,1992.89,9.18,0,4.88,378.21,39.55
NER_2018_116,609.0,180412.27,4249.06,0.0,417.0,0,0.0,39.0,111.0,0,1.0,24.0,5.0,0.0,101276.51,0,0.0,26024.65,22895.28,0,4016.73,4678.31,8449.03,0.0,2385.26,0,0.0,612.93,539.23,0,94.6,110.18,198.99
NER_2018_117,1.0,1444.71,34.03,0.0,0.0,0,0.0,0.0,0.0,0,0.0,1.0,0.0,0.0,0.0,0,0.0,0.0,0.0,0,0.0,1444.71,0.0,0.0,0.0,0,0.0,0.0,0.0,0,0.0,34.03,0.0
NER_2018_118,540.0,158606.89,3735.57,0.0,358.0,0,0.0,20.0,115.0,0,1.0,24.0,5.0,0.0,90249.33,0,0.0,8826.23,27431.71,0,1716.48,4678.31,9717.42,0.0,2125.59,0,0.0,207.88,646.08,0,40.43,110.19,228.87
NER_2018_119,2.0,8921.0,210.12,0.0,0.0,0,0.0,0.0,0.0,0,1.0,1.0,0.0,0.0,0.0,0,0.0,0.0,0.0,0,5689.62,3231.37,0.0,0.0,0.0,0,0.0,0.0,0.0,0,134.01,76.11,0.0
NER_2018_12,0.0,0.0,0.0,0.0,0.0,0,0.0,0.0,0.0,0,0.0,0.0,0.0,0.0,0.0,0,0.0,0.0,0.0,0,0.0,0.0,0.0,0.0,0.0,0,0.0,0.0,0.0,0,0.0,0.0,0.0
NER_2018_120,750.0,199021.36,4687.78,3.0,495.0,0,1.0,118.0,42.0,0,17.0,28.0,24.0,235.37,98742.56,0,5.29,47230.96,4196.97,0,9448.92,16874.74,10612.03,5.54,2325.8,0,0.12,1112.48,98.86,0,222.56,397.47,249.96
NER_2018_121,996.0,286859.98,6757.01,2.0,687.0,0,0.0,165.0,45.0,0,10.0,20.0,29.0,2841.95,152217.51,0,0.0,78293.07,8055.5,0,11641.29,6139.08,14681.71,66.94,3585.49,0,0.0,1844.2,189.75,0,274.21,144.61,345.83
NER_2018_122,1083.0,311761.0,7343.6,2.0,756.0,0,0.0,173.0,45.0,0,12.0,22.0,29.0,3147.93,168669.02,0,0.0,81308.42,5768.24,0,12232.41,9855.47,15168.27,74.15,3973.03,0,0.0,1915.24,135.87,0,288.14,232.15,357.29
NER_2018_123,1125.0,300380.48,7075.58,2.0,851.0,0,0.0,71.0,118.0,0,6.0,28.0,9.0,3322.53,200214.94,0,0.0,38776.76,20255.2,0,6152.92,6551.59,13378.6,78.26,4716.14,0,0.0,913.4,477.12,0,144.93,154.33,315.14
NER_2018_124,665.0,189340.15,4459.99,2.0,467.0,0,0.0,24.0,126.0,0,1.0,24.0,7.0,3111.38,110224.29,0,0.0,13110.67,32244.85,0,898.15,4678.31,11012.59,73.29,2596.38,0,0.0,308.83,759.54,0,21.16,110.2,259.41
NER_2018_125,32.0,66422.75,1564.69,0.0,0.0,0,0.0,22.0,0.0,0,0.0,0.0,0.0,0.0,0.0,0,0.0,41512.72,0.0,0,0.0,0.0,0.0,0.0,0.0,0,0.0,977.9,0.0,0,0.0,0.0,0.0
NER_2018_126,1368.0,319780.14,7533.07,15.0,760.0,0,3.0,121.0,154.0,0,24.0,77.0,34.0,5437.98,152313.38,0,35.57,49050.27,22178.55,0,10108.19,32413.64,16269.61,128.1,3588.05,0,0.84,1155.48,522.46,0,238.12,763.57,383.26
NER_2018_127,31.0,73343.65,1727.8,0.0,0.0,0,0.0,25.0,0.0,0,0.0,0.0,0.0,0.0,0.0,0,0.0,58086.63,0.0,0,0.0,0.0,0.0,0.0,0.0,0,0.0,1368.38,0.0,0,0.0,0.0,0.0
NER_2018_128,1535.0,359699.35,8473.74,35.0,815.0,0,3.0,123.0,174.0,0,30.0,113.0,34.0,10098.02,169876.36,0,67.97,49732.22,24500.08,0,11556.49,43352.15,16361.44,237.89,4001.92,0,1.6,1171.58,577.17,0,272.25,1021.28,385.44
NER_2018_129,1386.0,309062.27,7280.88,27.0,736.0,0,3.0,103.0,159.0,0,26.0,96.0,26.0,6673.32,145308.95,0,67.97,40235.54,19982.1,0,8521.18,37612.4,15464.93,157.21,3423.18,0,1.6,947.87,470.74,0,200.74,886.07,364.32
NER_2018_13,1.0,2575.55,60.31,0.0,0.0,0,0.0,0.0,0.0,0,0.0,0.0,0.0,0.0,0.0,0,0.0,0.0,0.0,0,0.0,0.0,0.0,0.0,0.0,0,0.0,0.0,0.0,0,0.0,0.0,0.0
NER_2018_130,1387.0,308752.45,7273.61,27.0,737.0,0,3.0,100.0,161.0,0,26.0,96.0,26.0,6746.94,145262.65,0,67.97,39388.99,20076.57,0,8462.16,37908.67,15455.24,158.95,3422.11,0,1.6,927.93,472.97,0,199.35,893.06,364.1
NER_2018_131,1576.0,441782.24,10407.78,33.0,1187.0,0,0.0,96.0,100.0,0,20.0,76.0,17.0,17894.89,290501.88,0,0.0,34126.7,20766.57,0,12488.51,36600.8,15688.99,421.58,6843.82,0,0.0,803.98,489.23,0,294.21,862.26,369.61
NER_2018_132,1185.0,432973.77,10200.36,0.0,610.0,0,0.0,347.0,44.0,0,13.0,41.0,15.0,0.0,209143.8,0,0.0,111869.99,5662.71,0,6328.7,29061.3,11422.57,0.0,4927.18,0,0.0,2635.53,133.41,0,149.1,684.65,269.1
NER_2018_133,5.0,15941.64,375.58,0.0,0.0,0,0.0,1.0,0.0,0,0.0,1.0,1.0,0.0,0.0,0,0.0,1850.8,0.0,0,0.0,4604.87,6793.57,0.0,0.0,0,0.0,43.6,0.0,0,0.0,108.49,160.05
NER_2018_134,1690.0,469583.09,11063.34,63.0,1225.0,0,0.0,62.0,108.0,0,49.0,105.0,19.0,25549.45,306900.84,0,0.0,18856.06,20844.8,0,16564.1,48060.34,16008.68,601.94,7230.56,0,0.0,444.25,491.1,0,390.25,1132.3,377.16
NER_2018_135,1690.0,469784.02,11068.05,63.0,1225.0,0,0.0,61.0,109.0,0,49.0,105.0,19.0,25577.31,306900.39,0,0.0,18875.96,20883.5,0,16599.06,48127.52,16017.0,602.6,7230.53,0,0.0,444.72,492.01,0,391.07,1133.88,377.36
NER_2018_136,1405.0,483658.92,11395.0,2.0,787.0,0,0.0,365.0,48.0,0,13.0,42.0,17.0,1437.76,256501.92,0,0.0,107622.24,5900.24,0,6328.7,30411.74,12830.28,33.87,6043.18,0,0.0,2535.58,139.01,0,149.1,716.5,302.28
NER_2018_137,1740.0,387940.17,9139.85,51.0,864.0,0,4.0,86.0,235.0,0,84.0,162.0,26.0,12854.66,181396.61,0,103.97,36442.66,30495.57,0,20374.05,52401.84,15556.37,302.86,4273.7,0,2.45,858.59,718.47,0,480.01,1234.59,366.51
NER_2018_138,2281.0,568315.81,13390.01,115.0,1353.0,0,3.0,98.0,215.0,0,111.0,195.0,36.0,38680.16,319628.65,0,98.68,30306.81,29257.01,0,29566.2,69743.69,16934.22,911.34,7530.73,0,2.32,714.05,689.32,0,696.61,1643.22,398.98
NER_2018_139,1621.0,490049.18,11546.32,48.0,1312.0,0,0.0,23.0,69.0,0,22.0,75.0,17.0,28727.29,344642.45,0,0.0,5890.5,17426.41,0,10826.28,47845.25,14321.52,676.86,8120.31,0,0.0,138.79,410.59,0,255.08,1127.31,337.44
NER_2018_14,1.0,3883.15,90.95,0.0,0.0,0,0.0,0.0,0.0,0,1.0,0.0,0.0,0.0,0.0,0,0.0,0.0,0.0,0,3883.15,0.0,0.0,0.0,0.0,0,0.0,0.0,0.0,0,90.95,0.0,0.0
NER_2018_140,2.0,9907.82,233.44,1.0,0.0,0,0.0,0.0,0.0,0,0.0,1.0,0.0,6539.06,0.0,0,0.0,0.0,0.0,0,0.0,3368.77,0.0,154.07,0.0,0,0.0,0.0,0.0,0,0.0,79.37,0.0
NER_2018_141,1515.0,485509.14,11439.56,2.0,884.0,0,0.0,364.0,43.0,0,13.0,40.0,16.0,3066.86,264357.67,0,0.0,101194.78,4852.56,0,5862.34,26056.57,12009.15,72.26,6228.79,0,0.0,2384.35,114.34,0,138.13,613.94,282.96
NER_2018_142,0.0,0.0,0.0,0.0,0.0,0,0.0,0.0,0.0,0,0.0,0.0,0.0,0.0,0.0,0,0.0,0.0,0.0,0,0.0,0.0,0.0,0.0,0.0,0,0.0,0.0,0.0,0,0.0,0.0,0.0
NER_2018_143,1606.0,372174.21,8769.35,52.0,919.0,0,3.0,27.0,197.0,0,41.0,103.0,6.0,22817.58,193438.53,0,349.12,16900.35,25295.55,0,18071.97,36640.02,12206.99,537.64,4557.89,0,8.23,398.21,596.03,0,425.82,863.33,287.63
NER_2018_144,7.0,2633.09,62.04,0.0,2.0,0,0.0,1.0,0.0,0,0.0,0.0,0.0,0.0,409.79,0,0.0,259.75,0.0,0,0.0,0.0,0.0,0.0,9.66,0,0.0,6.12,0.0,0,0.0,0.0,0.0
NER_2018_145,2175.0,596388.36,14052.56,129.0,1384.0,0,3.0,53.0,138.0,0,94.0,185.0,35.0,47166.72,354181.78,0,97.39,15299.08,24045.81,0,27353.7,71741.92,17572.03,1111.38,8345.5,0,2.29,360.49,566.59,0,644.53,1690.44,414.05
NER_2018_146,19.0,22782.88,536.83,0.0,0.0,0,0.0,18.0,0.0,0,0.0,1.0,0.0,0.0,0.0,0,0.0,17557.78,0.0,0,0.0,5225.1,0.0,0.0,0.0,0,0.0,413.71,0.0,0,0.0,123.12,0.0
NER_2018_147,58.0,37511.51,883.89,3.0,51.0,0,0.0,1.0,2.0,0,0.0,1.0,0.0,9346.37,22006.41,0,0.0,188.4,2198.42,0,0.0,3771.91,0.0,220.23,518.54,0,0.0,4.44,51.8,0,0.0,88.88,0.0
NER_2018_148,2564.0,672070.15,15836.23,146.0,1527.0,0,5.0,49.0,245.0,0,111.0,223.0,36.0,53876.79,382309.26,0,138.68,12907.08,34090.6,0,34841.22,86203.39,16866.61,1269.52,9008.49,0,3.27,304.13,803.29,0,820.98,2031.24,397.43
NER_2018_149,912.0,328201.98,7733.58,15.0,822.0,0,0.0,6.0,22.0,0,6.0,18.0,4.0,16882.52,253951.82,0,0.0,4935.12,9855.55,0,471.85,23427.7,3400.96,397.81,5983.99,0,0.0,116.29,232.23,0,11.12,552.04,80.14
NER_2018_15,0.0,0.0,0.0,0.0,0.0,0,0.0,0.0,0.0,0,0.0,0.0,0.0,0.0,0.0,0,0.0,0.0,0.0,0,0.0,0.0,0.0,0.0,0.0,0,0.0,0.0,0.0,0,0.0,0.0,0.0
NER_2018_150,1264.0,326219.44,7686.98,20.0,841.0,0,1.0,33.0,79.0,0,23.0,46.0,5.0,12791.96,187972.71,0,307.83,24641.3,10244.39,0,18210.94,21672.05,10628.5,301.43,4429.36,0,7.25,580.64,241.4,0,429.12,510.68,250.45
NER_2018_151,0.0,0.0,0.0,0.0,0.0,0,0.0,0.0,0.0,0,0.0,0.0,0.0,0.0,0.0,0,0.0,0.0,0.0,0,0.0,0.0,0.0,0.0,0.0,0,0.0,0.0,0.0,0,0.0,0.0,0.0
NER_2018_152,1393.0,475513.71,11205.07,2.0,866.0,0,0.0,300.0,30.0,0,12.0,25.0,13.0,3979.99,260973.51,0,0.0,98820.16,3910.98,0,4624.27,18963.31,11021.55,93.79,6149.61,0,0.0,2328.61,92.16,0,108.97,446.85,259.71
NER_2018_153,2002.0,604145.97,14236.3,99.0,1406.0,0,2.0,29.0,94.0,0,95.0,150.0,20.0,44363.85,382367.83,0,62.68,5839.21,18217.01,0,32147.83,68907.73,12433.96,1045.4,9010.25,0,1.48,137.6,429.27,0,757.54,1623.77,293.0
NER_2018_154,2313.0,663702.47,15639.9,139.0,1500.0,0,3.0,25.0,163.0,0,111.0,201.0,22.0,56138.62,400438.81,0,97.39,6488.19,26137.84,0,37793.11,76001.99,12833.89,1322.89,9436.19,0,2.29,152.89,615.93,0,890.58,1790.96,302.43
NER_2018_155,2646.0,706125.57,16639.68,147.0,1625.0,0,5.0,23.0,246.0,0,115.0,230.0,25.0,54154.77,418117.7,0,138.68,6089.4,34526.12,0,42566.47,87002.07,13703.01,1276.14,9852.84,0,3.27,143.5,813.6,0,1003.07,2050.18,322.91
NER_2018_156,1930.0,599554.72,14128.37,83.0,1437.0,0,2.0,8.0,73.0,0,78.0,128.0,20.0,41455.61,392494.87,0,62.68,1474.56,16539.48,0,31717.51,64925.31,10560.84,976.89,9249.05,0,1.48,34.75,389.75,0,747.42,1529.95,248.86
NER_2018_157,1926.0,598880.89,14112.5,83.0,1433.0,0,2.0,8.0,73.0,0,78.0,128.0,20.0,41380.79,392130.2,0,62.68,1449.17,16591.65,0,31614.81,64813.15,10553.68,975.13,9240.46,0,1.48,34.15,390.98,0,745.0,1527.31,248.7
NER_2018_158,1.0,4481.39,105.61,0.0,0.0,0,0.0,0.0,0.0,0,0.0,0.0,1.0,0.0,0.0,0,0.0,0.0,0.0,0,0.0,0.0,4481.39,0.0,0.0,0,0.0,0.0,0.0,0,0.0,0.0,105.61
NER_2018_159,1.0,3149.08,74.21,0.0,0.0,0,0.0,0.0,0.0,0,1.0,0.0,0.0,0.0,0.0,0,0.0,0.0,0.0,0,3149.08,0.0,0.0,0.0,0.0,0,0.0,0.0,0.0,0,74.21,0.0,0.0
NER_2018_16,2.0,8741.0,204.81,0.0,0.0,0,0.0,0.0,0.0,0,0.0,2.0,0.0,0.0,0.0,0,0.0,0.0,0.0,0,0.0,8741.0,0.0,0.0,0.0,0,0.0,0.0,0.0,0,0.0,204.81,0.0
NER_2018_160,32.0,37649.43,887.24,3.0,1.0,0,0.0,6.0,6.0,0,0.0,0.0,0.0,6651.4,1325.9,0,0.0,1066.91,5265.83,0,0.0,0.0,0.0,156.75,31.25,0,0.0,25.14,124.09,0,0.0,0.0,0.0
NER_2018_161,3.0,12787.48,301.35,0.0,0.0,0,0.0,0.0,0.0,0,2.0,1.0,0.0,0.0,0.0,0,0.0,0.0,0.0,0,8056.44,4731.05,0.0,0.0,0.0,0,0.0,0.0,0.0,0,189.86,111.49,0.0
NER_2018_162,1102.0,384701.75,9066.01,2.0,693.0,0,0.0,256.0,13.0,0,0.0,11.0,10.0,4426.95,187093.16,0,0.0,100428.12,1371.59,0,0.0,11740.04,10083.1,104.33,4409.1,0,0.0,2366.72,32.32,0,0.0,276.67,237.62
NER_2018_163,2641.0,763541.17,17994.25,154.0,1792.0,0,4.0,3.0,177.0,0,117.0,213.0,10.0,63008.66,480402.41,0,133.39,560.05,26771.34,0,49177.53,81102.74,1905.33,1484.91,11321.56,0,3.14,13.2,630.92,0,1158.96,1911.33,44.9
NER_2018_164,951.0,343990.74,8106.77,21.0,850.0,0,0.0,4.0,11.0,0,14.0,23.0,0.0,19106.18,253680.61,0,0.0,2011.9,10291.79,0,3934.25,27496.05,0.0,450.27,5978.45,0,0.0,47.41,242.55,0,92.72,647.99,0.0
NER_2018_165,2864.0,807000.01,19018.8,145.0,2003.0,0,4.0,3.0,167.0,0,114.0,227.0,7.0,57667.16,533985.84,0,133.39,560.05,23723.23,0,50713.1,86264.82,366.52,1359.06,12584.6,0,3.14,13.2,559.09,0,1195.17,2033.03,8.64
NER_2018_166,2415.0,742214.05,17492.81,131.0,1768.0,0,3.0,5.0,107.0,0,108.0,163.0,0.0,57901.85,495278.87,0,97.39,1373.77,14863.6,0,39620.7,66916.35,0.0,1364.66,11672.94,0,2.3,32.38,350.31,0,933.8,1577.11,0.0
NER_2018_167,0.0,0.0,0.0,0.0,0.0,0,0.0,0.0,0.0,0,0.0,0.0,0.0,0.0,0.0,0,0.0,0.0,0.0,0,0.0,0.0,0.0,0.0,0.0,0,0.0,0.0,0.0,0,0.0,0.0,0.0
NER_2018_168,1828.0,617589.11,14555.75,73.0,1475.0,0,0.0,5.0,28.0,0,71.0,107.0,0.0,39161.6,430919.66,0,0.0,1675.85,3805.67,0,29788.46,54206.87,0.0,922.99,10156.2,0,0.0,39.5,89.69,0,702.07,1277.58,0.0
NER_2018_169,2832.0,858928.48,20243.9,121.0,2174.0,0,2.0,4.0,127.0,0,104.0,191.0,0.0,58965.98,591625.24,0,70.71,598.12,18509.48,0,46395.97,79185.41,0.0,1389.76,13943.89,0,1.67,14.1,436.25,0,1093.5,1866.3,0.0
NER_2018_17,9.0,15516.79,363.64,0.0,1.0,0,0.0,0.0,0.0,0,0.0,4.0,1.0,0.0,562.67,0,0.0,0.0,0.0,0,0.0,7540.31,7227.44,0.0,13.19,0,0.0,0.0,0.0,0,0.0,176.71,169.38
NER_2018_170,1.0,1924.22,45.35,1.0,0.0,0,0.0,0.0,0.0,0,0.0,0.0,0.0,1924.22,0.0,0,0.0,0.0,0.0,0,0.0,0.0,0.0,45.35,0.0,0,0.0,0.0,0.0,0,0.0,0.0,0.0
NER_2018_171,1951.0,644416.59,15188.95,84.0,1569.0,0,1.0,5.0,41.0,0,83.0,84.0,0.0,42764.66,460898.73,0,34.71,2589.91,6730.63,0,32568.92,37791.89,0.0,1007.97,10863.42,0,0.82,61.04,158.64,0,767.65,890.76,0.0
NER_2018_172,1.0,7159.95,168.76,0.0,0.0,0,0.0,0.0,0.0,0,0.0,1.0,0.0,0.0,0.0,0,0.0,0.0,0.0,0,0.0,7159.95,0.0,0.0,0.0,0,0.0,0.0,0.0,0,0.0,168.76,0.0
NER_2018_173,1303.0,409089.63,9642.38,14.0,1123.0,0,1.0,10.0,15.0,0,17.0,10.0,0.0,16709.37,309685.7,0,307.83,9836.43,3718.69,0,19649.85,6288.17,0.0,393.85,7299.39,0,7.26,231.85,87.65,0,463.15,148.21,0.0
NER_2018_174,2597.0,814896.41,19207.85,89.0,2183.0,0,2.0,4.0,41.0,0,86.0,89.0,0.0,48297.1,606217.0,0,70.71,598.12,7460.45,0,36423.88,45641.25,0.0,1138.41,14289.08,0,1.67,14.1,175.85,0,858.54,1075.81,0.0
NER_2018_175,61.0,56780.13,1338.37,1.0,33.0,0,0.0,25.0,0.0,0,1.0,1.0,0.0,6762.3,27231.02,0,0.0,17184.65,0.0,0,3798.11,1804.05,0.0,159.39,641.86,0,0.0,405.06,0.0,0,89.53,42.52,0.0
NER_2018_176,2.0,11604.65,273.54,1.0,0.0,0,0.0,0.0,0.0,0,0.0,0.0,0.0,7976.79,0.0,0,0.0,0.0,0.0,0,0.0,0.0,0.0,188.02,0.0,0,0.0,0.0,0.0,0,0.0,0.0,0.0
NER_2018_177,2096.0,695064.92,16383.84,51.0,1828.0,0,1.0,6.0,29.0,0,38.0,56.0,0.0,37846.82,528131.2,0,34.71,1576.5,6017.32,0,28693.49,29655.72,0.0,892.11,12448.93,0,0.82,37.16,141.84,0,676.35,699.03,0.0
NER_2018_178,283.0,138090.94,3255.11,0.0,219.0,0,0.0,44.0,0.0,0,0.0,3.0,1.0,0.0,58049.34,0,0.0,45804.75,0.0,0,0.0,5384.93,7972.45,0.0,1368.35,0,0.0,1079.72,0.0,0,0.0,126.93,187.93
NER_2018_179,2513.0,821275.23,19359.33,50.0,2244.0,0,1.0,3.0,35.0,0,34.0,64.0,0.0,37859.1,639709.63,0,34.71,334.59,7244.42,0,32409.38,36924.38,0.0,892.43,15079.41,0,0.82,7.89,170.77,0,763.96,870.39,0.0
NER_2018_18,0.0,0.0,0.0,0.0,0.0,0,0.0,0.0,0.0,0,0.0,0.0,0.0,0.0,0.0,0,0.0,0.0,0.0,0,0.0,0.0,0.0,0.0,0.0,0,0.0,0.0,0.0,0,0.0,0.0,0.0
NER_2018_180,2747.0,871345.16,20539.75,63.0,2420.0,0,1.0,2.0,37.0,0,33.0,69.0,0.0,41244.64,689643.72,0,34.71,296.53,8086.04,0,30173.77,40150.53,0.0,972.24,16256.6,0,0.82,6.99,190.61,0,711.27,946.45,0.0
NER_2018_181,1.0,6668.68,157.2,0.0,0.0,0,0.0,0.0,0.0,0,1.0,0.0,0.0,0.0,0.0,0,0.0,0.0,0.0,0,6668.68,0.0,0.0,0.0,0.0,0,0.0,0.0,0.0,0,157.2,0.0,0.0
NER_2018_182,34.0,28457.26,670.82,1.0,28.0,0,0.0,2.0,0.0,0,0.0,0.0,0.0,7129.35,8778.45,0,0.0,3339.31,0.0,0,0.0,0.0,0.0,168.06,206.93,0,0.0,78.72,0.0,0,0.0,0.0,0.0
NER_2018_183,12.0,19833.46,467.53,0.0,0.0,0,0.0,11.0,0.0,0,0.0,0.0,0.0,0.0,0.0,0,0.0,19018.59,0.0,0,0.0,0.0,0.0,0.0,0.0,0,0.0,448.32,0.0,0,0.0,0.0,0.0
NER_2018_184,59.0,56269.91,1326.45,1.0,33.0,0,0.0,23.0,0.0,0,1.0,1.0,0.0,6728.41,27231.02,0,0.0,14767.05,0.0,0,5125.23,2418.19,0.0,158.61,641.92,0,0.0,348.1,0.0,0,120.82,57.0,0.0
NER_2018_185,1.0,6666.53,157.15,0.0,0.0,0,0.0,0.0,0.0,0,1.0,0.0,0.0,0.0,0.0,0,0.0,0.0,0.0,0,6666.53,0.0,0.0,0.0,0.0,0,0.0,0.0,0.0,0,157.15,0.0,0.0
NER_2018_186,2374.0,774976.84,18269.87,15.0,2186.0,0,0.0,4.0,30.0,0,26.0,31.0,0.0,20805.44,634676.06,0,0.0,1047.19,6864.97,0,30354.87,21347.95,0.0,490.48,14962.32,0,0.0,24.69,161.84,0,715.61,503.27,0.0
NER_2018_187,0.0,0.0,0.0,0.0,0.0,0,0.0,0.0,0.0,0,0.0,0.0,0.0,0.0,0.0,0,0.0,0.0,0.0,0,0.0,0.0,0.0,0.0,0.0,0,0.0,0.0,0.0,0,0.0,0.0,0.0
NER_2018_188,1313.0,447261.09,10546.1,8.0,1184.0,0,0.0,5.0,29.0,0,6.0,9.0,0.0,10706.33,367919.9,0,0.0,7342.63,8491.66,0,10237.99,4866.86,0.0,252.45,8675.29,0,0.0,173.13,200.23,0,241.4,114.76,0.0
NER_2018_189,0.0,0.0,0.0,0.0,0.0,0,0.0,0.0,0.0,0,0.0,0.0,0.0,0.0,0.0,0,0.0,0.0,0.0,0,0.0,0.0,0.0,0.0,0.0,0,0.0,0.0,0.0,0,0.0,0.0,0.0
NER_2018_19,0.0,0.0,0.0,0.0,0.0,0,0.0,0.0,0.0,0,0.0,0.0,0.0,0.0,0.0,0,0.0,0.0,0.0,0,0.0,0.0,0.0,0.0,0.0,0,0.0,0.0,0.0,0,0.0,0.0,0.0
NER_2018_190,42.0,33612.45,792.58,1.0,19.0,0,0.0,3.0,7.0,0,0.0,0.0,0.0,7004.24,4704.61,0,0.0,9496.97,1900.92,0,0.0,0.0,0.0,165.16,110.93,0,0.0,223.94,44.82,0,0.0,0.0,0.0
NER_2018_191,10.0,9335.93,220.15,0.0,5.0,0,0.0,0.0,0.0,0,0.0,2.0,0.0,0.0,1498.0,0,0.0,0.0,0.0,0,0.0,6645.34,0.0,0.0,35.32,0,0.0,0.0,0.0,0,0.0,156.7,0.0
NER_2018_192,0.0,0.0,0.0,0.0,0.0,0,0.0,0.0,0.0,0,0.0,0.0,0.0,0.0,0.0,0,0.0,0.0,0.0,0,0.0,0.0,0.0,0.0,0.0,0,0.0,0.0,0.0,0,0.0,0.0,0.0
NER_2018_193,1.0,3413.21,80.5,0.0,0.0,0,0.0,0.0,0.0,0,0.0,0.0,0.0,0.0,0.0,0,0.0,0.0,0.0,0,0.0,0.0,0.0,0.0,0.0,0,0.0,0.0,0.0,0,0.0,0.0,0.0
NER_2018_194,0.0,0.0,0.0,0.0,0.0,0,0.0,0.0,0.0,0,0.0,0.0,0.0,0.0,0.0,0,0.0,0.0,0.0,0,0.0,0.0,0.0,0.0,0.0,0,0.0,0.0,0.0,0,0.0,0.0,0.0
NER_2018_195,4.0,20004.48,471.83,0.0,0.0,0,0.0,1.0,0.0,0,0.0,0.0,0.0,0.0,0.0,0,0.0,6702.87,0.0,0,0.0,0.0,0.0,0.0,0.0,0,0.0,158.09,0.0,0,0.0,0.0,0.0
NER_2018_196,8.0,19672.07,463.99,0.0,0.0,0,0.0,0.0,0.0,0,0.0,1.0,0.0,0.0,0.0,0,0.0,0.0,0.0,0,0.0,866.6,0.0,0.0,0.0,0,0.0,0.0,0.0,0,0.0,20.44,0.0
NER_2018_197,3.0,9136.61,215.51,0.0,0.0,0,0.0,0.0,0.0,0,0.0,1.0,1.0,0.0,0.0,0,0.0,0.0,0.0,0,0.0,926.65,7582.92,0.0,0.0,0,0.0,0.0,0.0,0,0.0,21.86,178.86
NER_2018_198,1.0,2521.59,59.48,1.0,0.0,0,0.0,0.0,0.0,0,0.0,0.0,0.0,2521.59,0.0,0,0.0,0.0,0.0,0,0.0,0.0,0.0,59.48,0.0,0,0.0,0.0,0.0,0,0.0,0.0,0.0
NER_2018_199,299.0,111577.62,2632.01,0.0,243.0,0,0.0,4.0,5.0,0,2.0,0.0,2.0,0.0,81630.16,0,0.0,573.44,371.04,0,9320.69,0.0,3711.72,0.0,1925.58,0,0.0,13.53,8.75,0,219.87,0.0,87.56
NER_2018_2,267.0,103664.84,2412.17,3.0,242.0,0,0.0,4.0,1.0,0,1.0,5.0,0.0,8150.69,81230.98,0,0.0,2510.35,294.47,0,4083.9,3432.02,0.0,189.66,1890.16,0,0.0,58.41,6.85,0,95.03,79.86,0.0
NER_2018_20,21.0,6884.28,161.39,0.0,21.0,0,0.0,0.0,0.0,0,0.0,0.0,0.0,0.0,6884.28,0,0.0,0.0,0.0,0,0.0,0.0,0.0,0.0,161.39,0,0.0,0.0,0.0,0,0.0,0.0,0.0
NER_2018_200,312.0,114464.87,2700.18,0.0,244.0,0,0.0,12.0,5.0,0,2.0,0.0,2.0,0.0,81820.97,0,0.0,1595.81,371.04,0,8304.93,0.0,4723.44,0.0,1930.12,0,0.0,37.64,8.75,0,195.91,0.0,111.42
NER_2018_201,17.0,42145.45,994.22,0.0,0.0,0,0.0,5.0,0.0,0,0.0,0.0,0.0,0.0,0.0,0,0.0,8151.18,0.0,0,0.0,0.0,0.0,0.0,0.0,0,0.0,192.29,0.0,0,0.0,0.0,0.0
NER_2018_202,312.0,115281.95,2719.66,0.0,244.0,0,0.0,12.0,5.0,0,2.0,0.0,2.0,0.0,81820.97,0,0.0,1595.81,371.04,0,9534.98,0.0,3481.78,0.0,1930.27,0,0.0,37.65,8.75,0,224.94,0.0,82.14
NER_2018_203,6.0,11493.29,271.16,1.0,0.0,0,0.0,0.0,0.0,0,0.0,5.0,0.0,6833.37,0.0,0,0.0,0.0,0.0,0,0.0,4659.92,0.0,161.22,0.0,0,0.0,0.0,0.0,0,0.0,109.94,0.0
NER_2018_204,1.0,1201.97,28.36,0.0,0.0,0,0.0,0.0,0.0,0,1.0,0.0,0.0,0.0,0.0,0,0.0,0.0,0.0,0,1201.97,0.0,0.0,0.0,0.0,0,0.0,0.0,0.0,0,28.36,0.0,0.0
NER_2018_205,3.0,9633.35,227.28,0.0,0.0,0,0.0,0.0,0.0,0,0.0,1.0,0.0,0.0,0.0,0,0.0,0.0,0.0,0,0.0,2037.46,0.0,0.0,0.0,0,0.0,0.0,0.0,0,0.0,48.07,0.0
NER_2018_206,30.0,29851.29,704.3,0.0,23.0,0,0.0,0.0,0.0,0,0.0,3.0,1.0,0.0,11587.76,0,0.0,0.0,0.0,0,0.0,3809.43,6859.59,0.0,273.4,0,0.0,0.0,0.0,0,0.0,89.88,161.84
NER_2018_207,31.0,16214.35,382.57,0.0,30.0,0,0.0,0.0,0.0,0,0.0,1.0,0.0,0.0,8209.94,0,0.0,0.0,0.0,0,0.0,8004.41,0.0,0.0,193.71,0,0.0,0.0,0.0,0,0.0,188.86,0.0
NER_2018_208,18.0,13714.9,323.6,13.0,4.0,0,0.0,0.0,0.0,0,0.0,1.0,0.0,7739.83,2809.3,0,0.0,0.0,0.0,0,0.0,3165.77,0.0,182.62,66.28,0,0.0,0.0,0.0,0,0.0,74.7,0.0
NER_2018_209,16.0,35597.95,839.94,1.0,0.0,0,0.0,0.0,0.0,0,0.0,1.0,0.0,2504.38,0.0,0,0.0,0.0,0.0,0,0.0,1794.07,0.0,59.09,0.0,0,0.0,0.0,0.0,0,0.0,42.33,0.0
NER_2018_21,40.0,23818.4,558.39,0.0,38.0,0,0.0,0.0,0.0,0,1.0,1.0,0.0,0.0,13000.91,0,0.0,0.0,0.0,0,6633.16,4184.33,0.0,0.0,304.79,0,0.0,0.0,0.0,0,155.5,98.1,0.0
NER_2018_210,0.0,0.0,0.0,0.0,0.0,0,0.0,0.0,0.0,0,0.0,0.0,0.0,0.0,0.0,0,0.0,0.0,0.0,0,0.0,0.0,0.0,0.0,0.0,0,0.0,0.0,0.0,0,0.0,0.0,0.0
NER_2018_211,2.0,9810.67,231.53,1.0,0.0,0,0.0,0.0,0.0,0,0.0,1.0,0.0,6327.18,0.0,0,0.0,0.0,0.0,0,0.0,3483.49,0.0,149.32,0.0,0,0.0,0.0,0.0,0,0.0,82.21,0.0
NER_2018_212,1.0,7750.42,182.92,0.0,0.0,0,0.0,0.0,0.0,0,0.0,1.0,0.0,0.0,0.0,0,0.0,0.0,0.0,0,0.0,7750.42,0.0,0.0,0.0,0,0.0,0.0,0.0,0,0.0,182.92,0.0
NER_2018_213,199.0,121029.4,2856.54,1.0,10.0,0,0.0,133.0,0.0,0,0.0,0.0,0.0,6662.99,1224.32,0,0.0,95709.92,0.0,0,0.0,0.0,0.0,157.26,28.9,0,0.0,2258.95,0.0,0,0.0,0.0,0.0
NER_2018_214,120.0,81459.66,1922.73,1.0,0.0,0,0.0,62.0,0.0,0,0.0,0.0,0.0,6513.86,0.0,0,0.0,42608.63,0.0,0,0.0,0.0,0.0,153.75,0.0,0,0.0,1005.71,0.0,0,0.0,0.0,0.0
NER_2018_215,7.0,26583.52,627.47,0.0,1.0,0,0.0,5.0,0.0,0,0.0,1.0,0.0,0.0,228.79,0,0.0,19861.55,0.0,0,0.0,6493.17,0.0,0.0,5.4,0,0.0,468.81,0.0,0,0.0,153.26,0.0
NER_2018_216,1.0,7090.79,167.38,1.0,0.0,0,0.0,0.0,0.0,0,0.0,0.0,0.0,7090.79,0.0,0,0.0,0.0,0.0,0,0.0,0.0,0.0,167.38,0.0,0,0.0,0.0,0.0,0,0.0,0.0,0.0
NER_2018_217,36.0,17327.25,409.03,3.0,25.0,0,0.0,0.0,0.0,0,0.0,0.0,0.0,6621.35,6469.23,0,0.0,0.0,0.0,0,0.0,0.0,0.0,156.31,152.72,0,0.0,0.0,0.0,0,0.0,0.0,0.0
NER_2018_218,0.0,0.0,0.0,0.0,0.0,0,0.0,0.0,0.0,0,0.0,0.0,0.0,0.0,0.0,0,0.0,0.0,0.0,0,0.0,0.0,0.0,0.0,0.0,0,0.0,0.0,0.0,0,0.0,0.0,0.0
NER_2018_219,61.0,14176.36,334.67,0.0,41.0,0,0.0,0.0,0.0,0,0.0,1.0,0.0,0.0,5075.89,0,0.0,0.0,0.0,0,0.0,7388.03,0.0,0.0,119.83,0,0.0,0.0,0.0,0,0.0,174.41,0.0
NER_2018_22,0.0,0.0,0.0,0.0,0.0,0,0.0,0.0,0.0,0,0.0,0.0,0.0,0.0,0.0,0,0.0,0.0,0.0,0,0.0,0.0,0.0,0.0,0.0,0,0.0,0.0,0.0,0,0.0,0.0,0.0
NER_2018_220,0.0,0.0,0.0,0.0,0.0,0,0.0,0.0,0.0,0,0.0,0.0,0.0,0.0,0.0,0,0.0,0.0,0.0,0,0.0,0.0,0.0,0.0,0.0,0,0.0,0.0,0.0,0,0.0,0.0,0.0
NER_2018_221,5.0,12096.79,285.59,0.0,0.0,0,0.0,1.0,0.0,0,1.0,0.0,0.0,0.0,0.0,0,0.0,1140.66,0.0,0,2165.96,0.0,0.0,0.0,0.0,0,0.0,26.93,0.0,0,51.13,0.0,0.0
NER_2018_222,1.0,8206.23,193.74,1.0,0.0,0,0.0,0.0,0.0,0,0.0,0.0,0.0,8206.23,0.0,0,0.0,0.0,0.0,0,0.0,0.0,0.0,193.74,0.0,0,0.0,0.0,0.0,0,0.0,0.0,0.0
NER_2018_223,2.0,4484.72,105.88,0.0,0.0,0,0.0,0.0,0.0,0,0.0,0.0,0.0,0.0,0.0,0,0.0,0.0,0.0,0,0.0,0.0,0.0,0.0,0.0,0,0.0,0.0,0.0,0,0.0,0.0,0.0
NER_2018_224,2.0,2499.04,59.0,0.0,0.0,0,0.0,0.0,0.0,0,0.0,0.0,0.0,0.0,0.0,0,0.0,0.0,0.0,0,0.0,0.0,0.0,0.0,0.0,0,0.0,0.0,0.0,0,0.0,0.0,0.0
NER_2018_225,3.0,13164.87,310.83,1.0,0.0,0,0.0,0.0,0.0,0,0.0,0.0,0.0,6576.61,0.0,0,0.0,0.0,0.0,0,0.0,0.0,0.0,155.28,0.0,0,0.0,0.0,0.0,0,0.0,0.0,0.0
NER_2018_226,0.0,0.0,0.0,0.0,0.0,0,0.0,0.0,0.0,0,0.0,0.0,0.0,0.0,0.0,0,0.0,0.0,0.0,0,0.0,0.0,0.0,0.0,0.0,0,0.0,0.0,0.0,0,0.0,0.0,0.0
NER_2018_227,0.0,0.0,0.0,0.0,0.0,0,0.0,0.0,0.0,0,0.0,0.0,0.0,0.0,0.0,0,0.0,0.0,0.0,0,0.0,0.0,0.0,0.0,0.0,0,0.0,0.0,0.0,0,0.0,0.0,0.0
NER_2018_228,147.0,80172.57,1893.0,4.0,129.0,0,0.0,1.0,0.0,0,7.0,3.0,0.0,7232.49,53592.01,0,0.0,2002.24,0.0,0,8106.72,4803.03,0.0,170.77,1265.39,0,0.0,47.28,0.0,0,191.41,113.41,0.0
NER_2018_229,1.0,6755.97,159.53,1.0,0.0,0,0.0,0.0,0.0,0,0.0,0.0,0.0,6755.97,0.0,0,0.0,0.0,0.0,0,0.0,0.0,0.0,159.53,0.0,0,0.0,0.0,0.0,0,0.0,0.0,0.0
NER_2018_23,0.0,0.0,0.0,0.0,0.0,0,0.0,0.0,0.0,0,0.0,0.0,0.0,0.0,0.0,0,0.0,0.0,0.0,0,0.0,0.0,0.0,0.0,0.0,0,0.0,0.0,0.0,0,0.0,0.0,0.0
NER_2018_230,41.0,26902.16,635.3,1.0,32.0,0,0.0,0.0,0.0,0,0.0,0.0,0.0,6737.93,7639.09,0,0.0,0.0,0.0,0,0.0,0.0,0.0,159.12,180.4,0,0.0,0.0,0.0,0,0.0,0.0,0.0
NER_2018_231,1.0,6528.43,154.17,0.0,0.0,0,0.0,0.0,0.0,0,1.0,0.0,0.0,0.0,0.0,0,0.0,0.0,0.0,0,6528.43,0.0,0.0,0.0,0.0,0,0.0,0.0,0.0,0,154.17,0.0,0.0
NER_2018_232,2.0,6737.22,159.11,0.0,0.0,0,0.0,0.0,0.0,0,0.0,0.0,0.0,0.0,0.0,0,0.0,0.0,0.0,0,0.0,0.0,0.0,0.0,0.0,0,0.0,0.0,0.0,0,0.0,0.0,0.0
NER_2018_233,1.0,872.3,20.6,0.0,0.0,0,0.0,0.0,0.0,0,0.0,0.0,0.0,0.0,0.0,0,0.0,0.0,0.0,0,0.0,0.0,0.0,0.0,0.0,0,0.0,0.0,0.0,0,0.0,0.0,0.0
NER_2018_234,422.0,142073.66,3355.41,0.0,398.0,0,0.0,3.0,0.0,0,0.0,1.0,11.0,0.0,118158.6,0,0.0,5171.83,0.0,0,0.0,1057.7,12195.88,0.0,2790.6,0,0.0,122.15,0.0,0,0.0,24.98,288.04
NER_2018_235,441.0,146983.65,3471.5,0.0,418.0,0,0.0,2.0,0.0,0,0.0,1.0,10.0,0.0,122326.84,0,0.0,2547.51,0.0,0,0.0,1057.7,13470.79,0.0,2889.15,0,0.0,60.17,0.0,0,0.0,24.98,318.16
NER_2018_236,1106.0,339648.5,8022.06,8.0,977.0,0,0.0,11.0,36.0,0,4.0,40.0,0.0,13437.48,270063.45,0,0.0,7342.14,7121.64,0,3405.72,26730.19,0.0,317.38,6378.55,0,0.0,173.41,168.2,0,80.44,631.33,0.0
NER_2018_237,0.0,0.0,0.0,0.0,0.0,0,0.0,0.0,0.0,0,0.0,0.0,0.0,0.0,0.0,0,0.0,0.0,0.0,0,0.0,0.0,0.0,0.0,0.0,0,0.0,0.0,0.0,0,0.0,0.0,0.0
NER_2018_238,4.0,13798.48,325.91,0.0,0.0,0,0.0,0.0,0.0,0,0.0,1.0,1.0,0.0,0.0,0,0.0,0.0,0.0,0,0.0,6538.01,6548.54,0.0,0.0,0,0.0,0.0,0.0,0,0.0,154.42,154.67
NER_2018_239,17.0,20001.46,472.47,0.0,10.0,0,0.0,5.0,0.0,0,0.0,0.0,0.0,0.0,1844.17,0,0.0,11471.29,0.0,0,0.0,0.0,0.0,0.0,43.56,0,0.0,270.97,0.0,0,0.0,0.0,0.0
NER_2018_24,7.0,1576.28,36.97,0.0,7.0,0,0.0,0.0,0.0,0,0.0,0.0,0.0,0.0,1576.28,0,0.0,0.0,0.0,0,0.0,0.0,0.0,0.0,36.97,0,0.0,0.0,0.0,0,0.0,0.0,0.0
NER_2018_240,1667.0,506089.22,11954.95,7.0,1537.0,0,0.0,0.0,38.0,0,5.0,47.0,0.0,11624.6,435379.64,0,0.0,0.0,7302.24,0,6094.96,31882.74,0.0,274.6,10284.63,0,0.0,0.0,172.5,0,143.98,753.14,0.0
NER_2018_241,1696.0,512188.74,12099.07,7.0,1564.0,0,0.0,1.0,38.0,0,5.0,47.0,0.0,11207.45,442281.32,0,0.0,117.24,7302.24,0,6071.83,31882.74,0.0,264.75,10447.69,0,0.0,2.77,172.5,0,143.43,753.14,0.0
NER_2018_242,1373.0,414333.67,9787.83,7.0,1246.0,0,0.0,1.0,38.0,0,5.0,46.0,0.0,9690.28,352960.92,0,0.0,194.8,7302.24,0,5115.02,31046.28,0.0,228.91,8338.02,0,0.0,4.6,172.5,0,120.83,733.41,0.0
NER_2018_243,1289.0,406761.82,9609.74,7.0,1167.0,0,0.0,2.0,40.0,0,5.0,46.0,0.0,10008.99,346148.8,0,0.0,619.64,7507.1,0,4492.55,30102.66,0.0,236.46,8177.76,0,0.0,14.64,177.36,0,106.14,711.17,0.0
NER_2018_244,0.0,0.0,0.0,0.0,0.0,0,0.0,0.0,0.0,0,0.0,0.0,0.0,0.0,0.0,0,0.0,0.0,0.0,0,0.0,0.0,0.0,0.0,0.0,0,0.0,0.0,0.0,0,0.0,0.0,0.0
NER_2018_245,0.0,0.0,0.0,0.0,0.0,0,0.0,0.0,0.0,0,0.0,0.0,0.0,0.0,0.0,0,0.0,0.0,0.0,0,0.0,0.0,0.0,0.0,0.0,0,0.0,0.0,0.0,0,0.0,0.0,0.0
NER_2018_246,1.0,6948.45,164.17,0.0,0.0,0,0.0,0.0,0.0,0,1.0,0.0,0.0,0.0,0.0,0,0.0,0.0,0.0,0,6948.45,0.0,0.0,0.0,0.0,0,0.0,0.0,0.0,0,164.17,0.0,0.0
NER_2018_247,0.0,0.0,0.0,0.0,0.0,0,0.0,0.0,0.0,0,0.0,0.0,0.0,0.0,0.0,0,0.0,0.0,0.0,0,0.0,0.0,0.0,0.0,0.0,0,0.0,0.0,0.0,0,0.0,0.0,0.0
NER_2018_248,0.0,0.0,0.0,0.0,0.0,0,0.0,0.0,0.0,0,0.0,0.0,0.0,0.0,0.0,0,0.0,0.0,0.0,0,0.0,0.0,0.0,0.0,0.0,0,0.0,0.0,0.0,0,0.0,0.0,0.0
NER_2018_249,68.0,26866.01,634.81,1.0,67.0,0,0.0,0.0,0.0,0,0.0,0.0,0.0,7426.48,19439.53,0,0.0,0.0,0.0,0,0.0,0.0,0.0,175.48,459.33,0,0.0,0.0,0.0,0,0.0,0.0,0.0
NER_2018_25,1.0,2962.77,69.51,0.0,0.0,0,0.0,0.0,0.0,0,0.0,1.0,0.0,0.0,0.0,0,0.0,0.0,0.0,0,0.0,2962.77,0.0,0.0,0.0,0,0.0,0.0,0.0,0,0.0,69.51,0.0
NER_2018_250,0.0,0.0,0.0,0.0,0.0,0,0.0,0.0,0.0,0,0.0,0.0,0.0,0.0,0.0,0,0.0,0.0,0.0,0,0.0,0.0,0.0,0.0,0.0,0,0.0,0.0,0.0,0,0.0,0.0,0.0
NER_2018_251,49.0,25483.81,602.2,0.0,39.0,0,0.0,6.0,0.0,0,1.0,1.0,0.0,0.0,6703.57,0,0.0,5104.31,0.0,0,8221.12,4076.5,0.0,0.0,158.41,0,0.0,120.62,0.0,0,194.27,96.33,0.0
NER_2018_252,0.0,0.0,0.0,0.0,0.0,0,0.0,0.0,0.0,0,0.0,0.0,0.0,0.0,0.0,0,0.0,0.0,0.0,0,0.0,0.0,0.0,0.0,0.0,0,0.0,0.0,0.0,0,0.0,0.0,0.0
NER_2018_253,0.0,0.0,0.0,0.0,0.0,0,0.0,0.0,0.0,0,0.0,0.0,0.0,0.0,0.0,0,0.0,0.0,0.0,0,0.0,0.0,0.0,0.0,0.0,0,0.0,0.0,0.0,0,0.0,0.0,0.0
NER_2018_254,12.0,30574.4,722.55,0.0,0.0,0,0.0,5.0,0.0,0,0.0,0.0,0.0,0.0,0.0,0,0.0,5594.17,0.0,0,0.0,0.0,0.0,0.0,0.0,0,0.0,132.2,0.0,0,0.0,0.0,0.0
NER_2018_255,1.0,4044.62,95.59,0.0,1.0,0,0.0,0.0,0.0,0,0.0,0.0,0.0,0.0,4044.62,0,0.0,0.0,0.0,0,0.0,0.0,0.0,0.0,95.59,0,0.0,0.0,0.0,0,0.0,0.0,0.0
NER_2018_256,0.0,0.0,0.0,0.0,0.0,0,0.0,0.0,0.0,0,0.0,0.0,0.0,0.0,0.0,0,0.0,0.0,0.0,0,0.0,0.0,0.0,0.0,0.0,0,0.0,0.0,0.0,0,0.0,0.0,0.0
NER_2018_257,10.0,18020.49,425.93,0.0,0.0,0,0.0,0.0,0.0,0,2.0,1.0,0.0,0.0,0.0,0,0.0,0.0,0.0,0,2789.16,6102.2,0.0,0.0,0.0,0,0.0,0.0,0.0,0,65.92,144.23,0.0
NER_2018_258,2.0,6561.71,155.1,0.0,0.0,0,0.0,0.0,0.0,0,2.0,0.0,0.0,0.0,0.0,0,0.0,0.0,0.0,0,6561.71,0.0,0.0,0.0,0.0,0,0.0,0.0,0.0,0,155.1,0.0,0.0
NER_2018_259,63.0,40674.55,961.44,0.0,28.0,0,0.0,14.0,0.0,0,0.0,0.0,0.0,0.0,10409.46,0,0.0,12152.82,0.0,0,0.0,0.0,0.0,0.0,246.05,0,0.0,287.26,0.0,0,0.0,0.0,0.0
NER_2018_26,0.0,0.0,0.0,0.0,0.0,0,0.0,0.0,0.0,0,0.0,0.0,0.0,0.0,0.0,0,0.0,0.0,0.0,0,0.0,0.0,0.0,0.0,0.0,0,0.0,0.0,0.0,0,0.0,0.0,0.0
NER_2018_260,33.0,25009.45,591.16,0.0,3.0,0,0.0,1.0,4.0,0,0.0,7.0,0.0,0.0,2193.65,0,0.0,268.29,765.93,0,0.0,11680.13,0.0,0.0,51.85,0,0.0,6.34,18.1,0,0.0,276.09,0.0
NER_2018_261,90.0,37653.6,890.1,0.0,0.0,0,0.0,90.0,0.0,0,0.0,0.0,0.0,0.0,0.0,0,0.0,37653.6,0.0,0,0.0,0.0,0.0,0.0,0.0,0,0.0,890.1,0.0,0,0.0,0.0,0.0
NER_2018_262,1.0,8292.77,196.04,0.0,0.0,0,0.0,0.0,0.0,0,1.0,0.0,0.0,0.0,0.0,0,0.0,0.0,0.0,0,8292.77,0.0,0.0,0.0,0.0,0,0.0,0.0,0.0,0,196.04,0.0,0.0
NER_2018_263,17.0,15836.81,374.38,2.0,14.0,0,0.0,0.0,0.0,0,0.0,1.0,0.0,6840.49,6949.32,0,0.0,0.0,0.0,0,0.0,2046.99,0.0,161.71,164.28,0,0.0,0.0,0.0,0,0.0,48.39,0.0
NER_2018_264,32.0,36497.11,862.87,0.0,5.0,0,0.0,1.0,0.0,0,0.0,4.0,1.0,0.0,2118.08,0,0.0,268.29,0.0,0,0.0,14776.13,5225.39,0.0,50.08,0,0.0,6.34,0.0,0,0.0,349.34,123.54
NER_2018_265,20.0,47087.98,1113.34,0.0,0.0,0,0.0,0.0,0.0,0,0.0,0.0,0.0,0.0,0.0,0,0.0,0.0,0.0,0,0.0,0.0,0.0,0.0,0.0,0,0.0,0.0,0.0,0,0.0,0.0,0.0
NER_2018_266,1.0,7381.6,174.53,0.0,0.0,0,0.0,1.0,0.0,0,0.0,0.0,0.0,0.0,0.0,0,0.0,7381.6,0.0,0,0.0,0.0,0.0,0.0,0.0,0,0.0,174.53,0.0,0,0.0,0.0,0.0
NER_2018_267,2.0,5766.41,136.34,1.0,0.0,0,0.0,0.0,0.0,0,1.0,0.0,0.0,875.53,0.0,0,0.0,0.0,0.0,0,4890.88,0.0,0.0,20.7,0.0,0,0.0,0.0,0.0,0,115.64,0.0,0.0
NER_2018_268,28.0,51149.71,1209.48,3.0,1.0,0,0.0,23.0,0.0,0,0.0,1.0,0.0,8567.33,3128.33,0,0.0,35911.28,0.0,0,0.0,3542.77,0.0,202.58,73.97,0,0.0,849.15,0.0,0,0.0,83.77,0.0
NER_2018_269,57.0,50561.64,1195.58,3.0,22.0,0,0.0,5.0,1.0,0,0.0,3.0,2.0,7579.31,6846.91,0,0.0,3750.5,187.64,0,0.0,3976.79,847.52,179.22,161.9,0,0.0,88.68,4.44,0,0.0,94.04,20.04
NER_2018_27,83.0,56600.37,1328.24,1.0,79.0,0,0.0,1.0,0.0,0,1.0,0.0,0.0,6576.52,43844.08,0,0.0,4451.18,0.0,0,1535.99,0.0,0.0,154.33,1028.89,0,0.0,104.46,0.0,0,36.05,0.0,0.0
NER_2018_270,11.0,17304.14,409.18,0.0,2.0,0,0.0,0.0,0.0,0,0.0,0.0,0.0,0.0,363.77,0,0.0,0.0,0.0,0,0.0,0.0,0.0,0.0,8.6,0,0.0,0.0,0.0,0,0.0,0.0,0.0
NER_2018_271,0.0,0.0,0.0,0.0,0.0,0,0.0,0.0,0.0,0,0.0,0.0,0.0,0.0,0.0,0,0.0,0.0,0.0,0,0.0,0.0,0.0,0.0,0.0,0,0.0,0.0,0.0,0,0.0,0.0,0.0
NER_2018_272,2.0,8111.29,191.83,0.0,0.0,0,0.0,0.0,0.0,0,2.0,0.0,0.0,0.0,0.0,0,0.0,0.0,0.0,0,8111.29,0.0,0.0,0.0,0.0,0,0.0,0.0,0.0,0,191.83,0.0,0.0
NER_2018_273,1.0,4073.46,96.34,1.0,0.0,0,0.0,0.0,0.0,0,0.0,0.0,0.0,4073.46,0.0,0,0.0,0.0,0.0,0,0.0,0.0,0.0,96.34,0.0,0,0.0,0.0,0.0,0,0.0,0.0,0.0
NER_2018_274,1.0,6702.71,158.54,0.0,0.0,0,0.0,0.0,0.0,0,0.0,0.0,0.0,0.0,0.0,0,0.0,0.0,0.0,0,0.0,0.0,0.0,0.0,0.0,0,0.0,0.0,0.0,0,0.0,0.0,0.0
NER_2018_275,6.0,8277.97,195.8,0.0,0.0,0,0.0,0.0,0.0,0,0.0,5.0,0.0,0.0,0.0,0,0.0,0.0,0.0,0,0.0,7458.12,0.0,0.0,0.0,0,0.0,0.0,0.0,0,0.0,176.41,0.0
NER_2018_276,66.0,42030.73,994.17,0.0,3.0,0,0.0,3.0,2.0,0,0.0,2.0,2.0,0.0,441.4,0,0.0,1987.67,501.63,0,0.0,8396.42,6751.73,0.0,10.44,0,0.0,47.02,11.87,0,0.0,198.6,159.7
NER_2018_277,3.0,10900.86,257.85,0.0,2.0,0,0.0,0.0,0.0,0,0.0,0.0,0.0,0.0,6998.22,0,0.0,0.0,0.0,0,0.0,0.0,0.0,0.0,165.54,0,0.0,0.0,0.0,0,0.0,0.0,0.0
NER_2018_278,0.0,0.0,0.0,0.0,0.0,0,0.0,0.0,0.0,0,0.0,0.0,0.0,0.0,0.0,0,0.0,0.0,0.0,0,0.0,0.0,0.0,0.0,0.0,0,0.0,0.0,0.0,0,0.0,0.0,0.0
NER_2018_279,1.0,6768.08,160.1,0.0,0.0,0,0.0,0.0,0.0,0,1.0,0.0,0.0,0.0,0.0,0,0.0,0.0,0.0,0,6768.08,0.0,0.0,0.0,0.0,0,0.0,0.0,0.0,0,160.1,0.0,0.0
NER_2018_28,1.0,271.61,6.38,0.0,0.0,0,0.0,0.0,0.0,0,0.0,1.0,0.0,0.0,0.0,0,0.0,0.0,0.0,0,0.0,271.61,0.0,0.0,0.0,0,0.0,0.0,0.0,0,0.0,6.38,0.0
NER_2018_280,94.0,63649.88,1505.61,0.0,0.0,0,0.0,91.0,0.0,0,3.0,0.0,0.0,0.0,0.0,0,0.0,58107.66,0.0,0,5542.21,0.0,0.0,0.0,0.0,0,0.0,1374.51,0.0,0,131.1,0.0,0.0
NER_2018_281,0.0,0.0,0.0,0.0,0.0,0,0.0,0.0,0.0,0,0.0,0.0,0.0,0.0,0.0,0,0.0,0.0,0.0,0,0.0,0.0,0.0,0.0,0.0,0,0.0,0.0,0.0,0,0.0,0.0,0.0
NER_2018_282,4.0,16691.79,394.87,0.0,0.0,0,0.0,0.0,0.0,0,0.0,0.0,0.0,0.0,0.0,0,0.0,0.0,0.0,0,0.0,0.0,0.0,0.0,0.0,0,0.0,0.0,0.0,0,0.0,0.0,0.0
NER_2018_283,91.0,66155.71,1565.11,0.0,36.0,0,0.0,1.0,38.0,0,0.0,0.0,0.0,0.0,15852.98,0,0.0,2343.2,2631.14,0,0.0,0.0,0.0,0.0,375.05,0,0.0,55.44,62.25,0,0.0,0.0,0.0
NER_2018_284,1.0,6934.16,164.05,0.0,0.0,0,0.0,0.0,0.0,0,1.0,0.0,0.0,0.0,0.0,0,0.0,0.0,0.0,0,6934.16,0.0,0.0,0.0,0.0,0,0.0,0.0,0.0,0,164.05,0.0,0.0
NER_2018_285,35.0,22878.14,541.27,0.0,0.0,0,0.0,29.0,0.0,0,2.0,1.0,0.0,0.0,0.0,0,0.0,8034.04,0.0,0,7808.36,4216.29,0.0,0.0,0.0,0,0.0,190.08,0.0,0,184.74,99.75,0.0
NER_2018_286,1.0,6965.68,164.81,0.0,0.0,0,0.0,0.0,0.0,0,1.0,0.0,0.0,0.0,0.0,0,0.0,0.0,0.0,0,6965.68,0.0,0.0,0.0,0.0,0,0.0,0.0,0.0,0,164.81,0.0,0.0
NER_2018_287,2.0,12298.15,290.98,0.0,0.0,0,0.0,0.0,0.0,0,1.0,0.0,0.0,0.0,0.0,0,0.0,0.0,0.0,0,7169.33,0.0,0.0,0.0,0.0,0,0.0,0.0,0.0,0,169.63,0.0,0.0
NER_2018_288,177.0,63590.47,1504.69,3.0,150.0,0,0.0,0.0,0.0,0,5.0,3.0,0.0,7051.93,40933.7,0,0.0,0.0,0.0,0,8981.6,2819.9,0.0,166.86,968.58,0,0.0,0.0,0.0,0,212.52,66.73,0.0
NER_2018_289,177.0,64635.6,1529.46,3.0,150.0,0,0.0,0.0,0.0,0,5.0,3.0,0.0,7053.82,40933.7,0,0.0,0.0,0.0,0,8980.14,2481.0,0.0,166.91,968.6,0,0.0,0.0,0.0,0,212.49,58.71,0.0
NER_2018_29,768.0,300025.02,7042.73,13.0,548.0,0,0.0,124.0,30.0,0,6.0,13.0,9.0,4640.89,161043.35,0,0.0,92044.42,2701.8,0,10319.32,7316.04,6998.15,108.94,3780.3,0,0.0,2160.63,63.42,0,242.23,171.74,164.27
NER_2018_290,6.0,12402.46,293.49,0.0,0.0,0,0.0,1.0,1.0,0,0.0,2.0,1.0,0.0,0.0,0,0.0,367.54,2127.56,0,0.0,2140.15,7475.05,0.0,0.0,0,0.0,8.7,50.35,0,0.0,50.64,176.89
NER_2018_291,0.0,0.0,0.0,0.0,0.0,0,0.0,0.0,0.0,0,0.0,0.0,0.0,0.0,0.0,0,0.0,0.0,0.0,0,0.0,0.0,0.0,0.0,0.0,0,0.0,0.0,0.0,0,0.0,0.0,0.0
NER_2018_292,0.0,0.0,0.0,0.0,0.0,0,0.0,0.0,0.0,0,0.0,0.0,0.0,0.0,0.0,0,0.0,0.0,0.0,0,0.0,0.0,0.0,0.0,0.0,0,0.0,0.0,0.0,0,0.0,0.0,0.0
NER_2018_293,4.0,10931.49,258.76,0.0,0.0,0,0.0,1.0,0.0,0,0.0,2.0,0.0,0.0,0.0,0,0.0,6671.53,0.0,0,0.0,3458.57,0.0,0.0,0.0,0,0.0,157.92,0.0,0,0.0,81.87,0.0
NER_2018_294,7.0,16024.0,379.31,0.0,0.0,0,0.0,6.0,0.0,0,0.0,1.0,0.0,0.0,0.0,0,0.0,8298.46,0.0,0,0.0,7725.55,0.0,0.0,0.0,0,0.0,196.43,0.0,0,0.0,182.87,0.0
NER_2018_295,1.0,5865.5,138.85,0.0,0.0,0,0.0,0.0,0.0,0,1.0,0.0,0.0,0.0,0.0,0,0.0,0.0,0.0,0,5865.5,0.0,0.0,0.0,0.0,0,0.0,0.0,0.0,0,138.85,0.0,0.0
NER_2018_296,0.0,0.0,0.0,0.0,0.0,0,0.0,0.0,0.0,0,0.0,0.0,0.0,0.0,0.0,0,0.0,0.0,0.0,0,0.0,0.0,0.0,0.0,0.0,0,0.0,0.0,0.0,0,0.0,0.0,0.0
NER_2018_297,224.0,81667.79,1933.63,0.0,200.0,0,0.0,0.0,7.0,0,1.0,3.0,1.0,0.0,63865.08,0,0.0,0.0,921.67,0,5380.15,2521.08,7614.37,0.0,1512.12,0,0.0,0.0,21.82,0,127.38,59.69,180.28
NER_2018_298,1.0,3458.37,81.9,0.0,0.0,0,0.0,0.0,0.0,0,0.0,1.0,0.0,0.0,0.0,0,0.0,0.0,0.0,0,0.0,3458.37,0.0,0.0,0.0,0,0.0,0.0,0.0,0,0.0,81.9,0.0
NER_2018_299,0.0,0.0,0.0,0.0,0.0,0,0.0,0.0,0.0,0,0.0,0.0,0.0,0.0,0.0,0,0.0,0.0,0.0,0,0.0,0.0,0.0,0.0,0.0,0,0.0,0.0,0.0,0,0.0,0.0,0.0
NER_2018_3,1.0,6416.78,149.36,0.0,0.0,0,0.0,0.0,0.0,0,0.0,1.0,0.0,0.0,0.0,0,0.0,0.0,0.0,0,0.0,6416.78,0.0,0.0,0.0,0,0.0,0.0,0.0,0,0.0,149.36,0.0
NER_2018_30,2.0,9115.82,214.02,1.0,0.0,0,0.0,0.0,0.0,0,0.0,0.0,0.0,6606.88,0.0,0,0.0,0.0,0.0,0,0.0,0.0,0.0,155.11,0.0,0,0.0,0.0,0.0,0,0.0,0.0,0.0
NER_2018_300,1.0,6486.89,153.63,0.0,0.0,0,0.0,1.0,0.0,0,0.0,0.0,0.0,0.0,0.0,0,0.0,6486.89,0.0,0,0.0,0.0,0.0,0.0,0.0,0,0.0,153.63,0.0,0,0.0,0.0,0.0
NER_2018_301,0.0,0.0,0.0,0.0,0.0,0,0.0,0.0,0.0,0,0.0,0.0,0.0,0.0,0.0,0,0.0,0.0,0.0,0,0.0,0.0,0.0,0.0,0.0,0,0.0,0.0,0.0,0,0.0,0.0,0.0
NER_2018_302,0.0,0.0,0.0,0.0,0.0,0,0.0,0.0,0.0,0,0.0,0.0,0.0,0.0,0.0,0,0.0,0.0,0.0,0,0.0,0.0,0.0,0.0,0.0,0,0.0,0.0,0.0,0,0.0,0.0,0.0
NER_2018_303,1.0,7224.44,171.14,0.0,0.0,0,0.0,0.0,0.0,0,1.0,0.0,0.0,0.0,0.0,0,0.0,0.0,0.0,0,7224.44,0.0,0.0,0.0,0.0,0,0.0,0.0,0.0,0,171.14,0.0,0.0
NER_2018_304,5.0,14583.9,345.49,1.0,0.0,0,0.0,2.0,0.0,0,0.0,0.0,0.0,7689.3,0.0,0,0.0,1254.74,0.0,0,0.0,0.0,0.0,182.16,0.0,0,0.0,29.72,0.0,0,0.0,0.0,0.0
NER_2018_305,41.0,31507.34,746.5,2.0,17.0,0,0.0,17.0,1.0,0,0.0,2.0,0.0,6569.62,5709.1,0,0.0,9493.99,63.77,0,0.0,6200.49,0.0,155.65,135.26,0,0.0,224.94,1.51,0,0.0,146.91,0.0
NER_2018_306,1.0,3073.85,72.83,0.0,0.0,0,0.0,1.0,0.0,0,0.0,0.0,0.0,0.0,0.0,0,0.0,3073.85,0.0,0,0.0,0.0,0.0,0.0,0.0,0,0.0,72.83,0.0,0,0.0,0.0,0.0
NER_2018_307,6.0,20846.52,493.92,1.0,0.0,0,0.0,2.0,0.0,0,0.0,0.0,0.0,8097.66,0.0,0,0.0,1624.76,0.0,0,0.0,0.0,0.0,191.86,0.0,0,0.0,38.5,0.0,0,0.0,0.0,0.0
NER_2018_308,41.0,30068.94,712.44,2.0,17.0,0,0.0,17.0,1.0,0,0.0,2.0,0.0,6561.67,5709.1,0,0.0,9493.99,63.77,0,0.0,5634.43,0.0,155.47,135.27,0,0.0,224.95,1.51,0,0.0,133.5,0.0
NER_2018_309,2.0,2698.52,63.94,0.0,0.0,0,0.0,2.0,0.0,0,0.0,0.0,0.0,0.0,0.0,0,0.0,2698.52,0.0,0,0.0,0.0,0.0,0.0,0.0,0,0.0,63.94,0.0,0,0.0,0.0,0.0
NER_2018_31,1.0,5756.05,135.14,0.0,0.0,0,0.0,0.0,0.0,0,1.0,0.0,0.0,0.0,0.0,0,0.0,0.0,0.0,0,5756.05,0.0,0.0,0.0,0.0,0,0.0,0.0,0.0,0,135.14,0.0,0.0
NER_2018_310,0.0,0.0,0.0,0.0,0.0,0,0.0,0.0,0.0,0,0.0,0.0,0.0,0.0,0.0,0,0.0,0.0,0.0,0,0.0,0.0,0.0,0.0,0.0,0,0.0,0.0,0.0,0,0.0,0.0,0.0
NER_2018_311,1.0,5072.49,120.21,0.0,0.0,0,0.0,0.0,0.0,0,1.0,0.0,0.0,0.0,0.0,0,0.0,0.0,0.0,0,5072.49,0.0,0.0,0.0,0.0,0,0.0,0.0,0.0,0,120.21,0.0,0.0
NER_2018_312,0.0,0.0,0.0,0.0,0.0,0,0.0,0.0,0.0,0,0.0,0.0,0.0,0.0,0.0,0,0.0,0.0,0.0,0,0.0,0.0,0.0,0.0,0.0,0,0.0,0.0,0.0,0,0.0,0.0,0.0
NER_2018_313,44.0,46916.87,1111.88,0.0,0.0,0,0.0,44.0,0.0,0,0.0,0.0,0.0,0.0,0.0,0,0.0,46916.87,0.0,0,0.0,0.0,0.0,0.0,0.0,0,0.0,1111.88,0.0,0,0.0,0.0,0.0
NER_2018_314,197.0,90460.63,2143.85,3.0,121.0,0,0.0,37.0,12.0,0,2.0,13.0,0.0,8709.92,31312.16,0,0.0,20479.67,551.83,0,6566.17,8777.64,0.0,206.42,742.08,0,0.0,485.35,13.08,0,155.61,208.02,0.0
NER_2018_315,0.0,0.0,0.0,0.0,0.0,0,0.0,0.0,0.0,0,0.0,0.0,0.0,0.0,0.0,0,0.0,0.0,0.0,0,0.0,0.0,0.0,0.0,0.0,0,0.0,0.0,0.0,0,0.0,0.0,0.0
NER_2018_316,1.0,7191.04,170.43,0.0,0.0,0,0.0,0.0,0.0,0,0.0,1.0,0.0,0.0,0.0,0,0.0,0.0,0.0,0,0.0,7191.04,0.0,0.0,0.0,0,0.0,0.0,0.0,0,0.0,170.43,0.0
NER_2018_317,271.0,103009.76,2441.5,3.0,183.0,0,0.0,46.0,15.0,0,2.0,13.0,0.0,7105.36,50610.62,0,0.0,21418.19,873.93,0,5051.01,8777.64,0.0,168.41,1199.55,0,0.0,507.65,20.71,0,119.72,208.04,0.0
NER_2018_318,0.0,0.0,0.0,0.0,0.0,0,0.0,0.0,0.0,0,0.0,0.0,0.0,0.0,0.0,0,0.0,0.0,0.0,0,0.0,0.0,0.0,0.0,0.0,0,0.0,0.0,0.0,0,0.0,0.0,0.0
NER_2018_319,0.0,0.0,0.0,0.0,0.0,0,0.0,0.0,0.0,0,0.0,0.0,0.0,0.0,0.0,0,0.0,0.0,0.0,0,0.0,0.0,0.0,0.0,0.0,0,0.0,0.0,0.0,0,0.0,0.0,0.0
NER_2018_32,2.0,11470.54,269.3,1.0,0.0,0,0.0,0.0,0.0,0,1.0,0.0,0.0,7040.58,0.0,0,0.0,0.0,0.0,0,4429.96,0.0,0.0,165.3,0.0,0,0.0,0.0,0.0,0,104.01,0.0,0.0
NER_2018_320,280.0,109237.01,2589.46,5.0,186.0,0,0.0,53.0,15.0,0,1.0,13.0,0.0,9270.22,54343.61,0,0.0,26061.51,873.93,0,2998.75,8777.64,0.0,219.75,1288.21,0,0.0,617.79,20.72,0,71.09,208.07,0.0
NER_2018_321,1.0,6986.81,165.62,0.0,0.0,0,0.0,0.0,0.0,0,1.0,0.0,0.0,0.0,0.0,0,0.0,0.0,0.0,0,6986.81,0.0,0.0,0.0,0.0,0,0.0,0.0,0.0,0,165.62,0.0,0.0
NER_2018_322,5.0,10696.88,253.58,0.0,0.0,0,0.0,2.0,0.0,0,1.0,0.0,0.0,0.0,0.0,0,0.0,2458.26,0.0,0,6972.96,0.0,0.0,0.0,0.0,0,0.0,58.28,0.0,0,165.3,0.0,0.0
NER_2018_323,271.0,92787.99,2199.76,7.0,188.0,0,0.0,43.0,15.0,0,2.0,13.0,0.0,8441.79,53715.37,0,0.0,18635.05,873.93,0,2041.99,8777.64,0.0,200.13,1273.45,0,0.0,441.79,20.72,0,48.41,208.1,0.0
NER_2018_324,119.0,171317.11,4061.52,0.0,0.0,0,0.0,118.0,0.0,0,1.0,0.0,0.0,0.0,0.0,0,0.0,164731.67,0.0,0,6585.45,0.0,0.0,0.0,0.0,0,0.0,3905.4,0.0,0,156.13,0.0,0.0
NER_2018_325,3.0,13244.95,314.03,1.0,0.0,0,0.0,0.0,0.0,0,0.0,0.0,0.0,7784.62,0.0,0,0.0,0.0,0.0,0,0.0,0.0,0.0,184.57,0.0,0,0.0,0.0,0.0,0,0.0,0.0,0.0
NER_2018_326,0.0,0.0,0.0,0.0,0.0,0,0.0,0.0,0.0,0,0.0,0.0,0.0,0.0,0.0,0,0.0,0.0,0.0,0,0.0,0.0,0.0,0.0,0.0,0,0.0,0.0,0.0,0,0.0,0.0,0.0
NER_2018_327,0.0,0.0,0.0,0.0,0.0,0,0.0,0.0,0.0,0,0.0,0.0,0.0,0.0,0.0,0,0.0,0.0,0.0,0,0.0,0.0,0.0,0.0,0.0,0,0.0,0.0,0.0,0,0.0,0.0,0.0
NER_2018_328,75.0,111849.83,2652.19,0.0,0.0,0,0.0,75.0,0.0,0,0.0,0.0,0.0,0.0,0.0,0,0.0,111849.83,0.0,0,0.0,0.0,0.0,0.0,0.0,0,0.0,2652.19,0.0,0,0.0,0.0,0.0
NER_2018_329,434.0,141536.89,3356.16,1.0,298.0,0,0.0,27.0,0.0,0,0.0,5.0,0.0,3726.25,90243.43,0,0.0,14509.66,0.0,0,0.0,6049.86,0.0,88.36,2139.88,0,0.0,344.06,0.0,0,0.0,143.46,0.0
NER_2018_33,2.0,613.51,14.4,0.0,0.0,0,0.0,0.0,0.0,0,0.0,0.0,0.0,0.0,0.0,0,0.0,0.0,0.0,0,0.0,0.0,0.0,0.0,0.0,0,0.0,0.0,0.0,0,0.0,0.0,0.0
NER_2018_330,0.0,0.0,0.0,0.0,0.0,0,0.0,0.0,0.0,0,0.0,0.0,0.0,0.0,0.0,0,0.0,0.0,0.0,0,0.0,0.0,0.0,0.0,0.0,0,0.0,0.0,0.0,0,0.0,0.0,0.0
NER_2018_331,5.0,14483.31,343.44,0.0,0.0,0,0.0,0.0,4.0,0,1.0,0.0,0.0,0.0,0.0,0,0.0,0.0,6619.86,0,7863.45,0.0,0.0,0.0,0.0,0,0.0,0.0,156.97,0,186.46,0.0,0.0
NER_2018_332,436.0,142884.52,3388.19,1.0,298.0,0,0.0,27.0,0.0,0,0.0,6.0,0.0,3034.87,90243.43,0,0.0,14232.9,0.0,0,0.0,6598.88,0.0,71.97,2139.92,0,0.0,337.5,0.0,0,0.0,156.48,0.0
NER_2018_333,437.0,138369.65,3281.15,1.0,298.0,0,0.0,27.0,0.0,0,0.0,6.0,0.0,4488.82,90243.43,0,0.0,13451.24,0.0,0,0.0,6836.96,0.0,106.44,2139.94,0,0.0,318.97,0.0,0,0.0,162.12,0.0
NER_2018_334,0.0,0.0,0.0,0.0,0.0,0,0.0,0.0,0.0,0,0.0,0.0,0.0,0.0,0.0,0,0.0,0.0,0.0,0,0.0,0.0,0.0,0.0,0.0,0,0.0,0.0,0.0,0,0.0,0.0,0.0
NER_2018_335,1.0,6855.13,162.57,0.0,0.0,0,0.0,0.0,0.0,0,1.0,0.0,0.0,0.0,0.0,0,0.0,0.0,0.0,0,6855.13,0.0,0.0,0.0,0.0,0,0.0,0.0,0.0,0,162.57,0.0,0.0
NER_2018_336,14.0,22351.78,530.09,1.0,0.0,0,0.0,10.0,0.0,0,1.0,0.0,0.0,2245.7,0.0,0,0.0,14090.38,0.0,0,5704.26,0.0,0.0,53.26,0.0,0,0.0,334.17,0.0,0,135.28,0.0,0.0
NER_2018_337,0.0,0.0,0.0,0.0,0.0,0,0.0,0.0,0.0,0,0.0,0.0,0.0,0.0,0.0,0,0.0,0.0,0.0,0,0.0,0.0,0.0,0.0,0.0,0,0.0,0.0,0.0,0,0.0,0.0,0.0
NER_2018_338,1.0,3401.02,80.67,0.0,0.0,0,0.0,0.0,0.0,0,0.0,1.0,0.0,0.0,0.0,0,0.0,0.0,0.0,0,0.0,3401.02,0.0,0.0,0.0,0,0.0,0.0,0.0,0,0.0,80.67,0.0
NER_2018_339,0.0,0.0,0.0,0.0,0.0,0,0.0,0.0,0.0,0,0.0,0.0,0.0,0.0,0.0,0,0.0,0.0,0.0,0,0.0,0.0,0.0,0.0,0.0,0,0.0,0.0,0.0,0,0.0,0.0,0.0
NER_2018_34,1.0,7855.21,184.44,0.0,0.0,0,0.0,0.0,0.0,0,0.0,0.0,0.0,0.0,0.0,0,0.0,0.0,0.0,0,0.0,0.0,0.0,0.0,0.0,0,0.0,0.0,0.0,0,0.0,0.0,0.0
NER_2018_340,3.0,11373.33,269.79,0.0,0.0,0,0.0,0.0,0.0,0,0.0,3.0,0.0,0.0,0.0,0,0.0,0.0,0.0,0,0.0,11373.33,0.0,0.0,0.0,0,0.0,0.0,0.0,0,0.0,269.79,0.0
NER_2018_341,1.0,3324.48,78.87,0.0,0.0,0,0.0,0.0,0.0,0,0.0,1.0,0.0,0.0,0.0,0,0.0,0.0,0.0,0,0.0,3324.48,0.0,0.0,0.0,0,0.0,0.0,0.0,0,0.0,78.87,0.0
NER_2018_342,3.0,13635.68,323.55,0.0,0.0,0,0.0,2.0,0.0,0,1.0,0.0,0.0,0.0,0.0,0,0.0,6005.46,0.0,0,7630.22,0.0,0.0,0.0,0.0,0,0.0,142.5,0.0,0,181.05,0.0,0.0
NER_2018_343,203.0,90509.73,2147.77,1.0,183.0,0,0.0,13.0,0.0,0,1.0,2.0,0.0,7115.33,59300.07,0,0.0,13050.17,0.0,0,5139.41,3168.79,0.0,168.85,1407.18,0,0.0,309.68,0.0,0,121.96,75.19,0.0
NER_2018_344,0.0,0.0,0.0,0.0,0.0,0,0.0,0.0,0.0,0,0.0,0.0,0.0,0.0,0.0,0,0.0,0.0,0.0,0,0.0,0.0,0.0,0.0,0.0,0,0.0,0.0,0.0,0,0.0,0.0,0.0
NER_2018_345,4.0,11557.54,274.29,1.0,0.0,0,0.0,1.0,0.0,0,2.0,0.0,0.0,1800.67,0.0,0,0.0,1695.41,0.0,0,8061.46,0.0,0.0,42.73,0.0,0,0.0,40.24,0.0,0,191.32,0.0,0.0
NER_2018_346,7.0,13160.0,312.33,5.0,0.0,0,0.0,0.0,0.0,0,1.0,0.0,0.0,8694.84,0.0,0,0.0,0.0,0.0,0,1470.11,0.0,0.0,206.36,0.0,0,0.0,0.0,0.0,0,34.89,0.0,0.0
NER_2018_347,218.0,95134.29,2257.92,2.0,197.0,0,0.0,13.0,0.0,0,1.0,2.0,0.0,7105.08,65829.43,0,0.0,12157.35,0.0,0,2921.99,3168.79,0.0,168.63,1562.4,0,0.0,288.54,0.0,0,69.35,75.21,0.0
NER_2018_348,0.0,0.0,0.0,0.0,0.0,0,0.0,0.0,0.0,0,0.0,0.0,0.0,0.0,0.0,0,0.0,0.0,0.0,0,0.0,0.0,0.0,0.0,0.0,0,0.0,0.0,0.0,0,0.0,0.0,0.0
NER_2018_349,2.0,9260.14,219.88,0.0,0.0,0,0.0,0.0,0.0,0,0.0,2.0,0.0,0.0,0.0,0,0.0,0.0,0.0,0,0.0,9260.14,0.0,0.0,0.0,0,0.0,0.0,0.0,0,0.0,219.88,0.0
NER_2018_35,3.0,14311.8,336.06,0.0,0.0,0,0.0,2.0,0.0,0,0.0,1.0,0.0,0.0,0.0,0,0.0,7629.71,0.0,0,0.0,6682.09,0.0,0.0,0.0,0,0.0,179.16,0.0,0,0.0,156.91,0.0
NER_2018_350,1.0,3763.63,89.37,0.0,0.0,0,0.0,1.0,0.0,0,0.0,0.0,0.0,0.0,0.0,0,0.0,3763.63,0.0,0,0.0,0.0,0.0,0.0,0.0,0,0.0,89.37,0.0,0,0.0,0.0,0.0
NER_2018_351,3.0,5923.32,140.66,0.0,0.0,0,0.0,0.0,0.0,0,3.0,0.0,0.0,0.0,0.0,0,0.0,0.0,0.0,0,5923.32,0.0,0.0,0.0,0.0,0,0.0,0.0,0.0,0,140.66,0.0,0.0
NER_2018_352,1.0,8620.18,204.71,0.0,0.0,0,0.0,0.0,0.0,0,0.0,1.0,0.0,0.0,0.0,0,0.0,0.0,0.0,0,0.0,8620.18,0.0,0.0,0.0,0,0.0,0.0,0.0,0,0.0,204.71,0.0
NER_2018_353,2.0,8220.55,195.23,0.0,0.0,0,0.0,0.0,0.0,0,1.0,1.0,0.0,0.0,0.0,0,0.0,0.0,0.0,0,6799.34,1421.21,0.0,0.0,0.0,0,0.0,0.0,0.0,0,161.48,33.75,0.0
NER_2018_354,0.0,0.0,0.0,0.0,0.0,0,0.0,0.0,0.0,0,0.0,0.0,0.0,0.0,0.0,0,0.0,0.0,0.0,0,0.0,0.0,0.0,0.0,0.0,0,0.0,0.0,0.0,0,0.0,0.0,0.0
NER_2018_355,2.0,1592.01,37.82,0.0,0.0,0,0.0,1.0,0.0,0,0.0,0.0,0.0,0.0,0.0,0,0.0,1337.89,0.0,0,0.0,0.0,0.0,0.0,0.0,0,0.0,31.78,0.0,0,0.0,0.0,0.0
NER_2018_356,0.0,0.0,0.0,0.0,0.0,0,0.0,0.0,0.0,0,0.0,0.0,0.0,0.0,0.0,0,0.0,0.0,0.0,0,0.0,0.0,0.0,0.0,0.0,0,0.0,0.0,0.0,0,0.0,0.0,0.0
NER_2018_357,1.0,7085.93,168.34,0.0,0.0,0,0.0,0.0,0.0,0,0.0,0.0,0.0,0.0,0.0,0,0.0,0.0,0.0,0,0.0,0.0,0.0,0.0,0.0,0,0.0,0.0,0.0,0,0.0,0.0,0.0
NER_2018_358,31.0,31053.19,737.75,0.0,20.0,0,0.0,0.0,6.0,0,5.0,0.0,0.0,0.0,19054.64,0,0.0,0.0,1706.49,0,10292.05,0.0,0.0,0.0,452.69,0,0.0,0.0,40.54,0,244.51,0.0,0.0
NER_2018_359,7.0,8359.03,198.59,0.0,0.0,0,0.0,1.0,0.0,0,0.0,0.0,0.0,0.0,0.0,0,0.0,178.45,0.0,0,0.0,0.0,0.0,0.0,0.0,0,0.0,4.24,0.0,0,0.0,0.0,0.0
NER_2018_36,44.0,69567.12,1633.54,0.0,0.0,0,0.0,32.0,0.0,0,0.0,0.0,0.0,0.0,0.0,0,0.0,48681.22,0.0,0,0.0,0.0,0.0,0.0,0.0,0,0.0,1143.11,0.0,0,0.0,0.0,0.0
NER_2018_360,0.0,0.0,0.0,0.0,0.0,0,0.0,0.0,0.0,0,0.0,0.0,0.0,0.0,0.0,0,0.0,0.0,0.0,0,0.0,0.0,0.0,0.0,0.0,0,0.0,0.0,0.0,0,0.0,0.0,0.0
NER_2018_361,2.0,3188.75,75.77,1.0,0.0,0,0.0,1.0,0.0,0,0.0,0.0,0.0,1775.82,0.0,0,0.0,1412.93,0.0,0,0.0,0.0,0.0,42.2,0.0,0,0.0,33.57,0.0,0,0.0,0.0,0.0
NER_2018_362,96.0,46037.9,1094.0,0.0,90.0,0,0.0,1.0,0.0,0,2.0,0.0,0.0,0.0,31213.88,0,0.0,1741.3,0.0,0,9219.33,0.0,0.0,0.0,741.74,0,0.0,41.38,0.0,0,219.08,0.0,0.0
NER_2018_363,107.0,58530.46,1391.03,0.0,99.0,0,0.0,2.0,0.0,0,2.0,0.0,0.0,0.0,39449.68,0,0.0,1900.95,0.0,0,10403.67,0.0,0.0,0.0,937.55,0,0.0,45.18,0.0,0,247.25,0.0,0.0
NER_2018_364,23.0,18076.62,429.64,4.0,13.0,0,0.0,3.0,0.0,0,1.0,2.0,0.0,7271.7,2941.61,0,0.0,1402.19,0.0,0,4515.59,1945.53,0.0,172.83,69.92,0,0.0,33.33,0.0,0,107.33,46.24,0.0
NER_2018_365,0.0,0.0,0.0,0.0,0.0,0,0.0,0.0,0.0,0,0.0,0.0,0.0,0.0,0.0,0,0.0,0.0,0.0,0,0.0,0.0,0.0,0.0,0.0,0,0.0,0.0,0.0,0,0.0,0.0,0.0
NER_2018_366,0.0,0.0,0.0,0.0,0.0,0,0.0,0.0,0.0,0,0.0,0.0,0.0,0.0,0.0,0,0.0,0.0,0.0,0,0.0,0.0,0.0,0.0,0.0,0,0.0,0.0,0.0,0,0.0,0.0,0.0
NER_2018_367,0.0,0.0,0.0,0.0,0.0,0,0.0,0.0,0.0,0,0.0,0.0,0.0,0.0,0.0,0,0.0,0.0,0.0,0,0.0,0.0,0.0,0.0,0.0,0,0.0,0.0,0.0,0,0.0,0.0,0.0
NER_2018_368,10.0,22492.25,534.71,0.0,0.0,0,0.0,5.0,0.0,0,0.0,1.0,0.0,0.0,0.0,0,0.0,12617.77,0.0,0,0.0,588.63,0.0,0.0,0.0,0,0.0,299.96,0.0,0,0.0,13.99,0.0
NER_2018_369,2.0,7000.34,166.43,0.0,0.0,0,0.0,1.0,0.0,0,0.0,1.0,0.0,0.0,0.0,0,0.0,380.1,0.0,0,0.0,6620.23,0.0,0.0,0.0,0,0.0,9.04,0.0,0,0.0,157.39,0.0
NER_2018_37,1.0,7207.21,169.25,0.0,0.0,0,0.0,1.0,0.0,0,0.0,0.0,0.0,0.0,0.0,0,0.0,7207.21,0.0,0,0.0,0.0,0.0,0.0,0.0,0,0.0,169.25,0.0,0,0.0,0.0,0.0
NER_2018_370,4.0,11546.39,274.51,0.0,0.0,0,0.0,0.0,0.0,0,0.0,0.0,0.0,0.0,0.0,0,0.0,0.0,0.0,0,0.0,0.0,0.0,0.0,0.0,0,0.0,0.0,0.0,0,0.0,0.0,0.0
NER_2018_371,2.0,10783.5,256.39,0.0,0.0,0,0.0,2.0,0.0,0,0.0,0.0,0.0,0.0,0.0,0,0.0,10783.5,0.0,0,0.0,0.0,0.0,0.0,0.0,0,0.0,256.39,0.0,0,0.0,0.0,0.0
NER_2018_372,20.0,11201.52,266.35,0.0,0.0,0,0.0,0.0,0.0,0,0.0,1.0,0.0,0.0,0.0,0,0.0,0.0,0.0,0,0.0,6761.22,0.0,0.0,0.0,0,0.0,0.0,0.0,0,0.0,160.77,0.0
NER_2018_373,2.0,7374.06,175.36,0.0,0.0,0,0.0,0.0,0.0,0,2.0,0.0,0.0,0.0,0.0,0,0.0,0.0,0.0,0,7374.06,0.0,0.0,0.0,0.0,0,0.0,0.0,0.0,0,175.36,0.0,0.0
NER_2018_374,1.0,2924.89,69.56,0.0,0.0,0,0.0,0.0,0.0,0,1.0,0.0,0.0,0.0,0.0,0,0.0,0.0,0.0,0,2924.89,0.0,0.0,0.0,0.0,0,0.0,0.0,0.0,0,69.56,0.0,0.0
NER_2018_375,1.0,7069.95,168.13,0.0,0.0,0,0.0,0.0,0.0,0,0.0,1.0,0.0,0.0,0.0,0,0.0,0.0,0.0,0,0.0,7069.95,0.0,0.0,0.0,0,0.0,0.0,0.0,0,0.0,168.13,0.0
NER_2018_376,1.0,3607.65,85.82,0.0,0.0,0,0.0,0.0,0.0,0,0.0,1.0,0.0,0.0,0.0,0,0.0,0.0,0.0,0,0.0,3607.65,0.0,0.0,0.0,0,0.0,0.0,0.0,0,0.0,85.82,0.0
NER_2018_377,1.0,7572.81,180.15,0.0,0.0,0,0.0,0.0,0.0,0,0.0,1.0,0.0,0.0,0.0,0,0.0,0.0,0.0,0,0.0,7572.81,0.0,0.0,0.0,0,0.0,0.0,0.0,0,0.0,180.15,0.0
NER_2018_378,2.0,361.32,8.6,1.0,0.0,0,0.0,1.0,0.0,0,0.0,0.0,0.0,302.62,0.0,0,0.0,58.7,0.0,0,0.0,0.0,0.0,7.2,0.0,0,0.0,1.4,0.0,0,0.0,0.0,0.0
NER_2018_379,1.0,8507.82,202.41,0.0,0.0,0,0.0,0.0,0.0,0,0.0,0.0,0.0,0.0,0.0,0,0.0,0.0,0.0,0,0.0,0.0,0.0,0.0,0.0,0,0.0,0.0,0.0,0,0.0,0.0,0.0
NER_2018_38,172.0,62134.08,1459.15,0.0,128.0,0,0.0,3.0,0.0,0,4.0,2.0,0.0,0.0,33594.76,0,0.0,2239.93,0.0,0,7725.17,3193.6,0.0,0.0,788.94,0,0.0,52.6,0.0,0,181.42,75.0,0.0
NER_2018_380,0.0,0.0,0.0,0.0,0.0,0,0.0,0.0,0.0,0,0.0,0.0,0.0,0.0,0.0,0,0.0,0.0,0.0,0,0.0,0.0,0.0,0.0,0.0,0,0.0,0.0,0.0,0,0.0,0.0,0.0
NER_2018_381,3.0,5741.43,136.62,0.0,0.0,0,0.0,1.0,0.0,0,0.0,0.0,0.0,0.0,0.0,0,0.0,14.93,0.0,0,0.0,0.0,0.0,0.0,0.0,0,0.0,0.36,0.0,0,0.0,0.0,0.0
NER_2018_382,1.0,924.19,21.99,0.0,0.0,0,0.0,0.0,0.0,0,0.0,1.0,0.0,0.0,0.0,0,0.0,0.0,0.0,0,0.0,924.19,0.0,0.0,0.0,0,0.0,0.0,0.0,0,0.0,21.99,0.0
NER_2018_383,4.0,8154.72,194.06,0.0,0.0,0,0.0,0.0,0.0,0,0.0,1.0,0.0,0.0,0.0,0,0.0,0.0,0.0,0,0.0,3578.7,0.0,0.0,0.0,0,0.0,0.0,0.0,0,0.0,85.16,0.0
NER_2018_384,2.0,4880.32,116.15,0.0,0.0,0,0.0,0.0,0.0,0,0.0,0.0,0.0,0.0,0.0,0,0.0,0.0,0.0,0,0.0,0.0,0.0,0.0,0.0,0,0.0,0.0,0.0,0,0.0,0.0,0.0
NER_2018_385,1.0,4388.01,104.44,0.0,0.0,0,0.0,1.0,0.0,0,0.0,0.0,0.0,0.0,0.0,0,0.0,4388.01,0.0,0,0.0,0.0,0.0,0.0,0.0,0,0.0,104.44,0.0,0,0.0,0.0,0.0
NER_2018_386,1.0,344.22,8.19,0.0,0.0,0,0.0,1.0,0.0,0,0.0,0.0,0.0,0.0,0.0,0,0.0,344.22,0.0,0,0.0,0.0,0.0,0.0,0.0,0,0.0,8.19,0.0,0,0.0,0.0,0.0
NER_2018_387,0.0,0.0,0.0,0.0,0.0,0,0.0,0.0,0.0,0,0.0,0.0,0.0,0.0,0.0,0,0.0,0.0,0.0,0,0.0,0.0,0.0,0.0,0.0,0,0.0,0.0,0.0,0,0.0,0.0,0.0
NER_2018_388,5.0,13218.48,314.82,0.0,0.0,0,0.0,3.0,0.0,0,0.0,0.0,0.0,0.0,0.0,0,0.0,3100.85,0.0,0,0.0,0.0,0.0,0.0,0.0,0,0.0,73.85,0.0,0,0.0,0.0,0.0
NER_2018_389,12.0,10282.66,244.91,3.0,2.0,0,0.0,4.0,0.0,0,0.0,0.0,0.0,4220.52,403.27,0,0.0,1098.48,0.0,0,0.0,0.0,0.0,100.52,9.6,0,0.0,26.16,0.0,0,0.0,0.0,0.0
NER_2018_39,0.0,0.0,0.0,0.0,0.0,0,0.0,0.0,0.0,0,0.0,0.0,0.0,0.0,0.0,0,0.0,0.0,0.0,0,0.0,0.0,0.0,0.0,0.0,0,0.0,0.0,0.0,0,0.0,0.0,0.0
NER_2018_390,4.0,20330.38,484.27,1.0,0.0,0,0.0,0.0,1.0,0,0.0,0.0,0.0,5646.75,0.0,0,0.0,0.0,4952.14,0,0.0,0.0,0.0,134.51,0.0,0,0.0,0.0,117.96,0,0.0,0.0,0.0
NER_2018_391,10.0,9920.16,236.31,0.0,9.0,0,0.0,0.0,0.0,0,1.0,0.0,0.0,0.0,3172.37,0,0.0,0.0,0.0,0,6747.79,0.0,0.0,0.0,75.57,0,0.0,0.0,0.0,0,160.74,0.0,0.0
NER_2018_392,2.0,8719.09,207.76,0.0,1.0,0,0.0,0.0,0.0,0,1.0,0.0,0.0,0.0,1361.34,0,0.0,0.0,0.0,0,7357.75,0.0,0.0,0.0,32.44,0,0.0,0.0,0.0,0,175.32,0.0,0.0
NER_2018_393,19.0,34003.36,810.51,0.0,4.0,0,0.0,0.0,0.0,0,0.0,0.0,0.0,0.0,539.23,0,0.0,0.0,0.0,0,0.0,0.0,0.0,0.0,12.85,0,0.0,0.0,0.0,0,0.0,0.0,0.0
NER_2018_394,36.0,21695.21,517.18,1.0,12.0,0,0.0,5.0,4.0,0,0.0,0.0,0.0,7490.02,2775.73,0,0.0,7483.08,347.16,0,0.0,0.0,0.0,178.55,66.17,0,0.0,178.39,8.28,0,0.0,0.0,0.0
NER_2018_395,92.0,22050.21,525.67,0.0,88.0,0,0.0,0.0,0.0,0,0.0,4.0,0.0,0.0,13766.9,0,0.0,0.0,0.0,0,0.0,8283.32,0.0,0.0,328.2,0,0.0,0.0,0.0,0,0.0,197.47,0.0
NER_2018_396,0.0,0.0,0.0,0.0,0.0,0,0.0,0.0,0.0,0,0.0,0.0,0.0,0.0,0.0,0,0.0,0.0,0.0,0,0.0,0.0,0.0,0.0,0.0,0,0.0,0.0,0.0,0,0.0,0.0,0.0
NER_2018_397,1.0,1393.9,33.24,0.0,0.0,0,0.0,1.0,0.0,0,0.0,0.0,0.0,0.0,0.0,0,0.0,1393.9,0.0,0,0.0,0.0,0.0,0.0,0.0,0,0.0,33.24,0.0,0,0.0,0.0,0.0
NER_2018_398,935.0,330909.97,7890.99,1.0,702.0,0,2.0,23.0,38.0,0,0.0,17.0,0.0,1460.95,239050.53,0,137.11,13025.78,4827.64,0,0.0,13748.25,0.0,34.84,5700.48,0,3.27,310.62,115.12,0,0.0,327.85,0.0
NER_2018_399,1126.0,373039.59,8895.9,4.0,838.0,0,2.0,37.0,58.0,0,0.0,17.0,0.0,7772.73,281806.16,0,137.11,14232.72,6578.49,0,0.0,10486.72,0.0,185.36,6720.25,0,3.27,339.41,156.88,0,0.0,250.08,0.0
NER_2018_4,6.0,19161.59,446.17,0.0,0.0,0,0.0,0.0,0.0,0,1.0,0.0,0.0,0.0,0.0,0,0.0,0.0,0.0,0,8245.14,0.0,0.0,0.0,0.0,0,0.0,0.0,0.0,0,191.98,0.0,0.0
NER_2018_40,21.0,30984.97,727.75,0.0,10.0,0,0.0,8.0,0.0,0,0.0,1.0,1.0,0.0,7579.33,0,0.0,10581.44,0.0,0,0.0,3776.77,7173.0,0.0,178.02,0,0.0,248.53,0.0,0,0.0,88.71,168.47
NER_2018_400,1.0,3086.54,73.61,0.0,0.0,0,0.0,0.0,0.0,0,0.0,0.0,0.0,0.0,0.0,0,0.0,0.0,0.0,0,0.0,0.0,0.0,0.0,0.0,0,0.0,0.0,0.0,0,0.0,0.0,0.0
NER_2018_401,3.0,9254.25,220.69,0.0,0.0,0,0.0,0.0,0.0,0,0.0,2.0,0.0,0.0,0.0,0,0.0,0.0,0.0,0,0.0,5575.28,0.0,0.0,0.0,0,0.0,0.0,0.0,0,0.0,132.95,0.0
NER_2018_402,1.0,2957.26,70.57,0.0,0.0,0,0.0,0.0,0.0,0,0.0,0.0,0.0,0.0,0.0,0,0.0,0.0,0.0,0,0.0,0.0,0.0,0.0,0.0,0,0.0,0.0,0.0,0,0.0,0.0,0.0
NER_2018_403,223.0,82366.54,1965.75,1.0,195.0,0,1.0,3.0,0.0,0,1.0,7.0,0.0,7957.81,39896.81,0,82.06,4747.92,0.0,0,3979.32,4180.79,0.0,189.92,952.17,0,1.96,113.31,0.0,0,94.97,99.78,0.0
NER_2018_404,28.0,23106.83,551.66,0.0,11.0,0,0.0,4.0,2.0,0,0.0,1.0,0.0,0.0,4919.61,0,0.0,4411.95,227.85,0,0.0,3362.46,0.0,0.0,117.45,0,0.0,105.33,5.44,0,0.0,80.28,0.0
NER_2018_405,5.0,11611.7,277.23,0.0,0.0,0,0.0,3.0,0.0,0,0.0,0.0,0.0,0.0,0.0,0,0.0,5617.14,0.0,0,0.0,0.0,0.0,0.0,0.0,0,0.0,134.11,0.0,0,0.0,0.0,0.0
NER_2018_406,0.0,0.0,0.0,0.0,0.0,0,0.0,0.0,0.0,0,0.0,0.0,0.0,0.0,0.0,0,0.0,0.0,0.0,0,0.0,0.0,0.0,0.0,0.0,0,0.0,0.0,0.0,0,0.0,0.0,0.0
NER_2018_407,0.0,0.0,0.0,0.0,0.0,0,0.0,0.0,0.0,0,0.0,0.0,0.0,0.0,0.0,0,0.0,0.0,0.0,0,0.0,0.0,0.0,0.0,0.0,0,0.0,0.0,0.0,0,0.0,0.0,0.0
NER_2018_408,104.0,45833.94,1095.54,0.0,5.0,0,0.0,15.0,39.0,0,0.0,0.0,0.0,0.0,2439.88,0,0.0,4465.84,10901.47,0,0.0,0.0,0.0,0.0,58.32,0,0.0,106.74,260.57,0,0.0,0.0,0.0
NER_2018_409,0.0,0.0,0.0,0.0,0.0,0,0.0,0.0,0.0,0,0.0,0.0,0.0,0.0,0.0,0,0.0,0.0,0.0,0,0.0,0.0,0.0,0.0,0.0,0,0.0,0.0,0.0,0,0.0,0.0,0.0
NER_2018_41,21.0,30866.9,725.03,0.0,10.0,0,0.0,8.0,0.0,0,0.0,1.0,1.0,0.0,7579.33,0,0.0,10581.44,0.0,0,0.0,3553.52,7278.17,0.0,178.03,0,0.0,248.55,0.0,0,0.0,83.47,170.96
NER_2018_410,1.0,1043.56,24.96,0.0,0.0,0,0.0,0.0,0.0,0,0.0,1.0,0.0,0.0,0.0,0,0.0,0.0,0.0,0,0.0,1043.56,0.0,0.0,0.0,0,0.0,0.0,0.0,0,0.0,24.96,0.0
NER_2018_411,0.0,0.0,0.0,0.0,0.0,0,0.0,0.0,0.0,0,0.0,0.0,0.0,0.0,0.0,0,0.0,0.0,0.0,0,0.0,0.0,0.0,0.0,0.0,0,0.0,0.0,0.0,0,0.0,0.0,0.0
NER_2018_412,2.0,10107.38,241.88,1.0,0.0,0,0.0,1.0,0.0,0,0.0,0.0,0.0,7060.01,0.0,0,0.0,3047.37,0.0,0,0.0,0.0,0.0,168.95,0.0,0,0.0,72.93,0.0,0,0.0,0.0,0.0
NER_2018_413,0.0,0.0,0.0,0.0,0.0,0,0.0,0.0,0.0,0,0.0,0.0,0.0,0.0,0.0,0,0.0,0.0,0.0,0,0.0,0.0,0.0,0.0,0.0,0,0.0,0.0,0.0,0,0.0,0.0,0.0
NER_2018_414,0.0,0.0,0.0,0.0,0.0,0,0.0,0.0,0.0,0,0.0,0.0,0.0,0.0,0.0,0,0.0,0.0,0.0,0,0.0,0.0,0.0,0.0,0.0,0,0.0,0.0,0.0,0,0.0,0.0,0.0
NER_2018_415,0.0,0.0,0.0,0.0,0.0,0,0.0,0.0,0.0,0,0.0,0.0,0.0,0.0,0.0,0,0.0,0.0,0.0,0,0.0,0.0,0.0,0.0,0.0,0,0.0,0.0,0.0,0,0.0,0.0,0.0
NER_2018_416,0.0,0.0,0.0,0.0,0.0,0,0.0,0.0,0.0,0,0.0,0.0,0.0,0.0,0.0,0,0.0,0.0,0.0,0,0.0,0.0,0.0,0.0,0.0,0,0.0,0.0,0.0,0,0.0,0.0,0.0
NER_2018_417,0.0,0.0,0.0,0.0,0.0,0,0.0,0.0,0.0,0,0.0,0.0,0.0,0.0,0.0,0,0.0,0.0,0.0,0,0.0,0.0,0.0,0.0,0.0,0,0.0,0.0,0.0,0,0.0,0.0,0.0
NER_2018_418,1.0,5164.97,123.68,0.0,0.0,0,0.0,0.0,0.0,0,0.0,0.0,0.0,0.0,0.0,0,0.0,0.0,0.0,0,0.0,0.0,0.0,0.0,0.0,0,0.0,0.0,0.0,0,0.0,0.0,0.0
NER_2018_419,68.0,35455.05,850.13,3.0,54.0,0,0.0,3.0,4.0,0,0.0,0.0,0.0,8794.47,19505.85,0,0.0,765.72,981.99,0,0.0,0.0,0.0,210.87,467.71,0,0.0,18.36,23.55,0,0.0,0.0,0.0
NER_2018_42,4.0,7718.09,181.29,0.0,0.0,0,0.0,2.0,0.0,0,2.0,0.0,0.0,0.0,0.0,0,0.0,1009.22,0.0,0,6708.87,0.0,0.0,0.0,0.0,0,0.0,23.71,0.0,0,157.59,0.0,0.0
NER_2018_420,0.0,0.0,0.0,0.0,0.0,0,0.0,0.0,0.0,0,0.0,0.0,0.0,0.0,0.0,0,0.0,0.0,0.0,0,0.0,0.0,0.0,0.0,0.0,0,0.0,0.0,0.0,0,0.0,0.0,0.0
NER_2018_421,0.0,0.0,0.0,0.0,0.0,0,0.0,0.0,0.0,0,0.0,0.0,0.0,0.0,0.0,0,0.0,0.0,0.0,0,0.0,0.0,0.0,0.0,0.0,0,0.0,0.0,0.0,0,0.0,0.0,0.0
NER_2018_422,6.0,14737.99,353.89,1.0,2.0,0,0.0,2.0,0.0,0,0.0,0.0,0.0,6703.54,1319.26,0,0.0,3634.73,0.0,0,0.0,0.0,0.0,160.97,31.68,0,0.0,87.28,0.0,0,0.0,0.0,0.0
NER_2018_423,1.0,3714.74,89.21,0.0,0.0,0,0.0,0.0,0.0,0,0.0,0.0,0.0,0.0,0.0,0,0.0,0.0,0.0,0,0.0,0.0,0.0,0.0,0.0,0,0.0,0.0,0.0,0,0.0,0.0,0.0
NER_2018_424,1.0,2332.27,56.03,0.0,0.0,0,0.0,1.0,0.0,0,0.0,0.0,0.0,0.0,0.0,0,0.0,2332.27,0.0,0,0.0,0.0,0.0,0.0,0.0,0,0.0,56.03,0.0,0,0.0,0.0,0.0
NER_2018_425,10.0,30743.32,738.79,0.0,0.0,0,0.0,7.0,0.0,0,0.0,0.0,0.0,0.0,0.0,0,0.0,21337.07,0.0,0,0.0,0.0,0.0,0.0,0.0,0,0.0,512.75,0.0,0,0.0,0.0,0.0
NER_2018_426,225.0,116357.89,2801.76,0.0,188.0,0,0.0,19.0,0.0,0,1.0,0.0,0.0,0.0,69605.95,0,0.0,25359.96,0.0,0,1868.98,0.0,0.0,0.0,1676.03,0,0.0,610.64,0.0,0,45.0,0.0,0.0
NER_2018_427,1.0,7028.98,169.59,0.0,0.0,0,0.0,1.0,0.0,0,0.0,0.0,0.0,0.0,0.0,0,0.0,7028.98,0.0,0,0.0,0.0,0.0,0.0,0.0,0,0.0,169.59,0.0,0,0.0,0.0,0.0
NER_2018_428,8.0,16908.56,408.38,3.0,1.0,0,0.0,2.0,0.0,0,0.0,0.0,0.0,6503.81,197.59,0,0.0,4749.61,0.0,0,0.0,0.0,0.0,157.08,4.77,0,0.0,114.71,0.0,0,0.0,0.0,0.0
NER_2018_429,15.0,20387.47,493.91,0.0,0.0,0,0.0,0.0,0.0,0,0.0,0.0,0.0,0.0,0.0,0,0.0,0.0,0.0,0,0.0,0.0,0.0,0.0,0.0,0,0.0,0.0,0.0,0,0.0,0.0,0.0
NER_2018_43,9.0,24609.53,578.06,0.0,0.0,0,0.0,0.0,0.0,0,0.0,0.0,0.0,0.0,0.0,0,0.0,0.0,0.0,0,0.0,0.0,0.0,0.0,0.0,0,0.0,0.0,0.0,0,0.0,0.0,0.0
NER_2018_430,77.0,43813.48,1064.43,0.0,65.0,0,0.0,0.0,0.0,0,6.0,0.0,0.0,0.0,24997.69,0,0.0,0.0,0.0,0,6742.67,0.0,0.0,0.0,607.31,0,0.0,0.0,0.0,0,163.81,0.0,0.0
NER_2018_431,754.0,266961.09,6497.02,10.0,666.0,0,0.0,7.0,16.0,0,0.0,24.0,0.0,10510.68,207631.21,0,0.0,10786.59,4589.51,0,0.0,17418.07,0.0,255.8,5053.11,0,0.0,262.51,111.69,0,0.0,423.9,0.0
NER_2018_432,765.0,261961.09,6375.74,10.0,706.0,0,0.0,3.0,8.0,0,0.0,18.0,0.0,10830.5,213703.74,0,0.0,4138.98,2024.7,0,0.0,14893.93,0.0,263.6,5201.23,0,0.0,100.74,49.28,0,0.0,362.5,0.0
NER_2018_433,913.0,336740.13,8196.22,10.0,813.0,0,0.0,9.0,21.0,0,0.0,26.0,0.0,10726.06,265344.28,0,0.0,14041.15,6236.62,0,0.0,20817.39,0.0,261.07,6458.46,0,0.0,341.76,151.8,0,0.0,506.69,0.0
NER_2018_434,773.0,265127.61,6453.22,10.0,711.0,0,0.0,4.0,10.0,0,0.0,18.0,0.0,10631.29,216031.53,0,0.0,3873.55,3018.51,0,0.0,14725.59,0.0,258.77,5258.22,0,0.0,94.28,73.47,0,0.0,358.42,0.0
NER_2018_435,743.0,256408.69,6241.1,10.0,679.0,0,0.0,6.0,10.0,0,0.0,18.0,0.0,10409.64,208181.38,0,0.0,4365.44,2497.81,0,0.0,14260.6,0.0,253.38,5067.23,0,0.0,106.26,60.8,0,0.0,347.11,0.0
NER_2018_436,909.0,335299.63,8162.18,1.0,819.0,0,0.0,13.0,17.0,0,0.0,26.0,0.0,6903.56,268032.15,0,0.0,15630.92,5232.46,0,0.0,22867.29,0.0,168.05,6524.69,0,0.0,380.5,127.37,0,0.0,556.66,0.0
NER_2018_437,838.0,300527.27,7315.86,2.0,753.0,0,0.0,10.0,15.0,0,0.0,26.0,0.0,8771.98,240087.63,0,0.0,9873.45,4275.83,0,0.0,21045.32,0.0,213.54,5844.55,0,0.0,240.35,104.09,0,0.0,512.31,0.0
NER_2018_438,891.0,324712.73,7904.67,1.0,802.0,0,0.0,12.0,16.0,0,0.0,26.0,0.0,7691.03,259890.76,0,0.0,13132.21,4889.01,0,0.0,23108.42,0.0,187.23,6326.67,0,0.0,319.68,119.02,0,0.0,562.54,0.0
NER_2018_439,389.0,168527.87,4102.64,0.0,327.0,0,0.0,13.0,12.0,0,0.0,20.0,0.0,0.0,115446.45,0,0.0,23409.82,3409.99,0,0.0,16282.05,0.0,0.0,2810.43,0,0.0,569.89,83.01,0,0.0,396.37,0.0
NER_2018_44,200.0,134537.93,3160.39,3.0,130.0,0,0.0,38.0,2.0,0,0.0,1.0,4.0,4048.25,41421.93,0,0.0,49592.16,333.11,0,0.0,609.32,8557.03,95.1,973.03,0,0.0,1164.95,7.82,0,0.0,14.31,201.01
NER_2018_440,823.0,301031.88,7328.58,1.0,740.0,0,0.0,13.0,12.0,0,0.0,26.0,0.0,5755.53,237769.91,0,0.0,14453.48,3357.55,0,0.0,23839.95,0.0,140.12,5788.47,0,0.0,351.87,81.74,0,0.0,580.38,0.0
NER_2018_441,710.0,273717.99,6663.76,1.0,628.0,0,0.0,17.0,10.0,0,0.0,26.0,0.0,4510.32,208909.93,0,0.0,20433.54,2538.74,0,0.0,22157.26,0.0,109.81,5085.98,0,0.0,497.46,61.81,0,0.0,539.43,0.0
NER_2018_442,2.0,7810.18,190.16,1.0,0.0,0,0.0,1.0,0.0,0,0.0,0.0,0.0,6689.03,0.0,0,0.0,1121.16,0.0,0,0.0,0.0,0.0,162.87,0.0,0,0.0,27.3,0.0,0,0.0,0.0,0.0
NER_2018_443,3.0,9309.4,226.68,0.0,0.0,0,0.0,2.0,0.0,0,0.0,1.0,0.0,0.0,0.0,0,0.0,576.78,0.0,0,0.0,8732.62,0.0,0.0,0.0,0,0.0,14.04,0.0,0,0.0,212.63,0.0
NER_2018_444,17.0,22917.03,558.43,0.0,0.0,0,0.0,2.0,5.0,0,0.0,0.0,0.0,0.0,0.0,0,0.0,3580.28,1703.18,0,0.0,0.0,0.0,0.0,0.0,0,0.0,87.24,41.5,0,0.0,0.0,0.0
NER_2018_445,1.0,2150.17,52.4,0.0,0.0,0,0.0,0.0,0.0,0,0.0,0.0,0.0,0.0,0.0,0,0.0,0.0,0.0,0,0.0,0.0,0.0,0.0,0.0,0,0.0,0.0,0.0,0,0.0,0.0,0.0
NER_2018_446,13.0,27003.0,658.39,0.0,0.0,0,0.0,1.0,0.0,0,0.0,1.0,0.0,0.0,0.0,0,0.0,439.23,0.0,0,0.0,7941.03,0.0,0.0,0.0,0,0.0,10.71,0.0,0,0.0,193.62,0.0
NER_2018_447,60.0,22883.79,558.13,0.0,5.0,0,0.0,7.0,36.0,0,0.0,0.0,0.0,0.0,938.62,0,0.0,1986.13,7749.54,0,0.0,0.0,0.0,0.0,22.89,0,0.0,48.44,189.01,0,0.0,0.0,0.0
NER_2018_448,62.0,38526.42,940.76,0.0,48.0,0,0.0,1.0,2.0,0,0.0,7.0,0.0,0.0,13433.85,0,0.0,2575.45,2789.32,0,0.0,9694.26,0.0,0.0,328.04,0,0.0,62.89,68.11,0,0.0,236.72,0.0
NER_2018_449,0.0,0.0,0.0,0.0,0.0,0,0.0,0.0,0.0,0,0.0,0.0,0.0,0.0,0.0,0,0.0,0.0,0.0,0,0.0,0.0,0.0,0.0,0.0,0,0.0,0.0,0.0,0,0.0,0.0,0.0
NER_2018_45,1.0,6711.06,157.66,0.0,0.0,0,0.0,0.0,0.0,0,0.0,1.0,0.0,0.0,0.0,0,0.0,0.0,0.0,0,0.0,6711.06,0.0,0.0,0.0,0,0.0,0.0,0.0,0,0.0,157.66,0.0
NER_2018_450,0.0,0.0,0.0,0.0,0.0,0,0.0,0.0,0.0,0,0.0,0.0,0.0,0.0,0.0,0,0.0,0.0,0.0,0,0.0,0.0,0.0,0.0,0.0,0,0.0,0.0,0.0,0,0.0,0.0,0.0
NER_2018_451,0.0,0.0,0.0,0.0,0.0,0,0.0,0.0,0.0,0,0.0,0.0,0.0,0.0,0.0,0,0.0,0.0,0.0,0,0.0,0.0,0.0,0.0,0.0,0,0.0,0.0,0.0,0,0.0,0.0,0.0
NER_2018_452,5.0,12564.96,307.65,0.0,0.0,0,0.0,2.0,0.0,0,0.0,2.0,0.0,0.0,0.0,0,0.0,1849.75,0.0,0,0.0,10141.06,0.0,0.0,0.0,0,0.0,45.29,0.0,0,0.0,248.3,0.0
NER_2018_453,22.0,22160.27,542.68,0.0,0.0,0,0.0,2.0,11.0,0,0.0,0.0,0.0,0.0,0.0,0,0.0,1557.45,8314.31,0,0.0,0.0,0.0,0.0,0.0,0,0.0,38.14,203.61,0,0.0,0.0,0.0
NER_2018_454,44.0,24780.49,606.95,0.0,12.0,0,0.0,1.0,23.0,0,0.0,0.0,0.0,0.0,2893.96,0,0.0,226.08,5609.5,0,0.0,0.0,0.0,0.0,70.88,0,0.0,5.54,137.39,0,0.0,0.0,0.0
NER_2018_455,0.0,0.0,0.0,0.0,0.0,0,0.0,0.0,0.0,0,0.0,0.0,0.0,0.0,0.0,0,0.0,0.0,0.0,0,0.0,0.0,0.0,0.0,0.0,0,0.0,0.0,0.0,0,0.0,0.0,0.0
NER_2018_456,0.0,0.0,0.0,0.0,0.0,0,0.0,0.0,0.0,0,0.0,0.0,0.0,0.0,0.0,0,0.0,0.0,0.0,0,0.0,0.0,0.0,0.0,0.0,0,0.0,0.0,0.0,0,0.0,0.0,0.0
NER_2018_457,2.0,3438.78,84.36,0.0,0.0,0,0.0,0.0,0.0,0,0.0,0.0,0.0,0.0,0.0,0,0.0,0.0,0.0,0,0.0,0.0,0.0,0.0,0.0,0,0.0,0.0,0.0,0,0.0,0.0,0.0
NER_2018_458,0.0,0.0,0.0,0.0,0.0,0,0.0,0.0,0.0,0,0.0,0.0,0.0,0.0,0.0,0,0.0,0.0,0.0,0,0.0,0.0,0.0,0.0,0.0,0,0.0,0.0,0.0,0,0.0,0.0,0.0
NER_2018_459,1.0,6997.8,172.03,0.0,0.0,0,0.0,0.0,0.0,0,0.0,1.0,0.0,0.0,0.0,0,0.0,0.0,0.0,0,0.0,6997.8,0.0,0.0,0.0,0,0.0,0.0,0.0,0,0.0,172.03,0.0
NER_2018_46,6.0,12902.85,303.13,0.0,1.0,0,0.0,0.0,0.0,0,2.0,3.0,0.0,0.0,240.38,0,0.0,0.0,0.0,0,3579.68,9082.79,0.0,0.0,5.65,0,0.0,0.0,0.0,0,84.1,213.38,0.0
NER_2018_460,1.0,8748.93,215.15,0.0,0.0,0,0.0,0.0,0.0,0,0.0,0.0,0.0,0.0,0.0,0,0.0,0.0,0.0,0,0.0,0.0,0.0,0.0,0.0,0,0.0,0.0,0.0,0,0.0,0.0,0.0
NER_2018_461,6.0,21282.06,524.2,0.0,0.0,0,0.0,4.0,0.0,0,0.0,0.0,0.0,0.0,0.0,0,0.0,12583.35,0.0,0,0.0,0.0,0.0,0.0,0.0,0,0.0,309.94,0.0,0,0.0,0.0,0.0
NER_2018_462,3.0,18803.98,463.2,0.0,0.0,0,0.0,0.0,0.0,0,0.0,1.0,0.0,0.0,0.0,0,0.0,0.0,0.0,0,0.0,10915.21,0.0,0.0,0.0,0,0.0,0.0,0.0,0,0.0,268.88,0.0
NER_2018_463,10.0,14681.59,361.86,0.0,0.0,0,0.0,2.0,0.0,0,0.0,2.0,0.0,0.0,0.0,0,0.0,570.14,0.0,0,0.0,10061.97,0.0,0.0,0.0,0,0.0,14.05,0.0,0,0.0,248.0,0.0
NER_2018_464,0.0,0.0,0.0,0.0,0.0,0,0.0,0.0,0.0,0,0.0,0.0,0.0,0.0,0.0,0,0.0,0.0,0.0,0,0.0,0.0,0.0,0.0,0.0,0,0.0,0.0,0.0,0,0.0,0.0,0.0
NER_2018_465,0.0,0.0,0.0,0.0,0.0,0,0.0,0.0,0.0,0,0.0,0.0,0.0,0.0,0.0,0,0.0,0.0,0.0,0,0.0,0.0,0.0,0.0,0.0,0,0.0,0.0,0.0,0,0.0,0.0,0.0
NER_2018_466,0.0,0.0,0.0,0.0,0.0,0,0.0,0.0,0.0,0,0.0,0.0,0.0,0.0,0.0,0,0.0,0.0,0.0,0,0.0,0.0,0.0,0.0,0.0,0,0.0,0.0,0.0,0,0.0,0.0,0.0
NER_2018_467,229.0,83976.12,2084.01,0.0,220.0,0,0.0,0.0,1.0,0,0.0,3.0,0.0,0.0,60582.39,0,0.0,0.0,905.5,0,0.0,7446.59,0.0,0.0,1503.46,0,0.0,0.0,22.47,0,0.0,184.8,0.0
NER_2018_468,228.0,83448.26,2070.94,0.0,218.0,0,0.0,0.0,2.0,0,0.0,3.0,0.0,0.0,59626.78,0,0.0,0.0,1290.22,0,0.0,7499.25,0.0,0.0,1479.76,0,0.0,0.0,32.02,0,0.0,186.11,0.0
NER_2018_469,610.0,198014.66,4915.37,15.0,531.0,0,0.0,9.0,1.0,0,0.0,28.0,0.0,10024.35,151519.6,0,0.0,6501.72,61.87,0,0.0,10772.59,0.0,248.84,3761.21,0,0.0,161.39,1.54,0,0.0,267.41,0.0
NER_2018_47,0.0,0.0,0.0,0.0,0.0,0,0.0,0.0,0.0,0,0.0,0.0,0.0,0.0,0.0,0,0.0,0.0,0.0,0,0.0,0.0,0.0,0.0,0.0,0,0.0,0.0,0.0,0,0.0,0.0,0.0
NER_2018_470,617.0,207775.88,5157.87,15.0,538.0,0,0.0,8.0,1.0,0,0.0,29.0,0.0,8709.47,155845.85,0,0.0,6588.11,61.87,0,0.0,12669.35,0.0,216.21,3868.75,0,0.0,163.54,1.54,0,0.0,314.51,0.0
NER_2018_471,611.0,201834.82,5010.49,15.0,531.0,0,0.0,10.0,1.0,0,0.0,28.0,0.0,10025.84,151910.89,0,0.0,8202.88,61.87,0,0.0,11146.11,0.0,248.89,3771.14,0,0.0,203.63,1.54,0,0.0,276.7,0.0
NER_2018_472,619.0,208200.38,5168.52,15.0,541.0,0,0.0,8.0,0.0,0,0.0,29.0,0.0,7895.1,157913.69,0,0.0,7451.54,0.0,0,0.0,13114.12,0.0,195.99,3920.16,0,0.0,184.98,0.0,0,0.0,325.55,0.0
NER_2018_473,609.0,207939.53,5162.61,15.0,531.0,0,0.0,8.0,1.0,0,0.0,28.0,0.0,10425.82,152330.37,0,0.0,11410.45,61.87,0,0.0,11571.17,0.0,258.85,3781.98,0,0.0,283.29,1.54,0,0.0,287.28,0.0
NER_2018_474,595.0,201949.15,5014.2,15.0,516.0,0,0.0,10.0,1.0,0,0.0,28.0,0.0,10725.23,143334.16,0,0.0,14788.15,61.87,0,0.0,9949.48,0.0,266.3,3558.85,0,0.0,367.18,1.54,0,0.0,247.04,0.0
NER_2018_475,134.0,35024.49,872.84,0.0,106.0,0,0.0,6.0,1.0,0,0.0,0.0,0.0,0.0,16912.67,0,0.0,2799.58,18.88,0,0.0,0.0,0.0,0.0,421.48,0,0.0,69.77,0.47,0,0.0,0.0,0.0
NER_2018_48,3.0,13293.09,312.38,1.0,0.0,0,0.0,0.0,0.0,0,2.0,0.0,0.0,6658.6,0.0,0,0.0,0.0,0.0,0,6634.49,0.0,0.0,156.47,0.0,0,0.0,0.0,0.0,0,155.91,0.0,0.0
NER_2018_49,140.0,163417.61,3840.28,1.0,0.0,0,0.0,120.0,0.0,0,0.0,0.0,0.0,6776.25,0.0,0,0.0,115340.21,0.0,0,0.0,0.0,0.0,159.24,0.0,0,0.0,2710.47,0.0,0,0.0,0.0,0.0
NER_2018_5,2.0,4149.78,96.79,1.0,0.0,0,0.0,0.0,0.0,0,0.0,0.0,0.0,3532.81,0.0,0,0.0,0.0,0.0,0,0.0,0.0,0.0,82.4,0.0,0,0.0,0.0,0.0,0,0.0,0.0,0.0
NER_2018_50,2.0,9654.68,226.88,0.0,0.0,0,0.0,0.0,0.0,0,0.0,0.0,0.0,0.0,0.0,0,0.0,0.0,0.0,0,0.0,0.0,0.0,0.0,0.0,0,0.0,0.0,0.0,0,0.0,0.0,0.0
NER_2018_51,1.0,6647.93,156.23,0.0,0.0,0,0.0,0.0,0.0,0,0.0,1.0,0.0,0.0,0.0,0,0.0,0.0,0.0,0,0.0,6647.93,0.0,0.0,0.0,0,0.0,0.0,0.0,0,0.0,156.23,0.0
NER_2018_52,3.0,13320.13,313.02,1.0,0.0,0,0.0,0.0,0.0,0,2.0,0.0,0.0,6685.65,0.0,0,0.0,0.0,0.0,0,6634.48,0.0,0.0,157.11,0.0,0,0.0,0.0,0.0,0,155.91,0.0,0.0
NER_2018_53,1.0,7944.73,186.71,0.0,0.0,0,0.0,0.0,0.0,0,0.0,1.0,0.0,0.0,0.0,0,0.0,0.0,0.0,0,0.0,7944.73,0.0,0.0,0.0,0,0.0,0.0,0.0,0,0.0,186.71,0.0
NER_2018_54,3.0,9207.2,216.38,0.0,0.0,0,0.0,0.0,0.0,0,0.0,0.0,1.0,0.0,0.0,0,0.0,0.0,0.0,0,0.0,0.0,7316.09,0.0,0.0,0,0.0,0.0,0.0,0,0.0,0.0,171.93
NER_2018_55,148.0,163098.83,3832.94,1.0,15.0,0,0.0,72.0,0.0,0,0.0,0.0,0.0,5236.58,9303.88,0,0.0,76687.89,0.0,0,0.0,0.0,0.0,123.06,218.65,0,0.0,1802.22,0.0,0,0.0,0.0,0.0
NER_2018_56,3.0,14675.26,344.89,0.0,0.0,0,0.0,0.0,0.0,0,3.0,0.0,0.0,0.0,0.0,0,0.0,0.0,0.0,0,14675.26,0.0,0.0,0.0,0.0,0,0.0,0.0,0.0,0,344.89,0.0,0.0
NER_2018_57,40.0,64931.09,1526.05,0.0,0.0,0,0.0,36.0,0.0,0,0.0,1.0,0.0,0.0,0.0,0,0.0,50710.36,0.0,0,0.0,6692.67,0.0,0.0,0.0,0,0.0,1191.82,0.0,0,0.0,157.3,0.0
NER_2018_58,7.0,8459.94,198.85,0.0,5.0,0,0.0,1.0,0.0,0,1.0,0.0,0.0,0.0,1104.93,0,0.0,674.94,0.0,0,6680.07,0.0,0.0,0.0,25.97,0,0.0,15.86,0.0,0,157.01,0.0,0.0
NER_2018_59,0.0,0.0,0.0,0.0,0.0,0,0.0,0.0,0.0,0,0.0,0.0,0.0,0.0,0.0,0,0.0,0.0,0.0,0,0.0,0.0,0.0,0.0,0.0,0,0.0,0.0,0.0,0,0.0,0.0,0.0
NER_2018_6,5.0,5133.12,119.76,0.0,0.0,0,0.0,0.0,0.0,0,0.0,0.0,0.0,0.0,0.0,0,0.0,0.0,0.0,0,0.0,0.0,0.0,0.0,0.0,0,0.0,0.0,0.0,0,0.0,0.0,0.0
NER_2018_60,193.0,118287.38,2780.44,4.0,121.0,0,0.0,29.0,0.0,0,0.0,3.0,0.0,10465.29,41673.15,0,0.0,59149.85,0.0,0,0.0,766.03,0.0,245.99,979.56,0,0.0,1390.36,0.0,0,0.0,18.01,0.0
NER_2018_61,1.0,6508.16,152.98,0.0,0.0,0,0.0,1.0,0.0,0,0.0,0.0,0.0,0.0,0.0,0,0.0,6508.16,0.0,0,0.0,0.0,0.0,0.0,0.0,0,0.0,152.98,0.0,0,0.0,0.0,0.0
NER_2018_62,63.0,54500.59,1281.17,0.0,35.0,0,0.0,15.0,0.0,0,0.0,1.0,0.0,0.0,12133.99,0,0.0,18930.06,0.0,0,0.0,7415.65,0.0,0.0,285.24,0,0.0,445.0,0.0,0,0.0,174.32,0.0
NER_2018_63,193.0,108918.08,2560.41,4.0,121.0,0,0.0,28.0,0.0,0,0.0,4.0,0.0,10960.55,41673.15,0,0.0,48352.16,0.0,0,0.0,2186.4,0.0,257.66,979.64,0,0.0,1136.65,0.0,0,0.0,51.4,0.0
NER_2018_64,194.0,115863.29,2723.71,4.0,121.0,0,0.0,29.0,0.0,0,0.0,4.0,0.0,10128.81,41673.15,0,0.0,54330.96,0.0,0,0.0,3100.61,0.0,238.11,979.65,0,0.0,1277.21,0.0,0,0.0,72.89,0.0
NER_2018_65,12.0,37815.32,889.02,0.0,1.0,0,0.0,10.0,0.0,0,0.0,0.0,0.0,0.0,1264.96,0,0.0,34834.5,0.0,0,0.0,0.0,0.0,0.0,29.74,0,0.0,818.94,0.0,0,0.0,0.0,0.0
NER_2018_66,6.0,6577.25,154.63,0.0,5.0,0,0.0,0.0,0.0,0,1.0,0.0,0.0,0.0,512.88,0,0.0,0.0,0.0,0,6064.37,0.0,0.0,0.0,12.06,0,0.0,0.0,0.0,0,142.58,0.0,0.0
NER_2018_67,1.0,6508.41,153.02,0.0,0.0,0,0.0,1.0,0.0,0,0.0,0.0,0.0,0.0,0.0,0,0.0,6508.41,0.0,0,0.0,0.0,0.0,0.0,0.0,0,0.0,153.02,0.0,0,0.0,0.0,0.0
NER_2018_68,0.0,0.0,0.0,0.0,0.0,0,0.0,0.0,0.0,0,0.0,0.0,0.0,0.0,0.0,0,0.0,0.0,0.0,0,0.0,0.0,0.0,0.0,0.0,0,0.0,0.0,0.0,0,0.0,0.0,0.0
NER_2018_69,2.0,13026.78,306.32,0.0,0.0,0,0.0,0.0,0.0,0,0.0,1.0,0.0,0.0,0.0,0,0.0,0.0,0.0,0,0.0,7997.26,0.0,0.0,0.0,0,0.0,0.0,0.0,0,0.0,188.05,0.0
NER_2018_7,0.0,0.0,0.0,0.0,0.0,0,0.0,0.0,0.0,0,0.0,0.0,0.0,0.0,0.0,0,0.0,0.0,0.0,0,0.0,0.0,0.0,0.0,0.0,0,0.0,0.0,0.0,0,0.0,0.0,0.0
NER_2018_70,1.0,7645.37,179.79,0.0,0.0,0,0.0,0.0,0.0,0,1.0,0.0,0.0,0.0,0.0,0,0.0,0.0,0.0,0,7645.37,0.0,0.0,0.0,0.0,0,0.0,0.0,0.0,0,179.79,0.0,0.0
NER_2018_71,2.0,11352.46,266.98,0.0,0.0,0,0.0,1.0,0.0,0,0.0,1.0,0.0,0.0,0.0,0,0.0,3728.76,0.0,0,0.0,7623.7,0.0,0.0,0.0,0,0.0,87.69,0.0,0,0.0,179.29,0.0
NER_2018_72,0.0,0.0,0.0,0.0,0.0,0,0.0,0.0,0.0,0,0.0,0.0,0.0,0.0,0.0,0,0.0,0.0,0.0,0,0.0,0.0,0.0,0.0,0.0,0,0.0,0.0,0.0,0,0.0,0.0,0.0
NER_2018_73,16.0,34922.33,821.37,1.0,0.0,0,0.0,14.0,0.0,0,0.0,0.0,0.0,4833.1,0.0,0,0.0,27807.42,0.0,0,0.0,0.0,0.0,113.67,0.0,0,0.0,654.03,0.0,0,0.0,0.0,0.0
NER_2018_74,0.0,0.0,0.0,0.0,0.0,0,0.0,0.0,0.0,0,0.0,0.0,0.0,0.0,0.0,0,0.0,0.0,0.0,0,0.0,0.0,0.0,0.0,0.0,0,0.0,0.0,0.0,0,0.0,0.0,0.0
NER_2018_75,1.0,7738.35,182.01,0.0,0.0,0,0.0,0.0,0.0,0,1.0,0.0,0.0,0.0,0.0,0,0.0,0.0,0.0,0,7738.35,0.0,0.0,0.0,0.0,0,0.0,0.0,0.0,0,182.01,0.0,0.0
NER_2018_76,9.0,6441.96,151.53,0.0,8.0,0,0.0,0.0,0.0,0,0.0,0.0,0.0,0.0,2139.26,0,0.0,0.0,0.0,0,0.0,0.0,0.0,0.0,50.32,0,0.0,0.0,0.0,0,0.0,0.0,0.0
NER_2018_77,2.0,11073.32,260.47,0.0,0.0,0,0.0,0.0,0.0,0,0.0,0.0,0.0,0.0,0.0,0,0.0,0.0,0.0,0,0.0,0.0,0.0,0.0,0.0,0,0.0,0.0,0.0,0,0.0,0.0,0.0
NER_2018_78,48.0,91825.59,2159.95,1.0,0.0,0,0.0,22.0,0.0,0,0.0,0.0,0.0,6139.99,0.0,0,0.0,28943.5,0.0,0,0.0,0.0,0.0,144.43,0.0,0,0.0,680.82,0.0,0,0.0,0.0,0.0
NER_2018_79,2.0,8961.21,210.8,0.0,0.0,0,0.0,0.0,0.0,0,2.0,0.0,0.0,0.0,0.0,0,0.0,0.0,0.0,0,8961.21,0.0,0.0,0.0,0.0,0,0.0,0.0,0.0,0,210.8,0.0,0.0
NER_2018_8,2.0,7219.73,168.63,0.0,0.0,0,0.0,0.0,0.0,0,0.0,1.0,0.0,0.0,0.0,0,0.0,0.0,0.0,0,0.0,7095.95,0.0,0.0,0.0,0,0.0,0.0,0.0,0,0.0,165.74,0.0
NER_2018_80,1289.0,376959.89,8867.72,2.0,827.0,0,0.0,225.0,16.0,0,4.0,3.0,0.0,8207.44,193821.5,0,0.0,93834.26,1370.15,0,6053.95,7477.13,0.0,193.07,4559.51,0,0.0,2207.39,32.23,0,142.41,175.89,0.0
NER_2018_81,1355.0,348342.78,8194.58,2.0,800.0,0,0.0,278.0,16.0,0,4.0,3.0,0.0,5887.66,178733.21,0,0.0,87717.85,1370.15,0,6053.95,7370.57,0.0,138.5,4204.6,0,0.0,2063.52,32.23,0,142.42,173.39,0.0
NER_2018_82,5.0,18978.49,446.47,0.0,0.0,0,0.0,2.0,0.0,0,3.0,0.0,0.0,0.0,0.0,0,0.0,11136.2,0.0,0,7842.29,0.0,0.0,0.0,0.0,0,0.0,261.98,0.0,0,184.49,0.0,0.0
NER_2018_83,1398.0,362999.5,8539.6,2.0,818.0,0,0.0,273.0,16.0,0,4.0,3.0,0.0,6485.81,184806.05,0,0.0,85603.36,1370.15,0,6053.95,6907.61,0.0,152.58,4347.58,0,0.0,2013.83,32.23,0,142.42,162.5,0.0
NER_2018_84,1355.0,348541.45,8199.86,2.0,764.0,0,0.0,257.0,16.0,0,4.0,3.0,0.0,6674.27,170653.85,0,0.0,77502.76,1327.31,0,6053.95,5433.47,0.0,157.02,4014.84,0,0.0,1823.35,31.23,0,142.43,127.83,0.0
NER_2018_85,25.0,39789.56,936.1,0.0,0.0,0,0.0,24.0,0.0,0,0.0,0.0,0.0,0.0,0.0,0,0.0,32501.61,0.0,0,0.0,0.0,0.0,0.0,0.0,0,0.0,764.64,0.0,0,0.0,0.0,0.0
NER_2018_86,1411.0,377652.5,8884.85,2.0,838.0,0,0.0,236.0,16.0,0,4.0,4.0,0.0,7954.76,190699.9,0,0.0,77720.96,1370.15,0,6053.95,5265.07,0.0,187.15,4486.51,0,0.0,1828.5,32.23,0,142.43,123.87,0.0
NER_2018_87,7.0,36363.19,855.53,0.0,0.0,0,0.0,0.0,0.0,0,0.0,0.0,0.0,0.0,0.0,0,0.0,0.0,0.0,0,0.0,0.0,0.0,0.0,0.0,0,0.0,0.0,0.0,0,0.0,0.0,0.0
NER_2018_88,1303.0,367641.81,8649.71,2.0,814.0,0,0.0,163.0,16.0,0,4.0,4.0,0.0,10238.31,189266.37,0,0.0,64363.17,1370.15,0,6053.95,5140.2,0.0,240.88,4452.97,0,0.0,1514.31,32.24,0,142.43,120.94,0.0
NER_2018_89,42.0,72148.14,1697.48,0.0,4.0,0,0.0,10.0,0.0,0,0.0,0.0,0.0,0.0,9363.12,0,0.0,5161.39,0.0,0,0.0,0.0,0.0,0.0,220.29,0,0.0,121.44,0.0,0,0.0,0.0,0.0
NER_2018_9,0.0,0.0,0.0,0.0,0.0,0,0.0,0.0,0.0,0,0.0,0.0,0.0,0.0,0.0,0,0.0,0.0,0.0,0,0.0,0.0,0.0,0.0,0.0,0,0.0,0.0,0.0,0,0.0,0.0,0.0
NER_2018_90,2.0,3996.65,94.03,0.0,0.0,0,0.0,0.0,0.0,0,1.0,0.0,0.0,0.0,0.0,0,0.0,0.0,0.0,0,3884.5,0.0,0.0,0.0,0.0,0,0.0,0.0,0.0,0,91.4,0.0,0.0
NER_2018_91,1195.0,348403.42,8197.41,2.0,752.0,0,0.0,124.0,16.0,0,4.0,4.0,0.0,10286.69,177013.18,0,0.0,56999.59,1370.15,0,6053.95,5027.33,0.0,242.03,4164.85,0,0.0,1341.11,32.24,0,142.44,118.29,0.0
NER_2018_92,132.0,51855.97,1220.15,0.0,129.0,0,0.0,0.0,0.0,0,3.0,0.0,0.0,0.0,43906.89,0,0.0,0.0,0.0,0,7949.08,0.0,0.0,0.0,1033.11,0,0.0,0.0,0.0,0,187.04,0.0,0.0
NER_2018_93,73.0,127968.05,3011.42,0.0,0.0,0,0.0,61.0,1.0,0,0.0,1.0,0.0,0.0,0.0,0,0.0,107724.01,787.73,0,0.0,3560.12,0.0,0.0,0.0,0,0.0,2535.03,18.54,0,0.0,83.78,0.0
NER_2018_94,67.0,11720.54,275.83,0.0,67.0,0,0.0,0.0,0.0,0,0.0,0.0,0.0,0.0,11720.54,0,0.0,0.0,0.0,0,0.0,0.0,0.0,0.0,275.83,0,0.0,0.0,0.0,0,0.0,0.0,0.0
NER_2018_95,302.0,142946.66,3364.13,1.0,69.0,0,0.0,84.0,1.0,0,0.0,1.0,0.0,5525.17,13205.04,0,0.0,48223.56,0.0,0,0.0,2375.29,0.0,130.03,310.77,0,0.0,1134.9,0.0,0,0.0,55.9,0.0
NER_2018_96,0.0,0.0,0.0,0.0,0.0,0,0.0,0.0,0.0,0,0.0,0.0,0.0,0.0,0.0,0,0.0,0.0,0.0,0,0.0,0.0,0.0,0.0,0.0,0,0.0,0.0,0.0,0,0.0,0.0,0.0
NER_2018_97,1.0,6884.96,162.04,0.0,0.0,0,0.0,0.0,0.0,0,0.0,1.0,0.0,0.0,0.0,0,0.0,0.0,0.0,0,0.0,6884.96,0.0,0.0,0.0,0,0.0,0.0,0.0,0,0.0,162.04,0.0
NER_2018_98,97.0,120286.45,2830.98,1.0,2.0,0,0.0,49.0,2.0,0,0.0,0.0,0.0,7157.06,38.55,0,0.0,34964.56,265.55,0,0.0,0.0,0.0,168.44,0.91,0,0.0,822.9,6.25,0,0.0,0.0,0.0
NER_2018_99,152.0,125051.82,2943.17,1.0,64.0,0,0.0,40.0,0.0,0,0.0,0.0,0.0,6036.37,12650.13,0,0.0,31175.62,0.0,0,0.0,0.0,0.0,142.07,297.73,0,0.0,733.74,0.0,0,0.0,0.0,0.0
