id,total_count,total_length,total_density,count_intersection,count_living_street,count_trunk,count_primary,count_pedestrian,count_track,count_tertiary,count_residential,count_service,count_secondary,length_intersection,length_living_street,length_trunk,length_primary,length_pedestrian,length_track,length_tertiary,length_residential,length_service,length_secondary,density_intersection,density_living_street,density_trunk,density_primary,density_pedestrian,density_track,density_tertiary,density_residential,density_service,density_secondary
TZA_2014_0,5.0,10607.52,245.88,0,0.0,0.0,0.0,0.0,4.0,0.0,0.0,0.0,0.0,0,0.0,0.0,0.0,0.0,2961.86,0.0,0.0,0.0,0.0,0,0.0,0.0,0.0,0.0,68.65,0.0,0.0,0.0,0.0
TZA_2014_1,4.0,13727.87,317.64,0,0.0,0.0,0.0,0.0,0.0,1.0,2.0,0.0,0.0,0,0.0,0.0,0.0,0.0,0.0,9629.44,3257.2,0.0,0.0,0,0.0,0.0,0.0,0.0,0.0,222.81,75.37,0.0,0.0
TZA_2014_10,2.0,7764.57,179.32,0,0.0,0.0,0.0,0.0,0.0,1.0,0.0,0.0,1.0,0,0.0,0.0,0.0,0.0,0.0,874.71,0.0,0.0,6889.86,0,0.0,0.0,0.0,0.0,0.0,20.2,0.0,0.0,159.11
TZA_2014_100,44.0,47464.7,1073.46,0,0.0,0.0,1.0,0.0,0.0,1.0,2.0,11.0,1.0,0,0.0,0.0,375.43,0.0,0.0,773.25,888.52,11218.81,193.58,0,0.0,0.0,8.49,0.0,0.0,17.49,20.09,253.72,4.38
TZA_2014_101,75.0,52227.34,1181.14,0,0.0,0.0,9.0,0.0,0.0,0.0,30.0,1.0,2.0,0,0.0,0.0,13958.43,0.0,0.0,0.0,14947.13,19.85,1373.09,0,0.0,0.0,315.68,0.0,0.0,0.0,338.04,0.45,31.05
TZA_2014_102,93.0,68839.55,1556.81,0,0.0,0.0,9.0,0.0,0.0,1.0,3.0,1.0,3.0,0,0.0,0.0,14025.69,0.0,0.0,14.88,1175.12,78.4,2006.57,0,0.0,0.0,317.19,0.0,0.0,0.34,26.58,1.77,45.38
TZA_2014_103,150.0,104283.0,2358.34,0,0.0,0.0,5.0,0.0,5.0,4.0,38.0,50.0,1.0,0,0.0,0.0,8162.6,0.0,5713.09,10314.55,17179.92,17493.48,2063.06,0,0.0,0.0,184.6,0.0,129.2,233.26,388.52,395.61,46.66
TZA_2014_104,146.0,99051.6,2240.02,0,0.0,0.0,5.0,0.0,3.0,4.0,28.0,52.0,1.0,0,0.0,0.0,7531.61,0.0,1453.57,5286.97,14055.48,22816.66,2063.06,0,0.0,0.0,170.32,0.0,32.87,119.56,317.86,515.99,46.66
TZA_2014_105,162.0,111842.07,2529.25,0,0.0,0.0,5.0,0.0,6.0,4.0,43.0,50.0,1.0,0,0.0,0.0,8125.59,0.0,6270.45,10662.82,22303.31,16137.41,2063.06,0,0.0,0.0,183.76,0.0,141.8,241.13,504.38,364.94,46.66
TZA_2014_106,163.0,105654.26,2389.27,0,0.0,0.0,15.0,0.0,0.0,1.0,12.0,4.0,1.0,0,0.0,0.0,20642.74,0.0,0.0,1067.31,5415.39,1515.22,2946.63,0,0.0,0.0,466.82,0.0,0.0,24.14,122.46,34.27,66.64
TZA_2014_107,177.0,113422.12,2564.93,0,0.0,0.0,15.0,0.0,0.0,1.0,26.0,5.0,1.0,0,0.0,0.0,20924.21,0.0,0.0,1121.73,13204.55,2028.81,3006.86,0,0.0,0.0,473.18,0.0,0.0,25.37,298.61,45.88,68.0
TZA_2014_108,226.0,124185.62,2808.32,0,0.0,0.0,5.0,0.0,1.0,2.0,24.0,52.0,1.0,0,0.0,0.0,9487.39,0.0,63.91,948.09,7116.59,23701.31,2063.06,0,0.0,0.0,214.55,0.0,1.45,21.44,160.93,535.98,46.65
TZA_2014_109,229.0,139132.52,3146.29,0,0.0,0.0,15.0,0.0,0.0,3.0,31.0,7.0,1.0,0,0.0,0.0,24917.08,0.0,0.0,3221.21,16104.13,3001.34,3446.82,0,0.0,0.0,563.47,0.0,0.0,72.84,364.17,67.87,77.95
TZA_2014_11,4.0,9051.71,209.03,0,0.0,0.0,0.0,0.0,0.0,0.0,0.0,0.0,0.0,0,0.0,0.0,0.0,0.0,0.0,0.0,0.0,0.0,0.0,0,0.0,0.0,0.0,0.0,0.0,0.0,0.0,0.0,0.0
TZA_2014_110,326.0,172105.41,3891.88,0,0.0,0.0,17.0,0.0,0.0,5.0,10.0,10.0,1.0,0,0.0,0.0,26683.2,0.0,0.0,5019.17,2458.9,3661.58,3446.82,0,0.0,0.0,603.4,0.0,0.0,113.5,55.6,82.8,77.94
TZA_2014_111,274.0,155825.61,3523.72,0,0.0,0.0,17.0,0.0,0.0,3.0,25.0,10.0,1.0,0,0.0,0.0,28025.21,0.0,0.0,4430.29,11108.89,3464.6,3446.82,0,0.0,0.0,633.74,0.0,0.0,100.18,251.21,78.35,77.94
TZA_2014_112,388.0,186762.29,4223.23,0,0.0,0.0,24.0,0.0,0.0,5.0,16.0,7.0,1.0,0,0.0,0.0,32150.92,0.0,0.0,6914.14,5079.29,2883.19,3446.82,0,0.0,0.0,727.02,0.0,0.0,156.35,114.86,65.2,77.94
TZA_2014_113,206.0,132462.28,2995.31,0,0.0,0.0,3.0,0.0,8.0,8.0,130.0,0.0,0.0,0,0.0,0.0,7044.61,0.0,4470.02,14134.55,66695.95,0.0,0.0,0,0.0,0.0,159.3,0.0,101.08,319.62,1508.17,0.0,0.0
TZA_2014_114,355.0,175152.64,3960.64,0,0.0,0.0,14.0,0.0,1.0,9.0,48.0,55.0,2.0,0,0.0,0.0,19537.37,0.0,63.91,8982.93,15812.63,22371.02,3372.37,0,0.0,0.0,441.79,0.0,1.45,203.13,357.56,505.86,76.26
TZA_2014_115,98.0,86120.82,1947.39,0,0.0,0.0,3.0,0.0,6.0,4.0,62.0,0.0,0.0,0,0.0,0.0,2669.37,0.0,5603.51,8418.94,45307.13,0.0,0.0,0,0.0,0.0,60.36,0.0,126.71,190.37,1024.5,0.0,0.0
TZA_2014_116,222.0,135888.73,3072.73,0,0.0,0.0,2.0,0.0,6.0,9.0,137.0,0.0,0.0,0,0.0,0.0,6227.88,0.0,2672.93,13208.89,65642.95,0.0,0.0,0,0.0,0.0,140.83,0.0,60.44,298.68,1484.32,0.0,0.0
TZA_2014_117,349.0,170927.51,3864.9,0,0.0,0.0,5.0,0.0,1.0,9.0,145.0,49.0,1.0,0,0.0,0.0,8454.37,0.0,63.91,10524.26,60611.72,14532.9,2063.06,0,0.0,0.0,191.16,0.0,1.45,237.97,1370.51,328.61,46.65
TZA_2014_118,556.0,253258.89,5726.5,0,0.0,0.0,17.0,0.0,0.0,13.0,114.0,40.0,1.0,0,0.0,0.0,26334.88,0.0,0.0,16606.41,33236.4,16048.57,2166.74,0,0.0,0.0,595.46,0.0,0.0,375.49,751.52,362.88,48.99
TZA_2014_119,291.0,147896.1,3344.09,0,0.0,0.0,9.0,0.0,3.0,17.0,61.0,7.0,8.0,0,0.0,0.0,12720.8,0.0,795.97,17159.85,31430.81,2850.66,15373.78,0,0.0,0.0,287.63,0.0,18.0,388.0,710.68,64.46,347.62
TZA_2014_12,1.0,7050.88,162.77,0,0.0,0.0,0.0,0.0,0.0,1.0,0.0,0.0,0.0,0,0.0,0.0,0.0,0.0,0.0,7050.88,0.0,0.0,0.0,0,0.0,0.0,0.0,0.0,0.0,162.77,0.0,0.0,0.0
TZA_2014_120,620.0,279446.17,6318.45,0,1.0,0.0,30.0,1.0,0.0,19.0,106.0,25.0,22.0,0,69.4,0.0,46046.0,55.51,0.0,16178.02,33587.45,6996.52,13168.04,0,1.57,0.0,1041.13,1.26,0.0,365.79,759.43,158.2,297.74
TZA_2014_121,817.0,327287.31,7399.99,0,1.0,0.0,51.0,1.0,0.0,27.0,175.0,15.0,25.0,0,69.4,0.0,53402.06,66.43,0.0,21403.07,47997.66,4340.59,11194.21,0,1.57,0.0,1207.43,1.5,0.0,483.93,1085.23,98.14,253.1
TZA_2014_122,751.0,307497.24,6952.33,0,0.0,0.0,48.0,0.0,1.0,27.0,250.0,11.0,4.0,0,0.0,0.0,47885.85,0.0,442.2,24028.92,67020.01,5069.85,3374.61,0,0.0,0.0,1082.67,0.0,10.0,543.28,1515.28,114.63,76.3
TZA_2014_123,578.0,245616.06,5553.16,0,0.0,0.0,34.0,0.0,11.0,19.0,207.0,6.0,1.0,0,0.0,0.0,33643.02,0.0,2859.77,18948.31,57894.22,3000.99,1071.0,0,0.0,0.0,760.64,0.0,64.66,428.4,1308.94,67.85,24.21
TZA_2014_124,523.0,229665.95,5192.52,0,0.0,0.0,21.0,0.0,14.0,16.0,175.0,6.0,0.0,0,0.0,0.0,27042.73,0.0,4945.74,18779.51,56053.31,2415.81,0.0,0,0.0,0.0,611.41,0.0,111.82,424.59,1267.31,54.62,0.0
TZA_2014_125,552.0,234763.67,5307.77,0,0.0,0.0,21.0,0.0,13.0,19.0,200.0,5.0,1.0,0,0.0,0.0,30083.76,0.0,4894.82,19775.12,56745.03,2391.03,567.74,0,0.0,0.0,680.16,0.0,110.67,447.1,1282.95,54.06,12.84
TZA_2014_126,1180.0,354307.31,8010.36,0,1.0,0.0,57.0,1.0,2.0,43.0,312.0,43.0,29.0,0,69.4,0.0,56874.1,66.43,374.87,25482.32,91329.71,8988.16,12765.89,0,1.57,0.0,1285.84,1.5,8.48,576.12,2064.83,203.21,288.62
TZA_2014_127,803.0,247989.93,5606.69,0,0.0,0.0,25.0,0.0,14.0,20.0,161.0,10.0,0.0,0,0.0,0.0,28320.95,0.0,5415.61,19598.62,55960.35,2733.59,0.0,0,0.0,0.0,640.3,0.0,122.44,443.1,1265.18,61.8,0.0
TZA_2014_128,0.0,0.0,0.0,0,0.0,0.0,0.0,0.0,0.0,0.0,0.0,0.0,0.0,0,0.0,0.0,0.0,0.0,0.0,0.0,0.0,0.0,0.0,0,0.0,0.0,0.0,0.0,0.0,0.0,0.0,0.0,0.0
TZA_2014_129,370.0,190724.14,4311.87,0,0.0,1.0,2.0,0.0,21.0,6.0,268.0,2.0,0.0,0,0.0,2673.07,4624.34,0.0,6360.08,6099.82,113514.37,3115.26,0.0,0,0.0,60.43,104.55,0.0,143.79,137.9,2566.32,70.43,0.0
TZA_2014_13,50.0,42086.83,971.6,0,0.0,2.0,0.0,0.0,0.0,4.0,39.0,3.0,2.0,0,0.0,7184.13,0.0,0.0,0.0,7545.71,21250.07,506.23,5600.7,0,0.0,165.85,0.0,0.0,0.0,174.2,490.57,11.69,129.3
TZA_2014_130,1474.0,345883.88,7819.63,0,0.0,0.0,50.0,0.0,13.0,46.0,403.0,33.0,0.0,0,0.0,0.0,42453.1,0.0,4932.0,29542.64,103365.7,6880.22,0.0,0,0.0,0.0,959.77,0.0,111.5,667.89,2336.86,155.55,0.0
TZA_2014_131,116.0,86190.33,1948.54,0,0.0,3.0,0.0,0.0,6.0,1.0,83.0,1.0,0.0,0,0.0,7322.63,0.0,0.0,995.62,1202.81,53490.23,12.1,0.0,0,0.0,165.55,0.0,0.0,22.51,27.19,1209.27,0.27,0.0
TZA_2014_132,1444.0,348550.69,7879.73,0,0.0,0.0,42.0,0.0,13.0,45.0,390.0,33.0,0.0,0,0.0,0.0,36844.63,0.0,4932.0,27038.47,109853.0,9455.33,0.0,0,0.0,0.0,832.95,0.0,111.5,611.26,2483.46,213.76,0.0
TZA_2014_133,470.0,221873.68,5015.92,0,0.0,17.0,0.0,0.0,7.0,1.0,344.0,11.0,38.0,0,0.0,11445.59,0.0,0.0,1966.98,2522.46,153180.64,2505.54,11242.33,0,0.0,258.75,0.0,0.0,44.47,57.03,3462.97,56.64,254.16
TZA_2014_134,676.0,261656.59,5915.3,0,1.0,0.0,36.0,1.0,8.0,43.0,354.0,33.0,29.0,0,69.4,0.0,34543.7,66.43,3845.66,29614.21,113212.04,5420.02,16304.14,0,1.57,0.0,780.93,1.5,86.94,669.49,2559.4,122.53,368.59
TZA_2014_135,356.0,191716.92,4334.11,0,0.0,1.0,2.0,0.0,19.0,0.0,289.0,2.0,0.0,0,0.0,3242.97,7541.06,0.0,4161.92,0.0,131190.39,3010.72,0.0,0,0.0,73.31,170.48,0.0,94.09,0.0,2965.8,68.06,0.0
TZA_2014_136,1490.0,364434.22,8238.7,0,0.0,0.0,40.0,0.0,13.0,44.0,446.0,37.0,1.0,0,0.0,0.0,35663.18,0.0,4932.0,26836.14,129894.33,10666.97,1551.61,0,0.0,0.0,806.23,0.0,111.5,606.68,2936.5,241.15,35.08
TZA_2014_137,1687.0,417234.07,9432.27,0,0.0,0.0,49.0,0.0,14.0,53.0,660.0,22.0,10.0,0,0.0,0.0,44493.06,0.0,5099.2,28797.24,192357.78,4968.77,3885.14,0,0.0,0.0,1005.84,0.0,115.28,651.01,4348.57,112.33,87.83
TZA_2014_138,1773.0,452339.58,10225.81,0,1.0,0.0,52.0,1.0,14.0,61.0,699.0,22.0,31.0,0,69.4,0.0,46787.09,66.43,5086.77,33203.41,209336.92,3454.25,10584.85,0,1.57,0.0,1057.69,1.5,114.99,750.61,4732.37,78.09,239.29
TZA_2014_139,1490.0,360962.96,8160.08,0,0.0,0.0,42.0,0.0,14.0,49.0,441.0,44.0,1.0,0,0.0,0.0,33786.0,0.0,5024.94,25985.01,132158.24,12239.38,2095.63,0,0.0,0.0,763.78,0.0,113.6,587.43,2987.63,276.69,47.37
TZA_2014_14,1.0,3167.63,73.12,0,0.0,0.0,0.0,0.0,0.0,0.0,0.0,0.0,0.0,0,0.0,0.0,0.0,0.0,0.0,0.0,0.0,0.0,0.0,0,0.0,0.0,0.0,0.0,0.0,0.0,0.0,0.0,0.0
TZA_2014_140,585.0,248615.69,5620.28,0,0.0,0.0,25.0,0.0,17.0,18.0,306.0,46.0,0.0,0,0.0,0.0,29463.44,0.0,3373.48,12414.2,107272.61,16146.35,0.0,0,0.0,0.0,666.06,0.0,76.26,280.64,2425.04,365.01,0.0
TZA_2014_141,116.0,89272.38,2018.1,0,0.0,3.0,0.0,0.0,2.0,1.0,89.0,1.0,0.0,0,0.0,7322.14,0.0,0.0,411.23,4208.84,54344.83,12.1,0.0,0,0.0,165.53,0.0,0.0,9.3,95.15,1228.53,0.27,0.0
TZA_2014_142,1774.0,439197.27,9928.45,0,1.0,0.0,46.0,0.0,15.0,55.0,750.0,39.0,12.0,0,211.68,0.0,39526.07,0.0,5482.2,29039.91,221870.19,6917.1,7209.49,0,4.79,0.0,893.52,0.0,123.93,656.47,5015.58,156.37,162.98
TZA_2014_143,51.0,57514.01,1300.13,0,0.0,2.0,0.0,0.0,1.0,1.0,29.0,0.0,0.0,0,0.0,7022.05,0.0,0.0,105.12,5658.45,22229.13,0.0,0.0,0,0.0,158.74,0.0,0.0,2.38,127.91,502.5,0.0,0.0
TZA_2014_144,175.0,103378.04,2336.91,0,0.0,14.0,0.0,0.0,2.0,1.0,117.0,12.0,9.0,0,0.0,8962.55,0.0,0.0,796.67,2416.31,68671.35,2160.32,6513.34,0,0.0,202.6,0.0,0.0,18.01,54.62,1552.35,48.83,147.24
TZA_2014_145,1534.0,372644.29,8423.6,0,1.0,0.0,30.0,0.0,8.0,43.0,686.0,44.0,15.0,0,211.68,0.0,30490.12,0.0,875.35,31901.92,205386.76,5647.98,8243.69,0,4.78,0.0,689.23,0.0,19.79,721.14,4642.75,127.67,186.35
TZA_2014_146,1794.0,439518.16,9935.22,0,1.0,8.0,33.0,0.0,20.0,47.0,807.0,51.0,17.0,0,211.68,2173.2,33551.14,0.0,6117.71,23830.82,240889.98,9579.46,9683.72,0,4.78,49.12,758.42,0.0,138.29,538.69,5445.27,216.54,218.9
TZA_2014_147,1775.0,433058.98,9789.15,0,1.0,8.0,38.0,0.0,21.0,43.0,772.0,61.0,17.0,0,211.68,2505.39,36342.71,0.0,6226.2,21880.43,225452.79,12176.27,10309.39,0,4.78,56.63,821.51,0.0,140.74,494.6,5096.29,275.24,233.04
TZA_2014_148,1488.0,366168.68,8277.12,0,0.0,8.0,24.0,0.0,23.0,40.0,526.0,55.0,8.0,0,0.0,2587.39,27479.05,0.0,6724.94,19465.17,169641.42,15888.23,6156.57,0,0.0,58.49,621.15,0.0,152.01,440.0,3834.69,359.15,139.17
TZA_2014_149,298.0,151662.31,3428.24,0,0.0,1.0,2.0,0.0,17.0,0.0,247.0,3.0,0.0,0,0.0,4587.65,5530.99,0.0,4890.43,0.0,109666.43,1011.37,0.0,0,0.0,103.7,125.02,0.0,110.55,0.0,2478.95,22.86,0.0
TZA_2014_15,37.0,41564.12,959.38,0,0.0,0.0,1.0,0.0,14.0,3.0,9.0,3.0,2.0,0,0.0,0.0,3596.04,0.0,7018.55,3673.23,7826.0,1018.95,9923.7,0,0.0,0.0,83.0,0.0,162.0,84.79,180.64,23.52,229.06
TZA_2014_150,1744.0,412809.35,9331.13,0,2.0,9.0,21.0,1.0,30.0,44.0,776.0,57.0,24.0,0,390.98,4452.44,23941.34,126.17,7694.06,22228.54,232901.28,10410.55,12132.63,0,8.84,100.64,541.17,2.85,173.92,502.45,5264.49,235.32,274.25
TZA_2014_151,186.0,117160.02,2648.27,0,0.0,8.0,0.0,0.0,4.0,0.0,149.0,9.0,0.0,0,0.0,7546.4,0.0,0.0,744.77,0.0,82672.04,2098.84,0.0,0,0.0,170.58,0.0,0.0,16.83,0.0,1868.71,47.44,0.0
TZA_2014_152,135.0,93547.92,2114.52,0,0.0,3.0,0.0,0.0,5.0,1.0,108.0,1.0,0.0,0,0.0,7322.29,0.0,0.0,2708.5,3380.35,60718.88,12.1,0.0,0,0.0,165.51,0.0,0.0,61.22,76.41,1372.47,0.27,0.0
TZA_2014_153,1217.0,330142.54,7462.28,0,1.0,9.0,24.0,0.0,22.0,25.0,506.0,60.0,21.0,0,179.3,6364.69,17608.75,0.0,4772.92,13237.28,181145.73,19025.96,8896.71,0,4.05,143.86,398.01,0.0,107.88,299.21,4094.47,430.05,201.09
TZA_2014_154,1150.0,338075.62,7641.42,0,2.0,8.0,9.0,1.0,33.0,27.0,751.0,108.0,30.0,0,390.98,1552.9,9867.39,126.17,6360.36,30278.49,225419.69,12759.28,14239.3,0,8.84,35.1,223.03,2.85,143.76,684.38,5095.09,288.39,321.85
TZA_2014_155,477.0,195529.11,4419.28,0,0.0,13.0,9.0,0.0,14.0,10.0,330.0,31.0,8.0,0,0.0,10219.29,4654.19,0.0,4268.73,7328.38,127744.95,7078.93,5311.65,0,0.0,230.97,105.19,0.0,96.48,165.63,2887.25,160.0,120.05
TZA_2014_156,86.0,64248.95,1452.13,0,0.0,0.0,0.0,0.0,4.0,1.0,65.0,0.0,0.0,0,0.0,0.0,0.0,0.0,2180.94,8452.33,39528.79,0.0,0.0,0,0.0,0.0,0.0,0.0,49.29,191.04,893.42,0.0,0.0
TZA_2014_157,3.0,15323.85,346.34,0,0.0,1.0,0.0,0.0,0.0,0.0,0.0,0.0,0.0,0,0.0,7102.81,0.0,0.0,0.0,0.0,0.0,0.0,0.0,0,0.0,160.54,0.0,0.0,0.0,0.0,0.0,0.0,0.0
TZA_2014_158,467.0,187822.73,4244.82,0,1.0,17.0,0.0,0.0,28.0,1.0,335.0,15.0,16.0,0,179.3,13783.89,0.0,0.0,4994.62,73.73,129209.87,3276.03,8077.01,0,4.05,311.52,0.0,0.0,112.88,1.67,2920.16,74.04,182.54
TZA_2014_159,1.0,4107.23,92.82,0,0.0,0.0,0.0,0.0,0.0,0.0,0.0,0.0,0.0,0,0.0,0.0,0.0,0.0,0.0,0.0,0.0,0.0,0.0,0,0.0,0.0,0.0,0.0,0.0,0.0,0.0,0.0,0.0
TZA_2014_16,176.0,105659.09,2438.29,0,2.0,1.0,3.0,0.0,2.0,9.0,152.0,2.0,0.0,0,1067.23,2350.21,6392.24,0.0,3482.54,21713.19,67471.97,434.05,0.0,0,24.63,54.24,147.51,0.0,80.37,501.07,1557.05,10.02,0.0
TZA_2014_160,2.0,5531.46,125.01,0,0.0,0.0,2.0,0.0,0.0,0.0,0.0,0.0,0.0,0,0.0,0.0,5531.46,0.0,0.0,0.0,0.0,0.0,0.0,0,0.0,0.0,125.01,0.0,0.0,0.0,0.0,0.0,0.0
TZA_2014_161,10.0,23248.02,525.38,0,0.0,1.0,0.0,0.0,0.0,0.0,1.0,0.0,4.0,0,0.0,7065.2,0.0,0.0,0.0,0.0,1063.38,0.0,7827.53,0,0.0,159.67,0.0,0.0,0.0,0.0,24.03,0.0,176.89
TZA_2014_162,83.0,69376.27,1567.61,0,0.0,6.0,0.0,0.0,1.0,4.0,63.0,4.0,0.0,0,0.0,9690.58,0.0,0.0,591.48,3713.19,41172.35,2100.88,0.0,0,0.0,218.97,0.0,0.0,13.36,83.9,930.32,47.47,0.0
TZA_2014_163,75.0,74459.51,1682.29,0,0.0,6.0,0.0,0.0,1.0,3.0,51.0,4.0,0.0,0,0.0,11281.29,0.0,0.0,591.48,5149.0,38561.13,4149.93,0.0,0,0.0,254.88,0.0,0.0,13.36,116.33,871.22,93.76,0.0
TZA_2014_164,1.0,2241.8,50.65,0,0.0,0.0,0.0,0.0,0.0,0.0,0.0,0.0,0.0,0,0.0,0.0,0.0,0.0,0.0,0.0,0.0,0.0,0.0,0,0.0,0.0,0.0,0.0,0.0,0.0,0.0,0.0,0.0
TZA_2014_165,66.0,69950.14,1580.34,0,0.0,8.0,0.0,0.0,1.0,1.0,42.0,4.0,0.0,0,0.0,9859.61,0.0,0.0,1690.05,921.36,34443.87,4149.93,0.0,0,0.0,222.75,0.0,0.0,38.18,20.82,778.17,93.76,0.0
TZA_2014_166,9.0,15928.61,359.76,0,0.0,0.0,0.0,0.0,0.0,0.0,7.0,0.0,0.0,0,0.0,0.0,0.0,0.0,0.0,0.0,8352.32,0.0,0.0,0,0.0,0.0,0.0,0.0,0.0,0.0,188.64,0.0,0.0
TZA_2014_167,128.0,70573.94,1593.17,0,0.0,0.0,3.0,0.0,26.0,6.0,71.0,2.0,3.0,0,0.0,0.0,9797.51,0.0,8794.61,6134.97,29933.69,478.63,4182.9,0,0.0,0.0,221.17,0.0,198.53,138.49,675.74,10.8,94.43
TZA_2014_168,14.0,13286.04,299.92,0,0.0,0.0,0.0,0.0,4.0,0.0,2.0,0.0,8.0,0,0.0,0.0,0.0,0.0,3974.81,0.0,1931.95,0.0,7379.28,0,0.0,0.0,0.0,0.0,89.73,0.0,43.61,0.0,166.58
TZA_2014_169,2.0,9596.16,216.56,0,0.0,0.0,1.0,0.0,0.0,0.0,0.0,0.0,1.0,0,0.0,0.0,7363.14,0.0,0.0,0.0,0.0,0.0,2233.02,0,0.0,0.0,166.17,0.0,0.0,0.0,0.0,0.0,50.39
TZA_2014_17,203.0,125659.94,2899.69,0,2.0,1.0,3.0,0.0,4.0,10.0,176.0,2.0,0.0,0,1067.23,3258.23,8313.89,0.0,4398.29,22480.5,82018.83,871.26,0.0,0,24.63,75.19,191.85,0.0,101.49,518.75,1892.64,20.1,0.0
TZA_2014_170,241.0,90437.87,2040.75,0,11.0,0.0,18.0,0.0,0.0,2.0,205.0,2.0,2.0,0,4034.09,0.0,10795.04,0.0,0.0,4068.1,64679.89,173.84,5599.28,0,91.03,0.0,243.59,0.0,0.0,91.8,1459.52,3.92,126.35
TZA_2014_171,2.0,8329.3,187.92,0,0.0,0.0,0.0,0.0,0.0,0.0,0.0,0.0,1.0,0,0.0,0.0,0.0,0.0,0.0,0.0,0.0,0.0,6947.08,0,0.0,0.0,0.0,0.0,0.0,0.0,0.0,0.0,156.73
TZA_2014_172,0.0,0.0,0.0,0,0.0,0.0,0.0,0.0,0.0,0.0,0.0,0.0,0.0,0,0.0,0.0,0.0,0.0,0.0,0.0,0.0,0.0,0.0,0,0.0,0.0,0.0,0.0,0.0,0.0,0.0,0.0,0.0
TZA_2014_173,31.0,35622.38,803.44,0,0.0,0.0,1.0,0.0,1.0,1.0,11.0,1.0,5.0,0,0.0,0.0,3167.3,0.0,107.3,7182.57,4466.63,135.86,10014.66,0,0.0,0.0,71.44,0.0,2.42,162.0,100.74,3.06,225.87
TZA_2014_174,50.0,42909.11,967.76,0,0.0,0.0,1.0,0.0,1.0,2.0,30.0,1.0,5.0,0,0.0,0.0,1559.16,0.0,107.3,4766.6,15280.89,135.86,12008.25,0,0.0,0.0,35.16,0.0,2.42,107.5,344.64,3.06,270.83
TZA_2014_175,2.0,9268.05,209.03,0,0.0,0.0,1.0,0.0,0.0,1.0,0.0,0.0,0.0,0,0.0,0.0,7136.56,0.0,0.0,2131.49,0.0,0.0,0.0,0,0.0,0.0,160.95,0.0,0.0,48.07,0.0,0.0,0.0
TZA_2014_176,58.0,55549.45,1252.81,0,0.0,0.0,1.0,0.0,1.0,4.0,35.0,1.0,7.0,0,0.0,0.0,4610.08,0.0,107.3,9541.96,18497.34,135.86,14053.21,0,0.0,0.0,103.97,0.0,2.42,215.2,417.17,3.06,316.94
TZA_2014_177,76.0,60574.0,1366.11,0,0.0,0.0,2.0,2.0,1.0,5.0,40.0,1.0,15.0,0,0.0,0.0,3054.64,17.72,107.3,10876.38,19871.27,135.86,17516.32,0,0.0,0.0,68.89,0.4,2.42,245.29,448.15,3.06,395.04
TZA_2014_178,112.0,74701.97,1684.69,0,0.0,0.0,3.0,28.0,1.0,8.0,44.0,2.0,16.0,0,0.0,0.0,6104.15,5263.3,107.3,12456.31,21371.98,148.59,21283.81,0,0.0,0.0,137.66,118.7,2.42,280.92,481.98,3.35,480.0
TZA_2014_179,2.0,7299.69,164.62,0,0.0,0.0,1.0,0.0,0.0,1.0,0.0,0.0,0.0,0,0.0,0.0,7152.03,0.0,0.0,147.66,0.0,0.0,0.0,0,0.0,0.0,161.29,0.0,0.0,3.33,0.0,0.0,0.0
TZA_2014_18,2.0,10083.56,232.68,0,0.0,1.0,0.0,0.0,0.0,1.0,0.0,0.0,0.0,0,0.0,3102.47,0.0,0.0,0.0,6981.09,0.0,0.0,0.0,0,0.0,71.59,0.0,0.0,0.0,161.09,0.0,0.0,0.0
TZA_2014_180,174.0,83931.41,1892.79,0,0.0,0.0,3.0,62.0,1.0,10.0,52.0,4.0,23.0,0,0.0,0.0,5455.81,11343.34,107.3,12873.17,22892.44,221.83,23276.93,0,0.0,0.0,123.04,255.81,2.42,290.31,516.26,5.0,524.93
TZA_2014_181,8.0,15419.97,347.74,0,0.0,0.0,1.0,0.0,0.0,2.0,1.0,0.0,3.0,0,0.0,0.0,7404.77,0.0,0.0,3267.01,1606.73,0.0,2741.99,0,0.0,0.0,166.99,0.0,0.0,73.68,36.23,0.0,61.84
TZA_2014_182,75.0,65714.02,1481.93,0,0.0,0.0,3.0,4.0,1.0,8.0,40.0,1.0,12.0,0,0.0,0.0,8132.59,1755.46,107.3,12564.56,20602.38,135.86,17674.46,0,0.0,0.0,183.4,39.59,2.42,283.35,464.61,3.06,398.58
TZA_2014_183,173.0,80458.94,1814.42,0,0.0,0.0,3.0,62.0,1.0,10.0,52.0,4.0,23.0,0,0.0,0.0,6859.51,11343.34,107.3,12621.5,22892.44,221.83,22205.72,0,0.0,0.0,154.69,255.8,2.42,284.63,516.25,5.0,500.76
TZA_2014_184,7.0,12662.06,285.54,0,0.0,0.0,1.0,0.0,2.0,2.0,0.0,1.0,0.0,0,0.0,0.0,7087.59,0.0,404.43,5085.0,0.0,31.09,0.0,0,0.0,0.0,159.83,0.0,9.12,114.67,0.0,0.7,0.0
TZA_2014_185,7.0,19215.51,433.32,0,0.0,0.0,1.0,0.0,0.0,2.0,1.0,0.0,3.0,0,0.0,0.0,7402.15,0.0,0.0,8580.17,1126.67,0.0,2106.52,0,0.0,0.0,166.92,0.0,0.0,193.49,25.41,0.0,47.5
TZA_2014_186,46.0,42491.03,958.2,0,0.0,0.0,2.0,0.0,0.0,7.0,30.0,0.0,6.0,0,0.0,0.0,6973.92,0.0,0.0,11238.79,14703.87,0.0,9056.56,0,0.0,0.0,157.27,0.0,0.0,253.44,331.58,0.0,204.23
TZA_2014_187,52.0,50484.53,1138.45,0,0.0,0.0,2.0,0.0,0.0,9.0,33.0,0.0,6.0,0,0.0,0.0,7556.6,0.0,0.0,13227.9,17012.2,0.0,11193.26,0,0.0,0.0,170.41,0.0,0.0,298.3,383.63,0.0,252.41
TZA_2014_188,167.0,73789.79,1663.99,0,0.0,0.0,3.0,62.0,0.0,10.0,51.0,3.0,22.0,0,0.0,0.0,6012.74,11343.34,0.0,9314.55,22036.61,85.96,21059.63,0,0.0,0.0,135.59,255.8,0.0,210.05,496.94,1.94,474.9
TZA_2014_189,95.0,66112.44,1490.83,0,0.0,0.0,3.0,22.0,0.0,9.0,44.0,0.0,12.0,0,0.0,0.0,9804.26,4577.27,0.0,12707.33,19466.1,0.0,17840.51,0,0.0,0.0,221.09,103.22,0.0,286.55,438.96,0.0,402.3
TZA_2014_19,2.0,12252.22,282.48,0,0.0,0.0,0.0,0.0,0.0,0.0,0.0,0.0,1.0,0,0.0,0.0,0.0,0.0,0.0,0.0,0.0,0.0,7706.69,0,0.0,0.0,0.0,0.0,0.0,0.0,0.0,0.0,177.68
TZA_2014_190,163.0,73171.49,1650.01,0,0.0,0.0,3.0,62.0,0.0,9.0,50.0,3.0,21.0,0,0.0,0.0,7451.73,11343.34,0.0,9620.26,20740.5,85.96,20570.34,0,0.0,0.0,168.04,255.79,0.0,216.94,467.7,1.94,463.86
TZA_2014_191,9.0,17978.16,405.4,0,0.0,0.0,1.0,0.0,0.0,3.0,1.0,0.0,4.0,0,0.0,0.0,3152.19,0.0,0.0,9585.95,1740.82,0.0,3499.2,0,0.0,0.0,71.08,0.0,0.0,216.16,39.26,0.0,78.91
TZA_2014_192,405.0,181203.84,4086.09,0,27.0,16.0,13.0,1.0,1.0,16.0,293.0,6.0,12.0,0,8837.98,10577.81,7098.44,306.07,895.63,17903.27,113497.03,966.67,6843.91,0,199.29,238.53,160.07,6.9,20.2,403.71,2559.32,21.8,154.33
TZA_2014_193,11.0,19001.5,428.48,0,0.0,0.0,1.0,0.0,0.0,3.0,3.0,0.0,4.0,0,0.0,0.0,2712.58,0.0,0.0,9798.38,2218.2,0.0,4272.34,0,0.0,0.0,61.17,0.0,0.0,220.95,50.02,0.0,96.34
TZA_2014_194,4.0,15504.31,349.62,0,0.0,1.0,0.0,0.0,0.0,2.0,0.0,0.0,1.0,0,0.0,4146.28,0.0,0.0,0.0,3498.38,0.0,0.0,7859.64,0,0.0,93.5,0.0,0.0,0.0,78.89,0.0,0.0,177.23
TZA_2014_195,26.0,25978.93,585.81,0,0.0,0.0,1.0,0.0,0.0,4.0,17.0,0.0,4.0,0,0.0,0.0,2432.88,0.0,0.0,10341.63,5705.09,0.0,7499.34,0,0.0,0.0,54.86,0.0,0.0,233.2,128.65,0.0,169.11
TZA_2014_196,43.0,42231.39,952.3,0,0.0,0.0,2.0,0.0,0.0,7.0,29.0,0.0,4.0,0,0.0,0.0,5495.14,0.0,0.0,13256.44,14128.38,0.0,8738.0,0,0.0,0.0,123.91,0.0,0.0,298.93,318.59,0.0,197.04
TZA_2014_197,151.0,59989.78,1352.7,0,0.0,0.0,3.0,62.0,2.0,9.0,32.0,5.0,21.0,0,0.0,0.0,8346.46,11343.34,435.22,9075.36,9745.79,200.91,17435.26,0,0.0,0.0,188.2,255.78,9.81,204.64,219.76,4.53,393.14
TZA_2014_198,35.0,35675.83,804.45,0,0.0,1.0,0.0,0.0,0.0,0.0,19.0,0.0,0.0,0,0.0,6816.25,0.0,0.0,0.0,0.0,11483.67,0.0,0.0,0,0.0,153.7,0.0,0.0,0.0,0.0,258.94,0.0,0.0
TZA_2014_199,40.0,36308.19,818.7,0,0.0,0.0,2.0,1.0,2.0,8.0,16.0,2.0,6.0,0,0.0,0.0,5454.5,28.65,435.22,14904.92,4812.69,268.29,9154.98,0,0.0,0.0,122.99,0.65,9.81,336.09,108.52,6.05,206.43
TZA_2014_2,1.0,384.84,8.9,0,0.0,0.0,0.0,0.0,0.0,1.0,0.0,0.0,0.0,0,0.0,0.0,0.0,0.0,0.0,384.84,0.0,0.0,0.0,0,0.0,0.0,0.0,0.0,0.0,8.9,0.0,0.0,0.0
TZA_2014_20,25.0,25046.58,577.28,0,0.0,1.0,0.0,0.0,5.0,1.0,8.0,6.0,0.0,0,0.0,7834.95,0.0,0.0,5384.97,3478.75,4064.33,1337.09,0.0,0,0.0,180.58,0.0,0.0,124.11,80.18,93.68,30.82,0.0
TZA_2014_200,117.0,48497.96,1093.53,0,0.0,0.0,2.0,54.0,3.0,8.0,17.0,3.0,16.0,0,0.0,0.0,8284.63,10366.63,498.36,8315.07,4434.1,580.27,13138.68,0,0.0,0.0,186.8,233.75,11.24,187.49,99.98,13.08,296.25
TZA_2014_201,33.0,34965.93,788.41,0,0.0,0.0,2.0,4.0,3.0,7.0,5.0,2.0,6.0,0,0.0,0.0,8099.42,1752.1,498.36,11676.96,1959.93,540.51,8750.69,0,0.0,0.0,182.63,39.51,11.24,263.29,44.19,12.19,197.31
TZA_2014_202,21.0,26424.09,595.8,0,0.0,0.0,1.0,0.0,4.0,6.0,1.0,2.0,3.0,0,0.0,0.0,5891.53,0.0,578.09,11525.08,103.93,540.51,6395.04,0,0.0,0.0,132.84,0.0,13.03,259.86,2.34,12.19,144.19
TZA_2014_203,67.0,27489.97,619.83,0,0.0,0.0,2.0,34.0,3.0,3.0,4.0,3.0,6.0,0,0.0,0.0,8336.38,5315.3,498.36,3512.34,1156.69,580.27,5578.81,0,0.0,0.0,187.96,119.85,11.24,79.19,26.08,13.08,125.79
TZA_2014_204,42.0,44797.04,1010.03,0,0.0,1.0,2.0,0.0,0.0,2.0,23.0,0.0,1.0,0,0.0,977.68,6683.78,0.0,0.0,3479.77,12071.46,0.0,446.87,0,0.0,22.04,150.7,0.0,0.0,78.46,272.17,0.0,10.08
TZA_2014_205,2.0,7912.51,178.4,0,0.0,0.0,1.0,0.0,1.0,0.0,0.0,0.0,0.0,0,0.0,0.0,7793.25,0.0,119.25,0.0,0.0,0.0,0.0,0,0.0,0.0,175.71,0.0,2.69,0.0,0.0,0.0,0.0
TZA_2014_206,13.0,15005.55,338.32,0,0.0,0.0,1.0,0.0,3.0,0.0,0.0,3.0,1.0,0,0.0,0.0,7142.18,0.0,498.36,0.0,0.0,964.18,1754.54,0,0.0,0.0,161.03,0.0,11.24,0.0,0.0,21.74,39.56
TZA_2014_207,16.0,22354.13,503.99,0,0.0,0.0,1.0,0.0,4.0,1.0,0.0,4.0,1.0,0,0.0,0.0,7141.28,0.0,578.09,6705.25,0.0,1048.56,1586.36,0,0.0,0.0,161.01,0.0,13.03,151.18,0.0,23.64,35.77
TZA_2014_208,7.0,14207.61,320.32,0,0.0,0.0,0.0,0.0,1.0,2.0,0.0,2.0,0.0,0,0.0,0.0,0.0,0.0,79.73,9159.25,0.0,204.67,0.0,0,0.0,0.0,0.0,0.0,1.8,206.5,0.0,4.61,0.0
TZA_2014_209,14.0,14572.09,328.52,0,0.0,0.0,1.0,0.0,3.0,1.0,0.0,3.0,0.0,0,0.0,0.0,7040.27,0.0,498.36,1126.26,0.0,964.18,0.0,0,0.0,0.0,158.72,0.0,11.24,25.39,0.0,21.74,0.0
TZA_2014_21,11.0,19427.46,447.68,0,0.0,1.0,0.0,0.0,4.0,0.0,4.0,0.0,0.0,0,0.0,5124.03,0.0,0.0,4606.27,0.0,2262.72,0.0,0.0,0,0.0,118.08,0.0,0.0,106.14,0.0,52.14,0.0,0.0
TZA_2014_210,14.0,20190.54,455.17,0,0.0,0.0,1.0,0.0,2.0,1.0,0.0,4.0,0.0,0,0.0,0.0,7008.13,0.0,142.86,6789.43,0.0,975.69,0.0,0,0.0,0.0,157.99,0.0,3.22,153.06,0.0,22.0,0.0
TZA_2014_211,3.0,12732.86,287.03,0,0.0,2.0,0.0,0.0,0.0,0.0,0.0,0.0,0.0,0,0.0,8682.97,0.0,0.0,0.0,0.0,0.0,0.0,0.0,0,0.0,195.74,0.0,0.0,0.0,0.0,0.0,0.0,0.0
TZA_2014_212,0.0,0.0,0.0,0,0.0,0.0,0.0,0.0,0.0,0.0,0.0,0.0,0.0,0,0.0,0.0,0.0,0.0,0.0,0.0,0.0,0.0,0.0,0,0.0,0.0,0.0,0.0,0.0,0.0,0.0,0.0,0.0
TZA_2014_213,11.0,18405.93,414.9,0,0.0,0.0,1.0,0.0,0.0,1.0,0.0,5.0,1.0,0,0.0,0.0,7215.25,0.0,0.0,3538.22,0.0,2847.62,1754.24,0,0.0,0.0,162.64,0.0,0.0,79.76,0.0,64.19,39.54
TZA_2014_214,2.0,9817.55,221.3,0,0.0,0.0,0.0,0.0,0.0,1.0,0.0,0.0,0.0,0,0.0,0.0,0.0,0.0,0.0,6858.54,0.0,0.0,0.0,0,0.0,0.0,0.0,0.0,0.0,154.6,0.0,0.0,0.0
TZA_2014_215,10.0,11199.55,252.38,0,0.0,0.0,7.0,0.0,0.0,0.0,0.0,0.0,3.0,0,0.0,0.0,7072.82,0.0,0.0,0.0,0.0,0.0,4126.73,0,0.0,0.0,159.39,0.0,0.0,0.0,0.0,0.0,93.0
TZA_2014_216,1.0,1642.81,37.02,0,0.0,1.0,0.0,0.0,0.0,0.0,0.0,0.0,0.0,0,0.0,1642.81,0.0,0.0,0.0,0.0,0.0,0.0,0.0,0,0.0,37.02,0.0,0.0,0.0,0.0,0.0,0.0,0.0
TZA_2014_217,9.0,9821.85,221.3,0,0.0,0.0,5.0,0.0,0.0,0.0,0.0,0.0,3.0,0,0.0,0.0,7425.13,0.0,0.0,0.0,0.0,0.0,569.68,0,0.0,0.0,167.3,0.0,0.0,0.0,0.0,0.0,12.84
TZA_2014_218,1.0,6875.99,154.93,0,0.0,0.0,0.0,0.0,0.0,0.0,0.0,0.0,1.0,0,0.0,0.0,0.0,0.0,0.0,0.0,0.0,0.0,6875.99,0,0.0,0.0,0.0,0.0,0.0,0.0,0.0,0.0,154.93
TZA_2014_219,6.0,10415.44,234.65,0,0.0,0.0,1.0,0.0,0.0,0.0,0.0,0.0,5.0,0,0.0,0.0,325.81,0.0,0.0,0.0,0.0,0.0,10089.63,0,0.0,0.0,7.34,0.0,0.0,0.0,0.0,0.0,227.31
TZA_2014_22,2.0,10950.42,252.27,0,0.0,0.0,0.0,0.0,0.0,0.0,0.0,0.0,2.0,0,0.0,0.0,0.0,0.0,0.0,0.0,0.0,0.0,10950.42,0,0.0,0.0,0.0,0.0,0.0,0.0,0.0,0.0,252.27
TZA_2014_220,3.0,7441.96,167.65,0,0.0,0.0,0.0,0.0,0.0,0.0,0.0,0.0,0.0,0,0.0,0.0,0.0,0.0,0.0,0.0,0.0,0.0,0.0,0,0.0,0.0,0.0,0.0,0.0,0.0,0.0,0.0,0.0
TZA_2014_221,21.0,27523.07,620.01,0,0.0,0.0,1.0,0.0,6.0,0.0,0.0,0.0,1.0,0,0.0,0.0,2223.43,0.0,3243.75,0.0,0.0,0.0,7078.78,0,0.0,0.0,50.09,0.0,73.07,0.0,0.0,0.0,159.46
TZA_2014_222,17.0,29359.41,661.32,0,0.0,0.0,0.0,0.0,3.0,0.0,0.0,0.0,1.0,0,0.0,0.0,0.0,0.0,982.12,0.0,0.0,0.0,4872.29,0,0.0,0.0,0.0,0.0,22.12,0.0,0.0,0.0,109.75
TZA_2014_223,3.0,15939.74,359.04,0,0.0,1.0,0.0,0.0,0.0,1.0,0.0,0.0,1.0,0,0.0,8882.0,0.0,0.0,0.0,3653.0,0.0,0.0,3404.74,0,0.0,200.06,0.0,0.0,0.0,82.28,0.0,0.0,76.69
TZA_2014_224,0.0,0.0,0.0,0,0.0,0.0,0.0,0.0,0.0,0.0,0.0,0.0,0.0,0,0.0,0.0,0.0,0.0,0.0,0.0,0.0,0.0,0.0,0,0.0,0.0,0.0,0.0,0.0,0.0,0.0,0.0,0.0
TZA_2014_225,0.0,0.0,0.0,0,0.0,0.0,0.0,0.0,0.0,0.0,0.0,0.0,0.0,0,0.0,0.0,0.0,0.0,0.0,0.0,0.0,0.0,0.0,0,0.0,0.0,0.0,0.0,0.0,0.0,0.0,0.0,0.0
TZA_2014_226,3.0,13160.04,296.39,0,0.0,0.0,0.0,0.0,0.0,0.0,0.0,0.0,1.0,0,0.0,0.0,0.0,0.0,0.0,0.0,0.0,0.0,9849.09,0,0.0,0.0,0.0,0.0,0.0,0.0,0.0,0.0,221.82
TZA_2014_227,73.0,42220.78,950.61,0,0.0,8.0,3.0,0.0,0.0,1.0,46.0,0.0,15.0,0,0.0,6446.29,509.45,0.0,0.0,4904.37,19262.52,0.0,11098.15,0,0.0,145.14,11.47,0.0,0.0,110.42,433.7,0.0,249.88
TZA_2014_228,117.0,32483.85,731.37,0,0.0,0.0,2.0,0.0,42.0,0.0,4.0,6.0,0.0,0,0.0,0.0,3223.99,0.0,12601.88,0.0,953.32,288.6,0.0,0,0.0,0.0,72.59,0.0,283.73,0.0,21.46,6.5,0.0
TZA_2014_229,1.0,12064.34,271.61,0,0.0,0.0,0.0,0.0,0.0,1.0,0.0,0.0,0.0,0,0.0,0.0,0.0,0.0,0.0,12064.34,0.0,0.0,0.0,0,0.0,0.0,0.0,0.0,0.0,271.61,0.0,0.0,0.0
TZA_2014_23,1.0,1191.69,27.45,0,0.0,0.0,0.0,0.0,0.0,0.0,0.0,0.0,1.0,0,0.0,0.0,0.0,0.0,0.0,0.0,0.0,0.0,1191.69,0,0.0,0.0,0.0,0.0,0.0,0.0,0.0,0.0,27.45
TZA_2014_230,5.0,19997.65,450.19,0,0.0,0.0,2.0,0.0,0.0,0.0,0.0,0.0,3.0,0,0.0,0.0,10090.76,0.0,0.0,0.0,0.0,0.0,9906.89,0,0.0,0.0,227.16,0.0,0.0,0.0,0.0,0.0,223.02
TZA_2014_231,1.0,7616.5,171.36,0,0.0,1.0,0.0,0.0,0.0,0.0,0.0,0.0,0.0,0,0.0,7616.5,0.0,0.0,0.0,0.0,0.0,0.0,0.0,0,0.0,171.36,0.0,0.0,0.0,0.0,0.0,0.0,0.0
TZA_2014_232,1.0,7160.43,161.1,0,0.0,0.0,0.0,0.0,0.0,0.0,0.0,0.0,1.0,0,0.0,0.0,0.0,0.0,0.0,0.0,0.0,0.0,7160.43,0,0.0,0.0,0.0,0.0,0.0,0.0,0.0,0.0,161.1
TZA_2014_233,0.0,0.0,0.0,0,0.0,0.0,0.0,0.0,0.0,0.0,0.0,0.0,0.0,0,0.0,0.0,0.0,0.0,0.0,0.0,0.0,0.0,0.0,0,0.0,0.0,0.0,0.0,0.0,0.0,0.0,0.0,0.0
TZA_2014_234,12.0,16882.97,379.73,0,0.0,0.0,0.0,0.0,0.0,0.0,2.0,0.0,3.0,0,0.0,0.0,0.0,0.0,0.0,0.0,551.97,0.0,11652.59,0,0.0,0.0,0.0,0.0,0.0,0.0,12.41,0.0,262.09
TZA_2014_235,1.0,1009.83,22.71,0,0.0,0.0,1.0,0.0,0.0,0.0,0.0,0.0,0.0,0,0.0,0.0,1009.83,0.0,0.0,0.0,0.0,0.0,0.0,0,0.0,0.0,22.71,0.0,0.0,0.0,0.0,0.0,0.0
TZA_2014_236,1.0,9768.85,219.68,0,0.0,0.0,1.0,0.0,0.0,0.0,0.0,0.0,0.0,0,0.0,0.0,9768.85,0.0,0.0,0.0,0.0,0.0,0.0,0,0.0,0.0,219.68,0.0,0.0,0.0,0.0,0.0,0.0
TZA_2014_237,2.0,5057.13,113.72,0,0.0,0.0,0.0,0.0,0.0,1.0,0.0,0.0,1.0,0,0.0,0.0,0.0,0.0,0.0,2229.26,0.0,0.0,2827.87,0,0.0,0.0,0.0,0.0,0.0,50.13,0.0,0.0,63.59
TZA_2014_238,3.0,9217.84,207.23,0,0.0,0.0,1.0,0.0,0.0,1.0,1.0,0.0,0.0,0,0.0,0.0,8216.77,0.0,0.0,980.15,20.93,0.0,0.0,0,0.0,0.0,184.72,0.0,0.0,22.03,0.47,0.0,0.0
TZA_2014_239,2.0,7528.3,169.24,0,0.0,0.0,0.0,0.0,0.0,2.0,0.0,0.0,0.0,0,0.0,0.0,0.0,0.0,0.0,7528.3,0.0,0.0,0.0,0,0.0,0.0,0.0,0.0,0.0,169.24,0.0,0.0,0.0
TZA_2014_24,6.0,9430.44,217.2,0,0.0,1.0,0.0,0.0,5.0,0.0,0.0,0.0,0.0,0,0.0,1151.29,0.0,0.0,8279.15,0.0,0.0,0.0,0.0,0,0.0,26.52,0.0,0.0,190.69,0.0,0.0,0.0,0.0
TZA_2014_240,0.0,0.0,0.0,0,0.0,0.0,0.0,0.0,0.0,0.0,0.0,0.0,0.0,0,0.0,0.0,0.0,0.0,0.0,0.0,0.0,0.0,0.0,0,0.0,0.0,0.0,0.0,0.0,0.0,0.0,0.0,0.0
TZA_2014_241,4.0,17094.61,384.28,0,0.0,0.0,1.0,0.0,0.0,2.0,1.0,0.0,0.0,0,0.0,0.0,8458.42,0.0,0.0,8372.23,263.96,0.0,0.0,0,0.0,0.0,190.14,0.0,0.0,188.21,5.93,0.0,0.0
TZA_2014_242,1.0,7133.8,160.36,0,0.0,0.0,1.0,0.0,0.0,0.0,0.0,0.0,0.0,0,0.0,0.0,7133.8,0.0,0.0,0.0,0.0,0.0,0.0,0,0.0,0.0,160.36,0.0,0.0,0.0,0.0,0.0,0.0
TZA_2014_243,4.0,11472.81,257.89,0,0.0,0.0,1.0,0.0,0.0,2.0,1.0,0.0,0.0,0,0.0,0.0,8168.66,0.0,0.0,3040.19,263.96,0.0,0.0,0,0.0,0.0,183.61,0.0,0.0,68.34,5.93,0.0,0.0
TZA_2014_244,2.0,10419.52,234.17,0,0.0,0.0,2.0,0.0,0.0,0.0,0.0,0.0,0.0,0,0.0,0.0,10419.52,0.0,0.0,0.0,0.0,0.0,0.0,0,0.0,0.0,234.17,0.0,0.0,0.0,0.0,0.0,0.0
TZA_2014_245,5.0,14534.95,326.64,0,0.0,0.0,0.0,0.0,0.0,3.0,0.0,1.0,1.0,0,0.0,0.0,0.0,0.0,0.0,8867.64,0.0,1130.18,4537.13,0,0.0,0.0,0.0,0.0,0.0,199.28,0.0,25.4,101.96
TZA_2014_246,1.0,6944.88,156.06,0,0.0,0.0,1.0,0.0,0.0,0.0,0.0,0.0,0.0,0,0.0,0.0,6944.88,0.0,0.0,0.0,0.0,0.0,0.0,0,0.0,0.0,156.06,0.0,0.0,0.0,0.0,0.0,0.0
TZA_2014_247,0.0,0.0,0.0,0,0.0,0.0,0.0,0.0,0.0,0.0,0.0,0.0,0.0,0,0.0,0.0,0.0,0.0,0.0,0.0,0.0,0.0,0.0,0,0.0,0.0,0.0,0.0,0.0,0.0,0.0,0.0,0.0
TZA_2014_248,2.0,9468.78,212.76,0,0.0,0.0,1.0,0.0,0.0,0.0,0.0,0.0,1.0,0,0.0,0.0,6776.25,0.0,0.0,0.0,0.0,0.0,2692.53,0,0.0,0.0,152.26,0.0,0.0,0.0,0.0,0.0,60.5
TZA_2014_249,190.0,98417.3,2211.22,0,0.0,2.0,12.0,0.0,9.0,0.0,33.0,12.0,24.0,0,0.0,6116.21,11454.4,0.0,1283.43,0.0,14421.88,1469.16,17298.49,0,0.0,137.42,257.36,0.0,28.84,0.0,324.03,33.01,388.66
TZA_2014_25,0.0,0.0,0.0,0,0.0,0.0,0.0,0.0,0.0,0.0,0.0,0.0,0.0,0,0.0,0.0,0.0,0.0,0.0,0.0,0.0,0.0,0.0,0,0.0,0.0,0.0,0.0,0.0,0.0,0.0,0.0,0.0
TZA_2014_250,2.0,5860.78,131.67,0,0.0,0.0,1.0,0.0,0.0,0.0,0.0,0.0,0.0,0,0.0,0.0,4356.35,0.0,0.0,0.0,0.0,0.0,0.0,0,0.0,0.0,97.87,0.0,0.0,0.0,0.0,0.0,0.0
TZA_2014_251,1.0,7958.58,178.8,0,0.0,0.0,0.0,0.0,0.0,0.0,0.0,0.0,1.0,0,0.0,0.0,0.0,0.0,0.0,0.0,0.0,0.0,7958.58,0,0.0,0.0,0.0,0.0,0.0,0.0,0.0,0.0,178.8
TZA_2014_252,23.0,14909.1,334.96,0,0.0,0.0,1.0,0.0,0.0,2.0,19.0,0.0,1.0,0,0.0,0.0,4725.95,0.0,0.0,1337.4,6373.38,0.0,2472.37,0,0.0,0.0,106.18,0.0,0.0,30.05,143.19,0.0,55.55
TZA_2014_253,11.0,21824.37,490.31,0,0.0,0.0,4.0,0.0,2.0,1.0,3.0,0.0,1.0,0,0.0,0.0,15823.27,0.0,1674.92,120.2,1081.88,0.0,3124.1,0,0.0,0.0,355.49,0.0,37.63,2.7,24.31,0.0,70.19
TZA_2014_254,24.0,14400.04,323.51,0,0.0,0.0,2.0,0.0,0.0,2.0,19.0,0.0,1.0,0,0.0,0.0,3350.73,0.0,0.0,1337.4,6373.38,0.0,3338.53,0,0.0,0.0,75.28,0.0,0.0,30.05,143.19,0.0,75.0
TZA_2014_255,1.0,6843.14,153.73,0,0.0,0.0,1.0,0.0,0.0,0.0,0.0,0.0,0.0,0,0.0,0.0,6843.14,0.0,0.0,0.0,0.0,0.0,0.0,0,0.0,0.0,153.73,0.0,0.0,0.0,0.0,0.0,0.0
TZA_2014_256,0.0,0.0,0.0,0,0.0,0.0,0.0,0.0,0.0,0.0,0.0,0.0,0.0,0,0.0,0.0,0.0,0.0,0.0,0.0,0.0,0.0,0.0,0,0.0,0.0,0.0,0.0,0.0,0.0,0.0,0.0,0.0
TZA_2014_257,192.0,92200.73,2070.95,0,0.0,3.0,2.0,0.0,0.0,3.0,175.0,0.0,3.0,0,0.0,6890.12,546.96,0.0,0.0,4952.61,63244.14,0.0,3752.74,0,0.0,154.76,12.29,0.0,0.0,111.24,1420.54,0.0,84.29
TZA_2014_258,6.0,7622.27,171.2,0,0.0,0.0,0.0,0.0,6.0,0.0,0.0,0.0,0.0,0,0.0,0.0,0.0,0.0,7622.27,0.0,0.0,0.0,0.0,0,0.0,0.0,0.0,0.0,171.2,0.0,0.0,0.0,0.0
TZA_2014_259,0.0,0.0,0.0,0,0.0,0.0,0.0,0.0,0.0,0.0,0.0,0.0,0.0,0,0.0,0.0,0.0,0.0,0.0,0.0,0.0,0.0,0.0,0,0.0,0.0,0.0,0.0,0.0,0.0,0.0,0.0,0.0
TZA_2014_26,0.0,0.0,0.0,0,0.0,0.0,0.0,0.0,0.0,0.0,0.0,0.0,0.0,0,0.0,0.0,0.0,0.0,0.0,0.0,0.0,0.0,0.0,0,0.0,0.0,0.0,0.0,0.0,0.0,0.0,0.0,0.0
TZA_2014_260,5.0,14138.83,317.54,0,0.0,0.0,1.0,0.0,2.0,0.0,0.0,0.0,2.0,0,0.0,0.0,8780.4,0.0,649.93,0.0,0.0,0.0,4708.5,0,0.0,0.0,197.2,0.0,14.6,0.0,0.0,0.0,105.75
TZA_2014_261,4.0,12462.72,279.89,0,0.0,0.0,1.0,0.0,1.0,0.0,0.0,0.0,2.0,0,0.0,0.0,8740.36,0.0,22.14,0.0,0.0,0.0,3700.22,0,0.0,0.0,196.29,0.0,0.5,0.0,0.0,0.0,83.1
TZA_2014_262,1.0,3819.25,85.77,0,0.0,0.0,0.0,0.0,0.0,0.0,0.0,0.0,0.0,0,0.0,0.0,0.0,0.0,0.0,0.0,0.0,0.0,0.0,0,0.0,0.0,0.0,0.0,0.0,0.0,0.0,0.0,0.0
TZA_2014_263,12.0,12212.73,274.27,0,0.0,0.0,1.0,0.0,8.0,0.0,0.0,0.0,0.0,0,0.0,0.0,328.37,0.0,10642.82,0.0,0.0,0.0,0.0,0,0.0,0.0,7.37,0.0,239.01,0.0,0.0,0.0,0.0
TZA_2014_264,0.0,0.0,0.0,0,0.0,0.0,0.0,0.0,0.0,0.0,0.0,0.0,0.0,0,0.0,0.0,0.0,0.0,0.0,0.0,0.0,0.0,0.0,0,0.0,0.0,0.0,0.0,0.0,0.0,0.0,0.0,0.0
TZA_2014_265,12.0,11281.54,253.34,0,0.0,0.0,0.0,0.0,0.0,0.0,4.0,0.0,2.0,0,0.0,0.0,0.0,0.0,0.0,0.0,4008.54,0.0,1990.98,0,0.0,0.0,0.0,0.0,0.0,0.0,90.02,0.0,44.71
TZA_2014_266,1.0,8495.53,190.77,0,0.0,0.0,0.0,0.0,0.0,0.0,0.0,0.0,0.0,0,0.0,0.0,0.0,0.0,0.0,0.0,0.0,0.0,0.0,0,0.0,0.0,0.0,0.0,0.0,0.0,0.0,0.0,0.0
TZA_2014_267,148.0,96617.66,2169.53,0,0.0,0.0,5.0,0.0,3.0,6.0,120.0,1.0,3.0,0,0.0,0.0,15576.36,0.0,606.88,11171.33,60982.21,31.86,2435.74,0,0.0,0.0,349.76,0.0,13.63,250.85,1369.34,0.72,54.69
TZA_2014_268,0.0,0.0,0.0,0,0.0,0.0,0.0,0.0,0.0,0.0,0.0,0.0,0.0,0,0.0,0.0,0.0,0.0,0.0,0.0,0.0,0.0,0.0,0,0.0,0.0,0.0,0.0,0.0,0.0,0.0,0.0,0.0
TZA_2014_269,4.0,14784.35,331.95,0,0.0,0.0,0.0,0.0,0.0,2.0,0.0,0.0,0.0,0,0.0,0.0,0.0,0.0,0.0,12320.25,0.0,0.0,0.0,0,0.0,0.0,0.0,0.0,0.0,276.62,0.0,0.0,0.0
TZA_2014_27,52.0,44251.21,1018.44,0,0.0,1.0,3.0,0.0,0.0,8.0,37.0,0.0,1.0,0,0.0,881.75,2490.72,0.0,0.0,20771.38,17758.78,0.0,608.55,0,0.0,20.29,57.32,0.0,0.0,478.05,408.72,0.0,14.01
TZA_2014_270,1.0,0.35,0.01,0,0.0,0.0,0.0,0.0,0.0,0.0,1.0,0.0,0.0,0,0.0,0.0,0.0,0.0,0.0,0.0,0.35,0.0,0.0,0,0.0,0.0,0.0,0.0,0.0,0.0,0.01,0.0,0.0
TZA_2014_271,61.0,56690.38,1272.65,0,0.0,4.0,0.0,0.0,1.0,1.0,43.0,3.0,4.0,0,0.0,9564.3,0.0,0.0,541.6,1422.54,29538.69,193.3,7224.19,0,0.0,214.71,0.0,0.0,12.16,31.93,663.12,4.34,162.18
TZA_2014_272,4.0,19888.35,446.45,0,0.0,0.0,0.0,0.0,0.0,2.0,0.0,0.0,0.0,0,0.0,0.0,0.0,0.0,0.0,15231.55,0.0,0.0,0.0,0,0.0,0.0,0.0,0.0,0.0,341.91,0.0,0.0,0.0
TZA_2014_273,0.0,0.0,0.0,0,0.0,0.0,0.0,0.0,0.0,0.0,0.0,0.0,0.0,0,0.0,0.0,0.0,0.0,0.0,0.0,0.0,0.0,0.0,0,0.0,0.0,0.0,0.0,0.0,0.0,0.0,0.0,0.0
TZA_2014_274,4.0,18866.7,423.32,0,0.0,0.0,0.0,0.0,0.0,3.0,0.0,0.0,0.0,0,0.0,0.0,0.0,0.0,0.0,17551.94,0.0,0.0,0.0,0,0.0,0.0,0.0,0.0,0.0,393.82,0.0,0.0,0.0
TZA_2014_275,0.0,0.0,0.0,0,0.0,0.0,0.0,0.0,0.0,0.0,0.0,0.0,0.0,0,0.0,0.0,0.0,0.0,0.0,0.0,0.0,0.0,0.0,0,0.0,0.0,0.0,0.0,0.0,0.0,0.0,0.0,0.0
TZA_2014_276,188.0,84046.9,1885.63,0,0.0,0.0,3.0,0.0,6.0,3.0,167.0,0.0,2.0,0,0.0,0.0,7413.07,0.0,2445.53,2510.29,68171.05,0.0,762.12,0,0.0,0.0,166.32,0.0,54.87,56.32,1529.45,0.0,17.1
TZA_2014_277,206.0,103921.42,2331.49,0,0.0,0.0,3.0,0.0,8.0,3.0,182.0,0.0,0.0,0,0.0,0.0,9407.92,0.0,4768.14,2148.32,79271.48,0.0,0.0,0,0.0,0.0,211.07,0.0,106.97,48.2,1778.47,0.0,0.0
TZA_2014_278,3.0,12532.59,281.17,0,0.0,0.0,0.0,0.0,0.0,0.0,0.0,0.0,0.0,0,0.0,0.0,0.0,0.0,0.0,0.0,0.0,0.0,0.0,0,0.0,0.0,0.0,0.0,0.0,0.0,0.0,0.0,0.0
TZA_2014_279,1.0,6673.97,149.73,0,0.0,0.0,0.0,0.0,0.0,0.0,0.0,0.0,0.0,0,0.0,0.0,0.0,0.0,0.0,0.0,0.0,0.0,0.0,0,0.0,0.0,0.0,0.0,0.0,0.0,0.0,0.0,0.0
TZA_2014_28,2.0,11286.87,259.74,0,0.0,1.0,0.0,0.0,0.0,0.0,0.0,0.0,0.0,0,0.0,7568.27,0.0,0.0,0.0,0.0,0.0,0.0,0.0,0,0.0,174.17,0.0,0.0,0.0,0.0,0.0,0.0,0.0
TZA_2014_280,0.0,0.0,0.0,0,0.0,0.0,0.0,0.0,0.0,0.0,0.0,0.0,0.0,0,0.0,0.0,0.0,0.0,0.0,0.0,0.0,0.0,0.0,0,0.0,0.0,0.0,0.0,0.0,0.0,0.0,0.0,0.0
TZA_2014_281,0.0,0.0,0.0,0,0.0,0.0,0.0,0.0,0.0,0.0,0.0,0.0,0.0,0,0.0,0.0,0.0,0.0,0.0,0.0,0.0,0.0,0.0,0,0.0,0.0,0.0,0.0,0.0,0.0,0.0,0.0,0.0
TZA_2014_282,3.0,11148.48,250.06,0,0.0,0.0,0.0,0.0,0.0,1.0,0.0,0.0,1.0,0,0.0,0.0,0.0,0.0,0.0,2127.69,0.0,0.0,8248.11,0,0.0,0.0,0.0,0.0,0.0,47.72,0.0,0.0,185.01
TZA_2014_283,6.0,23716.53,531.93,0,0.0,0.0,1.0,0.0,0.0,1.0,3.0,0.0,0.0,0,0.0,0.0,7982.99,0.0,0.0,1444.85,12463.33,0.0,0.0,0,0.0,0.0,179.05,0.0,0.0,32.41,279.54,0.0,0.0
TZA_2014_284,0.0,0.0,0.0,0,0.0,0.0,0.0,0.0,0.0,0.0,0.0,0.0,0.0,0,0.0,0.0,0.0,0.0,0.0,0.0,0.0,0.0,0.0,0,0.0,0.0,0.0,0.0,0.0,0.0,0.0,0.0,0.0
TZA_2014_285,0.0,0.0,0.0,0,0.0,0.0,0.0,0.0,0.0,0.0,0.0,0.0,0.0,0,0.0,0.0,0.0,0.0,0.0,0.0,0.0,0.0,0.0,0,0.0,0.0,0.0,0.0,0.0,0.0,0.0,0.0,0.0
TZA_2014_286,0.0,0.0,0.0,0,0.0,0.0,0.0,0.0,0.0,0.0,0.0,0.0,0.0,0,0.0,0.0,0.0,0.0,0.0,0.0,0.0,0.0,0.0,0,0.0,0.0,0.0,0.0,0.0,0.0,0.0,0.0,0.0
TZA_2014_287,0.0,0.0,0.0,0,0.0,0.0,0.0,0.0,0.0,0.0,0.0,0.0,0.0,0,0.0,0.0,0.0,0.0,0.0,0.0,0.0,0.0,0.0,0,0.0,0.0,0.0,0.0,0.0,0.0,0.0,0.0,0.0
TZA_2014_288,38.0,64465.11,1445.31,0,0.0,0.0,0.0,0.0,0.0,0.0,38.0,0.0,0.0,0,0.0,0.0,0.0,0.0,0.0,0.0,64465.11,0.0,0.0,0,0.0,0.0,0.0,0.0,0.0,0.0,1445.31,0.0,0.0
TZA_2014_289,152.0,58249.9,1305.81,0,0.0,1.0,0.0,0.0,0.0,0.0,143.0,1.0,2.0,0,0.0,7271.94,0.0,0.0,0.0,0.0,37449.57,59.0,7559.0,0,0.0,163.02,0.0,0.0,0.0,0.0,839.52,1.32,169.45
TZA_2014_29,0.0,0.0,0.0,0,0.0,0.0,0.0,0.0,0.0,0.0,0.0,0.0,0.0,0,0.0,0.0,0.0,0.0,0.0,0.0,0.0,0.0,0.0,0,0.0,0.0,0.0,0.0,0.0,0.0,0.0,0.0,0.0
TZA_2014_290,2.0,6153.33,137.94,0,0.0,0.0,0.0,0.0,0.0,0.0,0.0,0.0,1.0,0,0.0,0.0,0.0,0.0,0.0,0.0,0.0,0.0,5745.74,0,0.0,0.0,0.0,0.0,0.0,0.0,0.0,0.0,128.8
TZA_2014_291,8.0,15859.54,355.49,0,0.0,0.0,0.0,0.0,0.0,0.0,0.0,0.0,0.0,0,0.0,0.0,0.0,0.0,0.0,0.0,0.0,0.0,0.0,0,0.0,0.0,0.0,0.0,0.0,0.0,0.0,0.0,0.0
TZA_2014_292,1.0,6723.11,150.69,0,0.0,1.0,0.0,0.0,0.0,0.0,0.0,0.0,0.0,0,0.0,6723.11,0.0,0.0,0.0,0.0,0.0,0.0,0.0,0,0.0,150.69,0.0,0.0,0.0,0.0,0.0,0.0,0.0
TZA_2014_293,2.0,6771.94,151.78,0,0.0,0.0,0.0,0.0,0.0,0.0,0.0,0.0,0.0,0,0.0,0.0,0.0,0.0,0.0,0.0,0.0,0.0,0.0,0,0.0,0.0,0.0,0.0,0.0,0.0,0.0,0.0,0.0
TZA_2014_294,182.0,100993.12,2263.49,0,0.0,2.0,2.0,0.0,1.0,6.0,150.0,1.0,0.0,0,0.0,7403.12,2134.25,0.0,147.96,6657.87,75575.47,45.64,0.0,0,0.0,165.92,47.83,0.0,3.32,149.22,1693.82,1.02,0.0
TZA_2014_295,0.0,0.0,0.0,0,0.0,0.0,0.0,0.0,0.0,0.0,0.0,0.0,0.0,0,0.0,0.0,0.0,0.0,0.0,0.0,0.0,0.0,0.0,0,0.0,0.0,0.0,0.0,0.0,0.0,0.0,0.0,0.0
TZA_2014_296,1.0,439.92,9.86,0,0.0,0.0,0.0,0.0,0.0,0.0,0.0,0.0,0.0,0,0.0,0.0,0.0,0.0,0.0,0.0,0.0,0.0,0.0,0,0.0,0.0,0.0,0.0,0.0,0.0,0.0,0.0,0.0
TZA_2014_297,13.0,19396.44,434.59,0,0.0,1.0,0.0,0.0,0.0,1.0,3.0,5.0,0.0,0,0.0,5516.62,0.0,0.0,0.0,7019.8,1390.23,676.32,0.0,0,0.0,123.6,0.0,0.0,0.0,157.28,31.15,15.15,0.0
TZA_2014_298,0.0,0.0,0.0,0,0.0,0.0,0.0,0.0,0.0,0.0,0.0,0.0,0.0,0,0.0,0.0,0.0,0.0,0.0,0.0,0.0,0.0,0.0,0,0.0,0.0,0.0,0.0,0.0,0.0,0.0,0.0,0.0
TZA_2014_299,13.0,27963.96,626.4,0,0.0,0.0,0.0,0.0,1.0,4.0,7.0,0.0,0.0,0,0.0,0.0,0.0,0.0,1864.45,16944.16,7572.17,0.0,0.0,0,0.0,0.0,0.0,0.0,41.76,379.55,169.62,0.0,0.0
TZA_2014_3,6.0,10665.62,246.59,0,0.0,0.0,0.0,0.0,0.0,0.0,0.0,0.0,0.0,0,0.0,0.0,0.0,0.0,0.0,0.0,0.0,0.0,0.0,0,0.0,0.0,0.0,0.0,0.0,0.0,0.0,0.0,0.0
TZA_2014_30,3.0,12129.86,278.95,0,0.0,0.0,0.0,0.0,3.0,0.0,0.0,0.0,0.0,0,0.0,0.0,0.0,0.0,12129.86,0.0,0.0,0.0,0.0,0,0.0,0.0,0.0,0.0,278.95,0.0,0.0,0.0,0.0
TZA_2014_300,0.0,0.0,0.0,0,0.0,0.0,0.0,0.0,0.0,0.0,0.0,0.0,0.0,0,0.0,0.0,0.0,0.0,0.0,0.0,0.0,0.0,0.0,0,0.0,0.0,0.0,0.0,0.0,0.0,0.0,0.0,0.0
TZA_2014_301,8.0,13060.48,292.51,0,0.0,0.0,0.0,0.0,0.0,2.0,0.0,0.0,0.0,0,0.0,0.0,0.0,0.0,0.0,4912.77,0.0,0.0,0.0,0,0.0,0.0,0.0,0.0,0.0,110.03,0.0,0.0,0.0
TZA_2014_302,0.0,0.0,0.0,0,0.0,0.0,0.0,0.0,0.0,0.0,0.0,0.0,0.0,0,0.0,0.0,0.0,0.0,0.0,0.0,0.0,0.0,0.0,0,0.0,0.0,0.0,0.0,0.0,0.0,0.0,0.0,0.0
TZA_2014_303,1.0,7339.81,164.38,0,0.0,0.0,1.0,0.0,0.0,0.0,0.0,0.0,0.0,0,0.0,0.0,7339.81,0.0,0.0,0.0,0.0,0.0,0.0,0,0.0,0.0,164.38,0.0,0.0,0.0,0.0,0.0,0.0
TZA_2014_304,3.0,10121.94,226.68,0,0.0,1.0,0.0,0.0,0.0,1.0,0.0,0.0,0.0,0,0.0,6838.39,0.0,0.0,0.0,2695.24,0.0,0.0,0.0,0,0.0,153.14,0.0,0.0,0.0,60.36,0.0,0.0,0.0
TZA_2014_305,2.0,4218.63,94.48,0,0.0,1.0,0.0,0.0,0.0,0.0,0.0,0.0,1.0,0,0.0,2110.58,0.0,0.0,0.0,0.0,0.0,0.0,2108.05,0,0.0,47.27,0.0,0.0,0.0,0.0,0.0,0.0,47.21
TZA_2014_306,1.0,7019.41,157.19,0,0.0,0.0,1.0,0.0,0.0,0.0,0.0,0.0,0.0,0,0.0,0.0,7019.41,0.0,0.0,0.0,0.0,0.0,0.0,0,0.0,0.0,157.19,0.0,0.0,0.0,0.0,0.0,0.0
TZA_2014_307,0.0,0.0,0.0,0,0.0,0.0,0.0,0.0,0.0,0.0,0.0,0.0,0.0,0,0.0,0.0,0.0,0.0,0.0,0.0,0.0,0.0,0.0,0,0.0,0.0,0.0,0.0,0.0,0.0,0.0,0.0,0.0
TZA_2014_308,95.0,58043.49,1299.78,0,4.0,0.0,0.0,2.0,3.0,7.0,74.0,0.0,1.0,0,250.46,0.0,0.0,101.07,3460.68,19841.43,25002.94,0.0,7486.93,0,5.61,0.0,0.0,2.26,77.5,444.31,559.9,0.0,167.66
TZA_2014_309,471.0,162175.22,3631.62,0,0.0,1.0,1.0,0.0,61.0,6.0,369.0,6.0,1.0,0,0.0,7117.52,1193.51,0.0,10217.42,8351.27,112906.03,1052.56,2854.31,0,0.0,159.38,26.73,0.0,228.8,187.01,2528.32,23.57,63.92
TZA_2014_31,1.0,3682.41,84.68,0,0.0,0.0,0.0,0.0,0.0,0.0,0.0,0.0,1.0,0,0.0,0.0,0.0,0.0,0.0,0.0,0.0,0.0,3682.41,0,0.0,0.0,0.0,0.0,0.0,0.0,0.0,0.0,84.68
TZA_2014_310,3.0,1933.67,43.29,0,0.0,0.0,0.0,0.0,0.0,0.0,0.0,0.0,1.0,0,0.0,0.0,0.0,0.0,0.0,0.0,0.0,0.0,113.17,0,0.0,0.0,0.0,0.0,0.0,0.0,0.0,0.0,2.53
TZA_2014_311,0.0,0.0,0.0,0,0.0,0.0,0.0,0.0,0.0,0.0,0.0,0.0,0.0,0,0.0,0.0,0.0,0.0,0.0,0.0,0.0,0.0,0.0,0,0.0,0.0,0.0,0.0,0.0,0.0,0.0,0.0,0.0
TZA_2014_312,5.0,12581.92,281.63,0,0.0,0.0,0.0,0.0,0.0,0.0,4.0,0.0,0.0,0,0.0,0.0,0.0,0.0,0.0,0.0,6476.85,0.0,0.0,0,0.0,0.0,0.0,0.0,0.0,0.0,144.98,0.0,0.0
TZA_2014_313,1.0,6872.95,153.83,0,0.0,0.0,0.0,0.0,0.0,0.0,0.0,0.0,0.0,0,0.0,0.0,0.0,0.0,0.0,0.0,0.0,0.0,0.0,0,0.0,0.0,0.0,0.0,0.0,0.0,0.0,0.0,0.0
TZA_2014_314,3.0,12095.51,270.72,0,0.0,2.0,0.0,0.0,0.0,1.0,0.0,0.0,0.0,0,0.0,10755.02,0.0,0.0,0.0,1340.49,0.0,0.0,0.0,0,0.0,240.71,0.0,0.0,0.0,30.0,0.0,0.0,0.0
TZA_2014_315,53.0,48006.74,1074.36,0,0.0,0.0,0.0,0.0,0.0,2.0,43.0,0.0,3.0,0,0.0,0.0,0.0,0.0,0.0,1992.63,26813.05,0.0,2732.72,0,0.0,0.0,0.0,0.0,0.0,44.59,600.06,0.0,61.16
TZA_2014_316,5.0,12607.05,282.12,0,0.0,3.0,0.0,0.0,0.0,0.0,0.0,0.0,0.0,0,0.0,6699.34,0.0,0.0,0.0,0.0,0.0,0.0,0.0,0,0.0,149.92,0.0,0.0,0.0,0.0,0.0,0.0,0.0
TZA_2014_317,1.0,7633.05,170.81,0,0.0,0.0,0.0,0.0,0.0,0.0,0.0,0.0,1.0,0,0.0,0.0,0.0,0.0,0.0,0.0,0.0,0.0,7633.05,0,0.0,0.0,0.0,0.0,0.0,0.0,0.0,0.0,170.81
TZA_2014_318,8.0,16634.57,372.21,0,0.0,0.0,0.0,0.0,5.0,0.0,0.0,0.0,0.0,0,0.0,0.0,0.0,0.0,13091.76,0.0,0.0,0.0,0.0,0,0.0,0.0,0.0,0.0,292.94,0.0,0.0,0.0,0.0
TZA_2014_319,2.0,10845.43,242.66,0,0.0,1.0,0.0,0.0,0.0,0.0,0.0,0.0,1.0,0,0.0,7500.42,0.0,0.0,0.0,0.0,0.0,0.0,3345.01,0,0.0,167.82,0.0,0.0,0.0,0.0,0.0,0.0,74.84
TZA_2014_32,32.0,22900.13,526.19,0,0.0,2.0,1.0,0.0,0.0,0.0,24.0,0.0,5.0,0,0.0,7858.87,2043.51,0.0,0.0,0.0,10481.72,0.0,2516.03,0,0.0,180.58,46.95,0.0,0.0,0.0,240.84,0.0,57.81
TZA_2014_320,0.0,0.0,0.0,0,0.0,0.0,0.0,0.0,0.0,0.0,0.0,0.0,0.0,0,0.0,0.0,0.0,0.0,0.0,0.0,0.0,0.0,0.0,0,0.0,0.0,0.0,0.0,0.0,0.0,0.0,0.0,0.0
TZA_2014_321,6.0,15326.76,342.91,0,0.0,3.0,0.0,0.0,0.0,0.0,2.0,0.0,0.0,0,0.0,10206.5,0.0,0.0,0.0,0.0,1818.56,0.0,0.0,0,0.0,228.36,0.0,0.0,0.0,0.0,40.69,0.0,0.0
TZA_2014_322,2.0,3621.74,81.02,0,0.0,0.0,1.0,0.0,0.0,0.0,0.0,0.0,0.0,0,0.0,0.0,3388.95,0.0,0.0,0.0,0.0,0.0,0.0,0,0.0,0.0,75.82,0.0,0.0,0.0,0.0,0.0,0.0
TZA_2014_323,53.0,59630.59,1333.99,0,0.0,0.0,1.0,0.0,1.0,1.0,31.0,0.0,0.0,0,0.0,0.0,630.09,0.0,668.86,821.05,25508.27,0.0,0.0,0,0.0,0.0,14.1,0.0,14.96,18.37,570.64,0.0,0.0
TZA_2014_324,658.0,228415.36,5109.88,0,0.0,4.0,19.0,0.0,26.0,38.0,376.0,103.0,26.0,0,0.0,3010.33,6860.35,0.0,7151.23,29811.93,129799.43,14066.96,11033.11,0,0.0,67.34,153.47,0.0,159.98,666.92,2903.74,314.69,246.82
TZA_2014_325,143.0,74780.69,1672.84,0,0.0,7.0,0.0,0.0,12.0,3.0,47.0,29.0,10.0,0,0.0,6793.28,0.0,0.0,10506.89,5392.45,20340.84,5240.55,8653.2,0,0.0,151.97,0.0,0.0,235.04,120.63,455.02,117.23,193.57
TZA_2014_326,445.0,205934.51,4606.74,0,0.0,8.0,7.0,0.0,0.0,11.0,395.0,3.0,2.0,0,0.0,3962.98,8113.94,0.0,0.0,11205.97,163907.22,720.52,866.56,0,0.0,88.65,181.51,0.0,0.0,250.68,3666.59,16.12,19.38
TZA_2014_327,118.0,81811.26,1830.1,0,0.0,7.0,0.0,0.0,9.0,6.0,21.0,33.0,2.0,0,0.0,6808.4,0.0,0.0,9516.2,17508.31,13189.77,5493.11,5116.76,0,0.0,152.3,0.0,0.0,212.88,391.66,295.05,122.88,114.46
TZA_2014_328,21.0,26151.69,585.0,0,0.0,5.0,0.0,0.0,1.0,3.0,7.0,0.0,0.0,0,0.0,10450.71,0.0,0.0,307.4,5199.71,3428.42,0.0,0.0,0,0.0,233.78,0.0,0.0,6.88,116.32,76.69,0.0,0.0
TZA_2014_329,555.0,243310.59,5442.73,0,0.0,10.0,7.0,0.0,0.0,13.0,498.0,4.0,4.0,0,0.0,7190.0,8113.94,0.0,0.0,12244.27,195400.72,809.81,4413.54,0,0.0,160.84,181.5,0.0,0.0,273.9,4371.01,18.12,98.73
TZA_2014_33,0.0,0.0,0.0,0,0.0,0.0,0.0,0.0,0.0,0.0,0.0,0.0,0.0,0,0.0,0.0,0.0,0.0,0.0,0.0,0.0,0.0,0.0,0,0.0,0.0,0.0,0.0,0.0,0.0,0.0,0.0,0.0
TZA_2014_330,1.0,5629.64,125.93,0,0.0,1.0,0.0,0.0,0.0,0.0,0.0,0.0,0.0,0,0.0,5629.64,0.0,0.0,0.0,0.0,0.0,0.0,0.0,0,0.0,125.93,0.0,0.0,0.0,0.0,0.0,0.0,0.0
TZA_2014_331,105.0,65203.08,1458.53,0,0.0,5.0,0.0,0.0,16.0,1.0,45.0,16.0,0.0,0,0.0,8328.46,0.0,0.0,9195.54,3470.0,28178.14,3639.43,0.0,0,0.0,186.3,0.0,0.0,205.7,77.62,630.32,81.41,0.0
TZA_2014_332,626.0,269927.43,6037.94,0,0.0,10.0,7.0,0.0,5.0,15.0,537.0,10.0,4.0,0,0.0,7157.12,8113.94,0.0,1090.28,17255.09,214909.91,2304.45,6273.38,0,0.0,160.1,181.5,0.0,24.39,385.97,4807.27,51.55,140.33
TZA_2014_333,495.0,238033.17,5324.34,0,0.0,10.0,7.0,0.0,7.0,15.0,395.0,9.0,4.0,0,0.0,7247.02,5382.45,0.0,4671.75,18864.05,166930.57,1787.93,8058.12,0,0.0,162.1,120.4,0.0,104.5,421.95,3733.92,39.99,180.24
TZA_2014_334,30.0,39119.79,875.01,0,0.0,0.0,4.0,0.0,0.0,0.0,9.0,0.0,1.0,0,0.0,0.0,10072.4,0.0,0.0,0.0,8432.06,0.0,11.99,0,0.0,0.0,225.29,0.0,0.0,0.0,188.6,0.0,0.27
TZA_2014_335,0.0,0.0,0.0,0,0.0,0.0,0.0,0.0,0.0,0.0,0.0,0.0,0.0,0,0.0,0.0,0.0,0.0,0.0,0.0,0.0,0.0,0.0,0,0.0,0.0,0.0,0.0,0.0,0.0,0.0,0.0,0.0
TZA_2014_336,38.0,50722.4,1134.53,0,0.0,1.0,1.0,0.0,4.0,3.0,4.0,7.0,0.0,0,0.0,3660.85,7236.0,0.0,705.29,3077.12,2127.18,876.52,0.0,0,0.0,81.88,161.85,0.0,15.78,68.83,47.58,19.61,0.0
TZA_2014_337,12.0,28898.05,646.36,0,0.0,0.0,0.0,0.0,1.0,0.0,0.0,0.0,0.0,0,0.0,0.0,0.0,0.0,1796.17,0.0,0.0,0.0,0.0,0,0.0,0.0,0.0,0.0,40.17,0.0,0.0,0.0,0.0
TZA_2014_338,1.0,4030.59,90.15,0,0.0,0.0,0.0,0.0,0.0,0.0,0.0,0.0,1.0,0,0.0,0.0,0.0,0.0,0.0,0.0,0.0,0.0,4030.59,0,0.0,0.0,0.0,0.0,0.0,0.0,0.0,0.0,90.15
TZA_2014_339,30.0,51860.64,1159.86,0,0.0,0.0,0.0,0.0,3.0,8.0,6.0,1.0,4.0,0,0.0,0.0,0.0,0.0,4960.36,22963.52,7833.29,277.6,7554.23,0,0.0,0.0,0.0,0.0,110.94,513.58,175.19,6.21,168.95
TZA_2014_34,0.0,0.0,0.0,0,0.0,0.0,0.0,0.0,0.0,0.0,0.0,0.0,0.0,0,0.0,0.0,0.0,0.0,0.0,0.0,0.0,0.0,0.0,0,0.0,0.0,0.0,0.0,0.0,0.0,0.0,0.0,0.0
TZA_2014_340,11.0,19533.95,436.87,0,0.0,1.0,0.0,0.0,1.0,0.0,0.0,0.0,0.0,0,0.0,7096.95,0.0,0.0,620.79,0.0,0.0,0.0,0.0,0,0.0,158.72,0.0,0.0,13.88,0.0,0.0,0.0,0.0
TZA_2014_341,58.0,60775.04,1359.14,0,0.0,0.0,0.0,0.0,37.0,11.0,2.0,0.0,3.0,0,0.0,0.0,0.0,0.0,31656.49,12599.7,266.7,0.0,7814.48,0,0.0,0.0,0.0,0.0,707.95,281.77,5.96,0.0,174.76
TZA_2014_342,1.0,7422.48,165.99,0,0.0,1.0,0.0,0.0,0.0,0.0,0.0,0.0,0.0,0,0.0,7422.48,0.0,0.0,0.0,0.0,0.0,0.0,0.0,0,0.0,165.99,0.0,0.0,0.0,0.0,0.0,0.0,0.0
TZA_2014_343,2.0,875.06,19.57,0,0.0,0.0,0.0,0.0,0.0,2.0,0.0,0.0,0.0,0,0.0,0.0,0.0,0.0,0.0,875.06,0.0,0.0,0.0,0,0.0,0.0,0.0,0.0,0.0,19.57,0.0,0.0,0.0
TZA_2014_344,4.0,8559.71,191.41,0,0.0,0.0,0.0,0.0,0.0,0.0,0.0,0.0,0.0,0,0.0,0.0,0.0,0.0,0.0,0.0,0.0,0.0,0.0,0,0.0,0.0,0.0,0.0,0.0,0.0,0.0,0.0,0.0
TZA_2014_345,2.0,3049.99,68.2,0,0.0,0.0,0.0,0.0,0.0,1.0,0.0,0.0,0.0,0,0.0,0.0,0.0,0.0,0.0,2639.83,0.0,0.0,0.0,0,0.0,0.0,0.0,0.0,0.0,59.03,0.0,0.0,0.0
TZA_2014_346,17.0,18747.18,419.22,0,0.0,1.0,0.0,0.0,0.0,0.0,11.0,0.0,1.0,0,0.0,8477.58,0.0,0.0,0.0,0.0,4756.0,0.0,3001.17,0,0.0,189.58,0.0,0.0,0.0,0.0,106.35,0.0,67.11
TZA_2014_347,25.0,34203.29,764.85,0,0.0,0.0,1.0,0.0,0.0,1.0,14.0,0.0,1.0,0,0.0,0.0,2327.31,0.0,0.0,3523.41,10810.41,0.0,2196.67,0,0.0,0.0,52.04,0.0,0.0,78.79,241.74,0.0,49.12
TZA_2014_348,1.0,1121.77,25.08,0,0.0,1.0,0.0,0.0,0.0,0.0,0.0,0.0,0.0,0,0.0,1121.77,0.0,0.0,0.0,0.0,0.0,0.0,0.0,0,0.0,25.08,0.0,0.0,0.0,0.0,0.0,0.0,0.0
TZA_2014_349,2.0,7968.46,178.19,0,0.0,0.0,0.0,0.0,0.0,0.0,0.0,0.0,1.0,0,0.0,0.0,0.0,0.0,0.0,0.0,0.0,0.0,2038.13,0,0.0,0.0,0.0,0.0,0.0,0.0,0.0,0.0,45.58
TZA_2014_35,1.0,861.13,19.74,0,0.0,0.0,0.0,0.0,0.0,1.0,0.0,0.0,0.0,0,0.0,0.0,0.0,0.0,0.0,861.13,0.0,0.0,0.0,0,0.0,0.0,0.0,0.0,0.0,19.74,0.0,0.0,0.0
TZA_2014_350,1.0,7665.93,171.41,0,0.0,1.0,0.0,0.0,0.0,0.0,0.0,0.0,0.0,0,0.0,7665.93,0.0,0.0,0.0,0.0,0.0,0.0,0.0,0,0.0,171.41,0.0,0.0,0.0,0.0,0.0,0.0,0.0
TZA_2014_351,1.0,7351.08,164.36,0,0.0,0.0,0.0,0.0,0.0,0.0,0.0,0.0,1.0,0,0.0,0.0,0.0,0.0,0.0,0.0,0.0,0.0,7351.08,0,0.0,0.0,0.0,0.0,0.0,0.0,0.0,0.0,164.36
TZA_2014_352,19.0,27545.39,615.84,0,0.0,0.0,0.0,0.0,0.0,0.0,0.0,0.0,1.0,0,0.0,0.0,0.0,0.0,0.0,0.0,0.0,0.0,5491.61,0,0.0,0.0,0.0,0.0,0.0,0.0,0.0,0.0,122.78
TZA_2014_353,1.0,5503.43,123.04,0,0.0,0.0,0.0,0.0,1.0,0.0,0.0,0.0,0.0,0,0.0,0.0,0.0,0.0,5503.43,0.0,0.0,0.0,0.0,0,0.0,0.0,0.0,0.0,123.04,0.0,0.0,0.0,0.0
TZA_2014_354,3.0,11390.78,254.63,0,0.0,0.0,0.0,0.0,0.0,0.0,0.0,0.0,0.0,0,0.0,0.0,0.0,0.0,0.0,0.0,0.0,0.0,0.0,0,0.0,0.0,0.0,0.0,0.0,0.0,0.0,0.0,0.0
TZA_2014_355,2.0,12024.87,268.81,0,0.0,1.0,0.0,0.0,0.0,0.0,0.0,0.0,0.0,0,0.0,7622.18,0.0,0.0,0.0,0.0,0.0,0.0,0.0,0,0.0,170.39,0.0,0.0,0.0,0.0,0.0,0.0,0.0
TZA_2014_356,19.0,28505.87,637.2,0,0.0,2.0,0.0,0.0,2.0,0.0,11.0,0.0,2.0,0,0.0,2646.88,0.0,0.0,1979.41,0.0,7241.65,0.0,11989.16,0,0.0,59.17,0.0,0.0,44.25,0.0,161.87,0.0,268.0
TZA_2014_357,20.0,23238.84,519.46,0,0.0,1.0,0.0,0.0,0.0,4.0,12.0,0.0,1.0,0,0.0,7666.23,0.0,0.0,0.0,5457.38,7417.65,0.0,1005.2,0,0.0,171.36,0.0,0.0,0.0,121.99,165.81,0.0,22.47
TZA_2014_358,6.0,13844.5,309.46,0,0.0,0.0,0.0,0.0,0.0,1.0,0.0,0.0,5.0,0,0.0,0.0,0.0,0.0,0.0,3274.37,0.0,0.0,10570.12,0,0.0,0.0,0.0,0.0,0.0,73.19,0.0,0.0,236.27
TZA_2014_359,1.0,8109.0,181.25,0,0.0,0.0,1.0,0.0,0.0,0.0,0.0,0.0,0.0,0,0.0,0.0,8109.0,0.0,0.0,0.0,0.0,0.0,0.0,0,0.0,0.0,181.25,0.0,0.0,0.0,0.0,0.0,0.0
TZA_2014_36,15.0,7910.83,181.34,0,0.0,0.0,13.0,0.0,0.0,0.0,0.0,0.0,0.0,0,0.0,0.0,7374.42,0.0,0.0,0.0,0.0,0.0,0.0,0,0.0,0.0,169.05,0.0,0.0,0.0,0.0,0.0,0.0
TZA_2014_360,0.0,0.0,0.0,0,0.0,0.0,0.0,0.0,0.0,0.0,0.0,0.0,0.0,0,0.0,0.0,0.0,0.0,0.0,0.0,0.0,0.0,0.0,0,0.0,0.0,0.0,0.0,0.0,0.0,0.0,0.0,0.0
TZA_2014_361,2.0,9572.0,213.93,0,0.0,0.0,0.0,0.0,0.0,2.0,0.0,0.0,0.0,0,0.0,0.0,0.0,0.0,0.0,9572.0,0.0,0.0,0.0,0,0.0,0.0,0.0,0.0,0.0,213.93,0.0,0.0,0.0
TZA_2014_362,70.0,61567.92,1376.0,0,0.0,3.0,0.0,0.0,0.0,0.0,56.0,0.0,2.0,0,0.0,11007.74,0.0,0.0,0.0,0.0,38975.25,0.0,4596.37,0,0.0,246.02,0.0,0.0,0.0,0.0,871.07,0.0,102.73
TZA_2014_363,2.0,10500.39,234.65,0,0.0,0.0,0.0,0.0,0.0,1.0,0.0,0.0,1.0,0,0.0,0.0,0.0,0.0,0.0,4029.23,0.0,0.0,6471.16,0,0.0,0.0,0.0,0.0,0.0,90.04,0.0,0.0,144.61
TZA_2014_364,22.0,23287.36,520.38,0,0.0,5.0,0.0,0.0,0.0,1.0,12.0,0.0,2.0,0,0.0,7277.27,0.0,0.0,0.0,36.51,8366.17,0.0,4926.45,0,0.0,162.62,0.0,0.0,0.0,0.82,186.95,0.0,110.09
TZA_2014_365,1.0,5857.28,130.89,0,0.0,0.0,1.0,0.0,0.0,0.0,0.0,0.0,0.0,0,0.0,0.0,5857.28,0.0,0.0,0.0,0.0,0.0,0.0,0,0.0,0.0,130.89,0.0,0.0,0.0,0.0,0.0,0.0
TZA_2014_366,15.0,25729.33,574.93,0,0.0,3.0,0.0,0.0,0.0,2.0,0.0,0.0,0.0,0,0.0,2331.03,0.0,0.0,0.0,3744.51,0.0,0.0,0.0,0,0.0,52.09,0.0,0.0,0.0,83.67,0.0,0.0,0.0
TZA_2014_367,0.0,0.0,0.0,0,0.0,0.0,0.0,0.0,0.0,0.0,0.0,0.0,0.0,0,0.0,0.0,0.0,0.0,0.0,0.0,0.0,0.0,0.0,0,0.0,0.0,0.0,0.0,0.0,0.0,0.0,0.0,0.0
TZA_2014_368,1.0,7436.47,166.16,0,0.0,0.0,0.0,0.0,0.0,0.0,0.0,0.0,0.0,0,0.0,0.0,0.0,0.0,0.0,0.0,0.0,0.0,0.0,0,0.0,0.0,0.0,0.0,0.0,0.0,0.0,0.0,0.0
TZA_2014_369,1.0,1.66,0.04,0,0.0,0.0,0.0,0.0,0.0,0.0,0.0,0.0,1.0,0,0.0,0.0,0.0,0.0,0.0,0.0,0.0,0.0,1.66,0,0.0,0.0,0.0,0.0,0.0,0.0,0.0,0.0,0.04
TZA_2014_37,15.0,20264.07,464.19,0,0.0,0.0,0.0,0.0,0.0,4.0,0.0,3.0,1.0,0,0.0,0.0,0.0,0.0,0.0,2449.22,0.0,288.05,3674.83,0,0.0,0.0,0.0,0.0,0.0,56.1,0.0,6.6,84.18
TZA_2014_370,9.0,16382.97,366.01,0,0.0,0.0,0.0,0.0,0.0,0.0,2.0,0.0,1.0,0,0.0,0.0,0.0,0.0,0.0,0.0,167.54,0.0,7106.69,0,0.0,0.0,0.0,0.0,0.0,0.0,3.74,0.0,158.77
TZA_2014_371,2.0,6116.95,136.65,0,0.0,0.0,0.0,0.0,0.0,0.0,1.0,0.0,0.0,0,0.0,0.0,0.0,0.0,0.0,0.0,688.64,0.0,0.0,0,0.0,0.0,0.0,0.0,0.0,0.0,15.38,0.0,0.0
TZA_2014_372,2.0,1879.35,41.98,0,0.0,1.0,0.0,0.0,0.0,0.0,0.0,0.0,0.0,0,0.0,627.36,0.0,0.0,0.0,0.0,0.0,0.0,0.0,0,0.0,14.01,0.0,0.0,0.0,0.0,0.0,0.0,0.0
TZA_2014_373,348.0,184269.5,4116.14,0,1.0,3.0,0.0,0.0,5.0,1.0,266.0,10.0,0.0,0,592.63,6879.23,0.0,0.0,1395.24,6513.88,108118.87,2077.97,0.0,0,13.24,153.67,0.0,0.0,31.17,145.5,2415.11,46.42,0.0
TZA_2014_374,74.0,77285.17,1726.36,0,0.0,1.0,0.0,0.0,3.0,3.0,53.0,0.0,1.0,0,0.0,6784.15,0.0,0.0,694.12,8015.82,34327.22,0.0,4298.84,0,0.0,151.54,0.0,0.0,15.5,179.05,766.79,0.0,96.03
TZA_2014_375,3.0,8777.91,196.07,0,0.0,0.0,0.0,0.0,0.0,0.0,0.0,0.0,3.0,0,0.0,0.0,0.0,0.0,0.0,0.0,0.0,0.0,8777.91,0,0.0,0.0,0.0,0.0,0.0,0.0,0.0,0.0,196.07
TZA_2014_376,577.0,235888.74,5268.94,0,0.0,16.0,0.0,0.0,9.0,6.0,474.0,17.0,0.0,0,0.0,8306.12,0.0,0.0,1534.75,4632.53,176494.67,2592.65,0.0,0,0.0,185.53,0.0,0.0,34.28,103.47,3942.28,57.91,0.0
TZA_2014_377,4.0,14642.8,327.06,0,0.0,1.0,0.0,0.0,0.0,0.0,0.0,0.0,1.0,0,0.0,8263.14,0.0,0.0,0.0,0.0,0.0,0.0,3694.8,0,0.0,184.57,0.0,0.0,0.0,0.0,0.0,0.0,82.53
TZA_2014_378,657.0,214111.99,4782.34,0,0.0,18.0,8.0,0.0,27.0,14.0,494.0,25.0,7.0,0,0.0,6914.84,6876.33,0.0,7010.09,10216.42,148604.89,3190.86,697.51,0,0.0,154.45,153.59,0.0,156.58,228.19,3319.19,71.27,15.58
TZA_2014_379,0.0,0.0,0.0,0,0.0,0.0,0.0,0.0,0.0,0.0,0.0,0.0,0.0,0,0.0,0.0,0.0,0.0,0.0,0.0,0.0,0.0,0.0,0,0.0,0.0,0.0,0.0,0.0,0.0,0.0,0.0,0.0
TZA_2014_38,149.0,83410.93,1908.9,0,0.0,0.0,5.0,0.0,0.0,5.0,117.0,9.0,6.0,0,0.0,0.0,7541.18,0.0,0.0,2966.32,48488.85,1960.57,18705.04,0,0.0,0.0,172.58,0.0,0.0,67.89,1109.69,44.87,428.07
TZA_2014_380,471.0,197633.5,4414.1,0,0.0,0.0,7.0,0.0,22.0,3.0,374.0,11.0,0.0,0,0.0,0.0,7963.2,0.0,7694.39,5519.07,134263.49,1821.23,0.0,0,0.0,0.0,177.86,0.0,171.85,123.27,2998.75,40.68,0.0
TZA_2014_381,0.0,0.0,0.0,0,0.0,0.0,0.0,0.0,0.0,0.0,0.0,0.0,0.0,0,0.0,0.0,0.0,0.0,0.0,0.0,0.0,0.0,0.0,0,0.0,0.0,0.0,0.0,0.0,0.0,0.0,0.0,0.0
TZA_2014_382,7.0,14116.52,315.24,0,0.0,3.0,0.0,0.0,0.0,0.0,1.0,0.0,3.0,0,0.0,6208.48,0.0,0.0,0.0,0.0,1057.32,0.0,6850.72,0,0.0,138.64,0.0,0.0,0.0,0.0,23.61,0.0,152.99
TZA_2014_383,1.0,2169.66,48.45,0,0.0,0.0,0.0,0.0,0.0,0.0,0.0,0.0,0.0,0,0.0,0.0,0.0,0.0,0.0,0.0,0.0,0.0,0.0,0,0.0,0.0,0.0,0.0,0.0,0.0,0.0,0.0,0.0
TZA_2014_384,1.0,9466.95,211.41,0,0.0,0.0,0.0,0.0,0.0,1.0,0.0,0.0,0.0,0,0.0,0.0,0.0,0.0,0.0,9466.95,0.0,0.0,0.0,0,0.0,0.0,0.0,0.0,0.0,211.41,0.0,0.0,0.0
TZA_2014_385,0.0,0.0,0.0,0,0.0,0.0,0.0,0.0,0.0,0.0,0.0,0.0,0.0,0,0.0,0.0,0.0,0.0,0.0,0.0,0.0,0.0,0.0,0,0.0,0.0,0.0,0.0,0.0,0.0,0.0,0.0,0.0
TZA_2014_386,4.0,14188.24,316.82,0,0.0,1.0,0.0,0.0,0.0,0.0,1.0,0.0,0.0,0,0.0,7615.04,0.0,0.0,0.0,0.0,974.63,0.0,0.0,0,0.0,170.04,0.0,0.0,0.0,0.0,21.76,0.0,0.0
TZA_2014_387,2.0,11629.67,259.67,0,0.0,0.0,0.0,0.0,0.0,1.0,0.0,0.0,0.0,0,0.0,0.0,0.0,0.0,0.0,8656.95,0.0,0.0,0.0,0,0.0,0.0,0.0,0.0,0.0,193.3,0.0,0.0,0.0
TZA_2014_388,2.0,1479.21,33.02,0,0.0,0.0,0.0,0.0,0.0,0.0,2.0,0.0,0.0,0,0.0,0.0,0.0,0.0,0.0,0.0,1479.21,0.0,0.0,0,0.0,0.0,0.0,0.0,0.0,0.0,33.02,0.0,0.0
TZA_2014_389,4.0,8842.65,197.4,0,0.0,0.0,0.0,0.0,0.0,2.0,0.0,0.0,0.0,0,0.0,0.0,0.0,0.0,0.0,3058.39,0.0,0.0,0.0,0,0.0,0.0,0.0,0.0,0.0,68.27,0.0,0.0,0.0
TZA_2014_39,2.0,6901.84,157.95,0,0.0,0.0,0.0,0.0,0.0,1.0,0.0,0.0,0.0,0,0.0,0.0,0.0,0.0,0.0,6175.18,0.0,0.0,0.0,0,0.0,0.0,0.0,0.0,0.0,141.32,0.0,0.0,0.0
TZA_2014_390,4.0,14364.37,320.66,0,0.0,0.0,1.0,0.0,0.0,0.0,0.0,0.0,0.0,0,0.0,0.0,1930.43,0.0,0.0,0.0,0.0,0.0,0.0,0,0.0,0.0,43.09,0.0,0.0,0.0,0.0,0.0,0.0
TZA_2014_391,0.0,0.0,0.0,0,0.0,0.0,0.0,0.0,0.0,0.0,0.0,0.0,0.0,0,0.0,0.0,0.0,0.0,0.0,0.0,0.0,0.0,0.0,0,0.0,0.0,0.0,0.0,0.0,0.0,0.0,0.0,0.0
TZA_2014_392,4.0,12251.12,273.46,0,0.0,0.0,0.0,0.0,0.0,0.0,0.0,0.0,0.0,0,0.0,0.0,0.0,0.0,0.0,0.0,0.0,0.0,0.0,0,0.0,0.0,0.0,0.0,0.0,0.0,0.0,0.0,0.0
TZA_2014_393,2.0,10310.66,230.14,0,0.0,0.0,0.0,0.0,0.0,0.0,0.0,0.0,2.0,0,0.0,0.0,0.0,0.0,0.0,0.0,0.0,0.0,10310.66,0,0.0,0.0,0.0,0.0,0.0,0.0,0.0,0.0,230.14
TZA_2014_394,3.0,9430.85,210.48,0,0.0,0.0,2.0,0.0,0.0,0.0,0.0,0.0,1.0,0,0.0,0.0,5597.44,0.0,0.0,0.0,0.0,0.0,3833.42,0,0.0,0.0,124.92,0.0,0.0,0.0,0.0,0.0,85.55
TZA_2014_395,3.0,11720.36,261.57,0,0.0,0.0,0.0,0.0,0.0,1.0,0.0,0.0,1.0,0,0.0,0.0,0.0,0.0,0.0,229.67,0.0,0.0,8078.7,0,0.0,0.0,0.0,0.0,0.0,5.13,0.0,0.0,180.3
TZA_2014_396,0.0,0.0,0.0,0,0.0,0.0,0.0,0.0,0.0,0.0,0.0,0.0,0.0,0,0.0,0.0,0.0,0.0,0.0,0.0,0.0,0.0,0.0,0,0.0,0.0,0.0,0.0,0.0,0.0,0.0,0.0,0.0
TZA_2014_397,8.0,26489.2,591.11,0,0.0,0.0,0.0,0.0,0.0,2.0,1.0,0.0,3.0,0,0.0,0.0,0.0,0.0,0.0,5228.76,5125.29,0.0,12686.65,0,0.0,0.0,0.0,0.0,0.0,116.68,114.37,0.0,283.11
TZA_2014_398,0.0,0.0,0.0,0,0.0,0.0,0.0,0.0,0.0,0.0,0.0,0.0,0.0,0,0.0,0.0,0.0,0.0,0.0,0.0,0.0,0.0,0.0,0,0.0,0.0,0.0,0.0,0.0,0.0,0.0,0.0,0.0
TZA_2014_399,1.0,6594.25,147.15,0,0.0,0.0,1.0,0.0,0.0,0.0,0.0,0.0,0.0,0,0.0,0.0,6594.25,0.0,0.0,0.0,0.0,0.0,0.0,0,0.0,0.0,147.15,0.0,0.0,0.0,0.0,0.0,0.0
TZA_2014_4,1.0,6862.21,158.65,0,0.0,0.0,0.0,0.0,0.0,0.0,0.0,0.0,1.0,0,0.0,0.0,0.0,0.0,0.0,0.0,0.0,0.0,6862.21,0,0.0,0.0,0.0,0.0,0.0,0.0,0.0,0.0,158.65
TZA_2014_40,25.0,36122.11,826.32,0,0.0,0.0,0.0,0.0,0.0,8.0,3.0,0.0,1.0,0,0.0,0.0,0.0,0.0,0.0,8700.48,757.91,0.0,139.35,0,0.0,0.0,0.0,0.0,0.0,199.03,17.34,0.0,3.19
TZA_2014_400,2.0,13554.64,302.45,0,0.0,0.0,0.0,0.0,0.0,0.0,0.0,0.0,2.0,0,0.0,0.0,0.0,0.0,0.0,0.0,0.0,0.0,13554.64,0,0.0,0.0,0.0,0.0,0.0,0.0,0.0,0.0,302.45
TZA_2014_401,3.0,9094.27,202.92,0,0.0,0.0,1.0,0.0,1.0,0.0,1.0,0.0,0.0,0,0.0,0.0,6977.86,0.0,1113.98,0.0,1002.44,0.0,0.0,0,0.0,0.0,155.69,0.0,24.86,0.0,22.37,0.0,0.0
TZA_2014_402,6.0,16310.88,363.92,0,0.0,2.0,1.0,0.0,0.0,1.0,0.0,0.0,1.0,0,0.0,7782.82,4818.88,0.0,0.0,2347.74,0.0,0.0,210.76,0,0.0,173.64,107.51,0.0,0.0,52.38,0.0,0.0,4.7
TZA_2014_403,14.0,25646.46,572.19,0,0.0,0.0,0.0,0.0,1.0,1.0,7.0,0.0,5.0,0,0.0,0.0,0.0,0.0,3014.37,4501.38,8064.31,0.0,10066.4,0,0.0,0.0,0.0,0.0,67.25,100.43,179.92,0.0,224.59
TZA_2014_404,0.0,0.0,0.0,0,0.0,0.0,0.0,0.0,0.0,0.0,0.0,0.0,0.0,0,0.0,0.0,0.0,0.0,0.0,0.0,0.0,0.0,0.0,0,0.0,0.0,0.0,0.0,0.0,0.0,0.0,0.0,0.0
TZA_2014_405,3.0,12609.83,281.33,0,0.0,0.0,0.0,0.0,0.0,2.0,0.0,0.0,1.0,0,0.0,0.0,0.0,0.0,0.0,2891.42,0.0,0.0,9718.4,0,0.0,0.0,0.0,0.0,0.0,64.51,0.0,0.0,216.82
TZA_2014_406,15.0,14587.58,325.44,0,0.0,0.0,3.0,0.0,0.0,0.0,11.0,0.0,1.0,0,0.0,0.0,9821.72,0.0,0.0,0.0,4057.56,0.0,708.29,0,0.0,0.0,219.12,0.0,0.0,0.0,90.52,0.0,15.8
TZA_2014_407,2.0,11053.17,246.59,0,0.0,0.0,0.0,0.0,0.0,0.0,0.0,0.0,1.0,0,0.0,0.0,0.0,0.0,0.0,0.0,0.0,0.0,8109.61,0,0.0,0.0,0.0,0.0,0.0,0.0,0.0,0.0,180.92
TZA_2014_408,1.0,4626.54,103.21,0,0.0,0.0,0.0,0.0,0.0,0.0,0.0,0.0,1.0,0,0.0,0.0,0.0,0.0,0.0,0.0,0.0,0.0,4626.54,0,0.0,0.0,0.0,0.0,0.0,0.0,0.0,0.0,103.21
TZA_2014_409,76.0,53763.42,1199.39,0,0.0,1.0,0.0,0.0,1.0,16.0,44.0,2.0,9.0,0,0.0,5497.32,0.0,0.0,69.94,17442.82,21924.85,203.62,8227.57,0,0.0,122.64,0.0,0.0,1.56,389.12,489.11,4.54,183.55
TZA_2014_41,72.0,79413.08,1816.51,0,0.0,1.0,0.0,0.0,1.0,9.0,26.0,7.0,5.0,0,0.0,5673.09,0.0,0.0,732.75,16793.4,16341.51,1190.87,10963.3,0,0.0,129.77,0.0,0.0,16.76,384.14,373.8,27.24,250.78
TZA_2014_410,10.0,13334.81,297.46,0,0.0,0.0,0.0,0.0,0.0,2.0,0.0,0.0,1.0,0,0.0,0.0,0.0,0.0,0.0,1384.16,0.0,0.0,4359.49,0,0.0,0.0,0.0,0.0,0.0,30.88,0.0,0.0,97.25
TZA_2014_411,3.0,16472.9,367.45,0,0.0,0.0,1.0,0.0,0.0,2.0,0.0,0.0,0.0,0,0.0,0.0,7965.22,0.0,0.0,8507.68,0.0,0.0,0.0,0,0.0,0.0,177.67,0.0,0.0,189.77,0.0,0.0,0.0
TZA_2014_412,3.0,12196.39,272.05,0,0.0,0.0,0.0,0.0,0.0,0.0,0.0,0.0,1.0,0,0.0,0.0,0.0,0.0,0.0,0.0,0.0,0.0,3548.85,0,0.0,0.0,0.0,0.0,0.0,0.0,0.0,0.0,79.16
TZA_2014_413,126.0,60553.73,1350.66,0,0.0,2.0,2.0,0.0,0.0,2.0,71.0,3.0,19.0,0,0.0,1211.5,2431.28,0.0,0.0,8822.43,28022.95,537.46,12759.78,0,0.0,27.02,54.23,0.0,0.0,196.79,625.05,11.99,284.61
TZA_2014_414,1.0,1083.79,24.17,0,0.0,0.0,0.0,0.0,0.0,0.0,0.0,0.0,0.0,0,0.0,0.0,0.0,0.0,0.0,0.0,0.0,0.0,0.0,0,0.0,0.0,0.0,0.0,0.0,0.0,0.0,0.0,0.0
TZA_2014_415,1.0,2324.53,51.85,0,0.0,0.0,0.0,0.0,0.0,1.0,0.0,0.0,0.0,0,0.0,0.0,0.0,0.0,0.0,2324.53,0.0,0.0,0.0,0,0.0,0.0,0.0,0.0,0.0,51.85,0.0,0.0,0.0
TZA_2014_416,1.0,7899.51,176.18,0,0.0,0.0,0.0,0.0,0.0,0.0,0.0,0.0,1.0,0,0.0,0.0,0.0,0.0,0.0,0.0,0.0,0.0,7899.51,0,0.0,0.0,0.0,0.0,0.0,0.0,0.0,0.0,176.18
TZA_2014_417,0.0,0.0,0.0,0,0.0,0.0,0.0,0.0,0.0,0.0,0.0,0.0,0.0,0,0.0,0.0,0.0,0.0,0.0,0.0,0.0,0.0,0.0,0,0.0,0.0,0.0,0.0,0.0,0.0,0.0,0.0,0.0
TZA_2014_418,1.0,10550.52,235.3,0,0.0,0.0,0.0,0.0,0.0,1.0,0.0,0.0,0.0,0,0.0,0.0,0.0,0.0,0.0,10550.52,0.0,0.0,0.0,0,0.0,0.0,0.0,0.0,0.0,235.3,0.0,0.0,0.0
TZA_2014_42,8.0,16407.79,375.09,0,0.0,0.0,0.0,0.0,0.0,4.0,4.0,0.0,0.0,0,0.0,0.0,0.0,0.0,0.0,15515.72,892.07,0.0,0.0,0,0.0,0.0,0.0,0.0,0.0,354.69,20.39,0.0,0.0
TZA_2014_43,3.0,13637.22,311.64,0,0.0,0.0,1.0,0.0,0.0,1.0,0.0,0.0,0.0,0,0.0,0.0,1496.98,0.0,0.0,8886.13,0.0,0.0,0.0,0,0.0,0.0,34.21,0.0,0.0,203.07,0.0,0.0,0.0
TZA_2014_44,3.0,12069.16,275.64,0,0.0,0.0,0.0,0.0,0.0,2.0,0.0,0.0,1.0,0,0.0,0.0,0.0,0.0,0.0,7049.27,0.0,0.0,5019.89,0,0.0,0.0,0.0,0.0,0.0,160.99,0.0,0.0,114.64
TZA_2014_45,35.0,31875.51,727.94,0,0.0,3.0,0.0,0.0,0.0,2.0,24.0,1.0,4.0,0,0.0,6848.69,0.0,0.0,0.0,3198.11,9651.44,148.54,10485.83,0,0.0,156.4,0.0,0.0,0.0,73.03,220.41,3.39,239.46
TZA_2014_46,162.0,72708.42,1660.32,0,0.0,1.0,0.0,0.0,0.0,14.0,111.0,15.0,8.0,0,0.0,7629.79,0.0,0.0,0.0,7209.89,38339.9,3030.47,7087.8,0,0.0,174.23,0.0,0.0,0.0,164.64,875.5,69.2,161.85
TZA_2014_47,37.0,28110.73,641.89,0,0.0,3.0,0.0,0.0,0.0,2.0,24.0,2.0,6.0,0,0.0,6728.8,0.0,0.0,0.0,750.19,9651.44,761.6,10218.68,0,0.0,153.65,0.0,0.0,0.0,17.13,220.39,17.39,233.34
TZA_2014_48,0.0,0.0,0.0,0,0.0,0.0,0.0,0.0,0.0,0.0,0.0,0.0,0.0,0,0.0,0.0,0.0,0.0,0.0,0.0,0.0,0.0,0.0,0,0.0,0.0,0.0,0.0,0.0,0.0,0.0,0.0,0.0
TZA_2014_49,6.0,21255.37,485.24,0,0.0,0.0,0.0,0.0,0.0,2.0,0.0,0.0,4.0,0,0.0,0.0,0.0,0.0,0.0,6829.92,0.0,0.0,14425.45,0,0.0,0.0,0.0,0.0,0.0,155.92,0.0,0.0,329.32
TZA_2014_5,240.0,144272.26,3334.9,0,49.0,0.0,2.0,0.0,12.0,5.0,127.0,1.0,1.0,0,15312.32,0.0,8734.32,0.0,7299.32,12296.6,61678.46,154.91,3417.85,0,353.95,0.0,201.9,0.0,168.73,284.24,1425.72,3.58,79.0
TZA_2014_50,161.0,75944.8,1733.62,0,0.0,0.0,3.0,0.0,0.0,10.0,115.0,19.0,0.0,0,0.0,0.0,12147.05,0.0,0.0,10342.49,47397.99,3060.43,0.0,0,0.0,0.0,277.29,0.0,0.0,236.09,1081.97,69.86,0.0
TZA_2014_51,24.0,30496.63,696.13,0,0.0,4.0,0.0,0.0,5.0,0.0,10.0,1.0,1.0,0,0.0,6879.42,0.0,0.0,6128.94,0.0,5265.86,134.2,6790.8,0,0.0,157.03,0.0,0.0,139.9,0.0,120.2,3.06,155.01
TZA_2014_52,1.0,7083.17,161.62,0,0.0,1.0,0.0,0.0,0.0,0.0,0.0,0.0,0.0,0,0.0,7083.17,0.0,0.0,0.0,0.0,0.0,0.0,0.0,0,0.0,161.62,0.0,0.0,0.0,0.0,0.0,0.0,0.0
TZA_2014_53,11.0,16631.01,379.44,0,0.0,0.0,0.0,0.0,1.0,0.0,0.0,0.0,2.0,0,0.0,0.0,0.0,0.0,1430.75,0.0,0.0,0.0,3597.32,0,0.0,0.0,0.0,0.0,32.64,0.0,0.0,0.0,82.07
TZA_2014_54,4.0,8598.12,196.15,0,0.0,0.0,0.0,0.0,0.0,0.0,0.0,0.0,0.0,0,0.0,0.0,0.0,0.0,0.0,0.0,0.0,0.0,0.0,0,0.0,0.0,0.0,0.0,0.0,0.0,0.0,0.0,0.0
TZA_2014_55,0.0,0.0,0.0,0,0.0,0.0,0.0,0.0,0.0,0.0,0.0,0.0,0.0,0,0.0,0.0,0.0,0.0,0.0,0.0,0.0,0.0,0.0,0,0.0,0.0,0.0,0.0,0.0,0.0,0.0,0.0,0.0
TZA_2014_56,8.0,20157.32,459.61,0,0.0,0.0,0.0,0.0,2.0,2.0,0.0,0.0,1.0,0,0.0,0.0,0.0,0.0,2647.42,5763.02,0.0,0.0,4087.91,0,0.0,0.0,0.0,0.0,60.36,131.4,0.0,0.0,93.21
TZA_2014_57,3.0,12086.55,275.48,0,0.0,0.0,0.0,0.0,0.0,0.0,0.0,0.0,0.0,0,0.0,0.0,0.0,0.0,0.0,0.0,0.0,0.0,0.0,0,0.0,0.0,0.0,0.0,0.0,0.0,0.0,0.0,0.0
TZA_2014_58,1.0,3280.26,74.76,0,0.0,0.0,0.0,0.0,0.0,0.0,0.0,0.0,0.0,0,0.0,0.0,0.0,0.0,0.0,0.0,0.0,0.0,0.0,0,0.0,0.0,0.0,0.0,0.0,0.0,0.0,0.0,0.0
TZA_2014_59,3.0,7627.19,173.82,0,0.0,0.0,2.0,0.0,0.0,0.0,0.0,0.0,1.0,0,0.0,0.0,6615.21,0.0,0.0,0.0,0.0,0.0,1011.99,0,0.0,0.0,150.76,0.0,0.0,0.0,0.0,0.0,23.06
TZA_2014_6,0.0,0.0,0.0,0,0.0,0.0,0.0,0.0,0.0,0.0,0.0,0.0,0.0,0,0.0,0.0,0.0,0.0,0.0,0.0,0.0,0.0,0.0,0,0.0,0.0,0.0,0.0,0.0,0.0,0.0,0.0,0.0
TZA_2014_60,0.0,0.0,0.0,0,0.0,0.0,0.0,0.0,0.0,0.0,0.0,0.0,0.0,0,0.0,0.0,0.0,0.0,0.0,0.0,0.0,0.0,0.0,0,0.0,0.0,0.0,0.0,0.0,0.0,0.0,0.0,0.0
TZA_2014_61,9.0,28205.46,642.69,0,0.0,1.0,0.0,0.0,2.0,0.0,1.0,0.0,3.0,0,0.0,7201.21,0.0,0.0,4549.84,0.0,159.68,0.0,8923.97,0,0.0,164.09,0.0,0.0,103.67,0.0,3.64,0.0,203.34
TZA_2014_62,173.0,87676.32,1995.55,0,0.0,1.0,0.0,0.0,0.0,8.0,151.0,8.0,0.0,0,0.0,5218.9,0.0,0.0,0.0,5495.63,72953.82,852.0,0.0,0,0.0,118.78,0.0,0.0,0.0,125.08,1660.46,19.39,0.0
TZA_2014_63,1.0,3262.63,74.25,0,0.0,0.0,0.0,0.0,0.0,0.0,0.0,0.0,0.0,0,0.0,0.0,0.0,0.0,0.0,0.0,0.0,0.0,0.0,0,0.0,0.0,0.0,0.0,0.0,0.0,0.0,0.0,0.0
TZA_2014_64,3.0,6944.81,158.0,0,0.0,0.0,1.0,0.0,0.0,2.0,0.0,0.0,0.0,0,0.0,0.0,176.7,0.0,0.0,6768.11,0.0,0.0,0.0,0,0.0,0.0,4.02,0.0,0.0,153.98,0.0,0.0,0.0
TZA_2014_65,1.0,6991.26,159.04,0,0.0,0.0,0.0,0.0,0.0,0.0,0.0,0.0,1.0,0,0.0,0.0,0.0,0.0,0.0,0.0,0.0,0.0,6991.26,0,0.0,0.0,0.0,0.0,0.0,0.0,0.0,0.0,159.04
TZA_2014_66,91.0,68149.56,1550.0,0,0.0,0.0,1.0,0.0,0.0,2.0,64.0,1.0,4.0,0,0.0,0.0,7666.94,0.0,0.0,4484.28,32649.14,293.73,3072.98,0,0.0,0.0,174.38,0.0,0.0,101.99,742.57,6.68,69.89
TZA_2014_67,1.0,7047.6,160.27,0,0.0,0.0,0.0,0.0,0.0,0.0,0.0,0.0,0.0,0,0.0,0.0,0.0,0.0,0.0,0.0,0.0,0.0,0.0,0,0.0,0.0,0.0,0.0,0.0,0.0,0.0,0.0,0.0
TZA_2014_68,76.0,59309.13,1348.65,0,0.0,0.0,7.0,0.0,0.0,7.0,37.0,2.0,1.0,0,0.0,0.0,6434.03,0.0,0.0,15104.03,14291.23,435.28,1610.83,0,0.0,0.0,146.31,0.0,0.0,343.46,324.97,9.9,36.63
TZA_2014_69,3.0,9106.16,207.05,0,0.0,1.0,0.0,0.0,0.0,0.0,0.0,0.0,0.0,0,0.0,7913.02,0.0,0.0,0.0,0.0,0.0,0.0,0.0,0,0.0,179.92,0.0,0.0,0.0,0.0,0.0,0.0,0.0
TZA_2014_7,5.0,18303.44,422.92,0,0.0,0.0,0.0,0.0,0.0,0.0,0.0,0.0,0.0,0,0.0,0.0,0.0,0.0,0.0,0.0,0.0,0.0,0.0,0,0.0,0.0,0.0,0.0,0.0,0.0,0.0,0.0,0.0
TZA_2014_70,45.0,58589.71,1331.2,0,0.0,0.0,3.0,0.0,0.0,8.0,27.0,1.0,3.0,0,0.0,0.0,7617.22,0.0,0.0,22048.26,16880.7,32.41,4670.0,0,0.0,0.0,173.07,0.0,0.0,500.95,383.54,0.74,106.11
TZA_2014_71,3.0,12007.92,272.75,0,0.0,0.0,0.0,0.0,0.0,1.0,0.0,0.0,0.0,0,0.0,0.0,0.0,0.0,0.0,3880.54,0.0,0.0,0.0,0,0.0,0.0,0.0,0.0,0.0,88.14,0.0,0.0,0.0
TZA_2014_72,121.0,61332.45,1392.65,0,0.0,4.0,7.0,0.0,0.0,4.0,78.0,12.0,2.0,0,0.0,7365.29,5807.63,0.0,0.0,1756.33,37173.58,1191.47,1034.51,0,0.0,167.24,131.87,0.0,0.0,39.88,844.08,27.05,23.49
TZA_2014_73,10.0,10129.65,229.94,0,0.0,0.0,0.0,0.0,0.0,1.0,6.0,1.0,1.0,0,0.0,0.0,0.0,0.0,0.0,2755.86,4080.19,59.39,2031.76,0,0.0,0.0,0.0,0.0,0.0,62.56,92.62,1.35,46.12
TZA_2014_74,6.0,15137.32,343.59,0,4.0,1.0,0.0,0.0,0.0,1.0,0.0,0.0,0.0,0,1696.48,10154.25,0.0,0.0,0.0,3286.59,0.0,0.0,0.0,0,38.51,230.48,0.0,0.0,0.0,74.6,0.0,0.0,0.0
TZA_2014_75,0.0,0.0,0.0,0,0.0,0.0,0.0,0.0,0.0,0.0,0.0,0.0,0.0,0,0.0,0.0,0.0,0.0,0.0,0.0,0.0,0.0,0.0,0,0.0,0.0,0.0,0.0,0.0,0.0,0.0,0.0,0.0
TZA_2014_76,1.0,7694.41,174.48,0,0.0,1.0,0.0,0.0,0.0,0.0,0.0,0.0,0.0,0,0.0,7694.41,0.0,0.0,0.0,0.0,0.0,0.0,0.0,0,0.0,174.48,0.0,0.0,0.0,0.0,0.0,0.0,0.0
TZA_2014_77,0.0,0.0,0.0,0,0.0,0.0,0.0,0.0,0.0,0.0,0.0,0.0,0.0,0,0.0,0.0,0.0,0.0,0.0,0.0,0.0,0.0,0.0,0,0.0,0.0,0.0,0.0,0.0,0.0,0.0,0.0,0.0
TZA_2014_78,0.0,0.0,0.0,0,0.0,0.0,0.0,0.0,0.0,0.0,0.0,0.0,0.0,0,0.0,0.0,0.0,0.0,0.0,0.0,0.0,0.0,0.0,0,0.0,0.0,0.0,0.0,0.0,0.0,0.0,0.0,0.0
TZA_2014_79,14.0,19217.29,435.57,0,0.0,4.0,1.0,0.0,0.0,0.0,1.0,5.0,1.0,0,0.0,7529.49,5005.24,0.0,0.0,0.0,1153.7,1062.48,3520.78,0,0.0,170.66,113.45,0.0,0.0,0.0,26.15,24.08,79.8
TZA_2014_8,1.0,5795.11,133.9,0,0.0,0.0,0.0,0.0,0.0,0.0,0.0,0.0,1.0,0,0.0,0.0,0.0,0.0,0.0,0.0,0.0,0.0,5795.11,0,0.0,0.0,0.0,0.0,0.0,0.0,0.0,0.0,133.9
TZA_2014_80,3.0,4529.03,102.65,0,0.0,0.0,0.0,0.0,0.0,2.0,0.0,0.0,1.0,0,0.0,0.0,0.0,0.0,0.0,1548.48,0.0,0.0,2980.54,0,0.0,0.0,0.0,0.0,0.0,35.1,0.0,0.0,67.55
TZA_2014_81,1.0,3367.17,76.3,0,0.0,0.0,0.0,0.0,0.0,0.0,0.0,0.0,1.0,0,0.0,0.0,0.0,0.0,0.0,0.0,0.0,0.0,3367.17,0,0.0,0.0,0.0,0.0,0.0,0.0,0.0,0.0,76.3
TZA_2014_82,2.0,11924.73,270.14,0,0.0,0.0,0.0,0.0,0.0,2.0,0.0,0.0,0.0,0,0.0,0.0,0.0,0.0,0.0,11924.73,0.0,0.0,0.0,0,0.0,0.0,0.0,0.0,0.0,270.14,0.0,0.0,0.0
TZA_2014_83,1.0,7828.13,177.3,0,0.0,0.0,0.0,0.0,0.0,0.0,0.0,0.0,0.0,0,0.0,0.0,0.0,0.0,0.0,0.0,0.0,0.0,0.0,0,0.0,0.0,0.0,0.0,0.0,0.0,0.0,0.0,0.0
TZA_2014_84,4.0,7279.28,164.83,0,0.0,0.0,0.0,0.0,0.0,4.0,0.0,0.0,0.0,0,0.0,0.0,0.0,0.0,0.0,7279.28,0.0,0.0,0.0,0,0.0,0.0,0.0,0.0,0.0,164.83,0.0,0.0,0.0
TZA_2014_85,1.0,2139.16,48.44,0,0.0,0.0,0.0,0.0,0.0,0.0,0.0,0.0,1.0,0,0.0,0.0,0.0,0.0,0.0,0.0,0.0,0.0,2139.16,0,0.0,0.0,0.0,0.0,0.0,0.0,0.0,0.0,48.44
TZA_2014_86,0.0,0.0,0.0,0,0.0,0.0,0.0,0.0,0.0,0.0,0.0,0.0,0.0,0,0.0,0.0,0.0,0.0,0.0,0.0,0.0,0.0,0.0,0,0.0,0.0,0.0,0.0,0.0,0.0,0.0,0.0,0.0
TZA_2014_87,4.0,10404.94,235.52,0,0.0,0.0,0.0,0.0,0.0,4.0,0.0,0.0,0.0,0,0.0,0.0,0.0,0.0,0.0,10404.94,0.0,0.0,0.0,0,0.0,0.0,0.0,0.0,0.0,235.52,0.0,0.0,0.0
TZA_2014_88,3.0,16296.01,368.85,0,0.0,0.0,0.0,0.0,2.0,0.0,0.0,0.0,1.0,0,0.0,0.0,0.0,0.0,5772.84,0.0,0.0,0.0,10523.17,0,0.0,0.0,0.0,0.0,130.66,0.0,0.0,0.0,238.18
TZA_2014_89,0.0,0.0,0.0,0,0.0,0.0,0.0,0.0,0.0,0.0,0.0,0.0,0.0,0,0.0,0.0,0.0,0.0,0.0,0.0,0.0,0.0,0.0,0,0.0,0.0,0.0,0.0,0.0,0.0,0.0,0.0,0.0
TZA_2014_9,0.0,0.0,0.0,0,0.0,0.0,0.0,0.0,0.0,0.0,0.0,0.0,0.0,0,0.0,0.0,0.0,0.0,0.0,0.0,0.0,0.0,0.0,0,0.0,0.0,0.0,0.0,0.0,0.0,0.0,0.0,0.0
TZA_2014_90,80.0,55895.04,1264.39,0,0.0,0.0,0.0,0.0,0.0,0.0,77.0,0.0,1.0,0,0.0,0.0,0.0,0.0,0.0,0.0,41705.89,0.0,5709.49,0,0.0,0.0,0.0,0.0,0.0,0.0,943.42,0.0,129.15
TZA_2014_91,11.0,24821.34,561.46,0,0.0,2.0,2.0,0.0,0.0,1.0,3.0,0.0,2.0,0,0.0,5985.75,2375.57,0.0,0.0,3380.25,4755.01,0.0,3231.17,0,0.0,135.4,53.74,0.0,0.0,76.46,107.56,0.0,73.09
TZA_2014_92,14.0,24352.55,550.83,0,0.0,2.0,2.0,0.0,0.0,1.0,1.0,0.0,2.0,0,0.0,4106.17,5809.3,0.0,0.0,1098.48,1306.94,0.0,5916.2,0,0.0,92.88,131.4,0.0,0.0,24.85,29.56,0.0,133.82
TZA_2014_93,14.0,22921.75,518.46,0,0.0,2.0,2.0,0.0,0.0,1.0,1.0,0.0,2.0,0,0.0,4103.88,5813.85,0.0,0.0,1849.86,1306.94,0.0,5070.91,0,0.0,92.82,131.5,0.0,0.0,41.84,29.56,0.0,114.7
TZA_2014_94,5.0,14018.96,317.09,0,0.0,0.0,0.0,0.0,0.0,1.0,0.0,0.0,1.0,0,0.0,0.0,0.0,0.0,0.0,254.08,0.0,0.0,6540.62,0,0.0,0.0,0.0,0.0,0.0,5.75,0.0,0.0,147.94
TZA_2014_95,73.0,65186.3,1474.3,0,0.0,0.0,3.0,0.0,8.0,2.0,33.0,0.0,1.0,0,0.0,0.0,4921.53,0.0,11858.33,12293.01,15650.54,0.0,3113.36,0,0.0,0.0,111.31,0.0,268.2,278.03,353.96,0.0,70.41
TZA_2014_96,26.0,35483.95,802.53,0,0.0,1.0,9.0,0.0,0.0,0.0,1.0,0.0,2.0,0,0.0,1527.87,11115.82,0.0,0.0,0.0,1306.94,0.0,4764.65,0,0.0,34.56,251.4,0.0,0.0,0.0,29.56,0.0,107.76
TZA_2014_97,26.0,35829.5,810.33,0,0.0,1.0,9.0,0.0,0.0,0.0,1.0,0.0,2.0,0,0.0,1072.0,11848.78,0.0,0.0,0.0,1306.94,0.0,4104.2,0,0.0,24.24,267.98,0.0,0.0,0.0,29.56,0.0,92.82
TZA_2014_98,46.0,42976.18,971.95,0,0.0,1.0,9.0,0.0,0.0,0.0,23.0,0.0,2.0,0,0.0,474.33,12866.31,0.0,0.0,0.0,14667.98,0.0,2494.55,0,0.0,10.73,290.98,0.0,0.0,0.0,331.73,0.0,56.42
TZA_2014_99,49.0,45276.78,1023.98,0,0.0,1.0,9.0,0.0,0.0,0.0,1.0,1.0,2.0,0,0.0,377.32,13087.1,0.0,0.0,0.0,1080.86,680.25,2884.66,0,0.0,8.53,295.98,0.0,0.0,0.0,24.44,15.38,65.24
