id,total_count,total_length,total_density,count_tertiary,count_trunk,count_pedestrian,count_secondary,count_service,count_track,count_residential,count_living_street,count_primary,count_intersection,length_tertiary,length_trunk,length_pedestrian,length_secondary,length_service,length_track,length_residential,length_living_street,length_primary,length_intersection,density_tertiary,density_trunk,density_pedestrian,density_secondary,density_service,density_track,density_residential,density_living_street,density_primary,density_intersection
UGA_2010_0,0.0,0.0,0.0,0.0,0.0,0.0,0.0,0.0,0.0,0.0,0,0.0,0,0.0,0.0,0.0,0.0,0.0,0.0,0.0,0,0.0,0,0.0,0.0,0.0,0.0,0.0,0.0,0.0,0,0.0,0
UGA_2010_1,0.0,0.0,0.0,0.0,0.0,0.0,0.0,0.0,0.0,0.0,0,0.0,0,0.0,0.0,0.0,0.0,0.0,0.0,0.0,0,0.0,0,0.0,0.0,0.0,0.0,0.0,0.0,0.0,0,0.0,0
UGA_2010_10,0.0,0.0,0.0,0.0,0.0,0.0,0.0,0.0,0.0,0.0,0,0.0,0,0.0,0.0,0.0,0.0,0.0,0.0,0.0,0,0.0,0,0.0,0.0,0.0,0.0,0.0,0.0,0.0,0,0.0,0
UGA_2010_100,1.0,8266.66,184.29,0.0,0.0,0.0,1.0,0.0,0.0,0.0,0,0.0,0,0.0,0.0,0.0,8266.66,0.0,0.0,0.0,0,0.0,0,0.0,0.0,0.0,184.29,0.0,0.0,0.0,0,0.0,0
UGA_2010_101,0.0,0.0,0.0,0.0,0.0,0.0,0.0,0.0,0.0,0.0,0,0.0,0,0.0,0.0,0.0,0.0,0.0,0.0,0.0,0,0.0,0,0.0,0.0,0.0,0.0,0.0,0.0,0.0,0,0.0,0
UGA_2010_102,2.0,11791.21,262.87,0.0,0.0,0.0,2.0,0.0,0.0,0.0,0,0.0,0,0.0,0.0,0.0,11791.21,0.0,0.0,0.0,0,0.0,0,0.0,0.0,0.0,262.87,0.0,0.0,0.0,0,0.0,0
UGA_2010_103,0.0,0.0,0.0,0.0,0.0,0.0,0.0,0.0,0.0,0.0,0,0.0,0,0.0,0.0,0.0,0.0,0.0,0.0,0.0,0,0.0,0,0.0,0.0,0.0,0.0,0.0,0.0,0.0,0,0.0,0
UGA_2010_104,1.0,5250.24,117.05,0.0,0.0,0.0,1.0,0.0,0.0,0.0,0,0.0,0,0.0,0.0,0.0,5250.24,0.0,0.0,0.0,0,0.0,0,0.0,0.0,0.0,117.05,0.0,0.0,0.0,0,0.0,0
UGA_2010_105,0.0,0.0,0.0,0.0,0.0,0.0,0.0,0.0,0.0,0.0,0,0.0,0,0.0,0.0,0.0,0.0,0.0,0.0,0.0,0,0.0,0,0.0,0.0,0.0,0.0,0.0,0.0,0.0,0,0.0,0
UGA_2010_106,0.0,0.0,0.0,0.0,0.0,0.0,0.0,0.0,0.0,0.0,0,0.0,0,0.0,0.0,0.0,0.0,0.0,0.0,0.0,0,0.0,0,0.0,0.0,0.0,0.0,0.0,0.0,0.0,0,0.0,0
UGA_2010_107,1.0,7449.74,166.08,0.0,0.0,0.0,0.0,0.0,0.0,0.0,0,1.0,0,0.0,0.0,0.0,0.0,0.0,0.0,0.0,0,7449.74,0,0.0,0.0,0.0,0.0,0.0,0.0,0.0,0,166.08,0
UGA_2010_108,10.0,9301.57,207.37,0.0,0.0,0.0,0.0,0.0,0.0,1.0,0,1.0,0,0.0,0.0,0.0,0.0,0.0,0.0,267.9,0,7353.02,0,0.0,0.0,0.0,0.0,0.0,0.0,5.97,0,163.93,0
UGA_2010_109,4.0,1929.74,43.02,0.0,0.0,0.0,0.0,0.0,0.0,0.0,0,0.0,0,0.0,0.0,0.0,0.0,0.0,0.0,0.0,0,0.0,0,0.0,0.0,0.0,0.0,0.0,0.0,0.0,0,0.0,0
UGA_2010_11,0.0,0.0,0.0,0.0,0.0,0.0,0.0,0.0,0.0,0.0,0,0.0,0,0.0,0.0,0.0,0.0,0.0,0.0,0.0,0,0.0,0,0.0,0.0,0.0,0.0,0.0,0.0,0.0,0,0.0,0
UGA_2010_110,1.0,6324.77,141.0,0.0,0.0,0.0,0.0,0.0,0.0,0.0,0,1.0,0,0.0,0.0,0.0,0.0,0.0,0.0,0.0,0,6324.77,0,0.0,0.0,0.0,0.0,0.0,0.0,0.0,0,141.0,0
UGA_2010_111,0.0,0.0,0.0,0.0,0.0,0.0,0.0,0.0,0.0,0.0,0,0.0,0,0.0,0.0,0.0,0.0,0.0,0.0,0.0,0,0.0,0,0.0,0.0,0.0,0.0,0.0,0.0,0.0,0,0.0,0
UGA_2010_112,1.0,3801.89,84.76,0.0,0.0,0.0,0.0,0.0,0.0,0.0,0,1.0,0,0.0,0.0,0.0,0.0,0.0,0.0,0.0,0,3801.89,0,0.0,0.0,0.0,0.0,0.0,0.0,0.0,0,84.76,0
UGA_2010_113,0.0,0.0,0.0,0.0,0.0,0.0,0.0,0.0,0.0,0.0,0,0.0,0,0.0,0.0,0.0,0.0,0.0,0.0,0.0,0,0.0,0,0.0,0.0,0.0,0.0,0.0,0.0,0.0,0,0.0,0
UGA_2010_114,185.0,131985.53,2942.46,1.0,0.0,0.0,0.0,2.0,7.0,22.0,0,3.0,0,3039.82,0.0,0.0,0.0,654.51,2985.98,11036.23,0,7175.01,0,67.77,0.0,0.0,0.0,14.59,66.57,246.04,0,159.96,0
UGA_2010_115,33.0,24989.23,557.11,0.0,0.0,0.0,0.0,0.0,0.0,0.0,0,1.0,0,0.0,0.0,0.0,0.0,0.0,0.0,0.0,0,2911.47,0,0.0,0.0,0.0,0.0,0.0,0.0,0.0,0,64.91,0
UGA_2010_116,140.0,105629.48,2354.89,2.0,0.0,0.0,3.0,1.0,1.0,41.0,0,1.0,0,557.9,0.0,0.0,6754.0,154.42,759.3,22599.18,0,1397.81,0,12.44,0.0,0.0,150.57,3.44,16.93,503.82,0,31.16,0
UGA_2010_117,96.0,69241.94,1543.67,0.0,0.0,0.0,3.0,1.0,0.0,37.0,0,1.0,0,0.0,0.0,0.0,12293.38,154.42,0.0,23693.85,0,2221.84,0,0.0,0.0,0.0,274.07,3.44,0.0,528.23,0,49.53,0
UGA_2010_118,212.0,142404.36,3174.75,3.0,0.0,0.0,0.0,1.0,2.0,56.0,0,3.0,0,7690.28,0.0,0.0,0.0,486.55,727.63,19242.89,0,7354.78,0,171.45,0.0,0.0,0.0,10.85,16.22,429.0,0,163.97,0
UGA_2010_119,183.0,117846.59,2627.27,0.0,0.0,0.0,3.0,1.0,3.0,99.0,0,1.0,0,0.0,0.0,0.0,18516.1,154.42,1275.15,46324.0,0,4584.46,0,0.0,0.0,0.0,412.8,3.44,28.43,1032.74,0,102.21,0
UGA_2010_12,2.0,6973.07,155.5,0.0,0.0,0.0,0.0,0.0,0.0,0.0,0,2.0,0,0.0,0.0,0.0,0.0,0.0,0.0,0.0,0,6973.07,0,0.0,0.0,0.0,0.0,0.0,0.0,0.0,0,155.5,0
UGA_2010_120,225.0,149585.66,3334.86,4.0,0.0,0.0,3.0,0.0,3.0,99.0,0,2.0,0,14560.83,0.0,0.0,6048.11,0.0,739.66,43401.51,0,7244.37,0,324.62,0.0,0.0,134.84,0.0,16.49,967.59,0,161.51,0
UGA_2010_121,225.0,151399.51,3375.3,4.0,0.0,0.0,3.0,0.0,2.0,96.0,0,2.0,0,14695.89,0.0,0.0,5795.43,0.0,366.81,38169.9,0,7257.33,0,327.63,0.0,0.0,129.2,0.0,8.18,850.96,0,161.79,0
UGA_2010_122,36.0,32050.8,714.54,0.0,0.0,0.0,0.0,0.0,0.0,0.0,0,2.0,0,0.0,0.0,0.0,0.0,0.0,0.0,0.0,0,9188.19,0,0.0,0.0,0.0,0.0,0.0,0.0,0.0,0,204.84,0
UGA_2010_123,287.0,168724.75,3761.54,4.0,0.0,0.0,5.0,1.0,11.0,144.0,0,9.0,0,11933.17,0.0,0.0,12954.39,565.07,5040.68,55783.49,0,12303.15,0,266.04,0.0,0.0,288.8,12.6,112.38,1243.64,0,274.29,0
UGA_2010_124,1.0,2657.73,59.25,0.0,0.0,0.0,1.0,0.0,0.0,0.0,0,0.0,0,0.0,0.0,0.0,2657.73,0.0,0.0,0.0,0,0.0,0,0.0,0.0,0.0,59.25,0.0,0.0,0.0,0,0.0,0
UGA_2010_125,318.0,128473.91,2864.2,1.0,0.0,0.0,5.0,7.0,10.0,214.0,0,1.0,0,1900.47,0.0,0.0,14365.1,863.81,2069.53,70662.53,0,7027.8,0,42.37,0.0,0.0,320.26,19.26,46.14,1575.35,0,156.68,0
UGA_2010_126,1.0,7671.88,171.04,0.0,0.0,0.0,1.0,0.0,0.0,0.0,0,0.0,0,0.0,0.0,0.0,7671.88,0.0,0.0,0.0,0,0.0,0,0.0,0.0,0.0,171.04,0.0,0.0,0.0,0,0.0,0
UGA_2010_127,410.0,202674.62,4518.43,5.0,0.0,0.0,7.0,4.0,16.0,203.0,0,33.0,0,14027.7,0.0,0.0,14037.68,883.33,8270.02,64028.53,0,20269.21,0,312.73,0.0,0.0,312.96,19.69,184.37,1427.45,0,451.88,0
UGA_2010_128,482.0,221801.7,4944.85,4.0,0.0,0.0,8.0,7.0,15.0,224.0,0,39.0,0,14395.5,0.0,0.0,14307.88,1234.58,7538.09,65456.28,0,25389.99,0,320.93,0.0,0.0,318.98,27.52,168.05,1459.28,0,566.05,0
UGA_2010_129,517.0,186988.04,4168.72,1.0,0.0,0.0,7.0,7.0,12.0,358.0,0,9.0,0,2260.86,0.0,0.0,14017.9,746.32,2924.52,114257.28,0,10213.85,0,50.4,0.0,0.0,312.52,16.64,65.2,2547.26,0,227.71,0
UGA_2010_13,0.0,0.0,0.0,0.0,0.0,0.0,0.0,0.0,0.0,0.0,0,0.0,0,0.0,0.0,0.0,0.0,0.0,0.0,0.0,0,0.0,0,0.0,0.0,0.0,0.0,0.0,0.0,0.0,0,0.0,0
UGA_2010_130,520.0,231589.86,5163.07,3.0,0.0,0.0,11.0,8.0,18.0,275.0,0,48.0,0,7543.7,0.0,0.0,22737.2,1707.64,9078.18,88183.44,0,26496.23,0,168.18,0.0,0.0,506.9,38.07,202.39,1965.96,0,590.71,0
UGA_2010_131,387.0,196190.33,4373.88,4.0,0.0,0.0,7.0,6.0,8.0,182.0,0,18.0,0,14500.5,0.0,0.0,3921.05,1499.03,3143.22,41742.32,0,22826.06,0,323.28,0.0,0.0,87.42,33.42,70.08,930.61,0,508.89,0
UGA_2010_132,385.0,133057.21,2966.39,1.0,0.0,0.0,3.0,4.0,8.0,255.0,0,1.0,0,3879.95,0.0,0.0,4349.41,326.49,973.89,76925.06,0,4245.97,0,86.5,0.0,0.0,96.97,7.28,21.71,1714.97,0,94.66,0
UGA_2010_133,572.0,248528.09,5540.7,3.0,0.0,0.0,14.0,13.0,18.0,285.0,0,57.0,0,7174.46,0.0,0.0,23889.71,2417.55,9078.18,90448.02,0,29739.68,0,159.95,0.0,0.0,532.6,53.9,202.39,2016.45,0,663.02,0
UGA_2010_134,540.0,244750.36,5456.48,4.0,0.0,1.0,11.0,7.0,15.0,235.0,0,50.0,0,13462.66,0.0,84.97,16289.82,1697.21,7613.21,67972.14,0,28674.24,0,300.14,0.0,1.89,363.17,37.84,169.73,1515.38,0,639.27,0
UGA_2010_135,593.0,208613.5,4650.85,2.0,0.0,0.0,7.0,14.0,12.0,387.0,0,21.0,0,3544.5,0.0,0.0,14424.57,2555.28,3153.57,118063.21,0,13304.45,0,79.02,0.0,0.0,321.58,56.97,70.31,2632.11,0,296.61,0
UGA_2010_136,397.0,191610.48,4271.78,4.0,0.0,0.0,7.0,6.0,5.0,198.0,0,17.0,0,13171.92,0.0,0.0,4878.9,1539.73,782.49,42350.27,0,20057.54,0,293.66,0.0,0.0,108.77,34.33,17.44,944.16,0,447.16,0
UGA_2010_137,549.0,244219.76,5444.65,4.0,0.0,1.0,10.0,6.0,13.0,274.0,0,43.0,0,13586.92,0.0,204.0,12162.12,1539.73,6694.5,71930.2,0,25145.59,0,302.91,0.0,4.55,271.14,34.33,149.25,1603.62,0,560.6,0
UGA_2010_138,641.0,278190.9,6202.01,4.0,0.0,1.0,14.0,13.0,18.0,338.0,0,66.0,0,4231.23,0.0,326.56,28071.05,3827.57,9078.18,105176.47,0,33516.88,0,94.33,0.0,7.28,625.82,85.33,202.39,2344.81,0,747.23,0
UGA_2010_139,32.0,24080.93,536.86,2.0,0.0,0.0,0.0,0.0,0.0,12.0,0,0.0,0,3387.99,0.0,0.0,0.0,0.0,0.0,6147.03,0,0.0,0,75.53,0.0,0.0,0.0,0.0,0.0,137.04,0,0.0,0
UGA_2010_14,0.0,0.0,0.0,0.0,0.0,0.0,0.0,0.0,0.0,0.0,0,0.0,0,0.0,0.0,0.0,0.0,0.0,0.0,0.0,0,0.0,0,0.0,0.0,0.0,0.0,0.0,0.0,0.0,0,0.0,0
UGA_2010_140,274.0,136198.22,3036.42,1.0,0.0,0.0,4.0,1.0,1.0,145.0,0,14.0,0,2629.56,0.0,0.0,3411.46,69.53,872.4,33581.83,0,17192.28,0,58.62,0.0,0.0,76.06,1.55,19.45,748.68,0,383.29,0
UGA_2010_141,753.0,298836.94,6662.3,4.0,0.0,1.0,12.0,18.0,17.0,432.0,0,71.0,0,3800.49,0.0,326.56,21433.66,3919.69,4886.62,129727.74,0,33435.15,0,84.73,0.0,7.28,477.84,87.39,108.94,2892.16,0,745.41,0
UGA_2010_142,650.0,295912.92,6597.12,6.0,0.0,1.0,19.0,9.0,18.0,296.0,0,79.0,0,7905.4,0.0,326.56,26922.43,2348.85,9078.18,83693.27,0,41206.86,0,176.24,0.0,7.28,600.21,52.37,202.39,1865.87,0,918.67,0
UGA_2010_143,668.0,245387.75,5470.71,3.0,0.0,0.0,6.0,17.0,15.0,437.0,0,17.0,0,8658.23,0.0,0.0,9962.82,3761.04,3327.24,130433.25,0,12406.19,0,193.03,0.0,0.0,222.11,83.85,74.18,2907.9,0,276.59,0
UGA_2010_144,506.0,228847.05,5101.96,5.0,0.0,0.0,15.0,6.0,14.0,270.0,0,36.0,0,8363.35,0.0,0.0,13253.19,1539.73,7669.73,62041.28,0,27833.8,0,186.45,0.0,0.0,295.47,34.33,170.99,1383.16,0,620.53,0
UGA_2010_145,385.0,183233.35,4085.03,5.0,0.0,0.0,7.0,5.0,2.0,214.0,0,19.0,0,6074.05,0.0,0.0,6696.39,1113.9,1046.14,48677.57,0,21115.04,0,135.42,0.0,0.0,149.29,24.83,23.32,1085.23,0,470.74,0
UGA_2010_146,833.0,332404.53,7410.68,6.0,0.0,1.0,15.0,27.0,22.0,472.0,0,78.0,0,6178.51,0.0,326.56,21473.61,5765.21,4252.39,143274.02,0,38373.96,0,137.74,0.0,7.28,478.74,128.53,94.8,3194.17,0,855.52,0
UGA_2010_147,1.0,7143.47,159.26,0.0,0.0,0.0,1.0,0.0,0.0,0.0,0,0.0,0,0.0,0.0,0.0,7143.47,0.0,0.0,0.0,0,0.0,0,0.0,0.0,0.0,159.26,0.0,0.0,0.0,0,0.0,0
UGA_2010_148,804.0,314985.69,7022.34,7.0,0.0,1.0,11.0,26.0,15.0,508.0,0,33.0,0,11612.14,0.0,76.9,16113.1,5438.54,3388.13,155675.47,0,23452.84,0,258.88,0.0,1.71,359.23,121.25,75.54,3470.65,0,522.86,0
UGA_2010_149,719.0,321052.79,7157.6,8.0,0.0,1.0,26.0,15.0,21.0,305.0,0,85.0,0,6907.47,0.0,326.56,25584.75,3640.39,8881.81,90542.87,0,45703.15,0,154.0,0.0,7.28,570.39,81.16,198.01,2018.58,0,1018.91,0
UGA_2010_15,0.0,0.0,0.0,0.0,0.0,0.0,0.0,0.0,0.0,0.0,0,0.0,0,0.0,0.0,0.0,0.0,0.0,0.0,0.0,0,0.0,0,0.0,0.0,0.0,0.0,0.0,0.0,0.0,0,0.0,0
UGA_2010_150,1.0,2712.32,60.47,0.0,0.0,0.0,1.0,0.0,0.0,0.0,0,0.0,0,0.0,0.0,0.0,2712.32,0.0,0.0,0.0,0,0.0,0,0.0,0.0,0.0,60.47,0.0,0.0,0.0,0,0.0,0
UGA_2010_151,1.0,1864.13,41.56,1.0,0.0,0.0,0.0,0.0,0.0,0.0,0,0.0,0,1864.13,0.0,0.0,0.0,0.0,0.0,0.0,0,0.0,0,41.56,0.0,0.0,0.0,0.0,0.0,0.0,0,0.0,0
UGA_2010_152,434.0,202383.46,4511.97,3.0,0.0,0.0,12.0,6.0,9.0,229.0,0,27.0,0,4443.89,0.0,0.0,13896.27,1539.73,3490.99,51973.4,0,26379.91,0,99.07,0.0,0.0,309.81,34.33,77.83,1158.7,0,588.12,0
UGA_2010_153,655.0,281421.67,6274.06,6.0,0.0,1.0,22.0,12.0,17.0,290.0,0,76.0,0,6813.1,0.0,326.56,19909.03,2835.26,7124.41,66302.64,0,43495.5,0,151.89,0.0,7.28,443.86,63.21,158.83,1478.16,0,969.7,0
UGA_2010_154,331.0,139637.96,3113.11,6.0,0.0,0.0,1.0,19.0,9.0,162.0,0,2.0,0,18497.32,0.0,0.0,708.92,3268.86,1868.61,45677.24,0,4303.29,0,412.38,0.0,0.0,15.8,72.88,41.66,1018.34,0,95.94,0
UGA_2010_155,598.0,229778.07,5122.71,7.0,0.0,0.0,3.0,32.0,7.0,367.0,0,2.0,0,17638.28,0.0,0.0,4795.36,5346.13,1652.94,104680.47,0,6834.65,0,393.23,0.0,0.0,106.91,119.19,36.85,2333.77,0,152.37,0
UGA_2010_156,357.0,161174.39,3593.26,3.0,0.0,0.0,8.0,4.0,1.0,207.0,0,24.0,0,1389.02,0.0,0.0,7665.98,883.33,975.22,47446.55,0,22772.87,0,30.97,0.0,0.0,170.91,19.69,21.74,1057.78,0,507.7,0
UGA_2010_157,748.0,294711.26,6570.36,9.0,0.0,0.0,8.0,30.0,6.0,500.0,0,4.0,0,15308.42,0.0,0.0,14232.48,5596.55,1718.15,146937.27,0,9760.33,0,341.29,0.0,0.0,317.3,124.77,38.3,3275.85,0,217.6,0
UGA_2010_158,189.0,92127.93,2053.92,0.0,0.0,0.0,4.0,0.0,3.0,120.0,0,17.0,0,0.0,0.0,0.0,5471.53,0.0,3806.96,26897.01,0,13934.62,0,0.0,0.0,0.0,121.98,0.0,84.87,599.65,0,310.66,0
UGA_2010_159,832.0,361562.65,8060.76,11.0,0.0,1.0,31.0,24.0,18.0,422.0,0,82.0,0,13274.11,0.0,326.56,32215.07,5784.54,6941.09,124990.07,0,44655.9,0,295.94,0.0,7.28,718.21,128.96,154.75,2786.56,0,995.57,0
UGA_2010_16,0.0,0.0,0.0,0.0,0.0,0.0,0.0,0.0,0.0,0.0,0,0.0,0,0.0,0.0,0.0,0.0,0.0,0.0,0.0,0,0.0,0,0.0,0.0,0.0,0.0,0.0,0.0,0.0,0,0.0,0
UGA_2010_160,649.0,277631.99,6189.59,7.0,0.0,1.0,23.0,10.0,17.0,287.0,0,73.0,0,9520.47,0.0,326.56,20094.88,2214.4,6752.28,64586.04,0,41736.91,0,212.25,0.0,7.28,448.0,49.37,150.54,1439.9,0,930.49,0
UGA_2010_161,562.0,246712.62,5500.28,6.0,0.0,0.0,22.0,8.0,18.0,277.0,0,47.0,0,7898.8,0.0,0.0,19862.23,1968.27,7275.72,64435.29,0,33385.58,0,176.1,0.0,0.0,442.81,43.88,162.21,1436.54,0,744.31,0
UGA_2010_162,646.0,261459.96,5829.05,10.0,0.0,0.0,6.0,34.0,7.0,404.0,0,2.0,0,19363.37,0.0,0.0,7527.75,6506.07,2157.85,117347.84,0,8749.19,0,431.69,0.0,0.0,167.83,145.05,48.11,2616.18,0,195.06,0
UGA_2010_163,452.0,206087.94,4594.58,7.0,0.0,0.0,23.0,4.0,12.0,221.0,0,33.0,0,8116.4,0.0,0.0,17876.0,905.14,3768.01,52059.6,0,24440.12,0,180.95,0.0,0.0,398.53,20.18,84.01,1160.63,0,544.87,0
UGA_2010_164,442.0,204980.59,4569.89,7.0,0.0,0.0,24.0,4.0,9.0,210.0,0,33.0,0,8664.49,0.0,0.0,17883.11,897.76,2518.28,50236.74,0,23845.36,0,193.17,0.0,0.0,398.69,20.01,56.14,1119.99,0,531.61,0
UGA_2010_165,730.0,322525.83,7190.47,12.0,0.0,1.0,30.0,13.0,11.0,327.0,0,87.0,0,16347.35,0.0,326.56,25904.37,2946.44,1094.49,93457.46,0,45089.57,0,364.45,0.0,7.28,577.52,65.69,24.4,2083.56,0,1005.24,0
UGA_2010_166,0.0,0.0,0.0,0.0,0.0,0.0,0.0,0.0,0.0,0.0,0,0.0,0,0.0,0.0,0.0,0.0,0.0,0.0,0.0,0,0.0,0,0.0,0.0,0.0,0.0,0.0,0.0,0.0,0,0.0,0
UGA_2010_167,839.0,359273.02,8009.72,14.0,0.0,1.0,8.0,27.0,6.0,528.0,0,37.0,0,21404.28,0.0,326.56,16194.93,5879.38,997.94,161364.2,0,28585.22,0,477.19,0.0,7.28,361.05,131.08,22.25,3597.49,0,637.29,0
UGA_2010_168,320.0,162372.74,3619.99,5.0,0.0,0.0,15.0,2.0,3.0,143.0,0,18.0,0,7134.72,0.0,0.0,15730.81,656.4,1420.36,31245.81,0,18125.57,0,159.06,0.0,0.0,350.71,14.63,31.67,696.6,0,404.1,0
UGA_2010_169,518.0,226482.36,5049.27,12.0,0.0,0.0,3.0,23.0,12.0,297.0,0,2.0,0,21068.71,0.0,0.0,9493.17,4054.03,4336.17,83002.37,0,12821.48,0,469.71,0.0,0.0,211.64,90.38,96.67,1850.48,0,285.85,0
UGA_2010_17,7.0,21257.39,474.02,3.0,0.0,0.0,0.0,0.0,4.0,0.0,0,0.0,0,13906.49,0.0,0.0,0.0,0.0,7350.9,0.0,0,0.0,0,310.1,0.0,0.0,0.0,0.0,163.92,0.0,0,0.0,0
UGA_2010_170,323.0,164832.35,3674.82,6.0,0.0,0.0,19.0,2.0,4.0,114.0,0,18.0,0,8939.73,0.0,0.0,16998.48,606.95,1565.89,27422.28,0,18318.67,0,199.3,0.0,0.0,378.97,13.53,34.91,611.36,0,408.4,0
UGA_2010_171,671.0,320802.96,7152.08,14.0,0.0,1.0,21.0,24.0,6.0,334.0,0,53.0,0,20715.88,0.0,326.56,26996.91,5451.24,732.47,106069.5,0,32678.34,0,461.85,0.0,7.28,601.88,121.53,16.33,2364.75,0,728.54,0
UGA_2010_172,356.0,177663.21,3960.88,6.0,0.0,0.0,20.0,4.0,5.0,113.0,0,29.0,0,9743.66,0.0,0.0,18815.63,495.57,1405.13,25590.54,0,23540.59,0,217.23,0.0,0.0,419.48,11.05,31.33,570.52,0,524.82,0
UGA_2010_173,631.0,309309.43,6895.85,13.0,0.0,1.0,24.0,18.0,5.0,315.0,0,46.0,0,22687.14,0.0,326.56,26447.16,4567.31,555.78,98568.31,0,30981.27,0,505.79,0.0,7.28,589.62,101.83,12.39,2197.52,0,690.71,0
UGA_2010_174,252.0,142198.92,3170.23,4.0,0.0,0.0,13.0,0.0,4.0,79.0,0,12.0,0,8310.75,0.0,0.0,14578.56,0.0,2013.01,17621.77,0,16222.02,0,185.28,0.0,0.0,325.02,0.0,44.88,392.87,0,361.66,0
UGA_2010_175,61.0,62428.4,1391.8,5.0,0.0,0.0,0.0,8.0,10.0,3.0,0,2.0,0,7925.74,0.0,0.0,0.0,1362.3,6272.81,2750.65,0,7614.43,0,176.7,0.0,0.0,0.0,30.37,139.85,61.32,0,169.76,0
UGA_2010_176,233.0,136856.53,3051.13,4.0,0.0,0.0,12.0,0.0,4.0,65.0,0,12.0,0,8758.06,0.0,0.0,13274.14,0.0,2420.06,13832.01,0,16108.28,0,195.26,0.0,0.0,295.94,0.0,53.95,308.38,0,359.12,0
UGA_2010_177,96.0,83218.34,1855.3,6.0,0.0,0.0,2.0,8.0,12.0,18.0,0,2.0,0,11354.67,0.0,0.0,5725.51,1362.3,7297.88,4684.61,0,10359.57,0,253.15,0.0,0.0,127.65,30.37,162.7,104.44,0,230.96,0
UGA_2010_178,571.0,266966.85,5951.84,14.0,0.0,0.0,6.0,19.0,7.0,383.0,0,4.0,0,23025.6,0.0,0.0,19417.9,3119.2,2239.73,114496.41,0,16855.06,0,513.34,0.0,0.0,432.91,69.54,49.93,2552.62,0,375.77,0
UGA_2010_179,112.0,88481.37,1972.64,6.0,0.0,0.0,2.0,8.0,12.0,38.0,0,2.0,0,12675.78,0.0,0.0,6268.34,1362.3,6896.87,7978.21,0,10699.97,0,282.6,0.0,0.0,139.75,30.37,153.76,177.87,0,238.55,0
UGA_2010_18,0.0,0.0,0.0,0.0,0.0,0.0,0.0,0.0,0.0,0.0,0,0.0,0,0.0,0.0,0.0,0.0,0.0,0.0,0.0,0,0.0,0,0.0,0.0,0.0,0.0,0.0,0.0,0.0,0,0.0,0
UGA_2010_180,4.0,10199.37,227.39,0.0,0.0,0.0,1.0,0.0,0.0,0.0,0,3.0,0,0.0,0.0,0.0,2253.28,0.0,0.0,0.0,0,7946.09,0,0.0,0.0,0.0,50.24,0.0,0.0,0.0,0,177.15,0
UGA_2010_181,621.0,286298.86,6382.85,15.0,0.0,0.0,5.0,18.0,5.0,429.0,0,7.0,0,23882.46,0.0,0.0,14185.87,3091.11,1031.16,132231.1,0,16495.35,0,532.44,0.0,0.0,316.27,68.91,22.99,2948.01,0,367.75,0
UGA_2010_182,366.0,194418.12,4334.42,11.0,0.0,0.0,16.0,7.0,5.0,111.0,0,33.0,0,18103.1,0.0,0.0,17717.72,1477.47,699.83,27981.26,0,23307.45,0,403.6,0.0,0.0,395.0,32.94,15.6,623.82,0,519.62,0
UGA_2010_183,558.0,273801.16,6104.22,17.0,0.0,0.0,16.0,12.0,5.0,317.0,0,25.0,0,24659.71,0.0,0.0,22406.41,2285.53,555.78,102444.89,0,19822.16,0,549.77,0.0,0.0,499.54,50.95,12.39,2283.94,0,441.92,0
UGA_2010_184,1.0,2949.19,65.75,0.0,0.0,0.0,0.0,0.0,1.0,0.0,0,0.0,0,0.0,0.0,0.0,0.0,0.0,2949.19,0.0,0,0.0,0,0.0,0.0,0.0,0.0,0.0,65.75,0.0,0,0.0,0
UGA_2010_185,1.0,2409.57,53.72,0.0,0.0,0.0,0.0,0.0,1.0,0.0,0,0.0,0,0.0,0.0,0.0,0.0,0.0,2409.57,0.0,0,0.0,0,0.0,0.0,0.0,0.0,0.0,53.72,0.0,0,0.0,0
UGA_2010_186,0.0,0.0,0.0,0.0,0.0,0.0,0.0,0.0,0.0,0.0,0,0.0,0,0.0,0.0,0.0,0.0,0.0,0.0,0.0,0,0.0,0,0.0,0.0,0.0,0.0,0.0,0.0,0.0,0,0.0,0
UGA_2010_187,465.0,235500.51,5250.34,14.0,0.0,0.0,18.0,7.0,5.0,227.0,0,16.0,0,28173.13,0.0,0.0,21300.61,1370.71,699.83,62855.45,0,15363.14,0,628.1,0.0,0.0,474.88,30.56,15.6,1401.32,0,342.51,0
UGA_2010_188,511.0,243624.54,5431.46,16.0,0.0,0.0,13.0,11.0,4.0,298.0,0,9.0,0,25478.21,0.0,0.0,16625.44,2031.66,331.65,87412.36,0,12891.39,0,568.02,0.0,0.0,370.65,45.29,7.39,1948.81,0,287.41,0
UGA_2010_189,292.0,171958.56,3833.71,10.0,0.0,0.0,14.0,5.0,5.0,64.0,0,14.0,0,17078.74,0.0,0.0,16936.31,1193.68,699.83,13234.67,0,13839.65,0,380.76,0.0,0.0,377.58,26.61,15.6,295.06,0,308.55,0
UGA_2010_19,9.0,30334.94,676.44,3.0,0.0,0.0,0.0,0.0,6.0,0.0,0,0.0,0,15168.99,0.0,0.0,0.0,0.0,15165.95,0.0,0,0.0,0,338.25,0.0,0.0,0.0,0.0,338.18,0.0,0,0.0,0
UGA_2010_190,491.0,240330.96,5358.04,14.0,0.0,0.0,16.0,8.0,5.0,275.0,0,9.0,0,24192.16,0.0,0.0,18590.64,1652.02,555.78,81595.22,0,11476.21,0,539.35,0.0,0.0,414.47,36.83,12.39,1819.12,0,255.86,0
UGA_2010_191,461.0,223096.51,4973.8,15.0,0.0,0.0,6.0,14.0,3.0,290.0,0,3.0,0,24313.65,0.0,0.0,16728.88,2481.81,837.27,81766.75,0,13183.41,0,542.06,0.0,0.0,372.96,55.33,18.67,1822.94,0,293.92,0
UGA_2010_192,464.0,230681.35,5142.9,14.0,0.0,0.0,16.0,7.0,3.0,245.0,0,8.0,0,24437.26,0.0,0.0,18487.88,1129.25,401.54,70682.42,0,10158.14,0,544.81,0.0,0.0,412.18,25.18,8.95,1575.82,0,226.47,0
UGA_2010_193,0.0,0.0,0.0,0.0,0.0,0.0,0.0,0.0,0.0,0.0,0,0.0,0,0.0,0.0,0.0,0.0,0.0,0.0,0.0,0,0.0,0,0.0,0.0,0.0,0.0,0.0,0.0,0.0,0,0.0,0
UGA_2010_194,378.0,206360.52,4600.69,11.0,0.0,0.0,18.0,4.0,2.0,127.0,0,12.0,0,22235.24,0.0,0.0,18094.4,612.65,494.06,30623.55,0,11034.39,0,495.72,0.0,0.0,403.4,13.66,11.01,682.73,0,246.01,0
UGA_2010_195,273.0,169240.96,3773.13,9.0,0.0,0.0,14.0,4.0,2.0,46.0,0,11.0,0,17132.6,0.0,0.0,16968.27,584.89,494.06,9599.85,0,10479.28,0,381.96,0.0,0.0,378.3,13.04,11.01,214.02,0,233.63,0
UGA_2010_196,331.0,194610.04,4338.72,10.0,0.0,0.0,9.0,2.0,1.0,105.0,0,10.0,0,21665.49,0.0,0.0,16592.59,203.81,269.92,23632.28,0,10648.98,0,483.02,0.0,0.0,369.92,4.54,6.02,526.87,0,237.41,0
UGA_2010_197,364.0,203282.3,4532.07,11.0,0.0,0.0,13.0,2.0,1.0,136.0,0,10.0,0,24755.63,0.0,0.0,17420.38,114.88,269.92,30671.58,0,9748.02,0,551.91,0.0,0.0,388.38,2.56,6.02,683.81,0,217.33,0
UGA_2010_198,2.0,8218.96,183.24,1.0,0.0,0.0,0.0,0.0,0.0,0.0,0,1.0,0,549.07,0.0,0.0,0.0,0.0,0.0,0.0,0,7669.89,0,12.24,0.0,0.0,0.0,0.0,0.0,0.0,0,171.0,0
UGA_2010_199,180.0,125092.07,2788.86,4.0,0.0,0.0,7.0,0.0,4.0,10.0,0,4.0,0,8555.12,0.0,0.0,8463.08,0.0,2237.13,1973.2,0,9223.64,0,190.73,0.0,0.0,188.68,0.0,49.88,43.99,0,205.64,0
UGA_2010_2,1.0,7330.6,163.52,0.0,0.0,0.0,0.0,0.0,0.0,0.0,0,1.0,0,0.0,0.0,0.0,0.0,0.0,0.0,0.0,0,7330.6,0,0.0,0.0,0.0,0.0,0.0,0.0,0.0,0,163.52,0
UGA_2010_20,0.0,0.0,0.0,0.0,0.0,0.0,0.0,0.0,0.0,0.0,0,0.0,0,0.0,0.0,0.0,0.0,0.0,0.0,0.0,0,0.0,0,0.0,0.0,0.0,0.0,0.0,0.0,0.0,0,0.0,0
UGA_2010_200,0.0,0.0,0.0,0.0,0.0,0.0,0.0,0.0,0.0,0.0,0,0.0,0,0.0,0.0,0.0,0.0,0.0,0.0,0.0,0,0.0,0,0.0,0.0,0.0,0.0,0.0,0.0,0.0,0,0.0,0
UGA_2010_201,329.0,181063.93,4036.74,13.0,0.0,0.0,5.0,0.0,1.0,162.0,0,3.0,0,22348.15,0.0,0.0,11970.42,0.0,125.87,43429.72,0,8111.68,0,498.24,0.0,0.0,266.88,0.0,2.81,968.25,0,180.85,0
UGA_2010_202,1.0,2966.37,66.13,0.0,0.0,0.0,1.0,0.0,0.0,0.0,0,0.0,0,0.0,0.0,0.0,2966.37,0.0,0.0,0.0,0,0.0,0,0.0,0.0,0.0,66.13,0.0,0.0,0.0,0,0.0,0
UGA_2010_203,0.0,0.0,0.0,0.0,0.0,0.0,0.0,0.0,0.0,0.0,0,0.0,0,0.0,0.0,0.0,0.0,0.0,0.0,0.0,0,0.0,0,0.0,0.0,0.0,0.0,0.0,0.0,0.0,0,0.0,0
UGA_2010_204,262.0,165106.99,3680.98,8.0,0.0,0.0,2.0,0.0,0.0,58.0,0,1.0,0,22660.4,0.0,0.0,11581.62,0.0,0.0,13475.17,0,1400.42,0,505.2,0.0,0.0,258.21,0.0,0.0,300.42,0,31.22,0
UGA_2010_205,93.0,69609.49,1551.91,1.0,0.0,0.0,1.0,0.0,4.0,4.0,0,1.0,0,712.35,0.0,0.0,4048.61,0.0,2326.87,519.15,0,6392.53,0,15.88,0.0,0.0,90.26,0.0,51.88,11.57,0,142.52,0
UGA_2010_206,3.0,10056.02,224.19,0.0,0.0,0.0,3.0,0.0,0.0,0.0,0,0.0,0,0.0,0.0,0.0,10056.02,0.0,0.0,0.0,0,0.0,0,0.0,0.0,0.0,224.19,0.0,0.0,0.0,0,0.0,0
UGA_2010_207,4.0,11125.58,248.04,1.0,0.0,0.0,1.0,1.0,0.0,0.0,0,1.0,0,126.44,0.0,0.0,2823.23,345.04,0.0,0.0,0,7830.87,0,2.82,0.0,0.0,62.94,7.69,0.0,0.0,0,174.59,0
UGA_2010_208,2.0,6712.38,149.65,0.0,0.0,0.0,2.0,0.0,0.0,0.0,0,0.0,0,0.0,0.0,0.0,6712.38,0.0,0.0,0.0,0,0.0,0,0.0,0.0,0.0,149.65,0.0,0.0,0.0,0,0.0,0
UGA_2010_209,3.0,8335.47,185.84,0.0,0.0,0.0,3.0,0.0,0.0,0.0,0,0.0,0,0.0,0.0,0.0,8335.47,0.0,0.0,0.0,0,0.0,0,0.0,0.0,0.0,185.84,0.0,0.0,0.0,0,0.0,0
UGA_2010_21,0.0,0.0,0.0,0.0,0.0,0.0,0.0,0.0,0.0,0.0,0,0.0,0,0.0,0.0,0.0,0.0,0.0,0.0,0.0,0,0.0,0,0.0,0.0,0.0,0.0,0.0,0.0,0.0,0,0.0,0
UGA_2010_210,13.0,12853.37,286.56,0.0,0.0,0.0,0.0,0.0,2.0,4.0,0,1.0,0,0.0,0.0,0.0,0.0,0.0,587.69,519.15,0,7841.95,0,0.0,0.0,0.0,0.0,0.0,13.1,11.57,0,174.83,0
UGA_2010_211,1.0,8308.33,185.23,0.0,0.0,0.0,0.0,0.0,0.0,0.0,0,1.0,0,0.0,0.0,0.0,0.0,0.0,0.0,0.0,0,8308.33,0,0.0,0.0,0.0,0.0,0.0,0.0,0.0,0,185.23,0
UGA_2010_212,45.0,43071.62,960.27,2.0,0.0,0.0,2.0,1.0,7.0,0.0,0,0.0,0,7468.29,0.0,0.0,5023.81,106.97,6161.18,0.0,0,0.0,0,166.5,0.0,0.0,112.0,2.38,137.36,0.0,0,0.0,0
UGA_2010_213,2.0,10901.17,243.04,0.0,0.0,0.0,2.0,0.0,0.0,0.0,0,0.0,0,0.0,0.0,0.0,10901.17,0.0,0.0,0.0,0,0.0,0,0.0,0.0,0.0,243.04,0.0,0.0,0.0,0,0.0,0
UGA_2010_214,43.0,34436.85,767.76,2.0,0.0,0.0,5.0,1.0,0.0,10.0,0,3.0,0,1572.9,0.0,0.0,4704.66,132.16,0.0,10054.1,0,4444.44,0,35.07,0.0,0.0,104.89,2.95,0.0,224.15,0,99.09,0
UGA_2010_215,0.0,0.0,0.0,0.0,0.0,0.0,0.0,0.0,0.0,0.0,0,0.0,0,0.0,0.0,0.0,0.0,0.0,0.0,0.0,0,0.0,0,0.0,0.0,0.0,0.0,0.0,0.0,0.0,0,0.0,0
UGA_2010_216,90.0,76245.23,1699.86,4.0,0.0,0.0,1.0,0.0,0.0,0.0,0,0.0,0,8133.3,0.0,0.0,8087.7,0.0,0.0,0.0,0,0.0,0,181.33,0.0,0.0,180.31,0.0,0.0,0.0,0,0.0,0
UGA_2010_217,48.0,39194.97,873.84,2.0,0.0,0.0,5.0,1.0,0.0,10.0,0,8.0,0,2780.59,0.0,0.0,5713.78,132.16,0.0,8941.4,0,8098.43,0,61.99,0.0,0.0,127.39,2.95,0.0,199.35,0,180.55,0
UGA_2010_218,0.0,0.0,0.0,0.0,0.0,0.0,0.0,0.0,0.0,0.0,0,0.0,0,0.0,0.0,0.0,0.0,0.0,0.0,0.0,0,0.0,0,0.0,0.0,0.0,0.0,0.0,0.0,0.0,0,0.0,0
UGA_2010_219,1.0,5922.89,132.05,0.0,0.0,0.0,1.0,0.0,0.0,0.0,0,0.0,0,0.0,0.0,0.0,5922.89,0.0,0.0,0.0,0,0.0,0,0.0,0.0,0.0,132.05,0.0,0.0,0.0,0,0.0,0
UGA_2010_22,1.0,7010.01,156.31,0.0,0.0,0.0,0.0,0.0,0.0,0.0,0,1.0,0,0.0,0.0,0.0,0.0,0.0,0.0,0.0,0,7010.01,0,0.0,0.0,0.0,0.0,0.0,0.0,0.0,0,156.31,0
UGA_2010_220,1.0,4372.38,97.48,0.0,0.0,0.0,1.0,0.0,0.0,0.0,0,0.0,0,0.0,0.0,0.0,4372.38,0.0,0.0,0.0,0,0.0,0,0.0,0.0,0.0,97.48,0.0,0.0,0.0,0,0.0,0
UGA_2010_221,11.0,9897.37,220.66,0.0,0.0,0.0,2.0,0.0,0.0,2.0,0,3.0,0,0.0,0.0,0.0,33.27,0.0,0.0,4246.46,0,4531.18,0,0.0,0.0,0.0,0.74,0.0,0.0,94.67,0,101.02,0
UGA_2010_222,0.0,0.0,0.0,0.0,0.0,0.0,0.0,0.0,0.0,0.0,0,0.0,0,0.0,0.0,0.0,0.0,0.0,0.0,0.0,0,0.0,0,0.0,0.0,0.0,0.0,0.0,0.0,0.0,0,0.0,0
UGA_2010_223,1.0,7113.08,158.58,0.0,0.0,0.0,1.0,0.0,0.0,0.0,0,0.0,0,0.0,0.0,0.0,7113.08,0.0,0.0,0.0,0,0.0,0,0.0,0.0,0.0,158.58,0.0,0.0,0.0,0,0.0,0
UGA_2010_224,1.0,2056.82,45.86,0.0,0.0,0.0,0.0,0.0,0.0,0.0,0,1.0,0,0.0,0.0,0.0,0.0,0.0,0.0,0.0,0,2056.82,0,0.0,0.0,0.0,0.0,0.0,0.0,0.0,0,45.86,0
UGA_2010_225,3.0,14509.43,323.49,0.0,0.0,0.0,1.0,0.0,0.0,0.0,0,1.0,0,0.0,0.0,0.0,4659.14,0.0,0.0,0.0,0,6987.94,0,0.0,0.0,0.0,103.87,0.0,0.0,0.0,0,155.8,0
UGA_2010_226,0.0,0.0,0.0,0.0,0.0,0.0,0.0,0.0,0.0,0.0,0,0.0,0,0.0,0.0,0.0,0.0,0.0,0.0,0.0,0,0.0,0,0.0,0.0,0.0,0.0,0.0,0.0,0.0,0,0.0,0
UGA_2010_227,3.0,15857.2,353.54,0.0,0.0,0.0,1.0,0.0,0.0,0.0,0,1.0,0,0.0,0.0,0.0,2837.57,0.0,0.0,0.0,0,7062.5,0,0.0,0.0,0.0,63.26,0.0,0.0,0.0,0,157.46,0
UGA_2010_228,1.0,6218.34,138.64,0.0,0.0,0.0,0.0,0.0,0.0,0.0,0,1.0,0,0.0,0.0,0.0,0.0,0.0,0.0,0.0,0,6218.34,0,0.0,0.0,0.0,0.0,0.0,0.0,0.0,0,138.64,0
UGA_2010_229,1.0,6827.89,152.23,0.0,0.0,0.0,1.0,0.0,0.0,0.0,0,0.0,0,0.0,0.0,0.0,6827.89,0.0,0.0,0.0,0,0.0,0,0.0,0.0,0.0,152.23,0.0,0.0,0.0,0,0.0,0
UGA_2010_23,0.0,0.0,0.0,0.0,0.0,0.0,0.0,0.0,0.0,0.0,0,0.0,0,0.0,0.0,0.0,0.0,0.0,0.0,0.0,0,0.0,0,0.0,0.0,0.0,0.0,0.0,0.0,0.0,0,0.0,0
UGA_2010_230,1.0,2412.16,53.78,0.0,0.0,0.0,1.0,0.0,0.0,0.0,0,0.0,0,0.0,0.0,0.0,2412.16,0.0,0.0,0.0,0,0.0,0,0.0,0.0,0.0,53.78,0.0,0.0,0.0,0,0.0,0
UGA_2010_231,3.0,13016.94,290.21,0.0,0.0,0.0,0.0,0.0,0.0,0.0,0,3.0,0,0.0,0.0,0.0,0.0,0.0,0.0,0.0,0,13016.94,0,0.0,0.0,0.0,0.0,0.0,0.0,0.0,0,290.21,0
UGA_2010_232,1.0,1995.58,44.49,0.0,0.0,0.0,1.0,0.0,0.0,0.0,0,0.0,0,0.0,0.0,0.0,1995.58,0.0,0.0,0.0,0,0.0,0,0.0,0.0,0.0,44.49,0.0,0.0,0.0,0,0.0,0
UGA_2010_233,2.0,11720.34,261.31,0.0,0.0,0.0,0.0,0.0,0.0,0.0,0,1.0,0,0.0,0.0,0.0,0.0,0.0,0.0,0.0,0,5772.15,0,0.0,0.0,0.0,0.0,0.0,0.0,0.0,0,128.69,0
UGA_2010_234,1.0,8755.7,195.21,0.0,0.0,0.0,1.0,0.0,0.0,0.0,0,0.0,0,0.0,0.0,0.0,8755.7,0.0,0.0,0.0,0,0.0,0,0.0,0.0,0.0,195.21,0.0,0.0,0.0,0,0.0,0
UGA_2010_235,1.0,4233.29,94.38,0.0,0.0,0.0,0.0,0.0,0.0,0.0,0,1.0,0,0.0,0.0,0.0,0.0,0.0,0.0,0.0,0,4233.29,0,0.0,0.0,0.0,0.0,0.0,0.0,0.0,0,94.38,0
UGA_2010_236,2.0,10513.08,234.39,0.0,0.0,0.0,0.0,0.0,0.0,0.0,0,2.0,0,0.0,0.0,0.0,0.0,0.0,0.0,0.0,0,10513.08,0,0.0,0.0,0.0,0.0,0.0,0.0,0.0,0,234.39,0
UGA_2010_237,1.0,7883.14,175.76,0.0,0.0,0.0,1.0,0.0,0.0,0.0,0,0.0,0,0.0,0.0,0.0,7883.14,0.0,0.0,0.0,0,0.0,0,0.0,0.0,0.0,175.76,0.0,0.0,0.0,0,0.0,0
UGA_2010_238,2.0,9995.45,222.85,0.0,0.0,0.0,2.0,0.0,0.0,0.0,0,0.0,0,0.0,0.0,0.0,9995.45,0.0,0.0,0.0,0,0.0,0,0.0,0.0,0.0,222.85,0.0,0.0,0.0,0,0.0,0
UGA_2010_239,2.0,10800.37,240.8,0.0,0.0,0.0,1.0,0.0,0.0,0.0,0,1.0,0,0.0,0.0,0.0,7226.46,0.0,0.0,0.0,0,3573.91,0,0.0,0.0,0.0,161.12,0.0,0.0,0.0,0,79.68,0
UGA_2010_24,1.0,1826.21,40.72,0.0,0.0,0.0,0.0,0.0,1.0,0.0,0,0.0,0,0.0,0.0,0.0,0.0,0.0,1826.21,0.0,0,0.0,0,0.0,0.0,0.0,0.0,0.0,40.72,0.0,0,0.0,0
UGA_2010_240,1.0,4734.79,105.56,0.0,0.0,0.0,0.0,0.0,0.0,0.0,0,1.0,0,0.0,0.0,0.0,0.0,0.0,0.0,0.0,0,4734.79,0,0.0,0.0,0.0,0.0,0.0,0.0,0.0,0,105.56,0
UGA_2010_241,1.0,8312.91,185.34,0.0,0.0,0.0,0.0,0.0,0.0,0.0,0,1.0,0,0.0,0.0,0.0,0.0,0.0,0.0,0.0,0,8312.91,0,0.0,0.0,0.0,0.0,0.0,0.0,0.0,0,185.34,0
UGA_2010_242,1.0,8054.39,179.58,0.0,0.0,0.0,0.0,0.0,0.0,0.0,0,1.0,0,0.0,0.0,0.0,0.0,0.0,0.0,0.0,0,8054.39,0,0.0,0.0,0.0,0.0,0.0,0.0,0.0,0,179.58,0
UGA_2010_243,1.0,3383.79,75.44,0.0,0.0,0.0,1.0,0.0,0.0,0.0,0,0.0,0,0.0,0.0,0.0,3383.79,0.0,0.0,0.0,0,0.0,0,0.0,0.0,0.0,75.44,0.0,0.0,0.0,0,0.0,0
UGA_2010_244,2.0,11661.9,260.01,0.0,0.0,0.0,2.0,0.0,0.0,0.0,0,0.0,0,0.0,0.0,0.0,11661.9,0.0,0.0,0.0,0,0.0,0,0.0,0.0,0.0,260.01,0.0,0.0,0.0,0,0.0,0
UGA_2010_245,1.0,7020.43,156.53,0.0,0.0,0.0,0.0,0.0,0.0,0.0,0,1.0,0,0.0,0.0,0.0,0.0,0.0,0.0,0.0,0,7020.43,0,0.0,0.0,0.0,0.0,0.0,0.0,0.0,0,156.53,0
UGA_2010_246,2.0,9759.41,217.59,0.0,0.0,0.0,0.0,0.0,0.0,0.0,0,2.0,0,0.0,0.0,0.0,0.0,0.0,0.0,0.0,0,9759.41,0,0.0,0.0,0.0,0.0,0.0,0.0,0.0,0,217.59,0
UGA_2010_247,1.0,9425.15,210.14,0.0,0.0,0.0,0.0,0.0,0.0,0.0,0,1.0,0,0.0,0.0,0.0,0.0,0.0,0.0,0.0,0,9425.15,0,0.0,0.0,0.0,0.0,0.0,0.0,0.0,0,210.14,0
UGA_2010_248,2.0,10628.31,236.97,0.0,0.0,0.0,2.0,0.0,0.0,0.0,0,0.0,0,0.0,0.0,0.0,10628.31,0.0,0.0,0.0,0,0.0,0,0.0,0.0,0.0,236.97,0.0,0.0,0.0,0,0.0,0
UGA_2010_249,1.0,7511.55,167.48,0.0,0.0,0.0,0.0,0.0,0.0,0.0,0,1.0,0,0.0,0.0,0.0,0.0,0.0,0.0,0.0,0,7511.55,0,0.0,0.0,0.0,0.0,0.0,0.0,0.0,0,167.48,0
UGA_2010_25,0.0,0.0,0.0,0.0,0.0,0.0,0.0,0.0,0.0,0.0,0,0.0,0,0.0,0.0,0.0,0.0,0.0,0.0,0.0,0,0.0,0,0.0,0.0,0.0,0.0,0.0,0.0,0.0,0,0.0,0
UGA_2010_250,1.0,4346.27,96.9,0.0,0.0,0.0,0.0,0.0,0.0,0.0,0,1.0,0,0.0,0.0,0.0,0.0,0.0,0.0,0.0,0,4346.27,0,0.0,0.0,0.0,0.0,0.0,0.0,0.0,0,96.9,0
UGA_2010_251,1.0,4095.64,91.32,0.0,0.0,0.0,1.0,0.0,0.0,0.0,0,0.0,0,0.0,0.0,0.0,4095.64,0.0,0.0,0.0,0,0.0,0,0.0,0.0,0.0,91.32,0.0,0.0,0.0,0,0.0,0
UGA_2010_252,1.0,6876.06,153.31,0.0,0.0,0.0,1.0,0.0,0.0,0.0,0,0.0,0,0.0,0.0,0.0,6876.06,0.0,0.0,0.0,0,0.0,0,0.0,0.0,0.0,153.31,0.0,0.0,0.0,0,0.0,0
UGA_2010_253,1.0,3803.87,84.81,0.0,0.0,0.0,1.0,0.0,0.0,0.0,0,0.0,0,0.0,0.0,0.0,3803.87,0.0,0.0,0.0,0,0.0,0,0.0,0.0,0.0,84.81,0.0,0.0,0.0,0,0.0,0
UGA_2010_254,0.0,0.0,0.0,0.0,0.0,0.0,0.0,0.0,0.0,0.0,0,0.0,0,0.0,0.0,0.0,0.0,0.0,0.0,0.0,0,0.0,0,0.0,0.0,0.0,0.0,0.0,0.0,0.0,0,0.0,0
UGA_2010_255,0.0,0.0,0.0,0.0,0.0,0.0,0.0,0.0,0.0,0.0,0,0.0,0,0.0,0.0,0.0,0.0,0.0,0.0,0.0,0,0.0,0,0.0,0.0,0.0,0.0,0.0,0.0,0.0,0,0.0,0
UGA_2010_256,2.0,9766.17,217.75,0.0,0.0,0.0,1.0,0.0,0.0,0.0,0,1.0,0,0.0,0.0,0.0,2254.67,0.0,0.0,0.0,0,7511.5,0,0.0,0.0,0.0,50.27,0.0,0.0,0.0,0,167.48,0
UGA_2010_257,6.0,16627.05,370.72,0.0,0.0,0.0,2.0,0.0,0.0,0.0,0,4.0,0,0.0,0.0,0.0,4060.02,0.0,0.0,0.0,0,12567.03,0,0.0,0.0,0.0,90.52,0.0,0.0,0.0,0,280.19,0
UGA_2010_258,3.0,10438.56,232.74,0.0,0.0,0.0,2.0,0.0,0.0,0.0,0,1.0,0,0.0,0.0,0.0,4485.25,0.0,0.0,0.0,0,5953.31,0,0.0,0.0,0.0,100.0,0.0,0.0,0.0,0,132.73,0
UGA_2010_259,0.0,0.0,0.0,0.0,0.0,0.0,0.0,0.0,0.0,0.0,0,0.0,0,0.0,0.0,0.0,0.0,0.0,0.0,0.0,0,0.0,0,0.0,0.0,0.0,0.0,0.0,0.0,0.0,0,0.0,0
UGA_2010_26,1.0,5063.31,112.9,0.0,0.0,0.0,1.0,0.0,0.0,0.0,0,0.0,0,0.0,0.0,0.0,5063.31,0.0,0.0,0.0,0,0.0,0,0.0,0.0,0.0,112.9,0.0,0.0,0.0,0,0.0,0
UGA_2010_260,6.0,19061.37,424.99,0.0,0.0,0.0,2.0,0.0,0.0,0.0,0,4.0,0,0.0,0.0,0.0,7597.94,0.0,0.0,0.0,0,11463.43,0,0.0,0.0,0.0,169.4,0.0,0.0,0.0,0,255.59,0
UGA_2010_261,2.0,9939.85,221.62,0.0,0.0,0.0,1.0,0.0,0.0,0.0,0,1.0,0,0.0,0.0,0.0,2551.43,0.0,0.0,0.0,0,7388.41,0,0.0,0.0,0.0,56.89,0.0,0.0,0.0,0,164.73,0
UGA_2010_262,6.0,16973.17,378.44,0.0,0.0,0.0,2.0,0.0,0.0,0.0,0,4.0,0,0.0,0.0,0.0,7203.62,0.0,0.0,0.0,0,9769.55,0,0.0,0.0,0.0,160.61,0.0,0.0,0.0,0,217.82,0
UGA_2010_263,0.0,0.0,0.0,0.0,0.0,0.0,0.0,0.0,0.0,0.0,0,0.0,0,0.0,0.0,0.0,0.0,0.0,0.0,0.0,0,0.0,0,0.0,0.0,0.0,0.0,0.0,0.0,0.0,0,0.0,0
UGA_2010_264,0.0,0.0,0.0,0.0,0.0,0.0,0.0,0.0,0.0,0.0,0,0.0,0,0.0,0.0,0.0,0.0,0.0,0.0,0.0,0,0.0,0,0.0,0.0,0.0,0.0,0.0,0.0,0.0,0,0.0,0
UGA_2010_265,4.0,17365.8,387.19,1.0,0.0,0.0,1.0,0.0,0.0,0.0,0,2.0,0,2741.87,0.0,0.0,6468.71,0.0,0.0,0.0,0,8155.22,0,61.13,0.0,0.0,144.23,0.0,0.0,0.0,0,181.83,0
UGA_2010_266,2.0,8098.46,180.56,0.0,0.0,0.0,1.0,0.0,0.0,0.0,0,1.0,0,0.0,0.0,0.0,3684.23,0.0,0.0,0.0,0,4414.23,0,0.0,0.0,0.0,82.14,0.0,0.0,0.0,0,98.42,0
UGA_2010_267,2.0,11902.64,265.38,0.0,1.0,0.0,0.0,0.0,0.0,0.0,0,1.0,0,0.0,5070.92,0.0,0.0,0.0,0.0,0.0,0,6831.72,0,0.0,113.06,0.0,0.0,0.0,0.0,0.0,0,152.32,0
UGA_2010_268,0.0,0.0,0.0,0.0,0.0,0.0,0.0,0.0,0.0,0.0,0,0.0,0,0.0,0.0,0.0,0.0,0.0,0.0,0.0,0,0.0,0,0.0,0.0,0.0,0.0,0.0,0.0,0.0,0,0.0,0
UGA_2010_269,3.0,11909.31,265.53,0.0,0.0,0.0,0.0,0.0,0.0,0.0,0,1.0,0,0.0,0.0,0.0,0.0,0.0,0.0,0.0,0,6571.55,0,0.0,0.0,0.0,0.0,0.0,0.0,0.0,0,146.52,0
UGA_2010_27,0.0,0.0,0.0,0.0,0.0,0.0,0.0,0.0,0.0,0.0,0,0.0,0,0.0,0.0,0.0,0.0,0.0,0.0,0.0,0,0.0,0,0.0,0.0,0.0,0.0,0.0,0.0,0.0,0,0.0,0
UGA_2010_270,4.0,15584.07,347.47,1.0,0.0,0.0,1.0,0.0,0.0,0.0,0,2.0,0,398.71,0.0,0.0,6094.65,0.0,0.0,0.0,0,9090.71,0,8.89,0.0,0.0,135.89,0.0,0.0,0.0,0,202.69,0
UGA_2010_271,1.0,3723.93,83.03,0.0,0.0,0.0,1.0,0.0,0.0,0.0,0,0.0,0,0.0,0.0,0.0,3723.93,0.0,0.0,0.0,0,0.0,0,0.0,0.0,0.0,83.03,0.0,0.0,0.0,0,0.0,0
UGA_2010_272,3.0,10969.42,244.58,0.0,2.0,0.0,1.0,0.0,0.0,0.0,0,0.0,0,0.0,7117.01,0.0,3852.41,0.0,0.0,0.0,0,0.0,0,0.0,158.68,0.0,85.89,0.0,0.0,0.0,0,0.0,0
UGA_2010_273,1.0,7620.18,169.9,0.0,0.0,0.0,0.0,0.0,0.0,0.0,0,1.0,0,0.0,0.0,0.0,0.0,0.0,0.0,0.0,0,7620.18,0,0.0,0.0,0.0,0.0,0.0,0.0,0.0,0,169.9,0
UGA_2010_274,3.0,8195.32,182.73,0.0,1.0,0.0,1.0,0.0,0.0,0.0,0,1.0,0,0.0,645.62,0.0,695.63,0.0,0.0,0.0,0,6854.07,0,0.0,14.39,0.0,15.51,0.0,0.0,0.0,0,152.82,0
UGA_2010_275,1.0,7760.55,173.03,0.0,0.0,0.0,0.0,0.0,0.0,0.0,0,1.0,0,0.0,0.0,0.0,0.0,0.0,0.0,0.0,0,7760.55,0,0.0,0.0,0.0,0.0,0.0,0.0,0.0,0,173.03,0
UGA_2010_276,2.0,5978.02,133.29,0.0,0.0,0.0,2.0,0.0,0.0,0.0,0,0.0,0,0.0,0.0,0.0,5978.02,0.0,0.0,0.0,0,0.0,0,0.0,0.0,0.0,133.29,0.0,0.0,0.0,0,0.0,0
UGA_2010_277,1.0,2248.72,50.14,0.0,1.0,0.0,0.0,0.0,0.0,0.0,0,0.0,0,0.0,2248.72,0.0,0.0,0.0,0.0,0.0,0,0.0,0,0.0,50.14,0.0,0.0,0.0,0.0,0.0,0,0.0,0
UGA_2010_278,2.0,11169.34,249.04,0.0,0.0,0.0,2.0,0.0,0.0,0.0,0,0.0,0,0.0,0.0,0.0,11169.34,0.0,0.0,0.0,0,0.0,0,0.0,0.0,0.0,249.04,0.0,0.0,0.0,0,0.0,0
UGA_2010_279,0.0,0.0,0.0,0.0,0.0,0.0,0.0,0.0,0.0,0.0,0,0.0,0,0.0,0.0,0.0,0.0,0.0,0.0,0.0,0,0.0,0,0.0,0.0,0.0,0.0,0.0,0.0,0.0,0,0.0,0
UGA_2010_28,0.0,0.0,0.0,0.0,0.0,0.0,0.0,0.0,0.0,0.0,0,0.0,0,0.0,0.0,0.0,0.0,0.0,0.0,0.0,0,0.0,0,0.0,0.0,0.0,0.0,0.0,0.0,0.0,0,0.0,0
UGA_2010_280,2.0,7892.28,175.97,0.0,0.0,0.0,2.0,0.0,0.0,0.0,0,0.0,0,0.0,0.0,0.0,7892.28,0.0,0.0,0.0,0,0.0,0,0.0,0.0,0.0,175.97,0.0,0.0,0.0,0,0.0,0
UGA_2010_281,3.0,15296.73,341.07,0.0,0.0,0.0,2.0,0.0,0.0,0.0,0,1.0,0,0.0,0.0,0.0,15062.03,0.0,0.0,0.0,0,234.7,0,0.0,0.0,0.0,335.83,0.0,0.0,0.0,0,5.23,0
UGA_2010_282,0.0,0.0,0.0,0.0,0.0,0.0,0.0,0.0,0.0,0.0,0,0.0,0,0.0,0.0,0.0,0.0,0.0,0.0,0.0,0,0.0,0,0.0,0.0,0.0,0.0,0.0,0.0,0.0,0,0.0,0
UGA_2010_283,1.0,2461.91,54.89,0.0,0.0,0.0,1.0,0.0,0.0,0.0,0,0.0,0,0.0,0.0,0.0,2461.91,0.0,0.0,0.0,0,0.0,0,0.0,0.0,0.0,54.89,0.0,0.0,0.0,0,0.0,0
UGA_2010_284,3.0,9917.08,221.12,0.0,0.0,0.0,2.0,0.0,0.0,0.0,0,1.0,0,0.0,0.0,0.0,5387.9,0.0,0.0,0.0,0,4529.18,0,0.0,0.0,0.0,120.13,0.0,0.0,0.0,0,100.99,0
UGA_2010_285,3.0,12240.88,272.93,0.0,0.0,0.0,2.0,0.0,0.0,0.0,0,1.0,0,0.0,0.0,0.0,6765.61,0.0,0.0,0.0,0,5475.27,0,0.0,0.0,0.0,150.85,0.0,0.0,0.0,0,122.08,0
UGA_2010_286,1.0,4066.75,90.68,0.0,0.0,0.0,1.0,0.0,0.0,0.0,0,0.0,0,0.0,0.0,0.0,4066.75,0.0,0.0,0.0,0,0.0,0,0.0,0.0,0.0,90.68,0.0,0.0,0.0,0,0.0,0
UGA_2010_287,3.0,13711.75,305.73,0.0,0.0,0.0,3.0,0.0,0.0,0.0,0,0.0,0,0.0,0.0,0.0,13711.75,0.0,0.0,0.0,0,0.0,0,0.0,0.0,0.0,305.73,0.0,0.0,0.0,0,0.0,0
UGA_2010_288,3.0,11100.28,247.5,0.0,0.0,0.0,0.0,0.0,0.0,0.0,0,3.0,0,0.0,0.0,0.0,0.0,0.0,0.0,0.0,0,11100.28,0,0.0,0.0,0.0,0.0,0.0,0.0,0.0,0,247.5,0
UGA_2010_289,2.0,13946.56,310.97,0.0,0.0,0.0,2.0,0.0,0.0,0.0,0,0.0,0,0.0,0.0,0.0,13946.56,0.0,0.0,0.0,0,0.0,0,0.0,0.0,0.0,310.97,0.0,0.0,0.0,0,0.0,0
UGA_2010_29,0.0,0.0,0.0,0.0,0.0,0.0,0.0,0.0,0.0,0.0,0,0.0,0,0.0,0.0,0.0,0.0,0.0,0.0,0.0,0,0.0,0,0.0,0.0,0.0,0.0,0.0,0.0,0.0,0,0.0,0
UGA_2010_290,0.0,0.0,0.0,0.0,0.0,0.0,0.0,0.0,0.0,0.0,0,0.0,0,0.0,0.0,0.0,0.0,0.0,0.0,0.0,0,0.0,0,0.0,0.0,0.0,0.0,0.0,0.0,0.0,0,0.0,0
UGA_2010_291,1.0,8169.9,182.17,0.0,0.0,0.0,1.0,0.0,0.0,0.0,0,0.0,0,0.0,0.0,0.0,8169.9,0.0,0.0,0.0,0,0.0,0,0.0,0.0,0.0,182.17,0.0,0.0,0.0,0,0.0,0
UGA_2010_292,0.0,0.0,0.0,0.0,0.0,0.0,0.0,0.0,0.0,0.0,0,0.0,0,0.0,0.0,0.0,0.0,0.0,0.0,0.0,0,0.0,0,0.0,0.0,0.0,0.0,0.0,0.0,0.0,0,0.0,0
UGA_2010_293,4.0,16590.94,369.93,0.0,1.0,0.0,3.0,0.0,0.0,0.0,0,0.0,0,0.0,8104.68,0.0,8486.26,0.0,0.0,0.0,0,0.0,0,0.0,180.71,0.0,189.22,0.0,0.0,0.0,0,0.0,0
UGA_2010_294,0.0,0.0,0.0,0.0,0.0,0.0,0.0,0.0,0.0,0.0,0,0.0,0,0.0,0.0,0.0,0.0,0.0,0.0,0.0,0,0.0,0,0.0,0.0,0.0,0.0,0.0,0.0,0.0,0,0.0,0
UGA_2010_295,2.0,7543.68,168.21,0.0,0.0,0.0,2.0,0.0,0.0,0.0,0,0.0,0,0.0,0.0,0.0,7543.68,0.0,0.0,0.0,0,0.0,0,0.0,0.0,0.0,168.21,0.0,0.0,0.0,0,0.0,0
UGA_2010_296,1.0,7482.59,166.84,0.0,0.0,0.0,1.0,0.0,0.0,0.0,0,0.0,0,0.0,0.0,0.0,7482.59,0.0,0.0,0.0,0,0.0,0,0.0,0.0,0.0,166.84,0.0,0.0,0.0,0,0.0,0
UGA_2010_297,2.0,13107.79,292.27,0.0,0.0,0.0,0.0,0.0,0.0,0.0,0,2.0,0,0.0,0.0,0.0,0.0,0.0,0.0,0.0,0,13107.79,0,0.0,0.0,0.0,0.0,0.0,0.0,0.0,0,292.27,0
UGA_2010_298,2.0,6313.78,140.78,0.0,0.0,0.0,1.0,0.0,0.0,0.0,0,1.0,0,0.0,0.0,0.0,5743.0,0.0,0.0,0.0,0,570.78,0,0.0,0.0,0.0,128.05,0.0,0.0,0.0,0,12.73,0
UGA_2010_299,2.0,12720.63,283.64,0.0,0.0,0.0,1.0,0.0,0.0,0.0,0,1.0,0,0.0,0.0,0.0,5549.36,0.0,0.0,0.0,0,7171.27,0,0.0,0.0,0.0,123.74,0.0,0.0,0.0,0,159.9,0
UGA_2010_3,1.0,3614.41,80.62,0.0,0.0,0.0,0.0,0.0,0.0,0.0,0,0.0,0,0.0,0.0,0.0,0.0,0.0,0.0,0.0,0,0.0,0,0.0,0.0,0.0,0.0,0.0,0.0,0.0,0,0.0,0
UGA_2010_30,0.0,0.0,0.0,0.0,0.0,0.0,0.0,0.0,0.0,0.0,0,0.0,0,0.0,0.0,0.0,0.0,0.0,0.0,0.0,0,0.0,0,0.0,0.0,0.0,0.0,0.0,0.0,0.0,0,0.0,0
UGA_2010_300,1.0,6022.48,134.29,1.0,0.0,0.0,0.0,0.0,0.0,0.0,0,0.0,0,6022.48,0.0,0.0,0.0,0.0,0.0,0.0,0,0.0,0,134.29,0.0,0.0,0.0,0.0,0.0,0.0,0,0.0,0
UGA_2010_301,2.0,14052.27,313.33,0.0,0.0,0.0,2.0,0.0,0.0,0.0,0,0.0,0,0.0,0.0,0.0,14052.27,0.0,0.0,0.0,0,0.0,0,0.0,0.0,0.0,313.33,0.0,0.0,0.0,0,0.0,0
UGA_2010_302,0.0,0.0,0.0,0.0,0.0,0.0,0.0,0.0,0.0,0.0,0,0.0,0,0.0,0.0,0.0,0.0,0.0,0.0,0.0,0,0.0,0,0.0,0.0,0.0,0.0,0.0,0.0,0.0,0,0.0,0
UGA_2010_303,3.0,9367.43,208.87,0.0,0.0,0.0,0.0,0.0,0.0,0.0,0,0.0,0,0.0,0.0,0.0,0.0,0.0,0.0,0.0,0,0.0,0,0.0,0.0,0.0,0.0,0.0,0.0,0.0,0,0.0,0
UGA_2010_304,3.0,9566.1,213.3,0.0,0.0,0.0,0.0,0.0,0.0,0.0,0,0.0,0,0.0,0.0,0.0,0.0,0.0,0.0,0.0,0,0.0,0,0.0,0.0,0.0,0.0,0.0,0.0,0.0,0,0.0,0
UGA_2010_305,4.0,11749.62,261.99,0.0,0.0,0.0,1.0,0.0,0.0,0.0,0,0.0,0,0.0,0.0,0.0,1370.04,0.0,0.0,0.0,0,0.0,0,0.0,0.0,0.0,30.55,0.0,0.0,0.0,0,0.0,0
UGA_2010_306,2.0,7898.54,176.12,0.0,0.0,0.0,2.0,0.0,0.0,0.0,0,0.0,0,0.0,0.0,0.0,7898.54,0.0,0.0,0.0,0,0.0,0,0.0,0.0,0.0,176.12,0.0,0.0,0.0,0,0.0,0
UGA_2010_307,1.0,9758.1,217.59,0.0,0.0,0.0,1.0,0.0,0.0,0.0,0,0.0,0,0.0,0.0,0.0,9758.1,0.0,0.0,0.0,0,0.0,0,0.0,0.0,0.0,217.59,0.0,0.0,0.0,0,0.0,0
UGA_2010_308,0.0,0.0,0.0,0.0,0.0,0.0,0.0,0.0,0.0,0.0,0,0.0,0,0.0,0.0,0.0,0.0,0.0,0.0,0.0,0,0.0,0,0.0,0.0,0.0,0.0,0.0,0.0,0.0,0,0.0,0
UGA_2010_309,2.0,3305.79,73.71,0.0,0.0,0.0,1.0,0.0,0.0,0.0,0,1.0,0,0.0,0.0,0.0,1791.33,0.0,0.0,0.0,0,1514.47,0,0.0,0.0,0.0,39.94,0.0,0.0,0.0,0,33.77,0
UGA_2010_31,1.0,2360.47,52.63,0.0,0.0,0.0,0.0,0.0,0.0,0.0,0,1.0,0,0.0,0.0,0.0,0.0,0.0,0.0,0.0,0,2360.47,0,0.0,0.0,0.0,0.0,0.0,0.0,0.0,0,52.63,0
UGA_2010_310,1.0,6578.82,146.7,0.0,0.0,0.0,0.0,0.0,0.0,0.0,0,0.0,0,0.0,0.0,0.0,0.0,0.0,0.0,0.0,0,0.0,0,0.0,0.0,0.0,0.0,0.0,0.0,0.0,0,0.0,0
UGA_2010_311,3.0,13721.0,305.95,0.0,0.0,0.0,3.0,0.0,0.0,0.0,0,0.0,0,0.0,0.0,0.0,13721.0,0.0,0.0,0.0,0,0.0,0,0.0,0.0,0.0,305.95,0.0,0.0,0.0,0,0.0,0
UGA_2010_312,1.0,735.99,16.41,0.0,0.0,0.0,1.0,0.0,0.0,0.0,0,0.0,0,0.0,0.0,0.0,735.99,0.0,0.0,0.0,0,0.0,0,0.0,0.0,0.0,16.41,0.0,0.0,0.0,0,0.0,0
UGA_2010_313,1.0,1337.15,29.82,0.0,0.0,0.0,0.0,0.0,0.0,0.0,0,1.0,0,0.0,0.0,0.0,0.0,0.0,0.0,0.0,0,1337.15,0,0.0,0.0,0.0,0.0,0.0,0.0,0.0,0,29.82,0
UGA_2010_314,0.0,0.0,0.0,0.0,0.0,0.0,0.0,0.0,0.0,0.0,0,0.0,0,0.0,0.0,0.0,0.0,0.0,0.0,0.0,0,0.0,0,0.0,0.0,0.0,0.0,0.0,0.0,0.0,0,0.0,0
UGA_2010_315,2.0,12329.74,274.93,0.0,0.0,0.0,1.0,0.0,0.0,0.0,0,1.0,0,0.0,0.0,0.0,4651.95,0.0,0.0,0.0,0,7677.79,0,0.0,0.0,0.0,103.73,0.0,0.0,0.0,0,171.2,0
UGA_2010_316,1.0,7590.13,169.25,0.0,0.0,0.0,0.0,0.0,0.0,0.0,0,0.0,0,0.0,0.0,0.0,0.0,0.0,0.0,0.0,0,0.0,0,0.0,0.0,0.0,0.0,0.0,0.0,0.0,0,0.0,0
UGA_2010_317,1.0,7602.3,169.52,0.0,0.0,0.0,0.0,0.0,0.0,0.0,0,0.0,0,0.0,0.0,0.0,0.0,0.0,0.0,0.0,0,0.0,0,0.0,0.0,0.0,0.0,0.0,0.0,0.0,0,0.0,0
UGA_2010_318,1.0,6605.59,147.3,0.0,0.0,0.0,0.0,0.0,0.0,0.0,0,0.0,0,0.0,0.0,0.0,0.0,0.0,0.0,0.0,0,0.0,0,0.0,0.0,0.0,0.0,0.0,0.0,0.0,0,0.0,0
UGA_2010_319,0.0,0.0,0.0,0.0,0.0,0.0,0.0,0.0,0.0,0.0,0,0.0,0,0.0,0.0,0.0,0.0,0.0,0.0,0.0,0,0.0,0,0.0,0.0,0.0,0.0,0.0,0.0,0.0,0,0.0,0
UGA_2010_32,2.0,5078.27,113.23,0.0,0.0,0.0,0.0,0.0,2.0,0.0,0,0.0,0,0.0,0.0,0.0,0.0,0.0,5078.27,0.0,0,0.0,0,0.0,0.0,0.0,0.0,0.0,113.23,0.0,0,0.0,0
UGA_2010_320,0.0,0.0,0.0,0.0,0.0,0.0,0.0,0.0,0.0,0.0,0,0.0,0,0.0,0.0,0.0,0.0,0.0,0.0,0.0,0,0.0,0,0.0,0.0,0.0,0.0,0.0,0.0,0.0,0,0.0,0
UGA_2010_321,3.0,16760.43,373.74,0.0,0.0,0.0,2.0,0.0,0.0,0.0,0,1.0,0,0.0,0.0,0.0,11873.84,0.0,0.0,0.0,0,4886.59,0,0.0,0.0,0.0,264.77,0.0,0.0,0.0,0,108.97,0
UGA_2010_322,1.0,9343.55,208.35,0.0,0.0,0.0,1.0,0.0,0.0,0.0,0,0.0,0,0.0,0.0,0.0,9343.55,0.0,0.0,0.0,0,0.0,0,0.0,0.0,0.0,208.35,0.0,0.0,0.0,0,0.0,0
UGA_2010_323,0.0,0.0,0.0,0.0,0.0,0.0,0.0,0.0,0.0,0.0,0,0.0,0,0.0,0.0,0.0,0.0,0.0,0.0,0.0,0,0.0,0,0.0,0.0,0.0,0.0,0.0,0.0,0.0,0,0.0,0
UGA_2010_324,0.0,0.0,0.0,0.0,0.0,0.0,0.0,0.0,0.0,0.0,0,0.0,0,0.0,0.0,0.0,0.0,0.0,0.0,0.0,0,0.0,0,0.0,0.0,0.0,0.0,0.0,0.0,0.0,0,0.0,0
UGA_2010_325,6.0,17331.23,386.47,0.0,0.0,0.0,5.0,0.0,0.0,0.0,0,1.0,0,0.0,0.0,0.0,15312.18,0.0,0.0,0.0,0,2019.05,0,0.0,0.0,0.0,341.45,0.0,0.0,0.0,0,45.02,0
UGA_2010_326,0.0,0.0,0.0,0.0,0.0,0.0,0.0,0.0,0.0,0.0,0,0.0,0,0.0,0.0,0.0,0.0,0.0,0.0,0.0,0,0.0,0,0.0,0.0,0.0,0.0,0.0,0.0,0.0,0,0.0,0
UGA_2010_327,1.0,8792.84,196.08,0.0,0.0,0.0,1.0,0.0,0.0,0.0,0,0.0,0,0.0,0.0,0.0,8792.84,0.0,0.0,0.0,0,0.0,0,0.0,0.0,0.0,196.08,0.0,0.0,0.0,0,0.0,0
UGA_2010_328,2.0,6969.51,155.42,0.0,0.0,0.0,2.0,0.0,0.0,0.0,0,0.0,0,0.0,0.0,0.0,6969.51,0.0,0.0,0.0,0,0.0,0,0.0,0.0,0.0,155.42,0.0,0.0,0.0,0,0.0,0
UGA_2010_329,0.0,0.0,0.0,0.0,0.0,0.0,0.0,0.0,0.0,0.0,0,0.0,0,0.0,0.0,0.0,0.0,0.0,0.0,0.0,0,0.0,0,0.0,0.0,0.0,0.0,0.0,0.0,0.0,0,0.0,0
UGA_2010_33,7.0,18399.92,410.25,0.0,0.0,0.0,0.0,0.0,1.0,0.0,0,5.0,0,0.0,0.0,0.0,0.0,0.0,3536.09,0.0,0,11944.47,0,0.0,0.0,0.0,0.0,0.0,78.84,0.0,0,266.32,0
UGA_2010_330,0.0,0.0,0.0,0.0,0.0,0.0,0.0,0.0,0.0,0.0,0,0.0,0,0.0,0.0,0.0,0.0,0.0,0.0,0.0,0,0.0,0,0.0,0.0,0.0,0.0,0.0,0.0,0.0,0,0.0,0
UGA_2010_331,1.0,146.58,3.27,0.0,1.0,0.0,0.0,0.0,0.0,0.0,0,0.0,0,0.0,146.58,0.0,0.0,0.0,0.0,0.0,0,0.0,0,0.0,3.27,0.0,0.0,0.0,0.0,0.0,0,0.0,0
UGA_2010_332,0.0,0.0,0.0,0.0,0.0,0.0,0.0,0.0,0.0,0.0,0,0.0,0,0.0,0.0,0.0,0.0,0.0,0.0,0.0,0,0.0,0,0.0,0.0,0.0,0.0,0.0,0.0,0.0,0,0.0,0
UGA_2010_333,5.0,8271.19,184.45,1.0,0.0,0.0,0.0,0.0,0.0,0.0,0,0.0,0,5627.92,0.0,0.0,0.0,0.0,0.0,0.0,0,0.0,0,125.51,0.0,0.0,0.0,0.0,0.0,0.0,0,0.0,0
UGA_2010_334,0.0,0.0,0.0,0.0,0.0,0.0,0.0,0.0,0.0,0.0,0,0.0,0,0.0,0.0,0.0,0.0,0.0,0.0,0.0,0,0.0,0,0.0,0.0,0.0,0.0,0.0,0.0,0.0,0,0.0,0
UGA_2010_335,1.0,6687.19,149.13,0.0,0.0,0.0,1.0,0.0,0.0,0.0,0,0.0,0,0.0,0.0,0.0,6687.19,0.0,0.0,0.0,0,0.0,0,0.0,0.0,0.0,149.13,0.0,0.0,0.0,0,0.0,0
UGA_2010_336,1.0,6875.45,153.33,0.0,0.0,0.0,1.0,0.0,0.0,0.0,0,0.0,0,0.0,0.0,0.0,6875.45,0.0,0.0,0.0,0,0.0,0,0.0,0.0,0.0,153.33,0.0,0.0,0.0,0,0.0,0
UGA_2010_337,2.0,11554.0,257.67,0.0,0.0,0.0,2.0,0.0,0.0,0.0,0,0.0,0,0.0,0.0,0.0,11554.0,0.0,0.0,0.0,0,0.0,0,0.0,0.0,0.0,257.67,0.0,0.0,0.0,0,0.0,0
UGA_2010_338,0.0,0.0,0.0,0.0,0.0,0.0,0.0,0.0,0.0,0.0,0,0.0,0,0.0,0.0,0.0,0.0,0.0,0.0,0.0,0,0.0,0,0.0,0.0,0.0,0.0,0.0,0.0,0.0,0,0.0,0
UGA_2010_339,45.0,32476.46,724.26,7.0,10.0,0.0,4.0,1.0,0.0,9.0,0,0.0,0,4446.9,11645.87,0.0,3169.86,128.96,0.0,4462.38,0,0.0,0,99.17,259.72,0.0,70.69,2.88,0.0,99.52,0,0.0,0
UGA_2010_34,0.0,0.0,0.0,0.0,0.0,0.0,0.0,0.0,0.0,0.0,0,0.0,0,0.0,0.0,0.0,0.0,0.0,0.0,0.0,0,0.0,0,0.0,0.0,0.0,0.0,0.0,0.0,0.0,0,0.0,0
UGA_2010_340,42.0,29881.04,666.38,7.0,10.0,0.0,4.0,1.0,0.0,8.0,0,0.0,0,3598.45,12466.79,0.0,3169.86,128.96,0.0,2985.49,0,0.0,0,80.25,278.02,0.0,70.69,2.88,0.0,66.58,0,0.0,0
UGA_2010_341,39.0,28632.66,638.55,6.0,10.0,0.0,4.0,1.0,0.0,6.0,0,0.0,0,2833.9,12866.0,0.0,3169.86,128.96,0.0,2499.36,0,0.0,0,63.2,286.93,0.0,70.69,2.88,0.0,55.74,0,0.0,0
UGA_2010_342,1.0,7665.24,170.95,0.0,0.0,0.0,1.0,0.0,0.0,0.0,0,0.0,0,0.0,0.0,0.0,7665.24,0.0,0.0,0.0,0,0.0,0,0.0,0.0,0.0,170.95,0.0,0.0,0.0,0,0.0,0
UGA_2010_343,1.0,224.11,5.0,0.0,0.0,0.0,1.0,0.0,0.0,0.0,0,0.0,0,0.0,0.0,0.0,224.11,0.0,0.0,0.0,0,0.0,0,0.0,0.0,0.0,5.0,0.0,0.0,0.0,0,0.0,0
UGA_2010_344,1.0,7051.82,157.27,0.0,0.0,0.0,1.0,0.0,0.0,0.0,0,0.0,0,0.0,0.0,0.0,7051.82,0.0,0.0,0.0,0,0.0,0,0.0,0.0,0.0,157.27,0.0,0.0,0.0,0,0.0,0
UGA_2010_345,1.0,2248.43,50.14,0.0,0.0,0.0,1.0,0.0,0.0,0.0,0,0.0,0,0.0,0.0,0.0,2248.43,0.0,0.0,0.0,0,0.0,0,0.0,0.0,0.0,50.14,0.0,0.0,0.0,0,0.0,0
UGA_2010_346,1.0,3139.58,70.02,0.0,0.0,0.0,1.0,0.0,0.0,0.0,0,0.0,0,0.0,0.0,0.0,3139.58,0.0,0.0,0.0,0,0.0,0,0.0,0.0,0.0,70.02,0.0,0.0,0.0,0,0.0,0
UGA_2010_347,1.0,7721.56,172.21,0.0,0.0,0.0,1.0,0.0,0.0,0.0,0,0.0,0,0.0,0.0,0.0,7721.56,0.0,0.0,0.0,0,0.0,0,0.0,0.0,0.0,172.21,0.0,0.0,0.0,0,0.0,0
UGA_2010_348,0.0,0.0,0.0,0.0,0.0,0.0,0.0,0.0,0.0,0.0,0,0.0,0,0.0,0.0,0.0,0.0,0.0,0.0,0.0,0,0.0,0,0.0,0.0,0.0,0.0,0.0,0.0,0.0,0,0.0,0
UGA_2010_349,8.0,22820.1,508.96,0.0,0.0,0.0,7.0,0.0,0.0,0.0,0,1.0,0,0.0,0.0,0.0,22640.25,0.0,0.0,0.0,0,179.85,0,0.0,0.0,0.0,504.94,0.0,0.0,0.0,0,4.01,0
UGA_2010_35,3.0,12364.06,275.67,0.0,0.0,0.0,1.0,0.0,0.0,0.0,0,2.0,0,0.0,0.0,0.0,4185.92,0.0,0.0,0.0,0,8178.15,0,0.0,0.0,0.0,93.33,0.0,0.0,0.0,0,182.34,0
UGA_2010_350,1.0,4800.56,107.07,0.0,1.0,0.0,0.0,0.0,0.0,0.0,0,0.0,0,0.0,4800.56,0.0,0.0,0.0,0.0,0.0,0,0.0,0,0.0,107.07,0.0,0.0,0.0,0.0,0.0,0,0.0,0
UGA_2010_351,1.0,7570.73,168.85,0.0,0.0,0.0,1.0,0.0,0.0,0.0,0,0.0,0,0.0,0.0,0.0,7570.73,0.0,0.0,0.0,0,0.0,0,0.0,0.0,0.0,168.85,0.0,0.0,0.0,0,0.0,0
UGA_2010_352,2.0,10069.84,224.59,0.0,1.0,0.0,1.0,0.0,0.0,0.0,0,0.0,0,0.0,4651.93,0.0,5417.91,0.0,0.0,0.0,0,0.0,0,0.0,103.75,0.0,120.84,0.0,0.0,0.0,0,0.0,0
UGA_2010_353,1.0,7907.78,176.37,0.0,0.0,0.0,1.0,0.0,0.0,0.0,0,0.0,0,0.0,0.0,0.0,7907.78,0.0,0.0,0.0,0,0.0,0,0.0,0.0,0.0,176.37,0.0,0.0,0.0,0,0.0,0
UGA_2010_354,1.0,7661.39,170.88,0.0,0.0,0.0,1.0,0.0,0.0,0.0,0,0.0,0,0.0,0.0,0.0,7661.39,0.0,0.0,0.0,0,0.0,0,0.0,0.0,0.0,170.88,0.0,0.0,0.0,0,0.0,0
UGA_2010_355,2.0,12575.21,280.48,0.0,1.0,0.0,1.0,0.0,0.0,0.0,0,0.0,0,0.0,8797.77,0.0,3777.45,0.0,0.0,0.0,0,0.0,0,0.0,196.22,0.0,84.25,0.0,0.0,0.0,0,0.0,0
UGA_2010_356,0.0,0.0,0.0,0.0,0.0,0.0,0.0,0.0,0.0,0.0,0,0.0,0,0.0,0.0,0.0,0.0,0.0,0.0,0.0,0,0.0,0,0.0,0.0,0.0,0.0,0.0,0.0,0.0,0,0.0,0
UGA_2010_357,0.0,0.0,0.0,0.0,0.0,0.0,0.0,0.0,0.0,0.0,0,0.0,0,0.0,0.0,0.0,0.0,0.0,0.0,0.0,0,0.0,0,0.0,0.0,0.0,0.0,0.0,0.0,0.0,0,0.0,0
UGA_2010_358,0.0,0.0,0.0,0.0,0.0,0.0,0.0,0.0,0.0,0.0,0,0.0,0,0.0,0.0,0.0,0.0,0.0,0.0,0.0,0,0.0,0,0.0,0.0,0.0,0.0,0.0,0.0,0.0,0,0.0,0
UGA_2010_359,1.0,969.03,21.61,0.0,0.0,0.0,1.0,0.0,0.0,0.0,0,0.0,0,0.0,0.0,0.0,969.03,0.0,0.0,0.0,0,0.0,0,0.0,0.0,0.0,21.61,0.0,0.0,0.0,0,0.0,0
UGA_2010_36,0.0,0.0,0.0,0.0,0.0,0.0,0.0,0.0,0.0,0.0,0,0.0,0,0.0,0.0,0.0,0.0,0.0,0.0,0.0,0,0.0,0,0.0,0.0,0.0,0.0,0.0,0.0,0.0,0,0.0,0
UGA_2010_360,0.0,0.0,0.0,0.0,0.0,0.0,0.0,0.0,0.0,0.0,0,0.0,0,0.0,0.0,0.0,0.0,0.0,0.0,0.0,0,0.0,0,0.0,0.0,0.0,0.0,0.0,0.0,0.0,0,0.0,0
UGA_2010_361,0.0,0.0,0.0,0.0,0.0,0.0,0.0,0.0,0.0,0.0,0,0.0,0,0.0,0.0,0.0,0.0,0.0,0.0,0.0,0,0.0,0,0.0,0.0,0.0,0.0,0.0,0.0,0.0,0,0.0,0
UGA_2010_362,1.0,699.57,15.6,0.0,0.0,0.0,0.0,0.0,0.0,0.0,0,1.0,0,0.0,0.0,0.0,0.0,0.0,0.0,0.0,0,699.57,0,0.0,0.0,0.0,0.0,0.0,0.0,0.0,0,15.6,0
UGA_2010_363,2.0,13162.44,293.6,0.0,0.0,0.0,2.0,0.0,0.0,0.0,0,0.0,0,0.0,0.0,0.0,13162.44,0.0,0.0,0.0,0,0.0,0,0.0,0.0,0.0,293.6,0.0,0.0,0.0,0,0.0,0
UGA_2010_364,1.0,7330.51,163.52,0.0,1.0,0.0,0.0,0.0,0.0,0.0,0,0.0,0,0.0,7330.51,0.0,0.0,0.0,0.0,0.0,0,0.0,0,0.0,163.52,0.0,0.0,0.0,0.0,0.0,0,0.0,0
UGA_2010_365,0.0,0.0,0.0,0.0,0.0,0.0,0.0,0.0,0.0,0.0,0,0.0,0,0.0,0.0,0.0,0.0,0.0,0.0,0.0,0,0.0,0,0.0,0.0,0.0,0.0,0.0,0.0,0.0,0,0.0,0
UGA_2010_366,2.0,9338.93,208.32,0.0,0.0,0.0,2.0,0.0,0.0,0.0,0,0.0,0,0.0,0.0,0.0,9338.93,0.0,0.0,0.0,0,0.0,0,0.0,0.0,0.0,208.32,0.0,0.0,0.0,0,0.0,0
UGA_2010_367,1.0,5736.76,127.97,0.0,0.0,0.0,1.0,0.0,0.0,0.0,0,0.0,0,0.0,0.0,0.0,5736.76,0.0,0.0,0.0,0,0.0,0,0.0,0.0,0.0,127.97,0.0,0.0,0.0,0,0.0,0
UGA_2010_368,0.0,0.0,0.0,0.0,0.0,0.0,0.0,0.0,0.0,0.0,0,0.0,0,0.0,0.0,0.0,0.0,0.0,0.0,0.0,0,0.0,0,0.0,0.0,0.0,0.0,0.0,0.0,0.0,0,0.0,0
UGA_2010_369,2.0,9190.95,205.03,0.0,0.0,0.0,2.0,0.0,0.0,0.0,0,0.0,0,0.0,0.0,0.0,9190.95,0.0,0.0,0.0,0,0.0,0,0.0,0.0,0.0,205.03,0.0,0.0,0.0,0,0.0,0
UGA_2010_37,4.0,12199.36,272.0,0.0,0.0,0.0,1.0,0.0,0.0,0.0,0,3.0,0,0.0,0.0,0.0,923.04,0.0,0.0,0.0,0,11276.31,0,0.0,0.0,0.0,20.58,0.0,0.0,0.0,0,251.42,0
UGA_2010_370,0.0,0.0,0.0,0.0,0.0,0.0,0.0,0.0,0.0,0.0,0,0.0,0,0.0,0.0,0.0,0.0,0.0,0.0,0.0,0,0.0,0,0.0,0.0,0.0,0.0,0.0,0.0,0.0,0,0.0,0
UGA_2010_371,1.0,1529.59,34.12,0.0,0.0,0.0,1.0,0.0,0.0,0.0,0,0.0,0,0.0,0.0,0.0,1529.59,0.0,0.0,0.0,0,0.0,0,0.0,0.0,0.0,34.12,0.0,0.0,0.0,0,0.0,0
UGA_2010_372,5.0,16160.82,360.52,0.0,0.0,0.0,4.0,0.0,0.0,0.0,0,1.0,0,0.0,0.0,0.0,13469.74,0.0,0.0,0.0,0,2691.09,0,0.0,0.0,0.0,300.48,0.0,0.0,0.0,0,60.03,0
UGA_2010_373,4.0,17769.01,396.4,0.0,0.0,0.0,4.0,0.0,0.0,0.0,0,0.0,0,0.0,0.0,0.0,17769.01,0.0,0.0,0.0,0,0.0,0,0.0,0.0,0.0,396.4,0.0,0.0,0.0,0,0.0,0
UGA_2010_374,3.0,8417.27,187.78,0.0,0.0,0.0,3.0,0.0,0.0,0.0,0,0.0,0,0.0,0.0,0.0,8417.27,0.0,0.0,0.0,0,0.0,0,0.0,0.0,0.0,187.78,0.0,0.0,0.0,0,0.0,0
UGA_2010_375,1.0,7189.17,160.38,0.0,0.0,0.0,1.0,0.0,0.0,0.0,0,0.0,0,0.0,0.0,0.0,7189.17,0.0,0.0,0.0,0,0.0,0,0.0,0.0,0.0,160.38,0.0,0.0,0.0,0,0.0,0
UGA_2010_376,2.0,11956.6,266.74,0.0,0.0,0.0,2.0,0.0,0.0,0.0,0,0.0,0,0.0,0.0,0.0,11956.6,0.0,0.0,0.0,0,0.0,0,0.0,0.0,0.0,266.74,0.0,0.0,0.0,0,0.0,0
UGA_2010_377,0.0,0.0,0.0,0.0,0.0,0.0,0.0,0.0,0.0,0.0,0,0.0,0,0.0,0.0,0.0,0.0,0.0,0.0,0.0,0,0.0,0,0.0,0.0,0.0,0.0,0.0,0.0,0.0,0,0.0,0
UGA_2010_378,2.0,2106.86,47.0,0.0,0.0,0.0,2.0,0.0,0.0,0.0,0,0.0,0,0.0,0.0,0.0,2106.86,0.0,0.0,0.0,0,0.0,0,0.0,0.0,0.0,47.0,0.0,0.0,0.0,0,0.0,0
UGA_2010_379,0.0,0.0,0.0,0.0,0.0,0.0,0.0,0.0,0.0,0.0,0,0.0,0,0.0,0.0,0.0,0.0,0.0,0.0,0.0,0,0.0,0,0.0,0.0,0.0,0.0,0.0,0.0,0.0,0,0.0,0
UGA_2010_38,0.0,0.0,0.0,0.0,0.0,0.0,0.0,0.0,0.0,0.0,0,0.0,0,0.0,0.0,0.0,0.0,0.0,0.0,0.0,0,0.0,0,0.0,0.0,0.0,0.0,0.0,0.0,0.0,0,0.0,0
UGA_2010_380,1.0,324.55,7.24,0.0,0.0,0.0,1.0,0.0,0.0,0.0,0,0.0,0,0.0,0.0,0.0,324.55,0.0,0.0,0.0,0,0.0,0,0.0,0.0,0.0,7.24,0.0,0.0,0.0,0,0.0,0
UGA_2010_381,1.0,7271.3,162.23,0.0,0.0,0.0,0.0,0.0,0.0,0.0,0,1.0,0,0.0,0.0,0.0,0.0,0.0,0.0,0.0,0,7271.3,0,0.0,0.0,0.0,0.0,0.0,0.0,0.0,0,162.23,0
UGA_2010_382,1.0,1183.68,26.41,0.0,0.0,0.0,1.0,0.0,0.0,0.0,0,0.0,0,0.0,0.0,0.0,1183.68,0.0,0.0,0.0,0,0.0,0,0.0,0.0,0.0,26.41,0.0,0.0,0.0,0,0.0,0
UGA_2010_383,0.0,0.0,0.0,0.0,0.0,0.0,0.0,0.0,0.0,0.0,0,0.0,0,0.0,0.0,0.0,0.0,0.0,0.0,0.0,0,0.0,0,0.0,0.0,0.0,0.0,0.0,0.0,0.0,0,0.0,0
UGA_2010_384,0.0,0.0,0.0,0.0,0.0,0.0,0.0,0.0,0.0,0.0,0,0.0,0,0.0,0.0,0.0,0.0,0.0,0.0,0.0,0,0.0,0,0.0,0.0,0.0,0.0,0.0,0.0,0.0,0,0.0,0
UGA_2010_385,1.0,5107.03,113.95,0.0,0.0,0.0,1.0,0.0,0.0,0.0,0,0.0,0,0.0,0.0,0.0,5107.03,0.0,0.0,0.0,0,0.0,0,0.0,0.0,0.0,113.95,0.0,0.0,0.0,0,0.0,0
UGA_2010_386,3.0,15556.62,347.11,0.0,0.0,0.0,3.0,0.0,0.0,0.0,0,0.0,0,0.0,0.0,0.0,15556.62,0.0,0.0,0.0,0,0.0,0,0.0,0.0,0.0,347.11,0.0,0.0,0.0,0,0.0,0
UGA_2010_387,2.0,8425.07,187.99,0.0,0.0,0.0,2.0,0.0,0.0,0.0,0,0.0,0,0.0,0.0,0.0,8425.07,0.0,0.0,0.0,0,0.0,0,0.0,0.0,0.0,187.99,0.0,0.0,0.0,0,0.0,0
UGA_2010_388,1.0,6709.58,149.71,0.0,0.0,0.0,1.0,0.0,0.0,0.0,0,0.0,0,0.0,0.0,0.0,6709.58,0.0,0.0,0.0,0,0.0,0,0.0,0.0,0.0,149.71,0.0,0.0,0.0,0,0.0,0
UGA_2010_389,8.0,20645.92,460.69,0.0,0.0,0.0,2.0,0.0,0.0,0.0,0,3.0,0,0.0,0.0,0.0,4382.51,0.0,0.0,0.0,0,13251.5,0,0.0,0.0,0.0,97.79,0.0,0.0,0.0,0,295.69,0
UGA_2010_39,2.0,6435.55,143.49,0.0,0.0,0.0,2.0,0.0,0.0,0.0,0,0.0,0,0.0,0.0,0.0,6435.55,0.0,0.0,0.0,0,0.0,0,0.0,0.0,0.0,143.49,0.0,0.0,0.0,0,0.0,0
UGA_2010_390,9.0,23281.34,519.5,0.0,0.0,0.0,3.0,0.0,0.0,0.0,0,3.0,0,0.0,0.0,0.0,3160.18,0.0,0.0,0.0,0,15045.18,0,0.0,0.0,0.0,70.52,0.0,0.0,0.0,0,335.72,0
UGA_2010_391,1.0,8262.56,184.37,0.0,0.0,0.0,1.0,0.0,0.0,0.0,0,0.0,0,0.0,0.0,0.0,8262.56,0.0,0.0,0.0,0,0.0,0,0.0,0.0,0.0,184.37,0.0,0.0,0.0,0,0.0,0
UGA_2010_392,0.0,0.0,0.0,0.0,0.0,0.0,0.0,0.0,0.0,0.0,0,0.0,0,0.0,0.0,0.0,0.0,0.0,0.0,0.0,0,0.0,0,0.0,0.0,0.0,0.0,0.0,0.0,0.0,0,0.0,0
UGA_2010_393,0.0,0.0,0.0,0.0,0.0,0.0,0.0,0.0,0.0,0.0,0,0.0,0,0.0,0.0,0.0,0.0,0.0,0.0,0.0,0,0.0,0,0.0,0.0,0.0,0.0,0.0,0.0,0.0,0,0.0,0
UGA_2010_394,0.0,0.0,0.0,0.0,0.0,0.0,0.0,0.0,0.0,0.0,0,0.0,0,0.0,0.0,0.0,0.0,0.0,0.0,0.0,0,0.0,0,0.0,0.0,0.0,0.0,0.0,0.0,0.0,0,0.0,0
UGA_2010_395,1.0,1855.48,41.4,0.0,0.0,0.0,1.0,0.0,0.0,0.0,0,0.0,0,0.0,0.0,0.0,1855.48,0.0,0.0,0.0,0,0.0,0,0.0,0.0,0.0,41.4,0.0,0.0,0.0,0,0.0,0
UGA_2010_396,0.0,0.0,0.0,0.0,0.0,0.0,0.0,0.0,0.0,0.0,0,0.0,0,0.0,0.0,0.0,0.0,0.0,0.0,0.0,0,0.0,0,0.0,0.0,0.0,0.0,0.0,0.0,0.0,0,0.0,0
UGA_2010_397,2.0,7396.83,165.07,0.0,0.0,0.0,1.0,0.0,0.0,0.0,0,1.0,0,0.0,0.0,0.0,629.2,0.0,0.0,0.0,0,6767.63,0,0.0,0.0,0.0,14.04,0.0,0.0,0.0,0,151.03,0
UGA_2010_398,1.0,7356.93,164.18,0.0,0.0,0.0,1.0,0.0,0.0,0.0,0,0.0,0,0.0,0.0,0.0,7356.93,0.0,0.0,0.0,0,0.0,0,0.0,0.0,0.0,164.18,0.0,0.0,0.0,0,0.0,0
UGA_2010_399,0.0,0.0,0.0,0.0,0.0,0.0,0.0,0.0,0.0,0.0,0,0.0,0,0.0,0.0,0.0,0.0,0.0,0.0,0.0,0,0.0,0,0.0,0.0,0.0,0.0,0.0,0.0,0.0,0,0.0,0
UGA_2010_4,2.0,15533.83,346.47,0.0,0.0,0.0,0.0,0.0,0.0,0.0,0,2.0,0,0.0,0.0,0.0,0.0,0.0,0.0,0.0,0,15533.83,0,0.0,0.0,0.0,0.0,0.0,0.0,0.0,0,346.47,0
UGA_2010_40,1.0,6751.75,150.53,0.0,0.0,0.0,0.0,0.0,0.0,0.0,0,1.0,0,0.0,0.0,0.0,0.0,0.0,0.0,0.0,0,6751.75,0,0.0,0.0,0.0,0.0,0.0,0.0,0.0,0,150.53,0
UGA_2010_400,0.0,0.0,0.0,0.0,0.0,0.0,0.0,0.0,0.0,0.0,0,0.0,0,0.0,0.0,0.0,0.0,0.0,0.0,0.0,0,0.0,0,0.0,0.0,0.0,0.0,0.0,0.0,0.0,0,0.0,0
UGA_2010_401,0.0,0.0,0.0,0.0,0.0,0.0,0.0,0.0,0.0,0.0,0,0.0,0,0.0,0.0,0.0,0.0,0.0,0.0,0.0,0,0.0,0,0.0,0.0,0.0,0.0,0.0,0.0,0.0,0,0.0,0
UGA_2010_402,1.0,3449.92,76.99,0.0,0.0,0.0,0.0,0.0,0.0,0.0,0,1.0,0,0.0,0.0,0.0,0.0,0.0,0.0,0.0,0,3449.92,0,0.0,0.0,0.0,0.0,0.0,0.0,0.0,0,76.99,0
UGA_2010_403,1.0,2899.2,64.7,0.0,0.0,0.0,1.0,0.0,0.0,0.0,0,0.0,0,0.0,0.0,0.0,2899.2,0.0,0.0,0.0,0,0.0,0,0.0,0.0,0.0,64.7,0.0,0.0,0.0,0,0.0,0
UGA_2010_404,2.0,5156.67,115.08,0.0,0.0,0.0,1.0,0.0,0.0,0.0,0,1.0,0,0.0,0.0,0.0,1443.61,0.0,0.0,0.0,0,3713.05,0,0.0,0.0,0.0,32.22,0.0,0.0,0.0,0,82.87,0
UGA_2010_405,1.0,6729.88,150.2,0.0,0.0,0.0,1.0,0.0,0.0,0.0,0,0.0,0,0.0,0.0,0.0,6729.88,0.0,0.0,0.0,0,0.0,0,0.0,0.0,0.0,150.2,0.0,0.0,0.0,0,0.0,0
UGA_2010_406,2.0,11408.8,254.62,0.0,0.0,0.0,1.0,0.0,0.0,0.0,0,1.0,0,0.0,0.0,0.0,3461.45,0.0,0.0,0.0,0,7947.35,0,0.0,0.0,0.0,77.25,0.0,0.0,0.0,0,177.37,0
UGA_2010_407,1.0,6865.05,153.22,0.0,0.0,0.0,1.0,0.0,0.0,0.0,0,0.0,0,0.0,0.0,0.0,6865.05,0.0,0.0,0.0,0,0.0,0,0.0,0.0,0.0,153.22,0.0,0.0,0.0,0,0.0,0
UGA_2010_408,2.0,9724.25,217.04,0.0,0.0,0.0,2.0,0.0,0.0,0.0,0,0.0,0,0.0,0.0,0.0,9724.25,0.0,0.0,0.0,0,0.0,0,0.0,0.0,0.0,217.04,0.0,0.0,0.0,0,0.0,0
UGA_2010_409,1.0,7604.98,169.74,0.0,0.0,0.0,0.0,0.0,0.0,0.0,0,1.0,0,0.0,0.0,0.0,0.0,0.0,0.0,0.0,0,7604.98,0,0.0,0.0,0.0,0.0,0.0,0.0,0.0,0,169.74,0
UGA_2010_41,1.0,5858.64,130.62,0.0,0.0,0.0,0.0,0.0,0.0,0.0,0,1.0,0,0.0,0.0,0.0,0.0,0.0,0.0,0.0,0,5858.64,0,0.0,0.0,0.0,0.0,0.0,0.0,0.0,0,130.62,0
UGA_2010_410,1.0,6705.56,149.67,0.0,0.0,0.0,1.0,0.0,0.0,0.0,0,0.0,0,0.0,0.0,0.0,6705.56,0.0,0.0,0.0,0,0.0,0,0.0,0.0,0.0,149.67,0.0,0.0,0.0,0,0.0,0
UGA_2010_411,4.0,14596.74,325.81,0.0,0.0,0.0,4.0,0.0,0.0,0.0,0,0.0,0,0.0,0.0,0.0,14596.74,0.0,0.0,0.0,0,0.0,0,0.0,0.0,0.0,325.81,0.0,0.0,0.0,0,0.0,0
UGA_2010_412,2.0,8503.3,189.8,0.0,0.0,0.0,2.0,0.0,0.0,0.0,0,0.0,0,0.0,0.0,0.0,8503.3,0.0,0.0,0.0,0,0.0,0,0.0,0.0,0.0,189.8,0.0,0.0,0.0,0,0.0,0
UGA_2010_413,0.0,0.0,0.0,0.0,0.0,0.0,0.0,0.0,0.0,0.0,0,0.0,0,0.0,0.0,0.0,0.0,0.0,0.0,0.0,0,0.0,0,0.0,0.0,0.0,0.0,0.0,0.0,0.0,0,0.0,0
UGA_2010_414,3.0,13889.51,310.03,0.0,0.0,0.0,3.0,0.0,0.0,0.0,0,0.0,0,0.0,0.0,0.0,13889.51,0.0,0.0,0.0,0,0.0,0,0.0,0.0,0.0,310.03,0.0,0.0,0.0,0,0.0,0
UGA_2010_415,1.0,4379.51,97.76,0.0,0.0,0.0,1.0,0.0,0.0,0.0,0,0.0,0,0.0,0.0,0.0,4379.51,0.0,0.0,0.0,0,0.0,0,0.0,0.0,0.0,97.76,0.0,0.0,0.0,0,0.0,0
UGA_2010_416,0.0,0.0,0.0,0.0,0.0,0.0,0.0,0.0,0.0,0.0,0,0.0,0,0.0,0.0,0.0,0.0,0.0,0.0,0.0,0,0.0,0,0.0,0.0,0.0,0.0,0.0,0.0,0.0,0,0.0,0
UGA_2010_417,0.0,0.0,0.0,0.0,0.0,0.0,0.0,0.0,0.0,0.0,0,0.0,0,0.0,0.0,0.0,0.0,0.0,0.0,0.0,0,0.0,0,0.0,0.0,0.0,0.0,0.0,0.0,0.0,0,0.0,0
UGA_2010_418,1.0,1374.05,30.67,0.0,0.0,0.0,1.0,0.0,0.0,0.0,0,0.0,0,0.0,0.0,0.0,1374.05,0.0,0.0,0.0,0,0.0,0,0.0,0.0,0.0,30.67,0.0,0.0,0.0,0,0.0,0
UGA_2010_419,2.0,10401.28,232.19,0.0,0.0,0.0,2.0,0.0,0.0,0.0,0,0.0,0,0.0,0.0,0.0,10401.28,0.0,0.0,0.0,0,0.0,0,0.0,0.0,0.0,232.19,0.0,0.0,0.0,0,0.0,0
UGA_2010_42,1.0,6288.4,140.2,0.0,0.0,0.0,0.0,0.0,0.0,0.0,0,1.0,0,0.0,0.0,0.0,0.0,0.0,0.0,0.0,0,6288.4,0,0.0,0.0,0.0,0.0,0.0,0.0,0.0,0,140.2,0
UGA_2010_420,1.0,3243.2,72.4,0.0,0.0,0.0,1.0,0.0,0.0,0.0,0,0.0,0,0.0,0.0,0.0,3243.2,0.0,0.0,0.0,0,0.0,0,0.0,0.0,0.0,72.4,0.0,0.0,0.0,0,0.0,0
UGA_2010_421,2.0,9890.26,220.79,0.0,0.0,0.0,2.0,0.0,0.0,0.0,0,0.0,0,0.0,0.0,0.0,9890.26,0.0,0.0,0.0,0,0.0,0,0.0,0.0,0.0,220.79,0.0,0.0,0.0,0,0.0,0
UGA_2010_422,2.0,14329.13,319.89,0.0,0.0,0.0,2.0,0.0,0.0,0.0,0,0.0,0,0.0,0.0,0.0,14329.13,0.0,0.0,0.0,0,0.0,0,0.0,0.0,0.0,319.89,0.0,0.0,0.0,0,0.0,0
UGA_2010_423,1.0,5139.68,114.74,0.0,0.0,0.0,0.0,0.0,0.0,0.0,0,1.0,0,0.0,0.0,0.0,0.0,0.0,0.0,0.0,0,5139.68,0,0.0,0.0,0.0,0.0,0.0,0.0,0.0,0,114.74,0
UGA_2010_424,0.0,0.0,0.0,0.0,0.0,0.0,0.0,0.0,0.0,0.0,0,0.0,0,0.0,0.0,0.0,0.0,0.0,0.0,0.0,0,0.0,0,0.0,0.0,0.0,0.0,0.0,0.0,0.0,0,0.0,0
UGA_2010_425,2.0,11233.07,250.77,0.0,0.0,0.0,2.0,0.0,0.0,0.0,0,0.0,0,0.0,0.0,0.0,11233.07,0.0,0.0,0.0,0,0.0,0,0.0,0.0,0.0,250.77,0.0,0.0,0.0,0,0.0,0
UGA_2010_426,0.0,0.0,0.0,0.0,0.0,0.0,0.0,0.0,0.0,0.0,0,0.0,0,0.0,0.0,0.0,0.0,0.0,0.0,0.0,0,0.0,0,0.0,0.0,0.0,0.0,0.0,0.0,0.0,0,0.0,0
UGA_2010_427,2.0,1530.85,34.18,0.0,0.0,0.0,2.0,0.0,0.0,0.0,0,0.0,0,0.0,0.0,0.0,1530.85,0.0,0.0,0.0,0,0.0,0,0.0,0.0,0.0,34.18,0.0,0.0,0.0,0,0.0,0
UGA_2010_428,0.0,0.0,0.0,0.0,0.0,0.0,0.0,0.0,0.0,0.0,0,0.0,0,0.0,0.0,0.0,0.0,0.0,0.0,0.0,0,0.0,0,0.0,0.0,0.0,0.0,0.0,0.0,0.0,0,0.0,0
UGA_2010_429,2.0,5717.37,127.65,0.0,0.0,0.0,2.0,0.0,0.0,0.0,0,0.0,0,0.0,0.0,0.0,5717.37,0.0,0.0,0.0,0,0.0,0,0.0,0.0,0.0,127.65,0.0,0.0,0.0,0,0.0,0
UGA_2010_43,1.0,7002.87,156.13,0.0,0.0,0.0,0.0,0.0,0.0,0.0,0,1.0,0,0.0,0.0,0.0,0.0,0.0,0.0,0.0,0,7002.87,0,0.0,0.0,0.0,0.0,0.0,0.0,0.0,0,156.13,0
UGA_2010_430,6.0,14225.99,317.62,0.0,0.0,0.0,3.0,0.0,0.0,0.0,0,3.0,0,0.0,0.0,0.0,6986.19,0.0,0.0,0.0,0,7239.8,0,0.0,0.0,0.0,155.98,0.0,0.0,0.0,0,161.64,0
UGA_2010_431,2.0,12110.04,270.38,0.0,0.0,0.0,2.0,0.0,0.0,0.0,0,0.0,0,0.0,0.0,0.0,12110.04,0.0,0.0,0.0,0,0.0,0,0.0,0.0,0.0,270.38,0.0,0.0,0.0,0,0.0,0
UGA_2010_432,6.0,17062.45,380.96,0.0,0.0,0.0,3.0,0.0,0.0,0.0,0,3.0,0,0.0,0.0,0.0,9614.31,0.0,0.0,0.0,0,7448.14,0,0.0,0.0,0.0,214.66,0.0,0.0,0.0,0,166.3,0
UGA_2010_433,6.0,18277.13,408.08,0.0,0.0,0.0,3.0,0.0,0.0,0.0,0,3.0,0,0.0,0.0,0.0,10011.81,0.0,0.0,0.0,0,8265.31,0,0.0,0.0,0.0,223.54,0.0,0.0,0.0,0,184.54,0
UGA_2010_434,7.0,14631.13,326.68,0.0,0.0,0.0,4.0,0.0,0.0,0.0,0,3.0,0,0.0,0.0,0.0,5006.74,0.0,0.0,0.0,0,9624.38,0,0.0,0.0,0.0,111.79,0.0,0.0,0.0,0,214.89,0
UGA_2010_435,5.0,14110.01,315.04,0.0,0.0,0.0,2.0,0.0,0.0,0.0,0,3.0,0,0.0,0.0,0.0,11581.53,0.0,0.0,0.0,0,2528.48,0,0.0,0.0,0.0,258.59,0.0,0.0,0.0,0,56.46,0
UGA_2010_436,6.0,14959.72,334.02,0.0,0.0,0.0,3.0,0.0,0.0,0.0,0,3.0,0,0.0,0.0,0.0,9140.19,0.0,0.0,0.0,0,5819.54,0,0.0,0.0,0.0,204.08,0.0,0.0,0.0,0,129.94,0
UGA_2010_437,3.0,12000.03,267.94,0.0,0.0,0.0,2.0,0.0,0.0,0.0,0,1.0,0,0.0,0.0,0.0,8397.76,0.0,0.0,0.0,0,3602.27,0,0.0,0.0,0.0,187.51,0.0,0.0,0.0,0,80.43,0
UGA_2010_438,1.0,7584.27,169.35,0.0,0.0,0.0,0.0,0.0,0.0,0.0,0,1.0,0,0.0,0.0,0.0,0.0,0.0,0.0,0.0,0,7584.27,0,0.0,0.0,0.0,0.0,0.0,0.0,0.0,0,169.35,0
UGA_2010_439,0.0,0.0,0.0,0.0,0.0,0.0,0.0,0.0,0.0,0.0,0,0.0,0,0.0,0.0,0.0,0.0,0.0,0.0,0.0,0,0.0,0,0.0,0.0,0.0,0.0,0.0,0.0,0.0,0,0.0,0
UGA_2010_44,0.0,0.0,0.0,0.0,0.0,0.0,0.0,0.0,0.0,0.0,0,0.0,0,0.0,0.0,0.0,0.0,0.0,0.0,0.0,0,0.0,0,0.0,0.0,0.0,0.0,0.0,0.0,0.0,0,0.0,0
UGA_2010_440,0.0,0.0,0.0,0.0,0.0,0.0,0.0,0.0,0.0,0.0,0,0.0,0,0.0,0.0,0.0,0.0,0.0,0.0,0.0,0,0.0,0,0.0,0.0,0.0,0.0,0.0,0.0,0.0,0,0.0,0
UGA_2010_441,1.0,7584.27,169.35,0.0,0.0,0.0,0.0,0.0,0.0,0.0,0,1.0,0,0.0,0.0,0.0,0.0,0.0,0.0,0.0,0,7584.27,0,0.0,0.0,0.0,0.0,0.0,0.0,0.0,0,169.35,0
UGA_2010_442,1.0,3779.68,84.4,0.0,0.0,0.0,1.0,0.0,0.0,0.0,0,0.0,0,0.0,0.0,0.0,3779.68,0.0,0.0,0.0,0,0.0,0,0.0,0.0,0.0,84.4,0.0,0.0,0.0,0,0.0,0
UGA_2010_443,0.0,0.0,0.0,0.0,0.0,0.0,0.0,0.0,0.0,0.0,0,0.0,0,0.0,0.0,0.0,0.0,0.0,0.0,0.0,0,0.0,0,0.0,0.0,0.0,0.0,0.0,0.0,0.0,0,0.0,0
UGA_2010_444,2.0,10261.75,229.14,0.0,0.0,0.0,2.0,0.0,0.0,0.0,0,0.0,0,0.0,0.0,0.0,10261.75,0.0,0.0,0.0,0,0.0,0,0.0,0.0,0.0,229.14,0.0,0.0,0.0,0,0.0,0
UGA_2010_445,1.0,2805.69,62.65,0.0,0.0,0.0,1.0,0.0,0.0,0.0,0,0.0,0,0.0,0.0,0.0,2805.69,0.0,0.0,0.0,0,0.0,0,0.0,0.0,0.0,62.65,0.0,0.0,0.0,0,0.0,0
UGA_2010_446,0.0,0.0,0.0,0.0,0.0,0.0,0.0,0.0,0.0,0.0,0,0.0,0,0.0,0.0,0.0,0.0,0.0,0.0,0.0,0,0.0,0,0.0,0.0,0.0,0.0,0.0,0.0,0.0,0,0.0,0
UGA_2010_447,0.0,0.0,0.0,0.0,0.0,0.0,0.0,0.0,0.0,0.0,0,0.0,0,0.0,0.0,0.0,0.0,0.0,0.0,0.0,0,0.0,0,0.0,0.0,0.0,0.0,0.0,0.0,0.0,0,0.0,0
UGA_2010_448,1.0,290.91,6.5,0.0,0.0,0.0,1.0,0.0,0.0,0.0,0,0.0,0,0.0,0.0,0.0,290.91,0.0,0.0,0.0,0,0.0,0,0.0,0.0,0.0,6.5,0.0,0.0,0.0,0,0.0,0
UGA_2010_449,0.0,0.0,0.0,0.0,0.0,0.0,0.0,0.0,0.0,0.0,0,0.0,0,0.0,0.0,0.0,0.0,0.0,0.0,0.0,0,0.0,0,0.0,0.0,0.0,0.0,0.0,0.0,0.0,0,0.0,0
UGA_2010_45,0.0,0.0,0.0,0.0,0.0,0.0,0.0,0.0,0.0,0.0,0,0.0,0,0.0,0.0,0.0,0.0,0.0,0.0,0.0,0,0.0,0,0.0,0.0,0.0,0.0,0.0,0.0,0.0,0,0.0,0
UGA_2010_450,3.0,9534.04,212.9,0.0,0.0,0.0,1.0,0.0,0.0,0.0,0,0.0,0,0.0,0.0,0.0,5369.2,0.0,0.0,0.0,0,0.0,0,0.0,0.0,0.0,119.9,0.0,0.0,0.0,0,0.0,0
UGA_2010_451,1.0,8576.67,191.52,0.0,0.0,0.0,1.0,0.0,0.0,0.0,0,0.0,0,0.0,0.0,0.0,8576.67,0.0,0.0,0.0,0,0.0,0,0.0,0.0,0.0,191.52,0.0,0.0,0.0,0,0.0,0
UGA_2010_452,1.0,8204.81,183.22,0.0,0.0,0.0,1.0,0.0,0.0,0.0,0,0.0,0,0.0,0.0,0.0,8204.81,0.0,0.0,0.0,0,0.0,0,0.0,0.0,0.0,183.22,0.0,0.0,0.0,0,0.0,0
UGA_2010_453,3.0,8988.95,200.73,0.0,0.0,0.0,1.0,0.0,0.0,0.0,0,0.0,0,0.0,0.0,0.0,5920.35,0.0,0.0,0.0,0,0.0,0,0.0,0.0,0.0,132.21,0.0,0.0,0.0,0,0.0,0
UGA_2010_454,1.0,7950.63,177.54,0.0,0.0,0.0,1.0,0.0,0.0,0.0,0,0.0,0,0.0,0.0,0.0,7950.63,0.0,0.0,0.0,0,0.0,0,0.0,0.0,0.0,177.54,0.0,0.0,0.0,0,0.0,0
UGA_2010_455,0.0,0.0,0.0,0.0,0.0,0.0,0.0,0.0,0.0,0.0,0,0.0,0,0.0,0.0,0.0,0.0,0.0,0.0,0.0,0,0.0,0,0.0,0.0,0.0,0.0,0.0,0.0,0.0,0,0.0,0
UGA_2010_456,2.0,5839.59,130.41,0.0,0.0,0.0,2.0,0.0,0.0,0.0,0,0.0,0,0.0,0.0,0.0,5839.59,0.0,0.0,0.0,0,0.0,0,0.0,0.0,0.0,130.41,0.0,0.0,0.0,0,0.0,0
UGA_2010_457,0.0,0.0,0.0,0.0,0.0,0.0,0.0,0.0,0.0,0.0,0,0.0,0,0.0,0.0,0.0,0.0,0.0,0.0,0.0,0,0.0,0,0.0,0.0,0.0,0.0,0.0,0.0,0.0,0,0.0,0
UGA_2010_458,2.0,11886.72,265.46,0.0,0.0,0.0,2.0,0.0,0.0,0.0,0,0.0,0,0.0,0.0,0.0,11886.72,0.0,0.0,0.0,0,0.0,0,0.0,0.0,0.0,265.46,0.0,0.0,0.0,0,0.0,0
UGA_2010_459,2.0,13929.98,311.09,0.0,0.0,0.0,2.0,0.0,0.0,0.0,0,0.0,0,0.0,0.0,0.0,13929.98,0.0,0.0,0.0,0,0.0,0,0.0,0.0,0.0,311.09,0.0,0.0,0.0,0,0.0,0
UGA_2010_46,0.0,0.0,0.0,0.0,0.0,0.0,0.0,0.0,0.0,0.0,0,0.0,0,0.0,0.0,0.0,0.0,0.0,0.0,0.0,0,0.0,0,0.0,0.0,0.0,0.0,0.0,0.0,0.0,0,0.0,0
UGA_2010_460,2.0,9978.43,222.85,0.0,0.0,0.0,1.0,0.0,0.0,0.0,0,0.0,0,0.0,0.0,0.0,9206.68,0.0,0.0,0.0,0,0.0,0,0.0,0.0,0.0,205.61,0.0,0.0,0.0,0,0.0,0
UGA_2010_461,2.0,8738.53,195.16,0.0,0.0,0.0,2.0,0.0,0.0,0.0,0,0.0,0,0.0,0.0,0.0,8738.53,0.0,0.0,0.0,0,0.0,0,0.0,0.0,0.0,195.16,0.0,0.0,0.0,0,0.0,0
UGA_2010_462,2.0,5041.29,112.59,0.0,0.0,0.0,2.0,0.0,0.0,0.0,0,0.0,0,0.0,0.0,0.0,5041.29,0.0,0.0,0.0,0,0.0,0,0.0,0.0,0.0,112.59,0.0,0.0,0.0,0,0.0,0
UGA_2010_463,1.0,6709.25,149.84,0.0,0.0,0.0,1.0,0.0,0.0,0.0,0,0.0,0,0.0,0.0,0.0,6709.25,0.0,0.0,0.0,0,0.0,0,0.0,0.0,0.0,149.84,0.0,0.0,0.0,0,0.0,0
UGA_2010_464,1.0,4016.71,89.71,0.0,0.0,0.0,1.0,0.0,0.0,0.0,0,0.0,0,0.0,0.0,0.0,4016.71,0.0,0.0,0.0,0,0.0,0,0.0,0.0,0.0,89.71,0.0,0.0,0.0,0,0.0,0
UGA_2010_465,1.0,5807.33,129.7,0.0,0.0,0.0,1.0,0.0,0.0,0.0,0,0.0,0,0.0,0.0,0.0,5807.33,0.0,0.0,0.0,0,0.0,0,0.0,0.0,0.0,129.7,0.0,0.0,0.0,0,0.0,0
UGA_2010_466,0.0,0.0,0.0,0.0,0.0,0.0,0.0,0.0,0.0,0.0,0,0.0,0,0.0,0.0,0.0,0.0,0.0,0.0,0.0,0,0.0,0,0.0,0.0,0.0,0.0,0.0,0.0,0.0,0,0.0,0
UGA_2010_467,1.0,9556.36,213.43,0.0,0.0,0.0,0.0,0.0,0.0,0.0,0,1.0,0,0.0,0.0,0.0,0.0,0.0,0.0,0.0,0,9556.36,0,0.0,0.0,0.0,0.0,0.0,0.0,0.0,0,213.43,0
UGA_2010_468,0.0,0.0,0.0,0.0,0.0,0.0,0.0,0.0,0.0,0.0,0,0.0,0,0.0,0.0,0.0,0.0,0.0,0.0,0.0,0,0.0,0,0.0,0.0,0.0,0.0,0.0,0.0,0.0,0,0.0,0
UGA_2010_469,3.0,9111.95,203.51,0.0,0.0,0.0,1.0,0.0,0.0,0.0,0,2.0,0,0.0,0.0,0.0,6931.52,0.0,0.0,0.0,0,2180.44,0,0.0,0.0,0.0,154.81,0.0,0.0,0.0,0,48.7,0
UGA_2010_47,0.0,0.0,0.0,0.0,0.0,0.0,0.0,0.0,0.0,0.0,0,0.0,0,0.0,0.0,0.0,0.0,0.0,0.0,0.0,0,0.0,0,0.0,0.0,0.0,0.0,0.0,0.0,0.0,0,0.0,0
UGA_2010_470,1.0,3166.01,70.71,0.0,0.0,0.0,1.0,0.0,0.0,0.0,0,0.0,0,0.0,0.0,0.0,3166.01,0.0,0.0,0.0,0,0.0,0,0.0,0.0,0.0,70.71,0.0,0.0,0.0,0,0.0,0
UGA_2010_471,0.0,0.0,0.0,0.0,0.0,0.0,0.0,0.0,0.0,0.0,0,0.0,0,0.0,0.0,0.0,0.0,0.0,0.0,0.0,0,0.0,0,0.0,0.0,0.0,0.0,0.0,0.0,0.0,0,0.0,0
UGA_2010_472,0.0,0.0,0.0,0.0,0.0,0.0,0.0,0.0,0.0,0.0,0,0.0,0,0.0,0.0,0.0,0.0,0.0,0.0,0.0,0,0.0,0,0.0,0.0,0.0,0.0,0.0,0.0,0.0,0,0.0,0
UGA_2010_473,3.0,13263.43,296.24,0.0,0.0,0.0,1.0,0.0,0.0,0.0,0,2.0,0,0.0,0.0,0.0,3957.65,0.0,0.0,0.0,0,9305.77,0,0.0,0.0,0.0,88.4,0.0,0.0,0.0,0,207.85,0
UGA_2010_474,1.0,7277.27,162.54,0.0,0.0,0.0,0.0,0.0,0.0,0.0,0,1.0,0,0.0,0.0,0.0,0.0,0.0,0.0,0.0,0,7277.27,0,0.0,0.0,0.0,0.0,0.0,0.0,0.0,0,162.54,0
UGA_2010_475,3.0,13204.32,294.93,0.0,0.0,0.0,1.0,0.0,0.0,0.0,0,2.0,0,0.0,0.0,0.0,2178.49,0.0,0.0,0.0,0,11025.83,0,0.0,0.0,0.0,48.66,0.0,0.0,0.0,0,246.27,0
UGA_2010_476,2.0,10044.04,224.34,0.0,0.0,0.0,1.0,0.0,0.0,0.0,0,1.0,0,0.0,0.0,0.0,7303.2,0.0,0.0,0.0,0,2740.83,0,0.0,0.0,0.0,163.12,0.0,0.0,0.0,0,61.22,0
UGA_2010_477,1.0,3896.96,87.04,0.0,0.0,0.0,1.0,0.0,0.0,0.0,0,0.0,0,0.0,0.0,0.0,3896.96,0.0,0.0,0.0,0,0.0,0,0.0,0.0,0.0,87.04,0.0,0.0,0.0,0,0.0,0
UGA_2010_478,2.0,8138.27,181.78,0.0,0.0,0.0,2.0,0.0,0.0,0.0,0,0.0,0,0.0,0.0,0.0,8138.27,0.0,0.0,0.0,0,0.0,0,0.0,0.0,0.0,181.78,0.0,0.0,0.0,0,0.0,0
UGA_2010_479,0.0,0.0,0.0,0.0,0.0,0.0,0.0,0.0,0.0,0.0,0,0.0,0,0.0,0.0,0.0,0.0,0.0,0.0,0.0,0,0.0,0,0.0,0.0,0.0,0.0,0.0,0.0,0.0,0,0.0,0
UGA_2010_48,1.0,5860.24,130.66,0.0,0.0,0.0,1.0,0.0,0.0,0.0,0,0.0,0,0.0,0.0,0.0,5860.24,0.0,0.0,0.0,0,0.0,0,0.0,0.0,0.0,130.66,0.0,0.0,0.0,0,0.0,0
UGA_2010_480,0.0,0.0,0.0,0.0,0.0,0.0,0.0,0.0,0.0,0.0,0,0.0,0,0.0,0.0,0.0,0.0,0.0,0.0,0.0,0,0.0,0,0.0,0.0,0.0,0.0,0.0,0.0,0.0,0,0.0,0
UGA_2010_481,1.0,3680.48,82.21,0.0,0.0,0.0,0.0,0.0,0.0,0.0,0,0.0,0,0.0,0.0,0.0,0.0,0.0,0.0,0.0,0,0.0,0,0.0,0.0,0.0,0.0,0.0,0.0,0.0,0,0.0,0
UGA_2010_482,1.0,2141.63,47.84,0.0,0.0,0.0,0.0,0.0,0.0,0.0,0,1.0,0,0.0,0.0,0.0,0.0,0.0,0.0,0.0,0,2141.63,0,0.0,0.0,0.0,0.0,0.0,0.0,0.0,0,47.84,0
UGA_2010_483,1.0,6864.3,153.33,0.0,0.0,0.0,1.0,0.0,0.0,0.0,0,0.0,0,0.0,0.0,0.0,6864.3,0.0,0.0,0.0,0,0.0,0,0.0,0.0,0.0,153.33,0.0,0.0,0.0,0,0.0,0
UGA_2010_484,0.0,0.0,0.0,0.0,0.0,0.0,0.0,0.0,0.0,0.0,0,0.0,0,0.0,0.0,0.0,0.0,0.0,0.0,0.0,0,0.0,0,0.0,0.0,0.0,0.0,0.0,0.0,0.0,0,0.0,0
UGA_2010_485,0.0,0.0,0.0,0.0,0.0,0.0,0.0,0.0,0.0,0.0,0,0.0,0,0.0,0.0,0.0,0.0,0.0,0.0,0.0,0,0.0,0,0.0,0.0,0.0,0.0,0.0,0.0,0.0,0,0.0,0
UGA_2010_486,0.0,0.0,0.0,0.0,0.0,0.0,0.0,0.0,0.0,0.0,0,0.0,0,0.0,0.0,0.0,0.0,0.0,0.0,0.0,0,0.0,0,0.0,0.0,0.0,0.0,0.0,0.0,0.0,0,0.0,0
UGA_2010_487,1.0,7068.99,157.91,0.0,0.0,0.0,1.0,0.0,0.0,0.0,0,0.0,0,0.0,0.0,0.0,7068.99,0.0,0.0,0.0,0,0.0,0,0.0,0.0,0.0,157.91,0.0,0.0,0.0,0,0.0,0
UGA_2010_488,0.0,0.0,0.0,0.0,0.0,0.0,0.0,0.0,0.0,0.0,0,0.0,0,0.0,0.0,0.0,0.0,0.0,0.0,0.0,0,0.0,0,0.0,0.0,0.0,0.0,0.0,0.0,0.0,0,0.0,0
UGA_2010_489,1.0,2059.11,46.0,0.0,0.0,0.0,0.0,0.0,0.0,0.0,0,0.0,0,0.0,0.0,0.0,0.0,0.0,0.0,0.0,0,0.0,0,0.0,0.0,0.0,0.0,0.0,0.0,0.0,0,0.0,0
UGA_2010_49,5.0,16115.13,359.29,0.0,0.0,0.0,5.0,0.0,0.0,0.0,0,0.0,0,0.0,0.0,0.0,16115.13,0.0,0.0,0.0,0,0.0,0,0.0,0.0,0.0,359.29,0.0,0.0,0.0,0,0.0,0
UGA_2010_490,1.0,3595.84,80.33,0.0,0.0,0.0,1.0,0.0,0.0,0.0,0,0.0,0,0.0,0.0,0.0,3595.84,0.0,0.0,0.0,0,0.0,0,0.0,0.0,0.0,80.33,0.0,0.0,0.0,0,0.0,0
UGA_2010_491,1.0,7567.14,169.05,0.0,0.0,0.0,0.0,0.0,0.0,0.0,0,1.0,0,0.0,0.0,0.0,0.0,0.0,0.0,0.0,0,7567.14,0,0.0,0.0,0.0,0.0,0.0,0.0,0.0,0,169.05,0
UGA_2010_492,1.0,11353.95,253.65,0.0,0.0,0.0,1.0,0.0,0.0,0.0,0,0.0,0,0.0,0.0,0.0,11353.95,0.0,0.0,0.0,0,0.0,0,0.0,0.0,0.0,253.65,0.0,0.0,0.0,0,0.0,0
UGA_2010_493,0.0,0.0,0.0,0.0,0.0,0.0,0.0,0.0,0.0,0.0,0,0.0,0,0.0,0.0,0.0,0.0,0.0,0.0,0.0,0,0.0,0,0.0,0.0,0.0,0.0,0.0,0.0,0.0,0,0.0,0
UGA_2010_494,0.0,0.0,0.0,0.0,0.0,0.0,0.0,0.0,0.0,0.0,0,0.0,0,0.0,0.0,0.0,0.0,0.0,0.0,0.0,0,0.0,0,0.0,0.0,0.0,0.0,0.0,0.0,0.0,0,0.0,0
UGA_2010_495,0.0,0.0,0.0,0.0,0.0,0.0,0.0,0.0,0.0,0.0,0,0.0,0,0.0,0.0,0.0,0.0,0.0,0.0,0.0,0,0.0,0,0.0,0.0,0.0,0.0,0.0,0.0,0.0,0,0.0,0
UGA_2010_496,0.0,0.0,0.0,0.0,0.0,0.0,0.0,0.0,0.0,0.0,0,0.0,0,0.0,0.0,0.0,0.0,0.0,0.0,0.0,0,0.0,0,0.0,0.0,0.0,0.0,0.0,0.0,0.0,0,0.0,0
UGA_2010_497,2.0,9439.72,210.93,0.0,0.0,0.0,1.0,0.0,0.0,0.0,0,1.0,0,0.0,0.0,0.0,2114.44,0.0,0.0,0.0,0,7325.29,0,0.0,0.0,0.0,47.25,0.0,0.0,0.0,0,163.68,0
UGA_2010_498,3.0,11403.98,254.82,0.0,0.0,0.0,2.0,0.0,0.0,0.0,0,1.0,0,0.0,0.0,0.0,7803.69,0.0,0.0,0.0,0,3600.29,0,0.0,0.0,0.0,174.37,0.0,0.0,0.0,0,80.45,0
UGA_2010_499,6.0,16944.77,378.63,0.0,0.0,0.0,3.0,0.0,0.0,0.0,0,3.0,0,0.0,0.0,0.0,9331.43,0.0,0.0,0.0,0,7613.35,0,0.0,0.0,0.0,208.51,0.0,0.0,0.0,0,170.12,0
UGA_2010_5,18.0,24755.3,552.14,7.0,0.0,0.0,0.0,0.0,0.0,2.0,0,3.0,0,10533.17,0.0,0.0,0.0,0.0,0.0,1201.51,0,8752.1,0,234.93,0.0,0.0,0.0,0.0,0.0,26.8,0,195.21,0
UGA_2010_50,1.0,1806.55,40.28,0.0,0.0,0.0,1.0,0.0,0.0,0.0,0,0.0,0,0.0,0.0,0.0,1806.55,0.0,0.0,0.0,0,0.0,0,0.0,0.0,0.0,40.28,0.0,0.0,0.0,0,0.0,0
UGA_2010_500,6.0,15836.02,353.86,0.0,0.0,0.0,3.0,0.0,0.0,0.0,0,3.0,0,0.0,0.0,0.0,9454.4,0.0,0.0,0.0,0,6381.62,0,0.0,0.0,0.0,211.26,0.0,0.0,0.0,0,142.6,0
UGA_2010_501,6.0,15470.83,345.7,0.0,0.0,0.0,3.0,0.0,0.0,0.0,0,3.0,0,0.0,0.0,0.0,6864.39,0.0,0.0,0.0,0,8606.45,0,0.0,0.0,0.0,153.39,0.0,0.0,0.0,0,192.31,0
UGA_2010_502,6.0,15487.55,346.07,0.0,0.0,0.0,3.0,0.0,0.0,0.0,0,3.0,0,0.0,0.0,0.0,10267.21,0.0,0.0,0.0,0,5220.34,0,0.0,0.0,0.0,229.42,0.0,0.0,0.0,0,116.65,0
UGA_2010_503,1.0,4253.07,95.04,0.0,0.0,0.0,1.0,0.0,0.0,0.0,0,0.0,0,0.0,0.0,0.0,4253.07,0.0,0.0,0.0,0,0.0,0,0.0,0.0,0.0,95.04,0.0,0.0,0.0,0,0.0,0
UGA_2010_504,1.0,2683.02,59.95,0.0,0.0,0.0,1.0,0.0,0.0,0.0,0,0.0,0,0.0,0.0,0.0,2683.02,0.0,0.0,0.0,0,0.0,0,0.0,0.0,0.0,59.95,0.0,0.0,0.0,0,0.0,0
UGA_2010_505,1.0,1995.0,44.58,0.0,0.0,0.0,1.0,0.0,0.0,0.0,0,0.0,0,0.0,0.0,0.0,1995.0,0.0,0.0,0.0,0,0.0,0,0.0,0.0,0.0,44.58,0.0,0.0,0.0,0,0.0,0
UGA_2010_506,1.0,1700.15,37.99,0.0,0.0,0.0,1.0,0.0,0.0,0.0,0,0.0,0,0.0,0.0,0.0,1700.15,0.0,0.0,0.0,0,0.0,0,0.0,0.0,0.0,37.99,0.0,0.0,0.0,0,0.0,0
UGA_2010_507,0.0,0.0,0.0,0.0,0.0,0.0,0.0,0.0,0.0,0.0,0,0.0,0,0.0,0.0,0.0,0.0,0.0,0.0,0.0,0,0.0,0,0.0,0.0,0.0,0.0,0.0,0.0,0.0,0,0.0,0
UGA_2010_508,1.0,966.65,21.6,0.0,0.0,0.0,1.0,0.0,0.0,0.0,0,0.0,0,0.0,0.0,0.0,966.65,0.0,0.0,0.0,0,0.0,0,0.0,0.0,0.0,21.6,0.0,0.0,0.0,0,0.0,0
UGA_2010_509,1.0,5121.8,114.46,0.0,0.0,0.0,1.0,0.0,0.0,0.0,0,0.0,0,0.0,0.0,0.0,5121.8,0.0,0.0,0.0,0,0.0,0,0.0,0.0,0.0,114.46,0.0,0.0,0.0,0,0.0,0
UGA_2010_51,2.0,8257.49,184.1,0.0,0.0,0.0,1.0,0.0,0.0,0.0,0,1.0,0,0.0,0.0,0.0,2394.57,0.0,0.0,0.0,0,5862.92,0,0.0,0.0,0.0,53.39,0.0,0.0,0.0,0,130.71,0
UGA_2010_510,0.0,0.0,0.0,0.0,0.0,0.0,0.0,0.0,0.0,0.0,0,0.0,0,0.0,0.0,0.0,0.0,0.0,0.0,0.0,0,0.0,0,0.0,0.0,0.0,0.0,0.0,0.0,0.0,0,0.0,0
UGA_2010_511,0.0,0.0,0.0,0.0,0.0,0.0,0.0,0.0,0.0,0.0,0,0.0,0,0.0,0.0,0.0,0.0,0.0,0.0,0.0,0,0.0,0,0.0,0.0,0.0,0.0,0.0,0.0,0.0,0,0.0,0
UGA_2010_512,1.0,6330.08,141.47,0.0,0.0,0.0,1.0,0.0,0.0,0.0,0,0.0,0,0.0,0.0,0.0,6330.08,0.0,0.0,0.0,0,0.0,0,0.0,0.0,0.0,141.47,0.0,0.0,0.0,0,0.0,0
UGA_2010_513,1.0,2722.89,60.85,0.0,0.0,0.0,1.0,0.0,0.0,0.0,0,0.0,0,0.0,0.0,0.0,2722.89,0.0,0.0,0.0,0,0.0,0,0.0,0.0,0.0,60.85,0.0,0.0,0.0,0,0.0,0
UGA_2010_514,2.0,9098.02,203.34,0.0,0.0,0.0,1.0,0.0,0.0,0.0,0,1.0,0,0.0,0.0,0.0,3365.1,0.0,0.0,0.0,0,5732.92,0,0.0,0.0,0.0,75.21,0.0,0.0,0.0,0,128.13,0
UGA_2010_515,1.0,4416.2,98.71,0.0,0.0,0.0,1.0,0.0,0.0,0.0,0,0.0,0,0.0,0.0,0.0,4416.2,0.0,0.0,0.0,0,0.0,0,0.0,0.0,0.0,98.71,0.0,0.0,0.0,0,0.0,0
UGA_2010_516,0.0,0.0,0.0,0.0,0.0,0.0,0.0,0.0,0.0,0.0,0,0.0,0,0.0,0.0,0.0,0.0,0.0,0.0,0.0,0,0.0,0,0.0,0.0,0.0,0.0,0.0,0.0,0.0,0,0.0,0
UGA_2010_517,1.0,2672.79,59.74,0.0,0.0,0.0,1.0,0.0,0.0,0.0,0,0.0,0,0.0,0.0,0.0,2672.79,0.0,0.0,0.0,0,0.0,0,0.0,0.0,0.0,59.74,0.0,0.0,0.0,0,0.0,0
UGA_2010_518,0.0,0.0,0.0,0.0,0.0,0.0,0.0,0.0,0.0,0.0,0,0.0,0,0.0,0.0,0.0,0.0,0.0,0.0,0.0,0,0.0,0,0.0,0.0,0.0,0.0,0.0,0.0,0.0,0,0.0,0
UGA_2010_519,4.0,19677.27,439.87,0.0,0.0,0.0,3.0,0.0,0.0,0.0,0,1.0,0,0.0,0.0,0.0,14215.65,0.0,0.0,0.0,0,5461.63,0,0.0,0.0,0.0,317.78,0.0,0.0,0.0,0,122.09,0
UGA_2010_52,0.0,0.0,0.0,0.0,0.0,0.0,0.0,0.0,0.0,0.0,0,0.0,0,0.0,0.0,0.0,0.0,0.0,0.0,0.0,0,0.0,0,0.0,0.0,0.0,0.0,0.0,0.0,0.0,0,0.0,0
UGA_2010_520,4.0,19802.3,442.67,0.0,0.0,0.0,3.0,0.0,0.0,0.0,0,1.0,0,0.0,0.0,0.0,15080.16,0.0,0.0,0.0,0,4722.14,0,0.0,0.0,0.0,337.11,0.0,0.0,0.0,0,105.56,0
UGA_2010_521,1.0,1413.0,31.59,0.0,0.0,0.0,1.0,0.0,0.0,0.0,0,0.0,0,0.0,0.0,0.0,1413.0,0.0,0.0,0.0,0,0.0,0,0.0,0.0,0.0,31.59,0.0,0.0,0.0,0,0.0,0
UGA_2010_522,0.0,0.0,0.0,0.0,0.0,0.0,0.0,0.0,0.0,0.0,0,0.0,0,0.0,0.0,0.0,0.0,0.0,0.0,0.0,0,0.0,0,0.0,0.0,0.0,0.0,0.0,0.0,0.0,0,0.0,0
UGA_2010_523,0.0,0.0,0.0,0.0,0.0,0.0,0.0,0.0,0.0,0.0,0,0.0,0,0.0,0.0,0.0,0.0,0.0,0.0,0.0,0,0.0,0,0.0,0.0,0.0,0.0,0.0,0.0,0.0,0,0.0,0
UGA_2010_524,1.0,8258.81,184.63,0.0,0.0,0.0,1.0,0.0,0.0,0.0,0,0.0,0,0.0,0.0,0.0,8258.81,0.0,0.0,0.0,0,0.0,0,0.0,0.0,0.0,184.63,0.0,0.0,0.0,0,0.0,0
UGA_2010_525,2.0,12931.74,289.11,0.0,0.0,0.0,2.0,0.0,0.0,0.0,0,0.0,0,0.0,0.0,0.0,12931.74,0.0,0.0,0.0,0,0.0,0,0.0,0.0,0.0,289.11,0.0,0.0,0.0,0,0.0,0
UGA_2010_526,2.0,15035.55,336.14,0.0,0.0,0.0,2.0,0.0,0.0,0.0,0,0.0,0,0.0,0.0,0.0,15035.55,0.0,0.0,0.0,0,0.0,0,0.0,0.0,0.0,336.14,0.0,0.0,0.0,0,0.0,0
UGA_2010_527,0.0,0.0,0.0,0.0,0.0,0.0,0.0,0.0,0.0,0.0,0,0.0,0,0.0,0.0,0.0,0.0,0.0,0.0,0.0,0,0.0,0,0.0,0.0,0.0,0.0,0.0,0.0,0.0,0,0.0,0
UGA_2010_528,2.0,9290.29,207.71,0.0,0.0,0.0,2.0,0.0,0.0,0.0,0,0.0,0,0.0,0.0,0.0,9290.29,0.0,0.0,0.0,0,0.0,0,0.0,0.0,0.0,207.71,0.0,0.0,0.0,0,0.0,0
UGA_2010_529,2.0,11678.07,261.09,0.0,0.0,0.0,2.0,0.0,0.0,0.0,0,0.0,0,0.0,0.0,0.0,11678.07,0.0,0.0,0.0,0,0.0,0,0.0,0.0,0.0,261.09,0.0,0.0,0.0,0,0.0,0
UGA_2010_53,0.0,0.0,0.0,0.0,0.0,0.0,0.0,0.0,0.0,0.0,0,0.0,0,0.0,0.0,0.0,0.0,0.0,0.0,0.0,0,0.0,0,0.0,0.0,0.0,0.0,0.0,0.0,0.0,0,0.0,0
UGA_2010_530,2.0,11822.76,264.33,0.0,0.0,0.0,2.0,0.0,0.0,0.0,0,0.0,0,0.0,0.0,0.0,11822.76,0.0,0.0,0.0,0,0.0,0,0.0,0.0,0.0,264.33,0.0,0.0,0.0,0,0.0,0
UGA_2010_531,1.0,1855.92,41.5,0.0,0.0,0.0,1.0,0.0,0.0,0.0,0,0.0,0,0.0,0.0,0.0,1855.92,0.0,0.0,0.0,0,0.0,0,0.0,0.0,0.0,41.5,0.0,0.0,0.0,0,0.0,0
UGA_2010_532,3.0,15372.13,343.76,0.0,0.0,0.0,3.0,0.0,0.0,0.0,0,0.0,0,0.0,0.0,0.0,15372.13,0.0,0.0,0.0,0,0.0,0,0.0,0.0,0.0,343.76,0.0,0.0,0.0,0,0.0,0
UGA_2010_533,0.0,0.0,0.0,0.0,0.0,0.0,0.0,0.0,0.0,0.0,0,0.0,0,0.0,0.0,0.0,0.0,0.0,0.0,0.0,0,0.0,0,0.0,0.0,0.0,0.0,0.0,0.0,0.0,0,0.0,0
UGA_2010_534,0.0,0.0,0.0,0.0,0.0,0.0,0.0,0.0,0.0,0.0,0,0.0,0,0.0,0.0,0.0,0.0,0.0,0.0,0.0,0,0.0,0,0.0,0.0,0.0,0.0,0.0,0.0,0.0,0,0.0,0
UGA_2010_535,0.0,0.0,0.0,0.0,0.0,0.0,0.0,0.0,0.0,0.0,0,0.0,0,0.0,0.0,0.0,0.0,0.0,0.0,0.0,0,0.0,0,0.0,0.0,0.0,0.0,0.0,0.0,0.0,0,0.0,0
UGA_2010_536,2.0,8835.0,197.6,0.0,0.0,0.0,2.0,0.0,0.0,0.0,0,0.0,0,0.0,0.0,0.0,8835.0,0.0,0.0,0.0,0,0.0,0,0.0,0.0,0.0,197.6,0.0,0.0,0.0,0,0.0,0
UGA_2010_537,2.0,7142.19,159.74,0.0,0.0,0.0,2.0,0.0,0.0,0.0,0,0.0,0,0.0,0.0,0.0,7142.19,0.0,0.0,0.0,0,0.0,0,0.0,0.0,0.0,159.74,0.0,0.0,0.0,0,0.0,0
UGA_2010_538,15.0,20337.23,454.88,1.0,0.0,0.0,5.0,0.0,0.0,0.0,0,0.0,0,102.85,0.0,0.0,16020.46,0.0,0.0,0.0,0,0.0,0,2.3,0.0,0.0,358.33,0.0,0.0,0.0,0,0.0,0
UGA_2010_539,0.0,0.0,0.0,0.0,0.0,0.0,0.0,0.0,0.0,0.0,0,0.0,0,0.0,0.0,0.0,0.0,0.0,0.0,0.0,0,0.0,0,0.0,0.0,0.0,0.0,0.0,0.0,0.0,0,0.0,0
UGA_2010_54,0.0,0.0,0.0,0.0,0.0,0.0,0.0,0.0,0.0,0.0,0,0.0,0,0.0,0.0,0.0,0.0,0.0,0.0,0.0,0,0.0,0,0.0,0.0,0.0,0.0,0.0,0.0,0.0,0,0.0,0
UGA_2010_540,3.0,11258.71,251.84,0.0,0.0,0.0,3.0,0.0,0.0,0.0,0,0.0,0,0.0,0.0,0.0,11258.71,0.0,0.0,0.0,0,0.0,0,0.0,0.0,0.0,251.84,0.0,0.0,0.0,0,0.0,0
UGA_2010_541,0.0,0.0,0.0,0.0,0.0,0.0,0.0,0.0,0.0,0.0,0,0.0,0,0.0,0.0,0.0,0.0,0.0,0.0,0.0,0,0.0,0,0.0,0.0,0.0,0.0,0.0,0.0,0.0,0,0.0,0
UGA_2010_542,1.0,6072.24,135.83,0.0,0.0,0.0,1.0,0.0,0.0,0.0,0,0.0,0,0.0,0.0,0.0,6072.24,0.0,0.0,0.0,0,0.0,0,0.0,0.0,0.0,135.83,0.0,0.0,0.0,0,0.0,0
UGA_2010_543,3.0,17594.38,393.6,0.0,0.0,0.0,2.0,0.0,0.0,0.0,0,1.0,0,0.0,0.0,0.0,9861.24,0.0,0.0,0.0,0,7733.14,0,0.0,0.0,0.0,220.61,0.0,0.0,0.0,0,173.0,0
UGA_2010_544,7.0,19300.87,431.79,0.0,0.0,0.0,2.0,0.0,0.0,0.0,0,1.0,0,0.0,0.0,0.0,8849.16,0.0,0.0,0.0,0,3954.73,0,0.0,0.0,0.0,197.97,0.0,0.0,0.0,0,88.47,0
UGA_2010_545,1.0,6583.68,147.29,0.0,0.0,0.0,1.0,0.0,0.0,0.0,0,0.0,0,0.0,0.0,0.0,6583.68,0.0,0.0,0.0,0,0.0,0,0.0,0.0,0.0,147.29,0.0,0.0,0.0,0,0.0,0
UGA_2010_546,0.0,0.0,0.0,0.0,0.0,0.0,0.0,0.0,0.0,0.0,0,0.0,0,0.0,0.0,0.0,0.0,0.0,0.0,0.0,0,0.0,0,0.0,0.0,0.0,0.0,0.0,0.0,0.0,0,0.0,0
UGA_2010_547,1.0,4240.54,94.87,0.0,0.0,0.0,1.0,0.0,0.0,0.0,0,0.0,0,0.0,0.0,0.0,4240.54,0.0,0.0,0.0,0,0.0,0,0.0,0.0,0.0,94.87,0.0,0.0,0.0,0,0.0,0
UGA_2010_548,1.0,7399.7,165.55,0.0,0.0,0.0,1.0,0.0,0.0,0.0,0,0.0,0,0.0,0.0,0.0,7399.7,0.0,0.0,0.0,0,0.0,0,0.0,0.0,0.0,165.55,0.0,0.0,0.0,0,0.0,0
UGA_2010_549,11.0,22120.97,494.92,0.0,0.0,0.0,2.0,0.0,0.0,0.0,0,1.0,0,0.0,0.0,0.0,2267.53,0.0,0.0,0.0,0,9060.23,0,0.0,0.0,0.0,50.73,0.0,0.0,0.0,0,202.71,0
UGA_2010_55,3.0,12855.11,286.6,0.0,0.0,0.0,2.0,0.0,0.0,0.0,0,1.0,0,0.0,0.0,0.0,5549.64,0.0,0.0,0.0,0,7305.46,0,0.0,0.0,0.0,123.73,0.0,0.0,0.0,0,162.87,0
UGA_2010_550,0.0,0.0,0.0,0.0,0.0,0.0,0.0,0.0,0.0,0.0,0,0.0,0,0.0,0.0,0.0,0.0,0.0,0.0,0.0,0,0.0,0,0.0,0.0,0.0,0.0,0.0,0.0,0.0,0,0.0,0
UGA_2010_551,0.0,0.0,0.0,0.0,0.0,0.0,0.0,0.0,0.0,0.0,0,0.0,0,0.0,0.0,0.0,0.0,0.0,0.0,0.0,0,0.0,0,0.0,0.0,0.0,0.0,0.0,0.0,0.0,0,0.0,0
UGA_2010_552,0.0,0.0,0.0,0.0,0.0,0.0,0.0,0.0,0.0,0.0,0,0.0,0,0.0,0.0,0.0,0.0,0.0,0.0,0.0,0,0.0,0,0.0,0.0,0.0,0.0,0.0,0.0,0.0,0,0.0,0
UGA_2010_553,0.0,0.0,0.0,0.0,0.0,0.0,0.0,0.0,0.0,0.0,0,0.0,0,0.0,0.0,0.0,0.0,0.0,0.0,0.0,0,0.0,0,0.0,0.0,0.0,0.0,0.0,0.0,0.0,0,0.0,0
UGA_2010_554,2.0,14781.78,330.83,0.0,0.0,0.0,1.0,0.0,0.0,0.0,0,0.0,0,0.0,0.0,0.0,8536.59,0.0,0.0,0.0,0,0.0,0,0.0,0.0,0.0,191.06,0.0,0.0,0.0,0,0.0,0
UGA_2010_555,0.0,0.0,0.0,0.0,0.0,0.0,0.0,0.0,0.0,0.0,0,0.0,0,0.0,0.0,0.0,0.0,0.0,0.0,0.0,0,0.0,0,0.0,0.0,0.0,0.0,0.0,0.0,0.0,0,0.0,0
UGA_2010_556,3.0,22996.13,514.74,0.0,0.0,0.0,2.0,0.0,0.0,0.0,0,0.0,0,0.0,0.0,0.0,15041.76,0.0,0.0,0.0,0,0.0,0,0.0,0.0,0.0,336.69,0.0,0.0,0.0,0,0.0,0
UGA_2010_557,0.0,0.0,0.0,0.0,0.0,0.0,0.0,0.0,0.0,0.0,0,0.0,0,0.0,0.0,0.0,0.0,0.0,0.0,0.0,0,0.0,0,0.0,0.0,0.0,0.0,0.0,0.0,0.0,0,0.0,0
UGA_2010_558,1.0,3021.23,67.63,0.0,0.0,0.0,1.0,0.0,0.0,0.0,0,0.0,0,0.0,0.0,0.0,3021.23,0.0,0.0,0.0,0,0.0,0,0.0,0.0,0.0,67.63,0.0,0.0,0.0,0,0.0,0
UGA_2010_56,1.0,7256.75,161.79,0.0,0.0,0.0,0.0,0.0,0.0,0.0,0,1.0,0,0.0,0.0,0.0,0.0,0.0,0.0,0.0,0,7256.75,0,0.0,0.0,0.0,0.0,0.0,0.0,0.0,0,161.79,0
UGA_2010_57,1.0,1560.33,34.79,0.0,0.0,0.0,0.0,0.0,0.0,0.0,0,1.0,0,0.0,0.0,0.0,0.0,0.0,0.0,0.0,0,1560.33,0,0.0,0.0,0.0,0.0,0.0,0.0,0.0,0,34.79,0
UGA_2010_58,1.0,7537.84,168.05,0.0,0.0,0.0,0.0,0.0,0.0,0.0,0,1.0,0,0.0,0.0,0.0,0.0,0.0,0.0,0.0,0,7537.84,0,0.0,0.0,0.0,0.0,0.0,0.0,0.0,0,168.05,0
UGA_2010_59,6.0,19404.86,432.62,0.0,0.0,0.0,1.0,0.0,0.0,0.0,0,5.0,0,0.0,0.0,0.0,2250.63,0.0,0.0,0.0,0,17154.23,0,0.0,0.0,0.0,50.18,0.0,0.0,0.0,0,382.44,0
UGA_2010_6,4.0,13681.96,305.16,0.0,0.0,0.0,0.0,0.0,0.0,0.0,0,4.0,0,0.0,0.0,0.0,0.0,0.0,0.0,0.0,0,13681.96,0,0.0,0.0,0.0,0.0,0.0,0.0,0.0,0,305.16,0
UGA_2010_60,0.0,0.0,0.0,0.0,0.0,0.0,0.0,0.0,0.0,0.0,0,0.0,0,0.0,0.0,0.0,0.0,0.0,0.0,0.0,0,0.0,0,0.0,0.0,0.0,0.0,0.0,0.0,0.0,0,0.0,0
UGA_2010_61,2.0,14341.79,319.74,0.0,0.0,0.0,2.0,0.0,0.0,0.0,0,0.0,0,0.0,0.0,0.0,14341.79,0.0,0.0,0.0,0,0.0,0,0.0,0.0,0.0,319.74,0.0,0.0,0.0,0,0.0,0
UGA_2010_62,7.0,20750.5,462.62,0.0,0.0,0.0,1.0,0.0,0.0,0.0,0,6.0,0,0.0,0.0,0.0,2834.34,0.0,0.0,0.0,0,17916.16,0,0.0,0.0,0.0,63.19,0.0,0.0,0.0,0,399.43,0
UGA_2010_63,6.0,19187.79,427.78,0.0,0.0,0.0,1.0,0.0,0.0,0.0,0,5.0,0,0.0,0.0,0.0,5497.04,0.0,0.0,0.0,0,13690.75,0,0.0,0.0,0.0,122.55,0.0,0.0,0.0,0,305.22,0
UGA_2010_64,0.0,0.0,0.0,0.0,0.0,0.0,0.0,0.0,0.0,0.0,0,0.0,0,0.0,0.0,0.0,0.0,0.0,0.0,0.0,0,0.0,0,0.0,0.0,0.0,0.0,0.0,0.0,0.0,0,0.0,0
UGA_2010_65,3.0,8022.72,178.86,0.0,0.0,0.0,1.0,0.0,0.0,0.0,0,2.0,0,0.0,0.0,0.0,1890.2,0.0,0.0,0.0,0,6132.52,0,0.0,0.0,0.0,42.14,0.0,0.0,0.0,0,136.72,0
UGA_2010_66,6.0,15243.61,339.84,0.0,0.0,0.0,1.0,0.0,0.0,0.0,0,5.0,0,0.0,0.0,0.0,2942.84,0.0,0.0,0.0,0,12300.76,0,0.0,0.0,0.0,65.61,0.0,0.0,0.0,0,274.23,0
UGA_2010_67,0.0,0.0,0.0,0.0,0.0,0.0,0.0,0.0,0.0,0.0,0,0.0,0,0.0,0.0,0.0,0.0,0.0,0.0,0.0,0,0.0,0,0.0,0.0,0.0,0.0,0.0,0.0,0.0,0,0.0,0
UGA_2010_68,0.0,0.0,0.0,0.0,0.0,0.0,0.0,0.0,0.0,0.0,0,0.0,0,0.0,0.0,0.0,0.0,0.0,0.0,0.0,0,0.0,0,0.0,0.0,0.0,0.0,0.0,0.0,0.0,0,0.0,0
UGA_2010_69,5.0,14853.62,331.15,0.0,0.0,0.0,2.0,0.0,0.0,0.0,0,3.0,0,0.0,0.0,0.0,4841.94,0.0,0.0,0.0,0,10011.68,0,0.0,0.0,0.0,107.95,0.0,0.0,0.0,0,223.2,0
UGA_2010_7,3.0,13504.97,301.2,0.0,0.0,0.0,0.0,0.0,0.0,0.0,0,3.0,0,0.0,0.0,0.0,0.0,0.0,0.0,0.0,0,13504.97,0,0.0,0.0,0.0,0.0,0.0,0.0,0.0,0,301.2,0
UGA_2010_70,0.0,0.0,0.0,0.0,0.0,0.0,0.0,0.0,0.0,0.0,0,0.0,0,0.0,0.0,0.0,0.0,0.0,0.0,0.0,0,0.0,0,0.0,0.0,0.0,0.0,0.0,0.0,0.0,0,0.0,0
UGA_2010_71,2.0,547.25,12.2,0.0,0.0,0.0,1.0,0.0,0.0,0.0,0,1.0,0,0.0,0.0,0.0,451.18,0.0,0.0,0.0,0,96.07,0,0.0,0.0,0.0,10.06,0.0,0.0,0.0,0,2.14,0
UGA_2010_72,1.0,4007.82,89.35,0.0,0.0,0.0,0.0,0.0,0.0,0.0,0,1.0,0,0.0,0.0,0.0,0.0,0.0,0.0,0.0,0,4007.82,0,0.0,0.0,0.0,0.0,0.0,0.0,0.0,0,89.35,0
UGA_2010_73,1.0,2867.8,63.93,0.0,0.0,0.0,1.0,0.0,0.0,0.0,0,0.0,0,0.0,0.0,0.0,2867.8,0.0,0.0,0.0,0,0.0,0,0.0,0.0,0.0,63.93,0.0,0.0,0.0,0,0.0,0
UGA_2010_74,0.0,0.0,0.0,0.0,0.0,0.0,0.0,0.0,0.0,0.0,0,0.0,0,0.0,0.0,0.0,0.0,0.0,0.0,0.0,0,0.0,0,0.0,0.0,0.0,0.0,0.0,0.0,0.0,0,0.0,0
UGA_2010_75,0.0,0.0,0.0,0.0,0.0,0.0,0.0,0.0,0.0,0.0,0,0.0,0,0.0,0.0,0.0,0.0,0.0,0.0,0.0,0,0.0,0,0.0,0.0,0.0,0.0,0.0,0.0,0.0,0,0.0,0
UGA_2010_76,0.0,0.0,0.0,0.0,0.0,0.0,0.0,0.0,0.0,0.0,0,0.0,0,0.0,0.0,0.0,0.0,0.0,0.0,0.0,0,0.0,0,0.0,0.0,0.0,0.0,0.0,0.0,0.0,0,0.0,0
UGA_2010_77,1.0,1435.87,32.01,0.0,0.0,0.0,0.0,0.0,0.0,0.0,0,1.0,0,0.0,0.0,0.0,0.0,0.0,0.0,0.0,0,1435.87,0,0.0,0.0,0.0,0.0,0.0,0.0,0.0,0,32.01,0
UGA_2010_78,2.0,6852.18,152.76,2.0,0.0,0.0,0.0,0.0,0.0,0.0,0,0.0,0,6852.18,0.0,0.0,0.0,0.0,0.0,0.0,0,0.0,0,152.76,0.0,0.0,0.0,0.0,0.0,0.0,0,0.0,0
UGA_2010_79,0.0,0.0,0.0,0.0,0.0,0.0,0.0,0.0,0.0,0.0,0,0.0,0,0.0,0.0,0.0,0.0,0.0,0.0,0.0,0,0.0,0,0.0,0.0,0.0,0.0,0.0,0.0,0.0,0,0.0,0
UGA_2010_8,0.0,0.0,0.0,0.0,0.0,0.0,0.0,0.0,0.0,0.0,0,0.0,0,0.0,0.0,0.0,0.0,0.0,0.0,0.0,0,0.0,0,0.0,0.0,0.0,0.0,0.0,0.0,0.0,0,0.0,0
UGA_2010_80,2.0,10841.8,241.7,0.0,0.0,0.0,0.0,0.0,0.0,0.0,0,2.0,0,0.0,0.0,0.0,0.0,0.0,0.0,0.0,0,10841.8,0,0.0,0.0,0.0,0.0,0.0,0.0,0.0,0,241.7,0
UGA_2010_81,0.0,0.0,0.0,0.0,0.0,0.0,0.0,0.0,0.0,0.0,0,0.0,0,0.0,0.0,0.0,0.0,0.0,0.0,0.0,0,0.0,0,0.0,0.0,0.0,0.0,0.0,0.0,0.0,0,0.0,0
UGA_2010_82,1.0,1223.09,27.27,0.0,0.0,0.0,1.0,0.0,0.0,0.0,0,0.0,0,0.0,0.0,0.0,1223.09,0.0,0.0,0.0,0,0.0,0,0.0,0.0,0.0,27.27,0.0,0.0,0.0,0,0.0,0
UGA_2010_83,2.0,11354.08,253.12,0.0,0.0,0.0,0.0,0.0,0.0,0.0,0,2.0,0,0.0,0.0,0.0,0.0,0.0,0.0,0.0,0,11354.08,0,0.0,0.0,0.0,0.0,0.0,0.0,0.0,0,253.12,0
UGA_2010_84,2.0,9717.98,216.65,0.0,0.0,0.0,2.0,0.0,0.0,0.0,0,0.0,0,0.0,0.0,0.0,9717.98,0.0,0.0,0.0,0,0.0,0,0.0,0.0,0.0,216.65,0.0,0.0,0.0,0,0.0,0
UGA_2010_85,0.0,0.0,0.0,0.0,0.0,0.0,0.0,0.0,0.0,0.0,0,0.0,0,0.0,0.0,0.0,0.0,0.0,0.0,0.0,0,0.0,0,0.0,0.0,0.0,0.0,0.0,0.0,0.0,0,0.0,0
UGA_2010_86,0.0,0.0,0.0,0.0,0.0,0.0,0.0,0.0,0.0,0.0,0,0.0,0,0.0,0.0,0.0,0.0,0.0,0.0,0.0,0,0.0,0,0.0,0.0,0.0,0.0,0.0,0.0,0.0,0,0.0,0
UGA_2010_87,0.0,0.0,0.0,0.0,0.0,0.0,0.0,0.0,0.0,0.0,0,0.0,0,0.0,0.0,0.0,0.0,0.0,0.0,0.0,0,0.0,0,0.0,0.0,0.0,0.0,0.0,0.0,0.0,0,0.0,0
UGA_2010_88,0.0,0.0,0.0,0.0,0.0,0.0,0.0,0.0,0.0,0.0,0,0.0,0,0.0,0.0,0.0,0.0,0.0,0.0,0.0,0,0.0,0,0.0,0.0,0.0,0.0,0.0,0.0,0.0,0,0.0,0
UGA_2010_89,1.0,4264.44,95.07,0.0,0.0,0.0,0.0,0.0,0.0,0.0,0,1.0,0,0.0,0.0,0.0,0.0,0.0,0.0,0.0,0,4264.44,0,0.0,0.0,0.0,0.0,0.0,0.0,0.0,0,95.07,0
UGA_2010_9,0.0,0.0,0.0,0.0,0.0,0.0,0.0,0.0,0.0,0.0,0,0.0,0,0.0,0.0,0.0,0.0,0.0,0.0,0.0,0,0.0,0,0.0,0.0,0.0,0.0,0.0,0.0,0.0,0,0.0,0
UGA_2010_90,1.0,7229.95,161.18,0.0,0.0,0.0,0.0,0.0,0.0,0.0,0,1.0,0,0.0,0.0,0.0,0.0,0.0,0.0,0.0,0,7229.95,0,0.0,0.0,0.0,0.0,0.0,0.0,0.0,0,161.18,0
UGA_2010_91,2.0,13099.2,292.03,0.0,0.0,0.0,2.0,0.0,0.0,0.0,0,0.0,0,0.0,0.0,0.0,13099.2,0.0,0.0,0.0,0,0.0,0,0.0,0.0,0.0,292.03,0.0,0.0,0.0,0,0.0,0
UGA_2010_92,1.0,2517.69,56.13,0.0,0.0,0.0,0.0,0.0,0.0,0.0,0,1.0,0,0.0,0.0,0.0,0.0,0.0,0.0,0.0,0,2517.69,0,0.0,0.0,0.0,0.0,0.0,0.0,0.0,0,56.13,0
UGA_2010_93,1.0,68.37,1.52,0.0,0.0,0.0,0.0,0.0,0.0,0.0,0,0.0,0,0.0,0.0,0.0,0.0,0.0,0.0,0.0,0,0.0,0,0.0,0.0,0.0,0.0,0.0,0.0,0.0,0,0.0,0
UGA_2010_94,0.0,0.0,0.0,0.0,0.0,0.0,0.0,0.0,0.0,0.0,0,0.0,0,0.0,0.0,0.0,0.0,0.0,0.0,0.0,0,0.0,0,0.0,0.0,0.0,0.0,0.0,0.0,0.0,0,0.0,0
UGA_2010_95,2.0,5638.71,125.71,2.0,0.0,0.0,0.0,0.0,0.0,0.0,0,0.0,0,5638.71,0.0,0.0,0.0,0.0,0.0,0.0,0,0.0,0,125.71,0.0,0.0,0.0,0.0,0.0,0.0,0,0.0,0
UGA_2010_96,101.0,48300.99,1076.8,1.0,0.0,0.0,9.0,5.0,13.0,25.0,0,3.0,0,893.07,0.0,0.0,5216.7,330.97,2666.84,17737.21,0,10122.72,0,19.91,0.0,0.0,116.3,7.38,59.45,395.43,0,225.67,0
UGA_2010_97,88.0,44783.58,998.38,1.0,0.0,0.0,9.0,4.0,11.0,25.0,0,3.0,0,893.07,0.0,0.0,5216.7,250.97,2066.09,17543.08,0,10122.91,0,19.91,0.0,0.0,116.3,5.6,46.06,391.1,0,225.68,0
UGA_2010_98,3.0,9009.93,200.86,0.0,0.0,0.0,1.0,0.0,0.0,0.0,0,2.0,0,0.0,0.0,0.0,2866.75,0.0,0.0,0.0,0,6143.17,0,0.0,0.0,0.0,63.91,0.0,0.0,0.0,0,136.95,0
UGA_2010_99,1.0,3390.0,75.58,1.0,0.0,0.0,0.0,0.0,0.0,0.0,0,0.0,0,3390.0,0.0,0.0,0.0,0.0,0.0,0.0,0,0.0,0,75.58,0.0,0.0,0.0,0.0,0.0,0.0,0,0.0,0
