country,year,lat,lon,cons_pc,id,rural
MLI,2015,10.3158470565,-6.10534758779,0.31819084748783116,MLI_2015_0,rural
MLI,2015,10.4046498569,-5.89172523952,0.06889388287303778,MLI_2015_1,rural
MLI,2015,10.4669307196,-7.93847136405,0.36222518437365936,MLI_2015_2,rural
MLI,2015,10.5134942927,-5.97828633001,0.24403258821086382,MLI_2015_3,rural
MLI,2015,10.5358824255,-8.15268381972,0.5734757246537523,MLI_2015_4,rural
MLI,2015,10.5500027554,-5.75734316714,0.5692917591401134,MLI_2015_5,rural
MLI,2015,10.5518968725,-6.90582249714,0.7729229240801271,MLI_2015_6,rural
MLI,2015,10.5569801572,-5.75750540085,0.5216438650647567,MLI_2015_7,rural
MLI,2015,10.6047125361,-6.00856024301,0.32541023632931176,MLI_2015_8,rural
MLI,2015,10.605035341,-5.76849351874,0.26558704767247754,MLI_2015_9,rural
MLI,2015,10.6153074218,-8.20943043339,0.42535425057415516,MLI_2015_10,rural
MLI,2015,10.6351822977,-8.19029105849,0.418163326597372,MLI_2015_11,rural
MLI,2015,10.6675104697,-6.13096910124,0.08137178991896271,MLI_2015_12,rural
MLI,2015,10.6827013189,-5.64029087805,0.11001531217051817,MLI_2015_13,rural
MLI,2015,10.6957670428,-5.48514814738,0.7088210914753797,MLI_2015_14,rural
MLI,2015,10.7025230357,-5.60745427198,1.9193007143747978,MLI_2015_15,rural
MLI,2015,10.7177697909,-5.64216912056,0.3000146967650443,MLI_2015_16,rural
MLI,2015,10.7187935012,-6.57701666801,1.3683234219259577,MLI_2015_17,rural
MLI,2015,10.7599941661,-6.15620850422,0.6896485471981888,MLI_2015_18,rural
MLI,2015,10.7713272584,-8.18908473143,0.6607173768446437,MLI_2015_19,rural
MLI,2015,10.7775129505,-6.65207622954,0.048704270894635346,MLI_2015_20,rural
MLI,2015,10.7827536358,-5.97490495885,0.08496081382955674,MLI_2015_21,rural
MLI,2015,10.7920851316,-6.7825755326,0.2662257528324963,MLI_2015_22,rural
MLI,2015,10.7972347113,-6.29543126169,0.4740766369843163,MLI_2015_23,rural
MLI,2015,10.8320600573,-5.65254817817,0.3053142502322852,MLI_2015_24,rural
MLI,2015,10.8392151541,-6.39150206946,0.17803883711931834,MLI_2015_25,rural
MLI,2015,10.8556383467,-5.50233908415,1.2979449310757953,MLI_2015_26,rural
MLI,2015,10.873731721,-5.47191472091,0.5141503682075511,MLI_2015_27,rural
MLI,2015,10.879355727,-6.33549090078,0.02390381441256274,MLI_2015_28,rural
MLI,2015,10.8825176752,-6.02773064436,0.5337783136432961,MLI_2015_29,rural
MLI,2015,10.8981415153,-5.71022287589,0.12481742151565899,MLI_2015_30,rural
MLI,2015,10.9107509207,-6.87164728986,0.14389161544887272,MLI_2015_31,rural
MLI,2015,10.9481940956,-6.34507027913,0.10606561751280946,MLI_2015_32,rural
MLI,2015,10.9949099815,-5.60497739622,1.1269440334659024,MLI_2015_33,rural
MLI,2015,11.0112988488,-6.2828668242,0.46794157364299965,MLI_2015_34,rural
MLI,2015,11.0154949031,-6.99898127205,0.09715778080244648,MLI_2015_35,rural
MLI,2015,11.0369742829,-7.09183083877,0.16674978192434697,MLI_2015_36,rural
MLI,2015,11.0481900322,-7.96255932364,0.09359954387503916,MLI_2015_37,rural
MLI,2015,11.0675184176,-8.59027221158,0.25317074131986206,MLI_2015_38,rural
MLI,2015,11.0945204533,-5.62664502313,0.14593240788971912,MLI_2015_39,rural
MLI,2015,11.0949921424,-6.88593875199,0.2654384483676184,MLI_2015_40,rural
MLI,2015,11.1352679565,-5.68654556043,0.15083240153107014,MLI_2015_41,rural
MLI,2015,11.1486215954,-6.60246913517,0.052702439292806755,MLI_2015_42,rural
MLI,2015,11.1486542809,-5.36418983066,0.09737646710419268,MLI_2015_43,rural
MLI,2015,11.1568627786,-8.14024200574,3.0108086491356834,MLI_2015_44,rural
MLI,2015,11.1578292527,-7.12948784819,0.2148971054062991,MLI_2015_45,rural
MLI,2015,11.1593671146,-5.36537884074,0.2942941546528459,MLI_2015_46,rural
MLI,2015,11.1701974058,-8.15095412432,1.545872523930441,MLI_2015_47,rural
MLI,2015,11.1930999271,-5.4067283375,0.1363638346648846,MLI_2015_48,rural
MLI,2015,11.1953405909,-8.31651323116,0.2677194159576308,MLI_2015_49,rural
MLI,2015,11.2079255897,-8.17604203683,0.40886536544892543,MLI_2015_50,rural
MLI,2015,11.2711284183,-8.17144263676,0.22858721627542938,MLI_2015_51,rural
MLI,2015,11.2767082961,-8.36521390559,0.036109796367428164,MLI_2015_52,rural
MLI,2015,11.320011977,-5.66939488148,1.038105677204815,MLI_2015_53,urban
MLI,2015,11.3294408452,-5.36658039823,0.09876633816585279,MLI_2015_54,rural
MLI,2015,11.3325642691,-6.04497847693,0.7201151488974776,MLI_2015_55,rural
MLI,2015,11.3572182577,-8.3412946875,0.1035919591985077,MLI_2015_56,rural
MLI,2015,11.3715076034,-5.95489027955,0.37463146572557704,MLI_2015_57,rural
MLI,2015,11.3757667383,-6.7494200428,0.1564945539370925,MLI_2015_58,rural
MLI,2015,11.401358106,-6.60021075097,0.18494295723950668,MLI_2015_59,rural
MLI,2015,11.4470405478,-5.61132412893,0.4193016311525939,MLI_2015_60,rural
MLI,2015,11.4727111472,-5.51209617797,0.4143776186522322,MLI_2015_61,rural
MLI,2015,11.4945496963,-7.05675389565,0.21628012430781063,MLI_2015_62,rural
MLI,2015,11.5120908466,-5.35315123961,0.2594620826456652,MLI_2015_63,rural
MLI,2015,11.5139826799,-5.5632463158,0.21979205462460236,MLI_2015_64,rural
MLI,2015,11.5399093602,-6.87408490515,0.16305212087196283,MLI_2015_65,rural
MLI,2015,11.5511677732,-5.88740269133,0.2200948782836378,MLI_2015_66,rural
MLI,2015,11.5587252452,-8.1769574708,0.40355668662101035,MLI_2015_67,rural
MLI,2015,11.5858268035,-7.60550843896,0.23117226332216004,MLI_2015_68,rural
MLI,2015,11.5897342626,-5.36401144934,0.24709827389463762,MLI_2015_69,rural
MLI,2015,11.6040599599,-6.38490038749,0.2227084436586229,MLI_2015_70,rural
MLI,2015,11.6146244783,-7.40614268032,0.5660447114128966,MLI_2015_71,rural
MLI,2015,11.6193106355,-7.22377381884,0.29566465165571015,MLI_2015_72,rural
MLI,2015,11.6194521531,-6.46497305094,0.6117376659282727,MLI_2015_73,rural
MLI,2015,11.6217349163,-5.98456595614,0.0206541169845452,MLI_2015_74,rural
MLI,2015,11.6306362236,-6.60262277633,0.13089457293869122,MLI_2015_75,rural
MLI,2015,11.6317374726,-8.16245073768,0.3983488742768436,MLI_2015_76,rural
MLI,2015,11.6341964855,-8.26329082405,0.12825184171722617,MLI_2015_77,rural
MLI,2015,11.6356949226,-7.87432008352,0.24729552165074906,MLI_2015_78,rural
MLI,2015,11.6621531391,-8.19656364345,0.4534844022820684,MLI_2015_79,rural
MLI,2015,11.675887344,-5.91970657587,0.10161713223100627,MLI_2015_80,rural
MLI,2015,11.6883898132,-7.58639593916,0.17542215916367299,MLI_2015_81,rural
MLI,2015,11.6946104053,-8.68831786794,2.854806883781433,MLI_2015_82,rural
MLI,2015,11.6988895672,-6.98575545203,0.19422245580872938,MLI_2015_83,rural
MLI,2015,11.7060391745,-8.69929935497,0.284423518728769,MLI_2015_84,rural
MLI,2015,11.7062512521,-5.97733546619,0.06508428268663062,MLI_2015_85,rural
MLI,2015,11.7174612748,-7.8577391956,0.3039521059009005,MLI_2015_86,rural
MLI,2015,11.7206599275,-7.70475159148,0.21182459819727434,MLI_2015_87,rural
MLI,2015,11.742009202,-6.88681866469,0.28332992116572336,MLI_2015_88,rural
MLI,2015,11.7444070244,-6.3830844622,0.03147242880933595,MLI_2015_89,rural
MLI,2015,11.750020247,-8.23326571343,0.7211484841843442,MLI_2015_90,rural
MLI,2015,11.7527611885,-8.64587632925,0.23989733142848077,MLI_2015_91,rural
MLI,2015,11.7578066549,-8.20149612809,0.343094786618437,MLI_2015_92,rural
MLI,2015,11.7626006652,-8.5629113138,0.30558202528355916,MLI_2015_93,rural
MLI,2015,11.7954210928,-8.71511028054,0.26049952224591655,MLI_2015_94,rural
MLI,2015,11.8086797833,-6.58228215378,0.1581123963344937,MLI_2015_95,rural
MLI,2015,11.8162989288,-8.33897210735,0.36055458367490323,MLI_2015_96,rural
MLI,2015,11.836574693,-6.83946658008,0.1361793088343117,MLI_2015_97,rural
MLI,2015,11.8606030936,-8.33848795199,0.4009505490549156,MLI_2015_98,rural
MLI,2015,11.8651469719,-8.23809708064,0.3160208201999809,MLI_2015_99,rural
MLI,2015,11.8780873079,-6.69704373352,0.09330473303696282,MLI_2015_100,rural
MLI,2015,11.8790693604,-8.43472618117,2.7964549418317537,MLI_2015_101,rural
MLI,2015,11.8889746099,-8.48094160624,0.14539119718621377,MLI_2015_102,rural
MLI,2015,11.9036196952,-6.97039999786,0.29650701885746056,MLI_2015_103,rural
MLI,2015,11.9422417215,-8.4192509262,1.3227159469754242,MLI_2015_104,rural
MLI,2015,11.9451962817,-7.04938509958,0.1573725463111225,MLI_2015_105,rural
MLI,2015,11.9706960424,-8.42815044039,0.22855871556750296,MLI_2015_106,rural
MLI,2015,11.9797231599,-7.29861571563,0.24974778990493654,MLI_2015_107,rural
MLI,2015,11.9865184155,-8.52076448705,0.15141463406396935,MLI_2015_108,rural
MLI,2015,11.994225791,-8.3575938343,0.328265634699367,MLI_2015_109,rural
MLI,2015,12.0039011789,-6.91962083097,0.24745394002781118,MLI_2015_110,rural
MLI,2015,12.0234826923,-5.52141752636,0.04122295970804958,MLI_2015_111,rural
MLI,2015,12.0345688277,-10.7475835733,0.4633790338416202,MLI_2015_112,rural
MLI,2015,12.0380247549,-7.44497642485,0.11216546042120674,MLI_2015_113,rural
MLI,2015,12.038964506,-5.92621602379,0.07427491063238459,MLI_2015_114,rural
MLI,2015,12.046922611,-7.04167121587,0.19852885394557196,MLI_2015_115,rural
MLI,2015,12.0540524578,-5.38973045597,0.17341370250683744,MLI_2015_116,rural
MLI,2015,12.075017122,-6.83662457289,0.4014896147041593,MLI_2015_117,rural
MLI,2015,12.0852501887,-5.116503913,0.21506106358382157,MLI_2015_118,rural
MLI,2015,12.1163873403,-5.56316882552,0.14581229865222425,MLI_2015_119,rural
MLI,2015,12.128394498,-4.680483774,0.08988233485137852,MLI_2015_120,rural
MLI,2015,12.1359998652,-8.6947671216,0.08989538820249299,MLI_2015_121,rural
MLI,2015,12.1463447364,-6.77919132488,0.10024569241297454,MLI_2015_122,rural
MLI,2015,12.1487231282,-6.75699526898,0.12083740367757376,MLI_2015_123,rural
MLI,2015,12.1510822618,-5.74821792912,0.1946219326762808,MLI_2015_124,rural
MLI,2015,12.1520989172,-5.52758973585,0.15552070942611348,MLI_2015_125,rural
MLI,2015,12.1761394993,-6.5333910902,0.24112691514433957,MLI_2015_126,rural
MLI,2015,12.1794553385,-4.78890826867,0.3011998996833314,MLI_2015_127,rural
MLI,2015,12.1942389331,-8.658991298,0.41851851194523315,MLI_2015_128,rural
MLI,2015,12.2057475071,-7.63232100609,0.27356650824783607,MLI_2015_129,rural
MLI,2015,12.2232135157,-5.64669535779,0.1924323516522865,MLI_2015_130,rural
MLI,2015,12.223404963,-7.62724342374,0.0810915413648295,MLI_2015_131,rural
MLI,2015,12.2340179,-8.86466170657,0.28455269621549084,MLI_2015_132,rural
MLI,2015,12.2377381031,-7.233244444,0.07935300885310244,MLI_2015_133,rural
MLI,2015,12.2412497892,-4.71229506458,0.16507940768020718,MLI_2015_134,rural
MLI,2015,12.2540093148,-7.62004478584,0.9139685991575117,MLI_2015_135,rural
MLI,2015,12.2643319994,-5.06669794435,0.20786047006193933,MLI_2015_136,rural
MLI,2015,12.2997937046,-5.30513830653,0.21652590754891884,MLI_2015_137,rural
MLI,2015,12.2998025624,-6.25196861298,0.5115634845777604,MLI_2015_138,rural
MLI,2015,12.3040480303,-5.74372652001,0.20974567787495568,MLI_2015_139,rural
MLI,2015,12.3145908489,-6.423426667,0.0569243472363838,MLI_2015_140,rural
MLI,2015,12.3277262313,-5.69513802921,0.5439986946616201,MLI_2015_141,rural
MLI,2015,12.3452204284,-4.67342417888,0.39726678513005104,MLI_2015_142,rural
MLI,2015,12.3495392818,-4.77796236925,0.38004459894250947,MLI_2015_143,rural
MLI,2015,12.3512624977,-7.50730059088,0.27250214310165216,MLI_2015_144,rural
MLI,2015,12.3653634021,-5.808970465,0.17848034304750585,MLI_2015_145,rural
MLI,2015,12.3700431028,-5.58404187608,0.08135930086686598,MLI_2015_146,rural
MLI,2015,12.3731655709,-4.47224226263,0.13824646922433959,MLI_2015_147,rural
MLI,2015,12.3960489579,-6.4344832585,0.027431160451939014,MLI_2015_148,rural
MLI,2015,12.4153127702,-5.94654143937,0.10161159347329948,MLI_2015_149,rural
MLI,2015,12.4302888284,-5.49179613684,0.546213272698612,MLI_2015_150,urban
MLI,2015,12.4402533854,-4.7016294439,0.09910298146363412,MLI_2015_151,rural
MLI,2015,12.4409122926,-8.52321435655,0.1984377845721968,MLI_2015_152,rural
MLI,2015,12.4445692075,-8.06100056922,0.8033330616681323,MLI_2015_153,rural
MLI,2015,12.4472700155,-10.4967255659,0.2208845395280536,MLI_2015_154,rural
MLI,2015,12.4793686528,-6.23524264356,0.3234006206018828,MLI_2015_155,rural
MLI,2015,12.5106130807,-4.96828189093,0.12437363663890791,MLI_2015_156,rural
MLI,2015,12.5169446204,-4.50163104323,0.0653574550157738,MLI_2015_157,rural
MLI,2015,12.5253324972,-8.01629331221,0.8812574099916883,MLI_2015_158,rural
MLI,2015,12.5253778404,-4.79512029118,0.12687832998269818,MLI_2015_159,rural
MLI,2015,12.5430197332,-6.81366029816,0.3328038870036309,MLI_2015_160,rural
MLI,2015,12.549967496,-5.66627954191,0.11029538462293018,MLI_2015_161,rural
MLI,2015,12.5535986728,-5.24459388691,0.052224285731060714,MLI_2015_162,rural
MLI,2015,12.5559829551,-8.02268943151,1.8093257361464472,MLI_2015_163,rural
MLI,2015,12.5595006842,-10.4521030139,0.25569222782122397,MLI_2015_164,rural
MLI,2015,12.5613191215,-9.7414854348,0.15769542126294586,MLI_2015_165,rural
MLI,2015,12.570235414,-4.80827994245,0.1893793073780265,MLI_2015_166,rural
MLI,2015,12.5708904244,-11.0408721863,0.19009597215608723,MLI_2015_167,rural
MLI,2015,12.573140929,-7.6807425605,1.0692786769351217,MLI_2015_168,rural
MLI,2015,12.5775590103,-4.66875419963,0.10755646801549909,MLI_2015_169,rural
MLI,2015,12.59434701,-7.951431302,0.8898201840343667,MLI_2015_170,urban
MLI,2015,12.6003453889,-8.00155991589,1.048581225304394,MLI_2015_171,urban
MLI,2015,12.6144063351,-7.81563882806,1.8100255801318132,MLI_2015_172,rural
MLI,2015,12.6161806582,-6.50887875698,0.10551606030799583,MLI_2015_173,rural
MLI,2015,12.6249344204,-6.53814063899,0.11311195571477561,MLI_2015_174,rural
MLI,2015,12.6294050347,-5.46074485885,0.27252678338004077,MLI_2015_175,rural
MLI,2015,12.6343158282,-7.75644263323,0.23362281449403252,MLI_2015_176,rural
MLI,2015,12.635118698,-8.033594577,1.4087239458021685,MLI_2015_177,urban
MLI,2015,12.6373598725,-6.89648416081,0.39058593330012104,MLI_2015_178,rural
MLI,2015,12.6485331742,-5.02298658494,0.190697819988003,MLI_2015_179,rural
MLI,2015,12.6496859029,-4.89546866045,0.2174155260473137,MLI_2015_180,rural
MLI,2015,12.6542221461,-8.0177238395,0.9996478408583133,MLI_2015_181,urban
MLI,2015,12.6543816667,-7.97670044367,1.2839061609214517,MLI_2015_182,urban
MLI,2015,12.6616523426,-7.3153662891,0.2743825451467608,MLI_2015_183,rural
MLI,2015,12.6711493205,-7.84057514667,1.3328875171876124,MLI_2015_184,rural
MLI,2015,12.6721845678,-7.95012437422,0.7931675863134847,MLI_2015_185,urban
MLI,2015,12.6833456302,-10.96186063,0.43479164548223925,MLI_2015_186,rural
MLI,2015,12.685906828,-7.82039069496,2.19977777389185,MLI_2015_187,rural
MLI,2015,12.6902727841,-5.16126186212,0.13804372172020565,MLI_2015_188,rural
MLI,2015,12.6904795344,-7.92546950262,0.6317091407426839,MLI_2015_189,rural
MLI,2015,12.6916235532,-7.9176784958,0.5761730180024018,MLI_2015_190,rural
MLI,2015,12.6925131639,-4.5589102374,0.2629745434793993,MLI_2015_191,rural
MLI,2015,12.6937516395,-11.0986627639,0.2385725474730809,MLI_2015_192,rural
MLI,2015,12.7040063018,-6.97715711632,0.2869545265426624,MLI_2015_193,rural
MLI,2015,12.7088250617,-11.0186784971,0.5519998233755752,MLI_2015_194,rural
MLI,2015,12.7117471788,-7.93691239274,7.5803990825724705,MLI_2015_195,rural
MLI,2015,12.7248353988,-7.94332796289,2.958796470429446,MLI_2015_196,rural
MLI,2015,12.7275281677,-4.56056374659,0.20436001517943633,MLI_2015_197,rural
MLI,2015,12.7288047415,-5.02318170891,0.08563653502988977,MLI_2015_198,rural
MLI,2015,12.729651017,-11.1904540489,0.6298584934165012,MLI_2015_199,rural
MLI,2015,12.7331379677,-11.027869421,0.6019997184544409,MLI_2015_200,rural
MLI,2015,12.7360151436,-8.074058527,0.6173932393024018,MLI_2015_201,urban
MLI,2015,12.7501360133,-7.1921232885,0.5528774876390901,MLI_2015_202,rural
MLI,2015,12.7540668909,-9.13213660659,0.3575791824240129,MLI_2015_203,rural
MLI,2015,12.7572425354,-5.72466650842,0.07432860917774191,MLI_2015_204,rural
MLI,2015,12.7584458058,-8.36592179466,0.24730972693938302,MLI_2015_205,rural
MLI,2015,12.7618825364,-10.9717098028,0.09125656951654311,MLI_2015_206,rural
MLI,2015,12.7659306283,-9.15019422566,0.18371819394318276,MLI_2015_207,rural
MLI,2015,12.7721414681,-7.25051952249,0.23781314190898536,MLI_2015_208,rural
MLI,2015,12.7788436279,-11.0138674214,0.30704129889479415,MLI_2015_209,rural
MLI,2015,12.7831330282,-5.83183391153,0.41031860470163145,MLI_2015_210,rural
MLI,2015,12.7916138384,-4.31356530864,0.22960060324185458,MLI_2015_211,rural
MLI,2015,12.7953066413,-9.19836725439,0.06906149846066896,MLI_2015_212,rural
MLI,2015,12.7977443182,-8.09457185369,0.2747844944099591,MLI_2015_213,rural
MLI,2015,12.8018923981,-4.35959899472,0.11850852735746922,MLI_2015_214,rural
MLI,2015,12.8168418212,-11.2798846836,0.30591535945092957,MLI_2015_215,rural
MLI,2015,12.8221566697,-7.60093155418,0.34144116097226773,MLI_2015_216,rural
MLI,2015,12.8271730468,-5.72626359203,0.06677399349921719,MLI_2015_217,rural
MLI,2015,12.8315115563,-11.1945714938,0.14216160697574873,MLI_2015_218,rural
MLI,2015,12.8352395195,-4.92681797753,2.116913384451481,MLI_2015_219,rural
MLI,2015,12.8425482393,-11.2985420703,0.10621651445054937,MLI_2015_220,rural
MLI,2015,12.8577070405,-4.9406181932,0.19904821865389688,MLI_2015_221,rural
MLI,2015,12.86128535,-7.56002469367,1.3504470897518523,MLI_2015_222,urban
MLI,2015,12.8730473743,-6.39332330989,0.11638708628341687,MLI_2015_223,rural
MLI,2015,12.8759989093,-6.80259006233,0.0464098977240735,MLI_2015_224,rural
MLI,2015,12.8781032313,-5.27195682651,0.1879620771752223,MLI_2015_225,rural
MLI,2015,12.8799635615,-6.89936613737,0.28400795765660214,MLI_2015_226,rural
MLI,2015,12.8873679231,-11.1100800341,0.11477250023646932,MLI_2015_227,rural
MLI,2015,12.897615392,-6.72902166745,0.05251786798170451,MLI_2015_228,rural
MLI,2015,12.9105123881,-5.54314057693,0.3478380070028274,MLI_2015_229,rural
MLI,2015,12.9136415059,-6.72605604639,0.8642204547309001,MLI_2015_230,rural
MLI,2015,12.9170938438,-7.54536760759,0.1839555302037087,MLI_2015_231,rural
MLI,2015,12.933314005,-5.76964367321,0.3235272562217555,MLI_2015_232,rural
MLI,2015,12.9361080143,-6.77174547172,0.3477146134980702,MLI_2015_233,rural
MLI,2015,12.9390353789,-4.29677962847,0.10861658245770978,MLI_2015_234,rural
MLI,2015,12.939202226,-6.66637130459,0.21780530282645744,MLI_2015_235,rural
MLI,2015,12.9395965183,-5.67687670946,0.07533341154153804,MLI_2015_236,rural
MLI,2015,12.9408720202,-7.81073113454,0.2878019770977649,MLI_2015_237,rural
MLI,2015,12.9437400732,-5.69955994124,0.10662435387832936,MLI_2015_238,rural
MLI,2015,12.9449828828,-5.05839713225,0.18852897227214938,MLI_2015_239,rural
MLI,2015,12.9491353141,-5.94943629755,0.1675555556954549,MLI_2015_240,rural
MLI,2015,12.9497374525,-5.41008254192,0.11978930181075066,MLI_2015_241,rural
MLI,2015,12.9498307764,-4.41174407699,0.13404731042786586,MLI_2015_242,rural
MLI,2015,12.9517093215,-6.42909164713,0.06567618346221361,MLI_2015_243,rural
MLI,2015,12.9530122498,-9.52643303484,0.3475088787070287,MLI_2015_244,rural
MLI,2015,12.9646436793,-7.43496189073,0.13534004611332007,MLI_2015_245,rural
MLI,2015,12.9646732602,-6.4036457843,0.32684349524041295,MLI_2015_246,rural
MLI,2015,12.9791913819,-4.53121304564,0.09194678470613378,MLI_2015_247,rural
MLI,2015,12.9805963752,-9.47700147728,0.12913559714035264,MLI_2015_248,rural
MLI,2015,12.9847634617,-5.94138330435,0.16566454130135516,MLI_2015_249,rural
MLI,2015,12.9903037564,-5.48253401796,0.1488056727935787,MLI_2015_250,rural
MLI,2015,12.9941881002,-5.77503436299,0.333159089673488,MLI_2015_251,rural
MLI,2015,12.9966230445,-6.82311225068,0.1061638488558883,MLI_2015_252,rural
MLI,2015,13.0101476703,-5.51470490715,0.15679174174272184,MLI_2015_253,rural
MLI,2015,13.0107103867,-5.69427295182,0.10920670068392496,MLI_2015_254,rural
MLI,2015,13.0350761895,-8.46448507507,0.05680054244667768,MLI_2015_255,rural
MLI,2015,13.0402206091,-9.49194039264,0.5409002519956765,MLI_2015_256,urban
MLI,2015,13.0502186523,-9.39355547145,0.07277365186989007,MLI_2015_257,rural
MLI,2015,13.0530835697,-6.98920889449,0.120278126973639,MLI_2015_258,rural
MLI,2015,13.0685048095,-9.49286490615,0.1641707036430308,MLI_2015_259,rural
MLI,2015,13.0712602459,-4.62414749332,0.07122210904587589,MLI_2015_260,rural
MLI,2015,13.0721807887,-5.8974772625,0.20459927301568212,MLI_2015_261,rural
MLI,2015,13.0837269238,-11.0904587781,0.6568747931596397,MLI_2015_262,rural
MLI,2015,13.0916467786,-5.5157337594,0.20554776416603926,MLI_2015_263,rural
MLI,2015,13.092487109,-4.88828083055,0.24540671581990345,MLI_2015_264,rural
MLI,2015,13.102356253,-9.79866038198,0.45886726255442883,MLI_2015_265,rural
MLI,2015,13.1130412851,-7.83995125868,0.12588902643705682,MLI_2015_266,rural
MLI,2015,13.1164030995,-9.39049878936,0.09903420906929258,MLI_2015_267,rural
MLI,2015,13.119014096,-5.15860046937,0.12214759166338386,MLI_2015_268,rural
MLI,2015,13.1220565847,-7.65212768211,0.2711698298770479,MLI_2015_269,rural
MLI,2015,13.1269542096,-5.48890428516,0.22380668481999216,MLI_2015_270,rural
MLI,2015,13.1273347429,-7.51192995118,0.12538850323769166,MLI_2015_271,rural
MLI,2015,13.1340620026,-5.0115966788,0.12376981379028795,MLI_2015_272,rural
MLI,2015,13.1343079736,-7.20013469105,0.18912733032879403,MLI_2015_273,rural
MLI,2015,13.1447972201,-5.24305412912,0.42844573212573966,MLI_2015_274,rural
MLI,2015,13.1457073795,-5.44254124009,0.28530951907564217,MLI_2015_275,rural
MLI,2015,13.1552031316,-4.89242600464,0.2657251404970265,MLI_2015_276,rural
MLI,2015,13.1552903471,-6.99223209533,0.06702002300535802,MLI_2015_277,rural
MLI,2015,13.1595976792,-7.08017963078,0.06978763206905027,MLI_2015_278,rural
MLI,2015,13.1683671192,-9.21717505078,0.2534862156899,MLI_2015_279,rural
MLI,2015,13.1708212541,-10.2025897279,0.19381482634697952,MLI_2015_280,rural
MLI,2015,13.1790913283,-6.42698222167,0.16001762223194263,MLI_2015_281,rural
MLI,2015,13.1866941717,-6.93628518813,0.09931474593981864,MLI_2015_282,rural
MLI,2015,13.1976028675,-7.03549606126,0.04218807743252079,MLI_2015_283,rural
MLI,2015,13.2050761102,-10.4641181376,0.20237882230163995,MLI_2015_284,rural
MLI,2015,13.2186727828,-10.1397981835,0.5387761843233723,MLI_2015_285,rural
MLI,2015,13.2277133357,-5.96172182719,0.14329426883218918,MLI_2015_286,rural
MLI,2015,13.2346505851,-6.87793016616,0.14078966892582795,MLI_2015_287,rural
MLI,2015,13.2355090067,-6.26330642748,0.11295139101121007,MLI_2015_288,rural
MLI,2015,13.2446211591,-6.86761129864,0.34731291100501294,MLI_2015_289,rural
MLI,2015,13.2597176167,-9.45498334456,0.1468672716547639,MLI_2015_290,rural
MLI,2015,13.2601064676,-7.55741307561,0.260760242194985,MLI_2015_291,rural
MLI,2015,13.2622816392,-4.25533963508,0.2711472585745303,MLI_2015_292,rural
MLI,2015,13.2624855961,-7.55873217828,0.4029842713215665,MLI_2015_293,rural
MLI,2015,13.264861744,-7.82890860003,0.48041089655215735,MLI_2015_294,rural
MLI,2015,13.2695573409,-6.55767451886,0.10379275133935907,MLI_2015_295,rural
MLI,2015,13.269662933,-9.66447211145,0.06036838545850238,MLI_2015_296,rural
MLI,2015,13.273547258,-11.1266972815,0.19668299684312418,MLI_2015_297,rural
MLI,2015,13.2774637278,-4.2042648574,0.17360660558826266,MLI_2015_298,rural
MLI,2015,13.2812529403,-7.81347337145,0.1957722000296364,MLI_2015_299,rural
MLI,2015,13.2872432215,-4.3156047149,0.5246799611857396,MLI_2015_300,rural
MLI,2015,13.2906623451,-7.01328782786,0.4736693251041162,MLI_2015_301,rural
MLI,2015,13.2940259825,-5.97215635792,0.1779330974520198,MLI_2015_302,rural
MLI,2015,13.2971683435,-7.82566294414,0.24726571988988896,MLI_2015_303,rural
MLI,2015,13.3003121831,-4.89832143025,0.3344360846628503,MLI_2015_304,urban
MLI,2015,13.3007862883,-7.19158809653,0.18281656712992236,MLI_2015_305,rural
MLI,2015,13.3015793496,-9.34914999684,0.1587091554712139,MLI_2015_306,rural
MLI,2015,13.3025933817,-4.68417008045,0.35973953437626704,MLI_2015_307,rural
MLI,2015,13.3056593823,-6.73500520829,0.14908055956658273,MLI_2015_308,rural
MLI,2015,13.3109162461,-6.77155929058,0.29006134237743375,MLI_2015_309,rural
MLI,2015,13.3155775324,-6.6834179095,0.0888285363984253,MLI_2015_310,rural
MLI,2015,13.319770801,-6.73139546361,0.20130178728771628,MLI_2015_311,rural
MLI,2015,13.3232779091,-5.66738230934,0.1521392783114915,MLI_2015_312,rural
MLI,2015,13.3243926066,-7.37838186029,0.43470195291423147,MLI_2015_313,rural
MLI,2015,13.3273268656,-5.55334908936,0.16723415367576386,MLI_2015_314,rural
MLI,2015,13.3321400016,-4.59250839791,0.2142592601361107,MLI_2015_315,rural
MLI,2015,13.3335644806,-10.6403860601,0.09892142947158418,MLI_2015_316,rural
MLI,2015,13.3349083968,-4.65446968576,0.2061919530737437,MLI_2015_317,rural
MLI,2015,13.3378952204,-7.20376337019,0.19944321613182212,MLI_2015_318,rural
MLI,2015,13.3408229119,-4.79361367337,0.3224141425729113,MLI_2015_319,rural
MLI,2015,13.3459153891,-6.70025501738,0.32060240501372783,MLI_2015_320,rural
MLI,2015,13.3460197408,-9.37820546912,0.16988217474193276,MLI_2015_321,rural
MLI,2015,13.3569267372,-6.71326780107,0.2042785722078034,MLI_2015_322,rural
MLI,2015,13.3605990624,-4.67668029652,0.8075544312618249,MLI_2015_323,rural
MLI,2015,13.367392109,-8.17762508281,0.2342291639664055,MLI_2015_324,rural
MLI,2015,13.3712119236,-6.2627025358,0.38638170991519216,MLI_2015_325,rural
MLI,2015,13.3757236486,-7.82003250405,0.4223355830131032,MLI_2015_326,rural
MLI,2015,13.3812723005,-9.08175857195,0.08555915798103651,MLI_2015_327,rural
MLI,2015,13.3860472746,-4.31773957719,0.18888220686405605,MLI_2015_328,rural
MLI,2015,13.3938083549,-6.74675497964,0.5385472094198305,MLI_2015_329,rural
MLI,2015,13.3949258132,-6.32658722761,0.515803529761809,MLI_2015_330,rural
MLI,2015,13.3980871598,-5.45083099989,0.1308547488274048,MLI_2015_331,rural
MLI,2015,13.3995416673,-10.4504301244,0.13523138157334022,MLI_2015_332,rural
MLI,2015,13.4142551903,-6.86719927214,0.4709366189905513,MLI_2015_333,rural
MLI,2015,13.4160673736,-7.26620000765,0.1362548923263416,MLI_2015_334,rural
MLI,2015,13.4237676745,-7.3089220016,0.22144361968984308,MLI_2015_335,rural
MLI,2015,13.4342616439,-9.07892010526,0.17545351647291088,MLI_2015_336,rural
MLI,2015,13.4361315046,-6.20187620591,0.3533841101047707,MLI_2015_337,rural
MLI,2015,13.4386448253,-6.26788497453,0.9672137885655636,MLI_2015_338,urban
MLI,2015,13.4407054269,-5.10135873621,0.2758662154255138,MLI_2015_339,rural
MLI,2015,13.4450520106,-7.58418770303,0.39661067289461094,MLI_2015_340,rural
MLI,2015,13.448847965,-7.1156215501,0.23742895748183568,MLI_2015_341,rural
MLI,2015,13.4531472577,-7.91970453802,0.09918225413313053,MLI_2015_342,rural
MLI,2015,13.455604337,-4.63602217568,0.027928134514557678,MLI_2015_343,rural
MLI,2015,13.4620361991,-5.67533401456,0.14526249064488087,MLI_2015_344,rural
MLI,2015,13.4624240461,-7.36616033884,0.8932738851658905,MLI_2015_345,rural
MLI,2015,13.4632875027,-4.62930614263,0.033392273274198365,MLI_2015_346,rural
MLI,2015,13.4639939384,-7.2010354487,0.2064773981231479,MLI_2015_347,rural
MLI,2015,13.4806263653,-6.88053342773,0.33698810700511594,MLI_2015_348,rural
MLI,2015,13.4820249321,-3.88432198832,0.23905236659178652,MLI_2015_349,rural
MLI,2015,13.4821340834,-7.38952247482,0.8289165376764634,MLI_2015_350,rural
MLI,2015,13.4880725195,-6.79999382714,1.2717219466035001,MLI_2015_351,rural
MLI,2015,13.4885224528,-4.53457172096,0.09621634332292443,MLI_2015_352,rural
MLI,2015,13.4919250553,-7.69927023877,0.33315215845867807,MLI_2015_353,rural
MLI,2015,13.4929115862,-3.73652324936,0.5198141656433568,MLI_2015_354,rural
MLI,2015,13.4960840008,-3.80821201702,0.22987810353925497,MLI_2015_355,rural
MLI,2015,13.4979997088,-7.45566651092,0.41245321041928645,MLI_2015_356,rural
MLI,2015,13.4980207308,-3.43924387906,0.11270116742186707,MLI_2015_357,rural
MLI,2015,13.5157259086,-6.27871560417,0.0945435969147254,MLI_2015_358,rural
MLI,2015,13.5160488898,-3.46345070549,0.15246670318501218,MLI_2015_359,rural
MLI,2015,13.5175119936,-8.92491745548,0.06575206526818451,MLI_2015_360,rural
MLI,2015,13.5215472371,-6.31586974475,0.1993991414450459,MLI_2015_361,rural
MLI,2015,13.5291972805,-6.15056471393,0.20849577141162434,MLI_2015_362,rural
MLI,2015,13.5299437685,-7.0679556555,0.8177102605627659,MLI_2015_363,rural
MLI,2015,13.5334529313,-7.46623490311,0.3998672512873217,MLI_2015_364,rural
MLI,2015,13.5355848392,-7.43350153317,0.26473741982471793,MLI_2015_365,rural
MLI,2015,13.537146807,-6.89946097824,0.2178078144373398,MLI_2015_366,rural
MLI,2015,13.5390248451,-7.03363657456,0.19776119924275665,MLI_2015_367,rural
MLI,2015,13.5445603149,-4.51104108628,0.11209984638447984,MLI_2015_368,rural
MLI,2015,13.5646524633,-7.33251696646,0.31872071838116744,MLI_2015_369,rural
MLI,2015,13.5742773418,-4.52117209443,0.15652931316421487,MLI_2015_370,rural
MLI,2015,13.5756967633,-5.87255361377,0.08956675915034704,MLI_2015_371,rural
MLI,2015,13.5806792446,-3.62632043607,0.3217227716252236,MLI_2015_372,rural
MLI,2015,13.5879756043,-7.94313906797,0.2750506114601691,MLI_2015_373,rural
MLI,2015,13.589294647,-7.48239453733,0.3299852694005509,MLI_2015_374,rural
MLI,2015,13.5950811562,-5.82064081301,0.07948214680450101,MLI_2015_375,rural
MLI,2015,13.5951685639,-7.87710158539,0.3701638387238083,MLI_2015_376,rural
MLI,2015,13.5960788824,-7.81457504133,0.250322191006732,MLI_2015_377,rural
MLI,2015,13.5997918952,-11.4689492795,0.1540452467795181,MLI_2015_378,rural
MLI,2015,13.6002789323,-8.37615189819,0.49453335031681744,MLI_2015_379,rural
MLI,2015,13.6100649437,-7.03731348634,0.37843159201964727,MLI_2015_380,rural
MLI,2015,13.6120433147,-7.91028210673,0.2356836145540944,MLI_2015_381,rural
MLI,2015,13.6146735289,-4.68514030767,0.0974888602523494,MLI_2015_382,rural
MLI,2015,13.6164000337,-7.44175099405,0.4614958483366742,MLI_2015_383,rural
MLI,2015,13.6226713233,-4.18185557787,0.10124942481466069,MLI_2015_384,rural
MLI,2015,13.6367301546,-4.13065969627,0.15724021476190655,MLI_2015_385,rural
MLI,2015,13.6547568896,-3.68734995289,0.09553964016332434,MLI_2015_386,rural
MLI,2015,13.6595532493,-3.53566224637,0.3062743322884481,MLI_2015_387,rural
MLI,2015,13.6634205087,-8.11082037108,0.37976750722880254,MLI_2015_388,rural
MLI,2015,13.6638450334,-4.93366119789,0.2395069587729197,MLI_2015_389,rural
MLI,2015,13.6856243445,-3.72460907556,0.1460543888605036,MLI_2015_390,rural
MLI,2015,13.691123021,-7.54995236447,0.09648538735118921,MLI_2015_391,rural
MLI,2015,13.6946784303,-6.10903957914,0.19703439640197132,MLI_2015_392,rural
MLI,2015,13.7015578609,-4.92051976118,0.19459046733309984,MLI_2015_393,rural
MLI,2015,13.712430963,-5.21146268235,0.4741672952259142,MLI_2015_394,rural
MLI,2015,13.7126105616,-5.35320400689,0.16297775588114735,MLI_2015_395,rural
MLI,2015,13.7149058152,-10.3432634612,0.6239637693728631,MLI_2015_396,rural
MLI,2015,13.7238064383,-6.00529105599,1.6189074143851896,MLI_2015_397,rural
MLI,2015,13.7244113524,-6.0781761291,0.931123049963827,MLI_2015_398,rural
MLI,2015,13.7319094244,-5.18405692512,0.011658384814566094,MLI_2015_399,rural
MLI,2015,13.7345441068,-6.37632433139,0.06299568386810996,MLI_2015_400,rural
MLI,2015,13.7363278904,-5.79663952631,0.10952194215295509,MLI_2015_401,rural
MLI,2015,13.7378756672,-6.05765706538,0.09382087795441578,MLI_2015_402,rural
MLI,2015,13.750045529,-7.84393155876,0.15140217784700033,MLI_2015_403,rural
MLI,2015,13.7500570882,-10.893384839,0.3350392033602045,MLI_2015_404,rural
MLI,2015,13.7501753101,-3.3561659644,0.6333307376793832,MLI_2015_405,rural
MLI,2015,13.7567823683,-10.8482399691,0.12892905307117108,MLI_2015_406,rural
MLI,2015,13.7777129295,-6.70468349153,0.18964468910169555,MLI_2015_407,rural
MLI,2015,13.7791192382,-3.62866798275,0.13247524670471886,MLI_2015_408,rural
MLI,2015,13.7825995511,-4.19165834583,0.14192026007580305,MLI_2015_409,rural
MLI,2015,13.7847980729,-7.59269664858,0.1776395620469107,MLI_2015_410,rural
MLI,2015,13.7881719055,-7.5306683804,0.4971536808312899,MLI_2015_411,rural
MLI,2015,13.7884693315,-5.36614962274,0.12013606488754712,MLI_2015_412,rural
MLI,2015,13.7931851334,-7.71650238843,0.3102151506907939,MLI_2015_413,rural
MLI,2015,13.7956598278,-4.40998320156,0.1406170203102388,MLI_2015_414,rural
MLI,2015,13.8013501963,-8.22421355574,0.13595367789849358,MLI_2015_415,rural
MLI,2015,13.8065382652,-5.94236169705,0.3293161791349418,MLI_2015_416,rural
MLI,2015,13.8076083646,-7.14955986648,0.2197664933792175,MLI_2015_417,rural
MLI,2015,13.8078066976,-10.824939455,0.7843836457173952,MLI_2015_418,rural
MLI,2015,13.8115054973,-3.70762533539,0.04860417198780653,MLI_2015_419,rural
MLI,2015,13.8123348648,-3.29608399944,0.1479432047996022,MLI_2015_420,rural
MLI,2015,13.8171315865,-4.99072787889,0.08502648288478239,MLI_2015_421,rural
MLI,2015,13.827490707,-5.72482212422,0.600577250727196,MLI_2015_422,rural
MLI,2015,13.8308854072,-4.8562680327,1.805907801527829,MLI_2015_423,rural
MLI,2015,13.8323812722,-9.86192850859,0.1655195116697498,MLI_2015_424,rural
MLI,2015,13.8366097217,-10.8416405104,0.12825173063818832,MLI_2015_425,rural
MLI,2015,13.8392346602,-4.13851961243,0.10554569670657143,MLI_2015_426,rural
MLI,2015,13.8472925352,-5.02006885712,0.6317533801829337,MLI_2015_427,rural
MLI,2015,13.8480786929,-4.16026426095,0.18779213888568666,MLI_2015_428,rural
MLI,2015,13.8502322541,-3.32926664512,0.122151011440976,MLI_2015_429,rural
MLI,2015,13.8597357238,-7.18021609903,0.19908225923730588,MLI_2015_430,rural
MLI,2015,13.8616040168,-4.34240900182,0.08841933128672036,MLI_2015_431,rural
MLI,2015,13.8763008251,-4.2182200405,0.18849099540141068,MLI_2015_432,rural
MLI,2015,13.8800779077,-5.79502175015,0.22924562551116062,MLI_2015_433,rural
MLI,2015,13.8833565515,-4.83412929196,0.6913399436091444,MLI_2015_434,rural
MLI,2015,13.887131627,-3.48343240828,0.09522510989896209,MLI_2015_435,rural
MLI,2015,13.8891767506,-3.30920699407,0.17370255717143257,MLI_2015_436,rural
MLI,2015,13.8902007833,-7.41496250971,0.11577470874850833,MLI_2015_437,rural
MLI,2015,13.8927133301,-3.42946732315,0.16403921938722837,MLI_2015_438,rural
MLI,2015,13.8963799716,-3.3728484932,0.13704723670714478,MLI_2015_439,rural
MLI,2015,13.89726251,-4.68391321559,0.23644780831811096,MLI_2015_440,rural
MLI,2015,13.9032596845,-11.6874899933,0.4449708037494687,MLI_2015_441,rural
MLI,2015,13.904452401,-9.86299828833,0.10953537415245078,MLI_2015_442,rural
MLI,2015,13.9228649643,-4.77051844036,0.6544239874304715,MLI_2015_443,rural
MLI,2015,13.9301111877,-5.13359657926,0.09451983617002606,MLI_2015_444,rural
MLI,2015,13.9305776771,-4.62446055549,0.38718725327320797,MLI_2015_445,rural
MLI,2015,13.9336049312,-3.14486111755,0.16223557942132452,MLI_2015_446,rural
MLI,2015,13.9355640181,-4.61125788831,0.5401157727642676,MLI_2015_447,rural
MLI,2015,13.9373822711,-5.354299221,0.7356509725865344,MLI_2015_448,rural
MLI,2015,13.9381533451,-3.21830780851,0.1655973049618223,MLI_2015_449,rural
MLI,2015,13.9388510444,-3.65704057176,0.4420603751903294,MLI_2015_450,rural
MLI,2015,13.9416225126,-4.28424814957,0.43797495617229665,MLI_2015_451,rural
MLI,2015,13.9432889665,-5.52373271047,0.2789656454459875,MLI_2015_452,rural
MLI,2015,13.946812843,-5.34432769407,0.07421220826643725,MLI_2015_453,rural
MLI,2015,13.9626594036,-5.54793148314,0.5035594345271317,MLI_2015_454,rural
MLI,2015,13.9632214678,-4.23736272265,0.4422015183760108,MLI_2015_455,rural
MLI,2015,13.9669105774,-3.35901411501,0.32475053896617456,MLI_2015_456,rural
MLI,2015,13.9670484462,-10.3209334282,0.22108226868156297,MLI_2015_457,rural
MLI,2015,13.9711770035,-6.07666322947,0.46705889728123545,MLI_2015_458,rural
MLI,2015,13.9733100128,-5.56278399396,0.4768196361330719,MLI_2015_459,rural
MLI,2015,13.9749062107,-4.71784688649,0.634858085025725,MLI_2015_460,rural
MLI,2015,13.978924408,-4.74776848289,0.2234673791940181,MLI_2015_461,rural
MLI,2015,13.9811882633,-7.21843341661,1.4643863445383258,MLI_2015_462,rural
MLI,2015,13.9961994229,-5.39102302657,1.8480539914416911,MLI_2015_463,rural
MLI,2015,14.0030533837,-4.49404277982,0.36710908436052403,MLI_2015_464,rural
MLI,2015,14.0102310084,-4.51216653627,0.1836995595474418,MLI_2015_465,rural
MLI,2015,14.0107045768,-4.1597367918,0.7371374713566087,MLI_2015_466,rural
MLI,2015,14.0113360282,-7.54277280355,0.22387289549408515,MLI_2015_467,rural
MLI,2015,14.012980698,-5.26600561747,0.27841932119164237,MLI_2015_468,rural
MLI,2015,14.0132290464,-5.35591987404,0.5716485319113046,MLI_2015_469,rural
MLI,2015,14.0197730949,-6.06803621007,0.8855665935179816,MLI_2015_470,rural
MLI,2015,14.0199900004,-3.75084754973,0.4662727367214134,MLI_2015_471,rural
MLI,2015,14.0219165408,-5.58479661559,0.3435361082443463,MLI_2015_472,rural
MLI,2015,14.0246953724,-10.3245264331,0.22590769245098039,MLI_2015_473,rural
MLI,2015,14.0354413888,-3.06559516833,0.2661321659976311,MLI_2015_474,rural
MLI,2015,14.0459870657,-4.42989546276,0.22364840509727413,MLI_2015_475,rural
MLI,2015,14.0532251596,-4.99970819626,0.5494866622006351,MLI_2015_476,rural
MLI,2015,14.0568434333,-4.5578906788,0.8856403157159064,MLI_2015_477,rural
MLI,2015,14.0617885206,-10.4176547791,0.31809177501344904,MLI_2015_478,rural
MLI,2015,14.0640518736,-3.88133558244,0.030625360163931806,MLI_2015_479,rural
MLI,2015,14.0787224514,-3.51994651063,0.07868994180055318,MLI_2015_480,rural
MLI,2015,14.0800534197,-11.274553953,0.6493487415368648,MLI_2015_481,rural
MLI,2015,14.0917579081,-4.99703496414,0.4022439904105143,MLI_2015_482,rural
MLI,2015,14.0962594537,-3.51630781947,0.1733962194082193,MLI_2015_483,rural
MLI,2015,14.1134863098,-5.54828429668,0.2916588480600284,MLI_2015_484,rural
MLI,2015,14.1287053472,-5.47983087557,0.32786271552255253,MLI_2015_485,rural
MLI,2015,14.1300981567,-3.4858440516,0.052855463685360204,MLI_2015_486,rural
MLI,2015,14.1432387465,-5.85334047337,0.21034904784323635,MLI_2015_487,rural
MLI,2015,14.1448420127,-8.10847716416,0.40426643586865885,MLI_2015_488,rural
MLI,2015,14.1526243419,-4.50409172037,0.34022287290279274,MLI_2015_489,rural
MLI,2015,14.1558095965,-5.20623528133,0.4282241433125582,MLI_2015_490,rural
MLI,2015,14.1561501997,-4.87780409739,0.438616698656031,MLI_2015_491,rural
MLI,2015,14.1580440245,-5.94916732089,0.5051049291855078,MLI_2015_492,rural
MLI,2015,14.1640454752,-6.00337896728,0.3071111456653361,MLI_2015_493,rural
MLI,2015,14.1681496751,-10.1422616123,0.21539620469761483,MLI_2015_494,rural
MLI,2015,14.1782841368,-5.1510908284,0.3773034930954433,MLI_2015_495,rural
MLI,2015,14.1872362677,-10.5240217719,0.08886398978015561,MLI_2015_496,rural
MLI,2015,14.1874935363,-4.9922850744,0.31037962146926795,MLI_2015_497,rural
MLI,2015,14.1903738733,-7.5337992429,0.5595439300649491,MLI_2015_498,rural
MLI,2015,14.1960764276,-5.55174684268,0.24467758657189606,MLI_2015_499,rural
MLI,2015,14.2002206758,-3.83574015884,0.3217731726997719,MLI_2015_500,rural
MLI,2015,14.2132479895,-3.85897804576,0.3549533430030428,MLI_2015_501,rural
MLI,2015,14.215796688,-3.49349523112,0.27485405063588675,MLI_2015_502,rural
MLI,2015,14.2246096425,-10.6949025823,0.09216104186440094,MLI_2015_503,rural
MLI,2015,14.2294391231,-4.28351186067,0.4124617509115323,MLI_2015_504,rural
MLI,2015,14.2419749208,-6.05505805377,0.2584426609607797,MLI_2015_505,rural
MLI,2015,14.2430527196,-6.03519591932,0.37805357065469114,MLI_2015_506,rural
MLI,2015,14.2458191179,-8.36069424806,0.29594592361856387,MLI_2015_507,rural
MLI,2015,14.2502549271,-5.99292530934,0.18842002035057887,MLI_2015_508,rural
MLI,2015,14.2569531993,-5.9631977467,0.4487486140865394,MLI_2015_509,rural
MLI,2015,14.2639829473,-4.10700918009,0.13513954059888886,MLI_2015_510,rural
MLI,2015,14.2736858239,-7.51552614953,0.25488955624038306,MLI_2015_511,rural
MLI,2015,14.2801282778,-5.96269221812,0.1502946313153946,MLI_2015_512,rural
MLI,2015,14.2813251684,-9.84004653199,0.08210939797384202,MLI_2015_513,rural
MLI,2015,14.2882417129,-4.10087544923,0.07700766737289591,MLI_2015_514,rural
MLI,2015,14.2889876139,-3.98438626086,0.06129400053422653,MLI_2015_515,rural
MLI,2015,14.2924487506,-3.40460555942,0.16782483933316164,MLI_2015_516,rural
MLI,2015,14.2925376355,-3.86363020181,0.15698470709764148,MLI_2015_517,rural
MLI,2015,14.2996806626,-3.50608874116,0.2914184351844659,MLI_2015_518,rural
MLI,2015,14.3003963588,-5.92046690093,0.19565299468289205,MLI_2015_519,rural
MLI,2015,14.3006417384,-10.5724190557,0.10835278235880573,MLI_2015_520,rural
MLI,2015,14.3050566879,-2.13745001776,0.1610475472063233,MLI_2015_521,rural
MLI,2015,14.3060534208,-3.63277151827,0.08635569694328345,MLI_2015_522,rural
MLI,2015,14.3076465447,-5.94530682308,0.2561603970997372,MLI_2015_523,rural
MLI,2015,14.3110739705,-9.52432336417,0.12129996697642093,MLI_2015_524,rural
MLI,2015,14.3114187669,-9.55690391058,0.10091835349403229,MLI_2015_525,rural
MLI,2015,14.3279892807,-6.04674213999,2.715763494645404,MLI_2015_526,rural
MLI,2015,14.3308562103,-10.3313252307,0.1484708857197546,MLI_2015_527,rural
MLI,2015,14.3313667567,-2.08425137665,0.8516613067167904,MLI_2015_528,rural
MLI,2015,14.3324882828,-2.32153327682,0.05620549517239927,MLI_2015_529,rural
MLI,2015,14.3367011828,-4.90409126532,0.3193732443704374,MLI_2015_530,rural
MLI,2015,14.3607208044,-7.64874953768,0.5338784893061571,MLI_2015_531,rural
MLI,2015,14.3872473423,-6.03036559761,0.27567855101552696,MLI_2015_532,rural
MLI,2015,14.3881134384,-4.06189096008,0.22022536995921385,MLI_2015_533,rural
MLI,2015,14.3899236197,-4.13974665144,0.26247480501309295,MLI_2015_534,rural
MLI,2015,14.3994922198,-3.00462511772,0.2005129596118546,MLI_2015_535,rural
MLI,2015,14.4073623016,-3.42891796246,0.15085620255675752,MLI_2015_536,rural
MLI,2015,14.4202157344,-10.2525884712,0.16892739260230605,MLI_2015_537,rural
MLI,2015,14.4214429878,-5.44751570563,0.22887893411498778,MLI_2015_538,rural
MLI,2015,14.4237870724,-5.39693742504,0.23940843343126653,MLI_2015_539,rural
MLI,2015,14.4312301974,-2.70020545821,0.07942051152010138,MLI_2015_540,rural
MLI,2015,14.4322335689,-11.4794761157,0.18266110071920588,MLI_2015_541,rural
MLI,2015,14.4341504043,-4.93711556842,0.18020644382983478,MLI_2015_542,rural
MLI,2015,14.44691466,-11.4379091583,0.4180721431696728,MLI_2015_543,urban
MLI,2015,14.4494230043,-3.54584782855,0.41433518068869835,MLI_2015_544,rural
MLI,2015,14.4523444119,-3.31693346654,0.13001795254626045,MLI_2015_545,rural
MLI,2015,14.4562237433,-10.5555119698,0.06963199682810449,MLI_2015_546,rural
MLI,2015,14.4585204297,-11.6653834606,0.311988481109726,MLI_2015_547,rural
MLI,2015,14.4610916375,-4.9384151432,0.3463718041284212,MLI_2015_548,rural
MLI,2015,14.4622584633,-6.02977802032,0.2500906319744364,MLI_2015_549,rural
MLI,2015,14.4664485766,-9.52984348885,0.3444360198268733,MLI_2015_550,rural
MLI,2015,14.469902561,-11.4219397555,1.1145720730186224,MLI_2015_551,rural
MLI,2015,14.478740122,-4.26101702723,0.3011532609316619,MLI_2015_552,rural
MLI,2015,14.4810496712,-2.24215138165,0.28851317653618147,MLI_2015_553,rural
MLI,2015,14.4821609362,-10.274939305,0.1575424718388978,MLI_2015_554,rural
MLI,2015,14.4829455605,-8.84469086354,0.11463367970233461,MLI_2015_555,rural
MLI,2015,14.4861414433,-4.19140071844,0.9197517417173987,MLI_2015_556,urban
MLI,2015,14.4868365952,-8.98058594547,0.09658319740529618,MLI_2015_557,rural
MLI,2015,14.4910439933,-3.91228762532,0.09876888391449679,MLI_2015_558,rural
MLI,2015,14.4923817279,-4.92022187962,0.46861139992080453,MLI_2015_559,rural
MLI,2015,14.5017280775,-7.48374169507,0.8499208397245808,MLI_2015_560,rural
MLI,2015,14.5042969245,-10.5363369907,0.1331930291267534,MLI_2015_561,rural
MLI,2015,14.5061954158,-3.28719959412,0.13761809868537095,MLI_2015_562,rural
MLI,2015,14.5191721805,-11.6417013219,0.1981598952219435,MLI_2015_563,rural
MLI,2015,14.5213168473,-10.1734784921,0.06226941163636393,MLI_2015_564,rural
MLI,2015,14.5287250755,-9.43778984554,0.13651575822138226,MLI_2015_565,rural
MLI,2015,14.5445807319,-5.37351738206,0.2170726261933657,MLI_2015_566,rural
MLI,2015,14.5470592915,-4.67632175218,0.5806384352257129,MLI_2015_567,rural
MLI,2015,14.5556556647,-10.9042910067,0.2091051714175606,MLI_2015_568,rural
MLI,2015,14.5599033787,-10.3629821967,0.6191373071164086,MLI_2015_569,rural
MLI,2015,14.5680777886,-11.0783077163,1.6385179919214683,MLI_2015_570,rural
MLI,2015,14.5684421397,-9.35954956799,0.22542453722675385,MLI_2015_571,rural
MLI,2015,14.5724077265,-8.09237220283,0.27034244505676824,MLI_2015_572,rural
MLI,2015,14.5727195171,-11.5036226588,0.1995411453103958,MLI_2015_573,rural
MLI,2015,14.5785269451,-11.3795467759,0.04985011179309145,MLI_2015_574,rural
MLI,2015,14.5795779148,-11.067755869,0.5576381955620068,MLI_2015_575,rural
MLI,2015,14.5886172115,-3.29793229888,0.20744846745848725,MLI_2015_576,rural
MLI,2015,14.5932871893,-3.17013520691,0.05292148371462655,MLI_2015_577,rural
MLI,2015,14.5962812367,-11.1208660629,0.15482382626794045,MLI_2015_578,rural
MLI,2015,14.6014907682,-8.62239183103,0.03466373011813884,MLI_2015_579,rural
MLI,2015,14.6015374415,-2.20178709129,0.23773815552961003,MLI_2015_580,rural
MLI,2015,14.6040202099,-4.90251518259,0.2781161989532228,MLI_2015_581,rural
MLI,2015,14.6087513971,-4.51073389713,2.539456982630262,MLI_2015_582,rural
MLI,2015,14.6111907855,-11.3652868033,0.1175973119831422,MLI_2015_583,rural
MLI,2015,14.6113794257,-11.7734347613,0.2152822854261764,MLI_2015_584,rural
MLI,2015,14.6140940229,-4.05652990345,0.5254984443448375,MLI_2015_585,rural
MLI,2015,14.6190630039,-11.8564269967,0.09708918777924865,MLI_2015_586,rural
MLI,2015,14.6193159331,-4.80401584067,0.39311358654804096,MLI_2015_587,rural
MLI,2015,14.625607947,-10.065638628,0.0638622576765443,MLI_2015_588,rural
MLI,2015,14.6267065832,-3.65048783122,0.16714121890503064,MLI_2015_589,rural
MLI,2015,14.6304895026,-7.99071316159,0.31736644856453855,MLI_2015_590,rural
MLI,2015,14.6320361194,-11.0342754551,0.6447858395622387,MLI_2015_591,rural
MLI,2015,14.63466744,-4.07339348065,0.3203786042636672,MLI_2015_592,rural
MLI,2015,14.6431209878,-8.78243878954,0.2509533003577271,MLI_2015_593,rural
MLI,2015,14.6631644554,-6.07432569444,0.4965482840809398,MLI_2015_594,rural
MLI,2015,14.665402976,-9.25274872507,0.1079407742715405,MLI_2015_595,rural
MLI,2015,14.6728446023,-3.14171699347,0.3957059232653797,MLI_2015_596,rural
MLI,2015,14.6908215921,-10.1988729495,0.1494624844806579,MLI_2015_597,rural
MLI,2015,14.6976500984,-11.9773298154,0.07025578231322938,MLI_2015_598,rural
MLI,2015,14.7009307205,-3.1663428888,0.03980924386495988,MLI_2015_599,rural
MLI,2015,14.7106218756,-4.71157676299,0.12428247599836188,MLI_2015_600,rural
MLI,2015,14.7131176452,-3.06974229388,0.23526708007774602,MLI_2015_601,rural
MLI,2015,14.7142361879,-8.24850383765,0.3814040205070101,MLI_2015_602,rural
MLI,2015,14.7265211407,-4.55767863004,0.5566575217955327,MLI_2015_603,rural
MLI,2015,14.7442125379,-4.07445299289,0.42581517021052434,MLI_2015_604,rural
MLI,2015,14.7514253288,-3.64015043095,0.1529082775690388,MLI_2015_605,rural
MLI,2015,14.7535609384,-9.51069543396,0.14537510105960205,MLI_2015_606,rural
MLI,2015,14.7598200995,-6.0971062742,0.24437271789594592,MLI_2015_607,rural
MLI,2015,14.7646298107,-9.4767466543,0.12422888974831806,MLI_2015_608,rural
MLI,2015,14.7709423441,-2.94816853678,0.16469121774003365,MLI_2015_609,rural
MLI,2015,14.7753595506,-8.38583459709,0.5548485675425269,MLI_2015_610,rural
MLI,2015,14.800847083,-3.7689686365,0.384225654210422,MLI_2015_611,rural
MLI,2015,14.8018530928,-3.7804198709,0.16684205171718866,MLI_2015_612,rural
MLI,2015,14.8079033959,-3.92598810853,0.25800119758462187,MLI_2015_613,rural
MLI,2015,14.8087663504,-4.04997574225,0.35190586134712365,MLI_2015_614,rural
MLI,2015,14.8115993635,-11.0736546191,0.4562620813894493,MLI_2015_615,rural
MLI,2015,14.8148396468,-3.64819394948,0.1388097516557165,MLI_2015_616,rural
MLI,2015,14.8297686598,-6.06132452599,0.5266206419664278,MLI_2015_617,rural
MLI,2015,14.8380084321,-3.95715094301,0.3638269966680887,MLI_2015_618,rural
MLI,2015,14.8499673458,-11.2068458508,0.23499349414128112,MLI_2015_619,rural
MLI,2015,14.852246223,-3.59271410728,0.12923141537345958,MLI_2015_620,rural
MLI,2015,14.8541519679,-10.7216999988,0.2777320414488066,MLI_2015_621,rural
MLI,2015,14.8570011522,-5.30683197447,0.32431504498362423,MLI_2015_622,rural
MLI,2015,14.8601675535,-6.02249216713,0.34763086308702595,MLI_2015_623,rural
MLI,2015,14.8672826129,-4.3978789083,2.1892815931520744,MLI_2015_624,rural
MLI,2015,14.8711649704,-3.28639993453,0.10448394068973157,MLI_2015_625,rural
MLI,2015,14.8724888669,-10.6543555042,0.24438781720364122,MLI_2015_626,rural
MLI,2015,14.87547696,-3.43474898583,0.10320657650261837,MLI_2015_627,rural
MLI,2015,14.8769739746,-6.13448122996,0.2915521379578331,MLI_2015_628,rural
MLI,2015,14.879889935,-7.71339564088,0.20059525879054485,MLI_2015_629,rural
MLI,2015,14.8892128117,-4.58078523622,0.3815740356127067,MLI_2015_630,rural
MLI,2015,14.8941130512,-6.03051173552,0.13968765769706834,MLI_2015_631,rural
MLI,2015,14.9045640049,-3.94304978322,1.161130296395292,MLI_2015_632,rural
MLI,2015,14.9086929291,-10.8012658185,0.08141344004076322,MLI_2015_633,rural
MLI,2015,14.9094698259,-9.37186240732,0.5325227405912801,MLI_2015_634,rural
MLI,2015,14.9148830697,-4.15777563575,0.630100869618515,MLI_2015_635,rural
MLI,2015,14.9263411706,-2.90019108155,0.1950609184777898,MLI_2015_636,rural
MLI,2015,14.9273135424,-4.62102930012,0.6663912355976137,MLI_2015_637,rural
MLI,2015,14.9424484238,-10.7967872516,0.07498762735100464,MLI_2015_638,rural
MLI,2015,14.9471894198,-3.92718614545,0.3548191253471296,MLI_2015_639,rural
MLI,2015,14.953305259,-3.35778342859,0.0941751345985053,MLI_2015_640,rural
MLI,2015,14.9591346875,-7.46746071491,0.43874007488578853,MLI_2015_641,rural
MLI,2015,14.9746700151,-7.4547881891,0.24060917959079967,MLI_2015_642,rural
MLI,2015,14.9781164227,-10.4991662913,0.17811402066539286,MLI_2015_643,rural
MLI,2015,14.9813837151,-7.47939530992,0.2522866481262258,MLI_2015_644,rural
MLI,2015,14.9853348491,-7.45498573163,0.5392475708155507,MLI_2015_645,rural
MLI,2015,14.9863856994,-3.08478282791,0.09744002269238985,MLI_2015_646,rural
MLI,2015,14.9868380034,-10.956713271,0.575971153412218,MLI_2015_647,rural
MLI,2015,14.9951436356,-7.47094704558,0.32829697353771503,MLI_2015_648,rural
MLI,2015,14.9994759239,-10.4587176427,0.15501095436453216,MLI_2015_649,rural
MLI,2015,15.0087943241,-2.79884644282,0.2602009233551816,MLI_2015_650,rural
MLI,2015,15.0166300904,-10.4108595454,0.3209270957444268,MLI_2015_651,rural
MLI,2015,15.0173331572,-10.9823713157,0.1695243445154045,MLI_2015_652,rural
MLI,2015,15.0204563654,-10.8864729904,0.17697267507416126,MLI_2015_653,rural
MLI,2015,15.0382173327,-3.18978264657,0.23564756149101318,MLI_2015_654,rural
MLI,2015,15.0469915671,-4.24491251935,1.1757526302206422,MLI_2015_655,rural
MLI,2015,15.0494905227,-3.19196889195,0.31170751184140444,MLI_2015_656,rural
MLI,2015,15.0581169792,-7.32715904543,0.6753282219325792,MLI_2015_657,rural
MLI,2015,15.0588688183,-9.32976857901,0.598738972767124,MLI_2015_658,rural
MLI,2015,15.0597801928,-2.96321678348,0.20343253591437285,MLI_2015_659,rural
MLI,2015,15.06908279,-10.5600647829,0.35922832202984123,MLI_2015_660,rural
MLI,2015,15.0802888304,-9.32869505812,0.23666934978003853,MLI_2015_661,rural
MLI,2015,15.0855540013,-8.88572132546,0.2294834458946878,MLI_2015_662,rural
MLI,2015,15.0857674692,-10.5784128185,1.8771668020933356,MLI_2015_663,rural
MLI,2015,15.0923282793,-9.07159002774,0.27462622351879423,MLI_2015_664,rural
MLI,2015,15.0964549941,-10.6456147647,0.059211319915163305,MLI_2015_665,rural
MLI,2015,15.096798108,-10.4770466525,0.1139822923194447,MLI_2015_666,rural
MLI,2015,15.1009695301,-11.7750559887,0.19565617295812707,MLI_2015_667,rural
MLI,2015,15.1021784147,-3.56554757563,0.42547353493130674,MLI_2015_668,rural
MLI,2015,15.1057046743,-11.7890592616,0.18582025657406404,MLI_2015_669,rural
MLI,2015,15.107518713,-10.8494321811,0.14492019996964312,MLI_2015_670,rural
MLI,2015,15.1099417027,-8.97018330418,0.43580652273617054,MLI_2015_671,rural
MLI,2015,15.1115747042,-10.5415413555,0.4170720645267383,MLI_2015_672,rural
MLI,2015,15.1155466728,-10.583545838,0.29341451776289135,MLI_2015_673,rural
MLI,2015,15.1200722918,-10.588339475,0.09554832019404415,MLI_2015_674,rural
MLI,2015,15.1339576326,-7.21762544301,1.0787340374249128,MLI_2015_675,rural
MLI,2015,15.134491406,-10.213248581,0.1945312944283162,MLI_2015_676,rural
MLI,2015,15.1400744869,-9.88585879092,0.8101560702735003,MLI_2015_677,rural
MLI,2015,15.1469245151,-9.61388307354,0.40383033342920366,MLI_2015_678,rural
MLI,2015,15.1551843731,-9.3229209888,0.3951838982503434,MLI_2015_679,rural
MLI,2015,15.1572725564,-4.1803426647,0.4062543377848871,MLI_2015_680,rural
MLI,2015,15.1590915464,-4.02571009926,0.38954979167679965,MLI_2015_681,rural
MLI,2015,15.167054928,0.708095499731,0.7257866134224511,MLI_2015_682,rural
MLI,2015,15.1736032409,-2.6600902216,0.10046424606064881,MLI_2015_683,rural
MLI,2015,15.1897077057,-9.35249376986,0.08084205237650156,MLI_2015_684,rural
MLI,2015,15.193322029,-10.5299038578,0.05996402141296264,MLI_2015_685,rural
MLI,2015,15.2077182238,-11.7025599862,0.09298795414978105,MLI_2015_686,rural
MLI,2015,15.2249386431,-9.10516124985,0.19023301789235889,MLI_2015_687,rural
MLI,2015,15.2261870772,-4.43096569858,0.30809539957525134,MLI_2015_688,rural
MLI,2015,15.2274278186,-4.24731724578,0.8488142470969552,MLI_2015_689,rural
MLI,2015,15.2326637317,-9.589654904,0.35302121927298663,MLI_2015_690,urban
MLI,2015,15.2573819236,-3.78959356869,0.09588006272262597,MLI_2015_691,rural
MLI,2015,15.2626656295,-2.77260645385,0.3066634930051338,MLI_2015_692,rural
MLI,2015,15.273914207,0.714778197328,0.4187691544402797,MLI_2015_693,rural
MLI,2015,15.2741115265,0.709647957812,0.5650180708059775,MLI_2015_694,rural
MLI,2015,15.2898684963,-4.05125200868,2.0489695355393702,MLI_2015_695,rural
MLI,2015,15.2941133092,-9.02586642943,0.44269281580888553,MLI_2015_696,rural
MLI,2015,15.3000134335,-7.15239962648,0.6905748065941247,MLI_2015_697,rural
MLI,2015,15.3061263109,-3.2000051906,0.21112226136261408,MLI_2015_698,rural
MLI,2015,15.3122027272,-4.04752086305,0.8749055969795556,MLI_2015_699,rural
MLI,2015,15.3279315829,0.744718222898,1.2538024337920328,MLI_2015_700,rural
MLI,2015,15.3289902895,-9.49833234279,0.17840847648496252,MLI_2015_701,rural
MLI,2015,15.3315973508,-7.48441177022,0.7339791812390356,MLI_2015_702,rural
MLI,2015,15.331929575,-4.55634389327,0.48846621004962903,MLI_2015_703,rural
MLI,2015,15.3326944589,-0.0541630407222,0.10934530546180087,MLI_2015_704,rural
MLI,2015,15.3434172952,-10.0889443354,0.23176636036265805,MLI_2015_705,rural
MLI,2015,15.3452921924,-4.24757098495,1.3325449349791365,MLI_2015_706,rural
MLI,2015,15.3617911733,-10.1773712478,0.20548201464387922,MLI_2015_707,rural
MLI,2015,15.3681203383,-9.91369801137,1.100864999965927,MLI_2015_708,rural
MLI,2015,15.3818786803,-10.1566756653,0.17013341607477325,MLI_2015_709,rural
MLI,2015,15.3883824405,-4.26804291676,0.44568747165126527,MLI_2015_710,rural
MLI,2015,15.4020987154,-10.1696159994,0.07153566029256254,MLI_2015_711,rural
MLI,2015,15.4043538823,-10.3834110127,0.4341913540157728,MLI_2015_712,rural
MLI,2015,15.4048510281,0.720679833287,0.3872358975669496,MLI_2015_713,rural
MLI,2015,15.4162549463,-3.86361529124,0.13834877157078243,MLI_2015_714,rural
MLI,2015,15.4291620711,-3.78275127756,0.5316079840005993,MLI_2015_715,rural
MLI,2015,15.4590164613,-7.20804115175,0.37831524265852484,MLI_2015_716,rural
MLI,2015,15.4605364511,-7.28693304576,0.5916259265418056,MLI_2015_717,rural
MLI,2015,15.4645322157,-3.91305497683,0.23693528983608558,MLI_2015_718,rural
MLI,2015,15.4660462027,-9.36631772221,0.29752546447100997,MLI_2015_719,rural
MLI,2015,15.475104571,-2.55355865266,0.7876139717930593,MLI_2015_720,rural
MLI,2015,15.4835430449,-3.78366334078,0.19194025580750484,MLI_2015_721,rural
MLI,2015,15.4883070538,-4.52486549573,0.26498438286749004,MLI_2015_722,rural
MLI,2015,15.5035688542,-4.51926722515,0.2550913850459708,MLI_2015_723,rural
MLI,2015,15.5374429437,-4.10419935161,0.1684421041862703,MLI_2015_724,rural
MLI,2015,15.5380329156,-3.99186836983,1.116942293231193,MLI_2015_725,rural
MLI,2015,15.544921922,0.612179778359,0.3372288657512755,MLI_2015_726,rural
MLI,2015,15.5677020588,-4.3080227965,0.31541295245779555,MLI_2015_727,rural
MLI,2015,15.5884407253,-3.30013238785,0.4944972495678767,MLI_2015_728,rural
MLI,2015,15.601379501,-4.03829773965,1.5258432384282736,MLI_2015_729,rural
MLI,2015,15.61578637,-1.01310666371,0.7264533626696924,MLI_2015_730,rural
MLI,2015,15.6398231157,0.481194877425,0.9307114417054927,MLI_2015_731,rural
MLI,2015,15.6869459334,-3.66776087539,0.24824786456414216,MLI_2015_732,rural
MLI,2015,15.7071998744,-3.62100874735,0.1288089544154254,MLI_2015_733,rural
MLI,2015,15.7079759445,-4.1235876215,0.9350103162037079,MLI_2015_734,rural
MLI,2015,15.7116616704,0.348802215101,0.10643119211929725,MLI_2015_735,rural
MLI,2015,15.7144273516,-2.67123499087,0.19069881409392983,MLI_2015_736,rural
MLI,2015,15.7412033311,-3.64245206311,0.2945879664121084,MLI_2015_737,rural
MLI,2015,15.74430058,-3.80244436608,0.5249758062951898,MLI_2015_738,rural
MLI,2015,15.7672167373,0.333971248629,0.10295324484429705,MLI_2015_739,rural
MLI,2015,15.7687032029,-3.62590648783,0.20613130521475492,MLI_2015_740,rural
MLI,2015,15.7738375616,-3.56521007808,1.3590224376547284,MLI_2015_741,rural
MLI,2015,15.7767541803,-4.20704654634,0.2825173101026108,MLI_2015_742,rural
MLI,2015,15.7814935476,-4.61100985652,0.2888907768724623,MLI_2015_743,rural
MLI,2015,15.7943578508,0.36216371812,0.6672164172934673,MLI_2015_744,rural
MLI,2015,15.7984882976,-2.90959994698,0.5630214192638178,MLI_2015_745,rural
MLI,2015,15.8195002098,-2.79305235054,0.10290060656572933,MLI_2015_746,rural
MLI,2015,15.8291213008,-3.77000736899,0.29915933125293115,MLI_2015_747,rural
MLI,2015,15.8477427952,-4.27227697033,0.4950223878789497,MLI_2015_748,rural
MLI,2015,15.8493696989,0.243630759598,0.6437722320586724,MLI_2015_749,rural
MLI,2015,15.9041298323,0.171529576948,0.28885012545634714,MLI_2015_750,rural
MLI,2015,15.9219694525,-3.57685255412,0.31640236459944854,MLI_2015_751,rural
MLI,2015,15.938266159,-3.73906882246,0.38416177903152604,MLI_2015_752,rural
MLI,2015,15.9806570407,-3.71115502226,0.293853663864522,MLI_2015_753,rural
MLI,2015,16.073006328,-3.80051919332,0.22209409854324,MLI_2015_754,rural
MLI,2015,16.0764353352,-3.30160553125,0.16422416388984493,MLI_2015_755,rural
MLI,2015,16.0791761074,0.11773004185,1.8364998446390297,MLI_2015_756,rural
MLI,2015,16.1029236703,-3.58331557809,0.3430747494588018,MLI_2015_757,rural
MLI,2015,16.1045523586,-0.0613604559164,0.541660078690664,MLI_2015_758,rural
MLI,2015,16.1180354942,-3.65678436439,0.37610586378634436,MLI_2015_759,rural
MLI,2015,16.1353478669,-3.74766613221,2.028506932636793,MLI_2015_760,rural
MLI,2015,16.1393233567,-3.76976531341,5.263899738449796,MLI_2015_761,rural
MLI,2015,16.1479910856,-3.60964883689,0.2259722941309477,MLI_2015_762,rural
MLI,2015,16.1549272916,-3.74526597945,0.3572466128573439,MLI_2015_763,rural
MLI,2015,16.1555624601,-3.75945312109,0.1123901384176435,MLI_2015_764,rural
MLI,2015,16.1596468609,-3.80093609049,0.15815477976704467,MLI_2015_765,rural
MLI,2015,16.1649351625,-3.76726772453,0.90713313052853,MLI_2015_766,rural
MLI,2015,16.1728406948,-3.59871987431,0.44413129467213913,MLI_2015_767,rural
MLI,2015,16.1837410873,-0.0733762786557,0.512722371025651,MLI_2015_768,rural
MLI,2015,16.187836411,-3.81477041647,0.3588842767717626,MLI_2015_769,rural
MLI,2015,16.2053758132,-3.70237436169,0.2349547950690576,MLI_2015_770,rural
MLI,2015,16.2059876407,-3.94419562494,0.2609668515960283,MLI_2015_771,rural
MLI,2015,16.2241411477,-3.24264052666,0.28706243863732084,MLI_2015_772,rural
MLI,2015,16.2258834209,-3.22157219631,0.972765286455764,MLI_2015_773,rural
MLI,2015,16.2342219599,0.00165574679275,0.18622064674413968,MLI_2015_774,rural
MLI,2015,16.2520110831,-3.2992540681,0.48878021515692455,MLI_2015_775,rural
MLI,2015,16.2720998213,-0.0444270043749,0.9189521491601486,MLI_2015_776,urban
MLI,2015,16.2866046464,-3.23789415151,0.2873570145536375,MLI_2015_777,rural
MLI,2015,16.3086158086,-0.101702038372,0.6200591433132063,MLI_2015_778,rural
MLI,2015,16.34261361,-3.33989419355,0.6946210152238621,MLI_2015_779,rural
MLI,2015,16.3461006286,-0.0268676010672,0.31337685707957946,MLI_2015_780,rural
MLI,2015,16.3507645364,-3.35326602463,0.23557730945888025,MLI_2015_781,rural
MLI,2015,16.3731380627,-0.0678348615434,0.7089260384864504,MLI_2015_782,rural
MLI,2015,16.4355311333,-3.20743256611,0.9540990230306345,MLI_2015_783,rural
MLI,2015,16.4661602843,-3.77998639096,0.2488954330830905,MLI_2015_784,rural
MLI,2015,16.4812064875,-3.38516937541,0.3150738374549019,MLI_2015_785,rural
MLI,2015,16.482703901,-0.121796825942,0.39301846188894035,MLI_2015_786,rural
MLI,2015,16.4856801233,-3.62150617925,0.45506233202770846,MLI_2015_787,rural
MLI,2015,16.5025124269,-0.095810243393,0.391405418159617,MLI_2015_788,rural
MLI,2015,16.5033717055,-3.25541997663,2.688285315532367,MLI_2015_789,rural
MLI,2015,16.5176346693,-3.15942372511,2.92653558713738,MLI_2015_790,rural
MLI,2015,16.5349124164,-3.1878481993,3.1470545185206995,MLI_2015_791,rural
MLI,2015,16.5495758587,-3.28154903986,0.11528047949270813,MLI_2015_792,rural
MLI,2015,16.5778909148,-3.4232253206,0.33644757016491805,MLI_2015_793,rural
MLI,2015,16.6296384585,-2.23564931046,0.39975295053712945,MLI_2015_794,rural
MLI,2015,16.6448401683,-2.6743263944,0.5799564247886505,MLI_2015_795,rural
MLI,2015,16.6657411098,-2.94235649204,0.29572523315885213,MLI_2015_796,rural
MLI,2015,16.6684315731,-3.24484271286,0.5204808954130665,MLI_2015_797,rural
MLI,2015,16.6734103779,-2.81827108941,0.3653093775292444,MLI_2015_798,rural
MLI,2015,16.6772646714,-2.88350568876,0.338370258216728,MLI_2015_799,rural
MLI,2015,16.6774646379,-3.96667047849,0.3684089357714955,MLI_2015_800,rural
MLI,2015,16.688002164,-2.7940957529,0.3514141440991538,MLI_2015_801,rural
MLI,2015,16.6920224388,-1.30217145069,0.5185498231325744,MLI_2015_802,rural
MLI,2015,16.6957859317,-2.8656938632,0.23652371395543423,MLI_2015_803,rural
MLI,2015,16.7012661968,-2.87578282995,0.10714839979905959,MLI_2015_804,rural
MLI,2015,16.7071813415,-0.233220886114,0.35071772547596586,MLI_2015_805,rural
MLI,2015,16.7076581809,-2.77320447259,0.47128569616056215,MLI_2015_806,rural
MLI,2015,16.7523805009,-3.00070128436,0.7097610411764654,MLI_2015_807,urban
MLI,2015,16.7620621149,-2.48629679138,0.3363520031977778,MLI_2015_808,rural
MLI,2015,16.77361879,-2.54977098506,0.45259340391459724,MLI_2015_809,rural
MLI,2015,16.7890512369,-0.235261091297,0.49255514075619833,MLI_2015_810,rural
MLI,2015,16.7999821672,-0.273903188109,0.3831148062511808,MLI_2015_811,rural
MLI,2015,16.8001376597,-2.37858642202,0.6550174350618703,MLI_2015_812,rural
MLI,2015,16.8280268465,-2.2399180667,0.7439899409803389,MLI_2015_813,rural
MLI,2015,16.8301905029,-2.05501331253,0.8934409026920797,MLI_2015_814,rural
MLI,2015,16.9751408266,-0.868797946766,0.44178999488111165,MLI_2015_815,rural
MLI,2015,16.9778853979,-1.01252096721,0.1512709621853167,MLI_2015_816,rural
MLI,2015,16.9899260495,-1.64587808011,0.5603162798556266,MLI_2015_817,rural
MLI,2015,16.996740258,-1.51032571871,0.731897148347904,MLI_2015_818,rural
MLI,2015,17.0053868068,-1.50765732229,0.670030940476373,MLI_2015_819,rural
MLI,2015,17.0128564376,-1.2057416428,2.5157961584561153,MLI_2015_820,rural
MLI,2015,17.0203738423,-1.49837888883,0.8489772323018555,MLI_2015_821,rural
MLI,2015,17.3682776025,-2.29248130945,0.6632916044428288,MLI_2015_822,rural
MLI,2015,18.2199405958,-2.78184827216,1.7114738121085504,MLI_2015_823,rural
