interview__key,zone,sector,result,s12q6,s12q7,s12q9,s12q11,s12q14,hhidlsms
00-43-11-81,Plateau/Mountain,Urban,COMPLETE,,,1,2,2020-05-15T09:40:02,92-02-68-05
00-58-81-98,Tonle Sap,Rural,COMPLETE,,,1,1,2020-05-17T12:41:35,94-91-54-40
00-65-11-89,Plain,Rural,COMPLETE,,,1,1,2020-05-12T09:57:34,38-36-81-16
00-77-77-21,Plateau/Mountain,Rural,COMPLETE,,,2,1,2020-05-17T10:33:51,78-21-45-60
00-79-88-26,Plain,Rural,COMPLETE,,,1,1,2020-05-13T15:56:16,97-39-45-70
00-84-86-11,Tonle Sap,Rural,COMPLETE,,,1,1,2020-05-13T14:23:57,62-30-70-94
01-23-89-33,Tonle Sap,Rural,COMPLETE,,,1,1,2020-05-18T14:47:57,51-55-17-97
01-72-87-61,Plain,Rural,COMPLETE,,,1,1,2020-05-21T10:01:33,35-83-78-11
01-76-24-15,Tonle Sap,Urban,COMPLETE,,,1,2,2020-05-18T12:19:04,72-65-66-13
01-77-99-03,Phnom Penh,Urban,COMPLETE,,,1,1,2020-05-12T10:05:23,46-95-12-37
02-03-26-64,Tonle Sap,Rural,COMPLETE,,,1,1,2020-05-21T18:18:47,73-84-25-86
02-06-64-53,Coastal,Rural,COMPLETE,,,1,1,2020-05-22T13:44:54,05-05-83-19
02-33-05-53,Tonle Sap,Rural,COMPLETE,,,1,1,2020-05-26T17:05:17,85-54-36-89
02-67-76-94,Phnom Penh,Urban,COMPLETE,,,1,1,2020-05-21T10:02:02,46-00-84-86
02-74-27-81,Coastal,Urban,COMPLETE,,,2,1,2020-05-17T12:34:03,82-77-08-08
03-16-29-25,Plain,Rural,COMPLETE,,,2,1,2020-05-17T11:53:15,87-61-60-30
03-19-61-47,Coastal,Rural,COMPLETE,,,1,1,2020-05-16T14:50:39,51-91-35-08
03-19-90-30,Tonle Sap,Rural,COMPLETE,,,1,1,2020-05-15T08:56:28,19-96-22-19
03-47-39-56,Phnom Penh,Urban,COMPLETE,,,1,1,2020-05-12T14:12:22,20-79-53-24
03-61-95-52,Phnom Penh,Urban,COMPLETE,,,2,2,2020-05-18T10:28:19,46-53-13-07
03-63-90-12,Plain,Rural,COMPLETE,,,1,1,2020-05-15T10:27:09,34-46-20-66
03-70-64-11,Plain,Rural,COMPLETE,,,1,1,2020-05-15T10:38:05,13-24-32-46
03-73-86-94,Plain,Rural,COMPLETE,,,1,1,2020-05-13T15:25:11,70-35-43-50
03-88-90-62,Tonle Sap,Urban,COMPLETE,,,1,1,2020-05-18T09:53:12,68-56-37-89
03-99-04-78,Plateau/Mountain,Rural,COMPLETE,,,1,1,2020-05-19T10:53:17,96-58-54-04
04-04-54-65,Tonle Sap,Rural,COMPLETE,,,2,1,2020-05-12T14:03:57,61-28-97-05
04-12-64-70,Plateau/Mountain,Urban,COMPLETE,,,1,1,2020-05-15T10:21:17,57-81-43-26
04-29-75-90,Coastal,Urban,COMPLETE,,,2,1,2020-05-15T16:56:24,07-21-27-90
04-37-87-16,Plateau/Mountain,Urban,COMPLETE,,,1,1,2020-05-21T11:07:50,70-77-25-01
04-39-38-48,Tonle Sap,Rural,COMPLETE,,,2,1,2020-05-11T10:59:02,14-38-90-11
04-67-67-79,Coastal,Urban,COMPLETE,,,2,1,2020-05-15T15:33:55,50-35-97-16
05-24-93-15,Plateau/Mountain,Rural,COMPLETE,,,1,2,2020-05-26T17:00:08,08-61-96-37
05-31-55-82,Plateau/Mountain,Rural,COMPLETE,,,1,2,2020-05-10T12:14:59,40-41-20-71
05-62-94-56,Phnom Penh,Urban,COMPLETE,,,2,1,2020-05-19T08:52:07,68-70-00-65
05-91-08-31,Tonle Sap,Rural,COMPLETE,,,1,1,2020-05-13T16:01:11,16-16-59-40
05-92-55-36,Plateau/Mountain,Rural,COMPLETE,,,2,1,2020-05-13T14:55:59,02-76-10-56
06-02-01-85,Coastal,Rural,COMPLETE,,,1,1,2020-05-17T15:21:55,00-99-97-02
06-13-20-73,Phnom Penh,Urban,COMPLETE,,,1,1,2020-05-11T14:05:40,24-52-23-75
06-22-76-33,Plateau/Mountain,Rural,COMPLETE,,,1,1,2020-05-17T15:12:11,49-34-97-35
06-28-46-05,Tonle Sap,Rural,COMPLETE,,,5,1,2020-05-11T09:22:25,20-11-98-40
06-48-61-93,Phnom Penh,Urban,COMPLETE,,,1,1,2020-05-19T14:54:56,41-11-58-84
06-58-66-37,Coastal,Rural,COMPLETE,,,2,1,2020-05-21T10:27:41,58-82-54-70
06-60-44-44,Tonle Sap,Rural,COMPLETE,,,1,1,2020-05-15T10:49:59,64-03-54-70
06-66-82-75,Phnom Penh,Urban,COMPLETE,,,1,1,2020-05-19T11:08:22,90-00-94-62
06-74-15-09,Plateau/Mountain,Urban,COMPLETE,,,1,1,2020-05-22T09:15:23,42-39-49-70
06-76-31-17,Tonle Sap,Rural,COMPLETE,,,2,2,2020-05-18T15:23:52,86-67-04-05
07-04-15-77,Tonle Sap,Rural,COMPLETE,,,1,1,2020-05-13T13:28:42,21-78-68-58
07-23-68-44,Plain,Urban,COMPLETE,,,2,2,2020-05-18T17:48:56,23-13-15-48
07-30-48-67,Plain,Rural,COMPLETE,,,2,1,2020-05-12T09:12:39,44-55-24-18
07-76-26-70,Coastal,Rural,COMPLETE,,,1,3,2020-05-23T19:59:22,72-39-38-29
07-81-51-32,Plain,Rural,COMPLETE,,,1,1,2020-05-12T12:38:25,11-73-46-88
07-84-14-95,Tonle Sap,Urban,COMPLETE,,,2,1,2020-05-10T14:42:13,40-74-85-70
08-00-64-41,Plateau/Mountain,Rural,COMPLETE,,,1,1,2020-05-15T16:27:17,75-56-11-30
08-23-20-49,Plain,Rural,COMPLETE,,,2,1,2020-05-22T12:16:25,71-18-55-81
08-47-27-72,Plain,Rural,COMPLETE,,,1,1,2020-05-11T16:10:30,61-86-69-09
08-53-40-91,Tonle Sap,Rural,COMPLETE,,,2,1,2020-05-13T16:47:13,92-65-18-15
08-93-15-56,Tonle Sap,Urban,COMPLETE,,,1,2,2020-05-15T09:19:27,15-29-47-13
09-98-65-95,Plateau/Mountain,Urban,COMPLETE,,,1,1,2020-05-16T11:12:04,73-37-50-98
09-99-31-05,Tonle Sap,Urban,COMPLETE,,,2,1,2020-05-26T14:37:06,21-38-60-89
10-14-95-30,Tonle Sap,Rural,COMPLETE,,,2,1,2020-05-15T09:06:45,65-70-85-64
10-34-66-28,Tonle Sap,Rural,COMPLETE,,,1,1,2020-05-11T14:56:51,23-27-25-06
10-44-66-45,Plain,Rural,COMPLETE,,,2,1,2020-05-12T15:25:53,91-68-31-48
10-49-48-16,Plateau/Mountain,Urban,COMPLETE,,,1,1,2020-05-19T14:45:15,88-69-59-26
10-50-22-17,Tonle Sap,Urban,COMPLETE,,,2,1,2020-05-18T16:41:49,86-92-72-06
10-51-69-63,Plateau/Mountain,Rural,COMPLETE,,,1,1,2020-05-21T15:52:34,22-18-89-07
10-59-70-70,Tonle Sap,Rural,COMPLETE,,,1,1,2020-05-16T10:38:45,69-03-80-59
10-60-64-68,Plain,Rural,COMPLETE,,,1,2,2020-05-22T18:22:27,34-65-86-99
10-74-21-81,Tonle Sap,Rural,COMPLETE,,,1,1,2020-05-19T14:20:14,41-18-79-39
10-74-26-64,Plain,Urban,COMPLETE,,,3,1,2020-05-12T11:00:31,26-19-49-57
10-79-63-95,Plain,Urban,COMPLETE,,,2,1,2020-05-19T12:55:01,43-96-98-70
10-79-69-18,Tonle Sap,Rural,COMPLETE,,,2,1,2020-05-11T12:05:39,41-90-53-76
10-97-14-67,Tonle Sap,Urban,COMPLETE,,,1,1,2020-05-12T09:03:03,86-98-91-31
11-00-97-56,Phnom Penh,Urban,COMPLETE,,,1,1,2020-05-16T08:52:59,53-97-66-66
11-03-46-56,Coastal,Rural,COMPLETE,,,2,2,2020-05-17T11:16:30,73-04-31-92
11-29-50-68,Tonle Sap,Rural,COMPLETE,,,2,1,2020-05-26T10:30:07,85-27-26-28
11-55-61-21,Plain,Urban,COMPLETE,,,2,1,2020-05-17T10:40:20,17-81-26-22
11-70-80-76,Tonle Sap,Rural,COMPLETE,,,1,1,2020-05-26T13:37:25,80-40-60-73
11-82-96-50,Plateau/Mountain,Urban,COMPLETE,,,1,1,2020-05-15T11:23:17,65-88-79-20
11-85-90-08,Tonle Sap,Rural,COMPLETE,,,1,1,2020-05-13T18:43:59,09-03-17-26
11-87-94-81,Phnom Penh,Urban,COMPLETE,,,1,1,2020-05-18T15:55:22,05-58-22-32
12-06-01-16,Tonle Sap,Rural,COMPLETE,,,3,1,2020-05-13T13:44:44,45-77-34-16
12-40-10-23,Tonle Sap,Rural,COMPLETE,,,1,1,2020-05-15T09:22:21,44-51-15-19
12-46-48-54,Plain,Rural,COMPLETE,,,1,1,2020-05-12T11:37:23,40-85-75-29
12-47-86-50,Plain,Urban,COMPLETE,,,1,1,2020-05-17T10:06:32,31-24-28-34
12-51-33-79,Tonle Sap,Rural,COMPLETE,,,1,1,2020-05-19T16:20:39,28-05-44-48
12-62-80-65,Tonle Sap,Rural,COMPLETE,,,1,2,2020-05-21T17:17:49,16-93-03-78
12-65-88-92,Tonle Sap,Urban,COMPLETE,,,2,1,2020-05-21T10:12:54,80-77-76-46
12-81-88-26,Phnom Penh,Urban,COMPLETE,,,1,1,2020-05-19T14:29:58,11-47-13-89
13-02-78-61,Tonle Sap,Rural,COMPLETE,,,1,1,2020-05-11T11:20:05,48-83-22-46
13-33-94-73,Phnom Penh,Urban,COMPLETE,,,1,1,2020-05-11T10:06:39,76-06-34-93
13-37-97-60,Tonle Sap,Rural,COMPLETE,,,1,1,2020-05-21T14:48:12,12-71-86-64
13-38-53-48,Tonle Sap,Rural,COMPLETE,,,1,1,2020-05-26T14:02:14,43-91-78-64
13-60-22-88,Plain,Rural,COMPLETE,,,1,2,2020-05-22T18:09:14,76-00-90-93
13-64-94-46,Tonle Sap,Urban,COMPLETE,,,1,1,2020-05-11T11:28:57,07-59-52-61
13-82-02-17,Plain,Urban,COMPLETE,,,1,1,2020-05-18T11:02:02,18-04-62-22
14-02-03-59,Tonle Sap,Urban,COMPLETE,,,1,1,2020-05-22T16:22:36,97-34-61-49
14-08-48-93,Plateau/Mountain,Rural,COMPLETE,,,1,2,2020-05-23T16:42:59,75-85-22-38
14-39-38-95,Coastal,Rural,COMPLETE,,,1,1,2020-05-10T10:24:00,18-11-82-55
14-61-51-00,Coastal,Rural,COMPLETE,,,1,1,2020-05-19T11:58:35,24-50-87-70
14-69-23-96,Plain,Rural,COMPLETE,,,1,1,2020-05-12T15:46:42,11-08-56-96
14-79-85-97,Coastal,Rural,COMPLETE,,,1,1,2020-05-19T10:17:02,77-58-47-16
14-91-38-18,Tonle Sap,Urban,COMPLETE,,,1,1,2020-05-22T14:53:14,16-07-74-42
15-06-54-66,Plain,Rural,COMPLETE,,,1,1,2020-05-12T13:23:31,72-92-02-80
15-48-87-63,Tonle Sap,Urban,COMPLETE,,,1,1,2020-05-16T17:28:34,71-94-54-15
15-79-11-21,Tonle Sap,Rural,COMPLETE,,,1,1,2020-05-26T16:15:03,46-31-44-40
15-84-14-64,Plateau/Mountain,Rural,COMPLETE,,,1,1,2020-05-18T11:22:19,35-70-90-71
16-06-53-95,Plateau/Mountain,Rural,COMPLETE,,,1,1,2020-05-16T09:52:15,17-68-37-41
16-08-75-75,Plateau/Mountain,Urban,COMPLETE,,,1,1,2020-05-13T11:34:57,37-85-65-07
16-15-36-94,Plateau/Mountain,Rural,COMPLETE,,,1,1,2020-05-16T14:10:21,59-81-13-82
16-16-74-08,Plateau/Mountain,Rural,COMPLETE,,,7,1,2020-05-16T15:02:50,30-65-62-73
16-16-84-33,Tonle Sap,Rural,COMPLETE,,,2,1,2020-05-12T09:46:49,71-08-45-71
16-24-65-69,Plain,Rural,COMPLETE,,,1,1,2020-05-15T09:45:35,03-42-53-73
16-86-44-89,Plateau/Mountain,Rural,COMPLETE,,,1,1,2020-05-16T10:58:40,14-49-95-86
16-89-51-12,Coastal,Rural,COMPLETE,,,1,1,2020-05-16T11:09:19,43-39-80-75
17-05-42-95,Plain,Urban,COMPLETE,,,1,1,2020-05-16T10:02:32,99-06-64-32
17-08-61-49,Plain,Rural,COMPLETE,,,2,1,2020-05-11T09:56:52,76-04-64-64
17-18-98-33,Tonle Sap,Rural,COMPLETE,,,2,1,2020-05-13T11:02:05,24-83-30-13
17-24-59-14,Plain,Rural,COMPLETE,,,1,1,2020-05-15T14:07:28,38-99-09-84
17-31-25-64,Tonle Sap,Rural,COMPLETE,,,1,1,2020-05-12T17:26:19,46-34-43-34
17-44-93-64,Plateau/Mountain,Rural,COMPLETE,,,1,2,2020-05-24T18:41:43,61-27-60-63
17-70-25-92,Tonle Sap,Rural,COMPLETE,,,1,1,2020-05-13T10:04:11,59-81-21-75
17-80-37-29,Plain,Rural,COMPLETE,,,1,1,2020-05-26T09:17:57,28-18-29-75
17-95-47-97,Phnom Penh,Urban,COMPLETE,,,2,1,2020-05-12T10:17:46,11-32-55-66
18-24-13-09,Phnom Penh,Urban,COMPLETE,,,1,1,2020-05-19T14:21:52,19-13-67-14
18-60-06-86,Coastal,Rural,COMPLETE,,,2,1,2020-05-18T09:06:53,56-72-88-35
18-72-11-99,Tonle Sap,Rural,COMPLETE,,,1,1,2020-05-16T13:27:48,28-77-97-82
18-82-10-22,Plateau/Mountain,Rural,COMPLETE,,,1,1,2020-05-16T10:05:25,10-37-16-28
18-84-03-10,Plain,Rural,COMPLETE,,,5,1,2020-05-18T11:59:53,60-03-43-05
19-01-67-56,Phnom Penh,Urban,COMPLETE,,,2,1,2020-05-15T17:38:55,97-07-79-34
19-07-91-27,Coastal,Rural,COMPLETE,,,1,1,2020-05-21T16:37:46,11-76-07-39
19-30-87-22,Plain,Rural,COMPLETE,,,2,1,2020-05-26T11:04:44,68-43-25-87
19-37-74-45,Plain,Rural,COMPLETE,,,2,1,2020-05-18T09:20:04,86-95-80-61
19-44-79-96,Plain,Urban,COMPLETE,,,1,1,2020-05-16T18:06:04,18-36-63-09
20-04-61-28,Tonle Sap,Rural,COMPLETE,,,1,1,2020-05-13T15:44:48,26-80-89-56
20-28-82-61,Plain,Rural,COMPLETE,,,1,1,2020-05-12T12:42:09,08-36-47-10
20-31-92-98,Tonle Sap,Urban,COMPLETE,,,2,1,2020-05-22T12:13:28,48-05-21-04
20-42-30-21,Plain,Rural,COMPLETE,,,1,1,2020-05-15T15:15:13,00-56-74-24
20-56-43-54,Plain,Rural,COMPLETE,,,2,1,2020-05-13T11:08:03,25-87-17-27
20-62-96-31,Plateau/Mountain,Rural,COMPLETE,,,2,1,2020-05-16T09:38:41,23-03-58-46
20-63-84-89,Plain,Rural,COMPLETE,,,2,1,2020-05-11T11:11:54,13-60-60-56
20-85-63-70,Plain,Rural,COMPLETE,,,1,1,2020-05-13T12:11:16,28-04-97-54
20-85-92-42,Tonle Sap,Rural,COMPLETE,,,1,1,2020-05-16T10:54:02,74-43-56-06
20-89-59-77,Plain,Rural,COMPLETE,,,1,1,2020-05-12T11:01:48,04-99-73-23
20-94-74-60,Plain,Rural,COMPLETE,,,2,1,2020-05-12T11:29:00,31-87-21-86
21-12-00-74,Plateau/Mountain,Rural,COMPLETE,,,1,1,2020-05-15T15:59:31,31-70-48-89
21-35-15-73,Tonle Sap,Rural,COMPLETE,,,1,1,2020-05-18T11:43:19,33-22-24-31
21-43-32-94,Phnom Penh,Urban,COMPLETE,,,1,1,2020-05-19T11:50:09,74-06-08-25
21-47-97-09,Plateau/Mountain,Rural,COMPLETE,,,6,1,2020-05-17T15:16:52,34-77-13-38
21-48-82-69,Plain,Rural,COMPLETE,,,3,1,2020-05-22T14:36:01,38-32-06-92
21-55-86-41,Coastal,Rural,COMPLETE,,,1,1,2020-05-18T14:24:43,08-34-35-06
21-83-50-98,Tonle Sap,Rural,COMPLETE,,,1,2,2020-05-23T11:46:26,99-10-55-48
22-00-20-65,Plain,Rural,COMPLETE,,,2,1,2020-05-12T15:11:20,18-35-33-05
22-02-20-35,Plain,Urban,COMPLETE,,,2,1,2020-05-12T16:40:09,19-21-04-14
22-13-91-19,Plateau/Mountain,Rural,COMPLETE,,,2,1,2020-05-13T17:09:44,60-54-56-72
22-24-98-60,Phnom Penh,Urban,COMPLETE,,,1,1,2020-05-19T15:18:18,48-72-31-60
22-68-88-64,Tonle Sap,Urban,COMPLETE,,,2,1,2020-05-18T15:16:57,69-55-69-74
22-71-47-45,Plateau/Mountain,Rural,COMPLETE,,,2,1,2020-05-13T11:32:22,65-68-27-29
22-82-40-96,Plateau/Mountain,Urban,COMPLETE,,,1,1,2020-05-15T09:47:18,83-17-88-35
22-95-33-57,Plain,Urban,COMPLETE,,,2,2,2020-05-26T11:03:39,59-70-43-41
22-97-49-80,Plateau/Mountain,Rural,COMPLETE,,,1,2,2020-05-22T12:41:19,98-45-71-37
23-01-08-57,Plain,Rural,COMPLETE,,,6,1,2020-05-16T10:11:24,78-18-17-30
23-05-87-71,Tonle Sap,Rural,COMPLETE,,,2,1,2020-05-19T11:49:39,64-54-05-26
23-07-02-32,Plateau/Mountain,Urban,COMPLETE,,,2,1,2020-05-13T11:02:05,02-59-72-43
23-17-50-70,Tonle Sap,Rural,COMPLETE,,,1,1,2020-05-13T14:01:37,89-78-86-03
23-22-27-33,Plain,Urban,COMPLETE,,,1,1,2020-05-15T12:27:48,13-10-72-90
23-22-45-29,Tonle Sap,Rural,COMPLETE,,,2,1,2020-05-12T16:39:57,14-50-04-59
23-47-35-56,Tonle Sap,Rural,COMPLETE,,,3,1,2020-05-17T15:32:22,98-46-89-93
23-70-12-71,Tonle Sap,Rural,COMPLETE,,,1,1,2020-05-17T09:50:12,94-07-66-05
23-80-68-10,Tonle Sap,Urban,COMPLETE,,,2,1,2020-05-16T09:30:02,59-54-23-87
23-90-14-52,Phnom Penh,Urban,COMPLETE,,,2,1,2020-05-19T09:15:43,04-85-63-70
24-05-00-21,Plateau/Mountain,Rural,COMPLETE,,,1,1,2020-05-16T14:50:52,17-17-02-42
24-06-73-35,Plateau/Mountain,Rural,COMPLETE,,,1,1,2020-05-16T12:41:21,74-69-96-21
24-25-08-46,Tonle Sap,Rural,COMPLETE,,,1,1,2020-05-13T09:47:13,87-09-13-06
24-67-16-26,Plain,Rural,COMPLETE,,,1,1,2020-05-12T15:50:59,71-84-02-89
24-76-19-68,Coastal,Rural,COMPLETE,,,1,1,2020-05-19T10:14:31,51-73-62-92
24-90-09-87,Plateau/Mountain,Urban,COMPLETE,,,1,1,2020-05-16T15:41:54,30-05-27-76
24-93-77-06,Phnom Penh,Urban,COMPLETE,,,2,1,2020-05-12T11:10:32,89-01-20-13
25-32-76-30,Tonle Sap,Rural,COMPLETE,,,1,1,2020-05-26T07:48:19,49-50-42-01
25-75-52-06,Tonle Sap,Urban,COMPLETE,,,2,1,2020-05-11T14:36:37,47-54-42-61
25-84-72-20,Plateau/Mountain,Rural,COMPLETE,,,1,1,2020-05-15T10:42:58,48-00-31-27
25-86-11-99,Tonle Sap,Rural,COMPLETE,,,1,1,2020-05-13T11:21:14,94-69-13-56
25-97-74-80,Plateau/Mountain,Rural,COMPLETE,,,1,1,2020-05-19T14:57:41,63-91-37-74
26-01-67-49,Plain,Rural,COMPLETE,,,1,1,2020-05-13T14:12:29,44-21-71-72
26-16-58-29,Plateau/Mountain,Rural,COMPLETE,,,2,1,2020-05-23T10:51:41,51-47-27-70
26-27-12-90,Plateau/Mountain,Urban,COMPLETE,,,2,1,2020-05-12T08:58:46,25-07-48-35
26-35-26-67,Tonle Sap,Urban,COMPLETE,,,1,1,2020-05-21T14:52:28,86-86-85-19
26-38-46-89,Plain,Urban,COMPLETE,,,2,1,2020-05-18T16:11:19,11-06-14-93
26-43-83-33,Tonle Sap,Rural,COMPLETE,,,1,1,2020-05-18T09:16:37,79-22-07-32
26-51-88-13,Tonle Sap,Urban,COMPLETE,,,2,1,2020-05-13T15:55:47,73-38-25-81
26-52-88-06,Plateau/Mountain,Rural,COMPLETE,,,1,2,2020-05-22T15:24:37,90-77-51-62
26-61-07-62,Tonle Sap,Rural,COMPLETE,,,3,2,2020-05-21T15:41:05,46-48-04-05
27-02-70-68,Phnom Penh,Urban,COMPLETE,,,1,1,2020-05-16T11:13:24,58-34-66-42
27-18-98-28,Tonle Sap,Rural,COMPLETE,,,1,1,2020-05-21T12:01:35,28-99-85-05
27-40-37-29,Tonle Sap,Rural,COMPLETE,,,2,1,2020-05-26T09:36:29,04-94-66-22
27-65-63-90,Tonle Sap,Rural,COMPLETE,,,1,1,2020-05-22T10:50:54,73-56-77-40
27-83-33-37,Tonle Sap,Rural,COMPLETE,,,2,1,2020-05-16T09:18:31,87-86-03-91
27-87-20-09,Tonle Sap,Rural,COMPLETE,,,2,1,2020-05-26T11:01:43,24-86-48-33
28-15-80-33,Plateau/Mountain,Rural,COMPLETE,,,1,1,2020-05-19T13:54:01,89-51-18-81
28-22-42-65,Tonle Sap,Rural,COMPLETE,,,1,1,2020-05-15T11:43:38,66-01-40-48
28-24-96-40,Plain,Rural,COMPLETE,,,1,1,2020-05-16T11:45:30,19-17-00-98
28-56-71-30,Plain,Rural,COMPLETE,,,1,1,2020-05-16T16:38:06,92-48-45-20
29-09-89-76,Phnom Penh,Urban,COMPLETE,,,1,1,2020-05-15T10:39:12,14-45-40-43
29-10-18-55,Tonle Sap,Urban,COMPLETE,,,1,1,2020-05-22T10:43:06,20-75-84-33
29-14-15-14,Tonle Sap,Rural,COMPLETE,,,2,1,2020-05-15T16:26:55,38-87-81-12
29-14-80-67,Tonle Sap,Rural,COMPLETE,,,3,1,2020-05-19T14:36:04,92-85-92-89
29-66-44-87,Plateau/Mountain,Rural,COMPLETE,,,1,1,2020-05-15T09:00:20,89-25-02-47
29-72-87-62,Plain,Rural,COMPLETE,,,2,1,2020-05-17T15:32:52,14-71-00-02
30-21-60-24,Plain,Rural,COMPLETE,,,1,1,2020-05-16T17:07:12,13-38-13-98
30-25-81-29,Plain,Urban,COMPLETE,,,2,1,2020-05-22T17:17:07,55-96-63-46
30-34-21-25,Plateau/Mountain,Rural,COMPLETE,,,2,1,2020-05-10T13:52:10,04-82-87-28
30-40-80-54,Tonle Sap,Rural,COMPLETE,,,2,1,2020-05-13T13:35:03,67-01-67-74
30-60-61-62,Phnom Penh,Urban,COMPLETE,,,2,1,2020-05-19T10:40:23,48-21-77-65
30-64-04-32,Plain,Rural,COMPLETE,,,1,1,2020-05-11T17:01:19,57-97-40-01
30-71-10-72,Plain,Rural,COMPLETE,,,1,1,2020-05-12T10:56:04,12-17-32-02
30-83-50-12,Plain,Rural,COMPLETE,,,2,1,2020-05-19T15:36:50,22-99-32-05
30-87-19-67,Plain,Urban,COMPLETE,,,1,1,2020-05-19T10:44:44,73-87-05-53
31-00-61-81,Plain,Rural,COMPLETE,,,1,1,2020-05-26T15:47:42,51-95-16-71
31-07-95-65,Coastal,Rural,COMPLETE,,,2,1,2020-05-16T14:18:30,86-45-47-43
31-15-72-28,Plain,Rural,COMPLETE,,,1,1,2020-05-15T14:56:08,31-45-20-97
31-19-56-61,Plateau/Mountain,Urban,COMPLETE,,,1,1,2020-05-16T11:23:44,08-68-08-41
31-28-06-21,Plateau/Mountain,Rural,COMPLETE,,,1,1,2020-05-15T10:51:42,84-11-75-07
31-37-61-18,Plain,Rural,COMPLETE,,,2,1,2020-05-11T16:06:33,92-99-11-99
31-77-11-76,Tonle Sap,Rural,COMPLETE,,,1,1,2020-05-18T16:10:46,15-01-76-65
31-95-80-95,Tonle Sap,Rural,COMPLETE,,,1,1,2020-05-26T10:40:18,49-99-41-63
31-98-95-06,Plain,Rural,COMPLETE,,,2,1,2020-05-18T14:03:17,14-90-66-44
33-12-14-62,Phnom Penh,Urban,COMPLETE,,,1,1,2020-05-16T15:16:23,16-49-57-00
33-44-26-54,Plateau/Mountain,Rural,COMPLETE,,,1,1,2020-05-15T16:06:21,01-71-89-92
33-60-64-25,Plateau/Mountain,Rural,COMPLETE,,,2,1,2020-05-15T10:41:57,73-47-35-39
33-65-64-57,Coastal,Urban,COMPLETE,,,1,1,2020-05-15T16:11:58,00-38-52-82
33-71-56-61,Phnom Penh,Urban,COMPLETE,,,3,1,2020-05-12T15:08:06,77-25-94-56
33-71-70-67,Plain,Rural,COMPLETE,,,2,1,2020-05-18T17:05:31,94-63-62-92
33-73-37-44,Phnom Penh,Urban,COMPLETE,,,1,1,2020-05-16T09:13:51,44-48-85-33
33-78-53-00,Plain,Urban,COMPLETE,,,1,1,2020-05-12T12:05:31,26-53-97-47
33-86-67-75,Coastal,Urban,COMPLETE,,,1,1,2020-05-18T11:37:17,86-70-88-49
33-89-25-03,Tonle Sap,Rural,COMPLETE,,,1,1,2020-05-18T09:43:36,54-67-74-63
33-90-94-09,Tonle Sap,Rural,COMPLETE,,,1,1,2020-05-15T11:53:01,03-42-79-66
34-00-28-01,Plain,Rural,COMPLETE,,,1,1,2020-05-13T14:36:00,01-61-64-44
34-09-41-70,Plain,Rural,COMPLETE,,,2,1,2020-05-12T16:12:57,20-80-84-79
34-42-73-59,Phnom Penh,Urban,COMPLETE,,,1,1,2020-05-12T10:48:01,80-43-04-16
34-64-89-26,Plateau/Mountain,Rural,COMPLETE,,,1,2,2020-05-25T14:09:15,16-78-98-11
34-77-93-33,Tonle Sap,Rural,COMPLETE,,,1,1,2020-05-15T09:13:03,32-19-93-33
34-95-18-20,Plain,Urban,COMPLETE,,,1,1,2020-05-17T12:30:38,89-10-00-87
35-06-44-66,Tonle Sap,Rural,COMPLETE,,,1,1,2020-05-19T16:54:37,08-19-38-89
35-30-27-50,Tonle Sap,Urban,COMPLETE,,,1,1,2020-05-16T15:21:01,32-21-64-41
35-39-84-90,Plain,Rural,COMPLETE,,,3,1,2020-05-18T08:53:21,73-77-80-13
35-58-75-06,Plain,Rural,COMPLETE,,,1,1,2020-05-10T15:35:54,68-89-89-63
35-62-23-66,Coastal,Urban,COMPLETE,,,1,1,2020-05-22T16:18:05,76-34-34-77
35-73-54-72,Tonle Sap,Rural,COMPLETE,,,1,1,2020-05-11T14:20:14,35-25-52-73
35-94-42-76,Tonle Sap,Rural,COMPLETE,,,2,1,2020-05-13T16:21:56,38-75-55-01
35-97-34-27,Tonle Sap,Rural,COMPLETE,,,2,1,2020-05-11T15:09:01,42-06-04-78
36-16-72-90,Plain,Rural,COMPLETE,,,2,1,2020-05-12T15:06:09,50-98-96-49
36-21-15-23,Plateau/Mountain,Rural,COMPLETE,,,10,2,2020-05-23T15:48:49,83-22-50-44
36-24-68-93,Plain,Rural,COMPLETE,,,2,1,2020-05-10T10:19:55,71-19-21-36
36-43-18-96,Plain,Rural,COMPLETE,,,1,1,2020-05-20T07:38:14,80-44-05-35
36-49-92-02,Tonle Sap,Rural,COMPLETE,,,1,2,2020-05-21T16:48:59,42-90-87-00
36-56-02-54,Tonle Sap,Rural,COMPLETE,,,1,1,2020-05-14T15:57:32,00-77-72-89
36-61-25-07,Tonle Sap,Rural,COMPLETE,,,2,1,2020-05-11T15:21:26,13-09-05-73
36-70-29-58,Plateau/Mountain,Rural,COMPLETE,,,1,1,2020-05-15T09:38:40,22-09-99-43
36-75-19-42,Plain,Urban,COMPLETE,,,1,2,2020-05-22T15:11:16,63-42-53-98
36-84-67-64,Tonle Sap,Rural,COMPLETE,,,1,1,2020-05-13T10:33:43,72-11-81-78
36-89-37-82,Tonle Sap,Rural,COMPLETE,,,2,1,2020-05-18T14:08:39,43-83-18-78
37-35-21-59,Plain,Rural,COMPLETE,,,2,1,2020-05-11T15:13:44,50-88-68-01
37-38-42-62,Plateau/Mountain,Urban,COMPLETE,,,2,1,2020-05-18T16:56:11,91-65-27-43
37-46-32-38,Tonle Sap,Urban,COMPLETE,,,1,1,2020-05-16T10:50:42,96-58-57-87
37-52-27-69,Tonle Sap,Rural,COMPLETE,,,2,,2020-05-20T16:21:30,02-55-35-78
37-59-89-29,Plain,Rural,COMPLETE,,,1,1,2020-05-22T15:18:08,11-13-76-54
37-61-06-75,Tonle Sap,Urban,COMPLETE,,,5,1,2020-05-11T09:37:53,84-63-94-11
37-65-27-54,Phnom Penh,Urban,COMPLETE,,,1,1,2020-05-17T10:53:36,57-71-01-33
37-72-45-99,Tonle Sap,Rural,COMPLETE,,,4,1,2020-05-12T16:48:13,14-63-30-03
37-74-05-89,Plain,Rural,COMPLETE,,,1,1,2020-05-11T14:41:08,57-63-37-34
37-77-42-09,Plain,Rural,COMPLETE,,,4,2,2020-05-13T20:22:25,21-89-61-81
37-97-28-81,Plateau/Mountain,Urban,COMPLETE,,,1,1,2020-05-16T16:45:22,27-16-74-02
38-10-58-45,Plain,Rural,COMPLETE,,,2,1,2020-05-17T11:26:02,21-11-06-48
38-43-40-47,Coastal,Rural,COMPLETE,,,4,1,2020-05-15T11:31:43,74-59-91-98
38-46-69-29,Tonle Sap,Rural,COMPLETE,,,2,1,2020-05-15T16:13:24,61-77-54-04
38-47-08-02,Plain,Rural,COMPLETE,,,2,1,2020-05-17T09:20:01,50-52-29-51
38-54-26-16,Plateau/Mountain,Rural,COMPLETE,,,1,1,2020-05-22T15:51:25,57-87-42-47
38-57-15-36,Coastal,Rural,COMPLETE,,,1,2,2020-05-18T16:17:49,26-35-50-49
38-76-63-07,Plain,Rural,COMPLETE,,,1,1,2020-05-11T11:38:09,42-09-91-98
38-95-05-30,Plain,Rural,COMPLETE,,,2,1,2020-05-18T10:38:26,91-59-77-32
39-37-85-76,Plateau/Mountain,Rural,COMPLETE,,,1,1,2020-05-16T13:01:50,30-59-46-45
39-42-49-58,Plain,Rural,COMPLETE,,,1,1,2020-05-22T11:48:19,00-64-05-86
39-65-12-80,Coastal,Rural,COMPLETE,,,2,2,2020-05-18T09:10:25,35-51-84-66
39-67-27-96,Plateau/Mountain,Urban,COMPLETE,,,1,1,2020-05-13T16:08:13,17-77-05-23
39-82-57-25,Coastal,Rural,COMPLETE,,,1,1,2020-05-15T12:52:04,19-74-12-75
39-93-61-48,Phnom Penh,Urban,COMPLETE,,,1,1,2020-05-12T16:14:40,82-10-88-69
40-04-59-84,Coastal,Rural,COMPLETE,,,2,2,2020-05-22T11:21:08,71-46-84-01
40-04-89-63,Tonle Sap,Rural,COMPLETE,,,1,1,2020-05-19T15:14:34,13-78-03-12
40-10-14-39,Plain,Rural,COMPLETE,,,1,1,2020-05-21T10:12:29,33-45-43-37
40-15-14-22,Plain,Urban,COMPLETE,,,2,1,2020-05-22T15:42:03,24-80-54-02
40-17-52-95,Plain,Rural,COMPLETE,,,2,1,2020-05-11T09:11:15,11-59-74-72
40-41-44-80,Plateau/Mountain,Rural,COMPLETE,,,2,1,2020-05-23T10:23:35,86-03-75-73
40-59-75-04,Plain,Rural,COMPLETE,,,2,1,2020-05-12T14:41:56,21-34-37-48
40-63-22-62,Tonle Sap,Rural,COMPLETE,,,2,1,2020-05-22T12:50:26,32-66-36-63
40-66-86-79,Plain,Rural,COMPLETE,,,1,1,2020-05-21T15:48:25,44-85-46-94
41-02-94-76,Phnom Penh,Urban,COMPLETE,,,1,1,2020-05-18T19:46:28,71-52-88-99
41-43-22-50,Plateau/Mountain,Rural,COMPLETE,,,2,1,2020-05-13T10:02:52,99-82-49-73
41-52-92-46,Phnom Penh,Urban,COMPLETE,,,2,1,2020-05-12T11:31:13,83-62-21-56
41-55-79-65,Tonle Sap,Rural,COMPLETE,,,1,2,2020-05-26T17:35:34,64-01-08-74
41-62-99-64,Plain,Urban,COMPLETE,,,2,1,2020-05-11T08:13:41,77-33-86-86
41-75-27-41,Plateau/Mountain,Rural,COMPLETE,,,1,1,2020-05-21T16:51:47,26-95-37-32
42-33-87-04,Tonle Sap,Urban,COMPLETE,,,1,1,2020-05-19T11:29:14,55-34-64-37
42-37-35-39,Plain,Rural,COMPLETE,,,1,1,2020-05-17T10:07:16,35-64-60-81
42-42-74-85,Plateau/Mountain,Rural,COMPLETE,,,1,1,2020-05-15T17:26:20,30-38-78-57
42-53-24-27,Tonle Sap,Rural,COMPLETE,,,1,1,2020-05-13T11:32:18,20-83-03-27
42-59-84-80,Plain,Rural,COMPLETE,,,1,1,2020-05-11T09:31:53,10-84-37-83
42-62-53-53,Coastal,Rural,COMPLETE,,,1,1,2020-05-17T14:43:22,89-52-77-65
42-77-29-46,Plateau/Mountain,Rural,COMPLETE,,,1,1,2020-05-16T15:47:51,75-02-92-32
42-91-79-69,Plain,Rural,COMPLETE,,,2,1,2020-05-18T14:58:44,43-39-02-05
43-00-29-22,Plain,Rural,COMPLETE,,,1,1,2020-05-12T14:32:00,64-88-25-07
43-00-33-25,Plain,Rural,COMPLETE,,,2,2,2020-05-23T14:44:46,04-52-48-96
43-12-56-49,Plateau/Mountain,Rural,COMPLETE,,,2,2,2020-05-16T10:50:44,66-52-34-65
43-27-17-94,Coastal,Rural,COMPLETE,,,1,1,2020-05-15T10:53:38,88-39-66-75
43-36-09-19,Plateau/Mountain,Rural,COMPLETE,,,1,1,2020-05-17T11:41:27,40-84-74-73
43-45-74-03,Coastal,Rural,COMPLETE,,,1,1,2020-05-18T09:52:39,03-57-37-79
43-56-12-42,Plain,Rural,COMPLETE,,,2,1,2020-05-13T15:04:05,94-60-51-13
43-60-19-99,Plain,Rural,COMPLETE,,,1,1,2020-05-12T14:03:43,33-61-36-22
43-77-41-72,Plateau/Mountain,Rural,COMPLETE,,,2,1,2020-05-15T10:13:49,94-80-35-06
43-79-39-05,Tonle Sap,Rural,COMPLETE,,,1,1,2020-05-15T11:26:27,83-98-78-41
43-84-79-30,Plain,Rural,COMPLETE,,,1,1,2020-05-15T15:59:16,55-63-93-18
43-84-93-81,Plain,Urban,COMPLETE,,,2,1,2020-05-16T16:22:13,01-00-00-23
43-90-34-57,Plain,Rural,COMPLETE,,,1,1,2020-05-12T11:26:05,52-72-00-71
43-98-71-46,Plain,Rural,COMPLETE,,,1,1,2020-05-22T16:35:39,26-74-30-17
43-99-18-22,Coastal,Rural,COMPLETE,,,1,1,2020-05-11T13:26:22,37-48-63-23
44-12-75-86,Plateau/Mountain,Rural,COMPLETE,,,1,2,2020-05-26T10:49:40,40-88-95-16
44-36-05-05,Plateau/Mountain,Urban,COMPLETE,,,1,1,2020-05-19T15:46:52,93-88-85-07
44-41-36-03,Plain,Rural,COMPLETE,,,1,1,2020-05-15T17:19:41,27-09-49-97
44-73-60-72,Tonle Sap,Rural,COMPLETE,,,1,1,2020-05-11T10:12:10,63-04-75-22
44-87-94-13,Phnom Penh,Urban,COMPLETE,,,2,1,2020-05-11T14:37:51,47-01-64-16
45-09-31-36,Plateau/Mountain,Urban,COMPLETE,,,1,1,2020-05-18T11:54:44,29-85-74-35
45-33-07-93,Tonle Sap,Rural,COMPLETE,,,1,1,2020-05-18T11:05:48,54-23-35-53
45-38-94-73,Tonle Sap,Rural,COMPLETE,,,1,2,2020-05-26T17:50:07,50-60-86-89
45-47-97-58,Plateau/Mountain,Rural,COMPLETE,,,1,1,2020-05-16T16:33:51,05-32-96-94
45-93-10-00,Tonle Sap,Rural,COMPLETE,,,1,1,2020-05-16T11:47:16,99-57-39-87
46-01-59-76,Coastal,Urban,COMPLETE,,,1,1,2020-05-23T14:06:24,23-74-88-31
46-34-50-62,Coastal,Urban,COMPLETE,,,2,1,2020-05-16T14:07:50,10-80-35-51
46-38-48-60,Plain,Rural,COMPLETE,,,2,1,2020-05-11T14:46:11,51-67-12-01
46-69-08-47,Plateau/Mountain,Urban,COMPLETE,,,2,1,2020-05-12T14:09:51,22-28-19-18
46-69-63-29,Plateau/Mountain,Rural,COMPLETE,,,4,1,2020-05-16T09:17:29,46-97-47-97
46-83-48-62,Plain,Rural,COMPLETE,,,1,2,2020-05-26T10:21:35,48-69-48-72
47-11-27-08,Coastal,Rural,COMPLETE,,,2,2,2020-05-15T14:47:53,35-74-13-71
47-69-71-49,Plain,Rural,COMPLETE,,,1,1,2020-05-23T17:36:10,80-56-60-72
47-76-61-62,Tonle Sap,Urban,COMPLETE,,,1,1,2020-05-13T12:49:21,80-62-19-33
47-80-83-62,Plateau/Mountain,Urban,COMPLETE,,,2,1,2020-05-12T15:40:27,71-31-63-26
47-91-71-45,Plateau/Mountain,Rural,COMPLETE,,,1,1,2020-05-13T09:21:51,66-97-63-54
48-02-06-23,Phnom Penh,Urban,COMPLETE,,,2,2,2020-05-11T16:23:17,46-33-21-05
48-19-55-10,Tonle Sap,Rural,COMPLETE,,,1,1,2020-05-15T18:26:59,61-48-69-15
48-24-34-15,Tonle Sap,Rural,COMPLETE,,,1,2,2020-05-19T09:27:24,54-37-38-46
48-25-30-68,Plain,Rural,COMPLETE,,,2,1,2020-05-16T16:28:27,71-71-52-65
48-26-20-16,Plateau/Mountain,Rural,COMPLETE,,,1,1,2020-05-16T08:58:52,09-73-17-53
48-34-15-09,Phnom Penh,Urban,COMPLETE,,,1,1,2020-05-18T16:13:15,34-22-04-62
48-40-40-85,Plateau/Mountain,Rural,COMPLETE,,,2,1,2020-05-11T15:30:36,71-07-06-88
48-46-10-67,Plateau/Mountain,Rural,COMPLETE,,,1,1,2020-05-15T10:12:28,03-57-57-97
48-66-61-35,Plateau/Mountain,Rural,COMPLETE,,,1,1,2020-05-19T17:06:59,89-29-17-48
48-69-11-17,Tonle Sap,Rural,COMPLETE,,,1,1,2020-05-19T17:31:12,22-52-39-32
48-86-62-86,Plain,Rural,COMPLETE,,,3,1,2020-05-12T10:40:28,93-45-00-95
49-32-19-62,Phnom Penh,Urban,COMPLETE,,,1,1,2020-05-12T14:59:21,71-34-28-15
49-32-98-99,Plain,Rural,COMPLETE,,,1,1,2020-05-16T16:22:24,83-35-72-71
49-54-96-94,Tonle Sap,Rural,COMPLETE,,,2,1,2020-05-17T08:59:28,14-53-08-11
49-62-76-81,Plateau/Mountain,Rural,COMPLETE,,,1,1,2020-05-26T09:34:36,11-94-49-46
49-64-42-33,Tonle Sap,Rural,COMPLETE,,,1,1,2020-05-16T11:43:44,76-42-10-28
49-70-47-21,Phnom Penh,Urban,COMPLETE,,,1,1,2020-05-10T15:50:50,80-68-97-67
50-01-78-09,Tonle Sap,Rural,COMPLETE,,,1,1,2020-05-16T15:57:57,67-10-81-05
50-02-07-28,Plateau/Mountain,Urban,COMPLETE,,,1,1,2020-05-17T08:59:39,17-43-89-58
50-21-99-60,Plain,Urban,COMPLETE,,,1,1,2020-05-15T15:23:01,68-15-00-02
50-22-79-07,Coastal,Urban,COMPLETE,,,2,1,2020-05-19T11:26:17,43-50-93-75
50-25-24-53,Plain,Rural,COMPLETE,,,2,1,2020-05-13T15:27:51,81-61-30-18
50-58-30-13,Tonle Sap,Urban,COMPLETE,,,1,1,2020-05-11T12:05:23,01-82-81-00
50-60-22-41,Coastal,Urban,COMPLETE,,,1,1,2020-05-19T14:41:28,73-38-28-75
50-69-77-44,Plateau/Mountain,Rural,COMPLETE,,,1,1,2020-05-18T18:36:05,72-36-62-41
50-87-50-62,Coastal,Rural,COMPLETE,,,1,1,2020-05-22T09:35:54,02-83-46-59
51-01-94-67,Coastal,Rural,COMPLETE,,,2,1,2020-05-16T11:08:35,43-29-19-13
51-09-32-63,Plain,Rural,COMPLETE,,,2,1,2020-05-12T09:50:21,91-32-15-68
51-25-89-78,Tonle Sap,Rural,COMPLETE,,,1,1,2020-05-10T10:14:01,04-34-72-51
51-37-92-67,Plain,Rural,COMPLETE,,,1,1,2020-05-12T10:39:28,11-16-32-53
51-59-93-03,Plain,Rural,COMPLETE,,,1,1,2020-05-12T15:00:17,63-50-05-00
51-70-04-92,Plateau/Mountain,Rural,COMPLETE,,,1,1,2020-05-21T10:48:43,33-42-22-50
51-72-85-98,Plateau/Mountain,Rural,COMPLETE,,,2,1,2020-05-12T16:57:58,45-27-71-43
51-76-01-12,Plain,Rural,COMPLETE,,,1,1,2020-05-12T10:56:48,39-22-99-66
51-86-87-77,Plain,Rural,COMPLETE,,,1,1,2020-05-12T16:26:35,30-90-13-80
51-97-69-96,Phnom Penh,Urban,COMPLETE,,,1,1,2020-05-17T11:14:13,81-05-74-10
52-53-40-53,Phnom Penh,Urban,COMPLETE,,,1,1,2020-05-12T15:35:58,22-45-70-49
52-61-02-40,Plain,Urban,COMPLETE,,,2,1,2020-05-15T15:21:23,06-79-74-80
52-75-29-40,Plateau/Mountain,Rural,COMPLETE,,,2,1,2020-05-19T10:06:57,17-49-58-27
52-81-79-26,Tonle Sap,Urban,COMPLETE,,,2,1,2020-05-11T15:31:32,29-56-51-85
52-85-28-28,Tonle Sap,Rural,COMPLETE,,,1,1,2020-05-17T14:20:03,11-06-82-66
52-89-47-82,Tonle Sap,Urban,COMPLETE,,,3,1,2020-05-11T14:39:24,02-14-44-08
53-08-85-03,Plain,Urban,COMPLETE,,,3,1,2020-05-19T10:32:52,03-64-31-66
53-20-99-21,Phnom Penh,Urban,COMPLETE,,,1,1,2020-05-11T08:30:20,05-58-76-81
53-27-69-08,Plain,Rural,COMPLETE,,,1,1,2020-05-11T14:05:09,56-49-49-15
53-40-08-20,Plateau/Mountain,Urban,COMPLETE,,,1,1,2020-05-15T09:17:36,29-26-29-25
53-58-30-17,Plain,Rural,COMPLETE,,,1,2,2020-05-26T15:15:23,26-43-48-20
53-58-66-13,Plain,Rural,COMPLETE,,,1,1,2020-05-13T12:35:58,09-70-32-52
53-59-74-83,Tonle Sap,Urban,COMPLETE,,,1,1,2020-05-16T11:10:54,08-69-52-67
53-71-01-04,Phnom Penh,Urban,COMPLETE,,,1,1,2020-05-12T13:59:21,26-45-75-23
54-08-61-18,Plain,Urban,COMPLETE,,,1,1,2020-05-21T09:56:16,24-17-66-36
54-26-95-74,Tonle Sap,Urban,COMPLETE,,,1,1,2020-05-12T09:09:07,29-44-62-91
54-35-19-45,Tonle Sap,Rural,COMPLETE,,,1,1,2020-05-11T15:08:02,75-47-89-01
54-45-81-21,Plain,Rural,COMPLETE,,,1,1,2020-05-12T14:56:03,54-08-51-03
54-67-05-10,Plain,Rural,COMPLETE,,,1,1,2020-05-13T10:48:02,57-07-16-42
54-67-43-30,Plain,Rural,COMPLETE,,,2,1,2020-05-23T11:28:50,51-66-55-74
54-68-38-16,Coastal,Rural,COMPLETE,,,1,1,2020-05-16T09:14:01,21-75-06-99
55-02-46-10,Tonle Sap,Rural,COMPLETE,,,1,1,2020-05-13T11:48:44,27-67-34-89
55-07-87-33,Coastal,Rural,COMPLETE,,,1,1,2020-05-15T11:11:02,81-37-93-18
55-30-81-13,Tonle Sap,Urban,COMPLETE,,,2,1,2020-05-10T09:41:25,93-46-12-49
55-46-89-32,Coastal,Urban,COMPLETE,,,2,1,2020-05-18T15:31:35,50-89-18-02
55-99-30-12,Plain,Rural,COMPLETE,,,3,2,2020-05-12T17:41:56,34-73-55-74
56-16-72-34,Plateau/Mountain,Rural,COMPLETE,,,2,1,2020-05-23T17:37:47,71-63-95-49
56-30-18-48,Plain,Rural,COMPLETE,,,1,1,2020-05-16T10:01:13,51-24-19-32
56-62-34-18,Coastal,Rural,COMPLETE,,,2,1,2020-05-15T15:46:14,29-40-37-88
56-65-29-99,Plateau/Mountain,Rural,COMPLETE,,,1,2,2020-05-26T10:15:49,20-41-54-17
56-78-80-75,Tonle Sap,Rural,COMPLETE,,,1,1,2020-05-13T15:40:45,16-60-50-38
57-07-53-93,Tonle Sap,Rural,COMPLETE,,,1,1,2020-05-17T18:07:03,45-63-36-97
57-12-71-54,Tonle Sap,Rural,COMPLETE,,,1,2,2020-05-11T09:12:52,12-14-62-22
57-13-57-62,Tonle Sap,Urban,COMPLETE,,,1,1,2020-05-12T16:10:03,24-09-64-97
57-47-09-99,Plain,Rural,COMPLETE,,,1,1,2020-05-13T14:39:45,15-03-33-37
57-72-64-11,Plain,Urban,COMPLETE,,,1,1,2020-05-17T15:42:59,45-93-13-75
57-73-26-63,Tonle Sap,Urban,COMPLETE,,,2,1,2020-05-16T09:03:44,63-09-73-54
57-79-77-14,Plateau/Mountain,Rural,COMPLETE,,,3,1,2020-05-15T17:28:49,39-58-65-57
58-08-83-14,Tonle Sap,Rural,COMPLETE,,,1,1,2020-05-22T10:12:50,19-66-52-11
58-32-73-26,Plain,Urban,COMPLETE,,,1,1,2020-05-11T09:59:51,89-73-70-01
58-46-64-12,Tonle Sap,Rural,COMPLETE,,,2,1,2020-05-19T09:14:55,78-30-80-14
58-55-23-92,Plateau/Mountain,Rural,COMPLETE,,,1,1,2020-05-13T17:21:43,36-27-52-52
58-66-56-84,Plateau/Mountain,Rural,COMPLETE,,,4,2,2020-05-23T15:51:49,14-40-30-22
58-74-21-13,Plateau/Mountain,Rural,COMPLETE,,,1,1,2020-05-16T11:34:51,82-18-49-73
58-78-28-96,Plain,Rural,COMPLETE,,,2,1,2020-05-11T10:21:26,07-60-80-73
58-90-89-47,Tonle Sap,Urban,COMPLETE,,,1,1,2020-05-17T10:16:19,94-71-35-94
58-92-09-56,Plain,Rural,COMPLETE,,,1,1,2020-05-17T09:32:21,61-79-78-28
59-07-21-08,Tonle Sap,Urban,COMPLETE,,,1,2,2020-05-15T10:02:42,11-72-60-51
59-07-39-14,Plain,Urban,COMPLETE,,,1,1,2020-05-18T10:51:25,70-51-53-85
59-32-50-97,Plateau/Mountain,Urban,COMPLETE,,,2,1,2020-05-21T12:43:08,02-63-89-31
60-10-16-39,Tonle Sap,Rural,COMPLETE,,,1,1,2020-05-26T08:56:49,07-62-05-44
60-41-03-26,Phnom Penh,Urban,COMPLETE,,,1,1,2020-05-17T08:51:28,22-73-95-46
60-49-28-82,Phnom Penh,Urban,COMPLETE,,,1,1,2020-05-21T14:57:32,20-85-33-83
60-62-45-60,Tonle Sap,Urban,COMPLETE,,,1,1,2020-05-17T10:38:08,89-11-37-42
60-78-53-60,Plateau/Mountain,Rural,COMPLETE,,,1,2,2020-05-23T09:53:04,41-59-37-22
60-94-00-23,Plateau/Mountain,Urban,COMPLETE,,,1,1,2020-05-15T16:25:10,51-10-53-30
61-20-42-71,Plain,Rural,COMPLETE,,,1,1,2020-05-26T08:53:04,48-59-09-96
61-34-19-06,Tonle Sap,Rural,COMPLETE,,,1,1,2020-05-15T14:58:16,35-34-78-98
61-55-74-69,Phnom Penh,Urban,COMPLETE,,,1,1,2020-05-11T14:28:32,87-84-97-47
61-63-30-76,Tonle Sap,Rural,COMPLETE,,,1,1,2020-05-12T08:55:04,27-69-75-01
61-67-47-85,Plain,Urban,COMPLETE,,,1,1,2020-05-20T12:54:32,81-64-35-31
61-67-62-11,Plateau/Mountain,Rural,COMPLETE,,,1,1,2020-05-11T14:24:45,69-62-12-05
61-79-37-24,Plain,Rural,COMPLETE,,,1,1,2020-05-22T17:45:15,47-12-59-47
61-89-05-23,Tonle Sap,Urban,COMPLETE,,,8,1,2020-05-12T10:19:04,84-79-39-99
61-93-66-97,Tonle Sap,Rural,COMPLETE,,,2,1,2020-05-11T09:06:06,74-44-82-50
62-82-26-82,Tonle Sap,Rural,COMPLETE,,,1,1,2020-05-13T07:50:53,25-54-52-69
62-82-91-08,Tonle Sap,Rural,COMPLETE,,,1,1,2020-05-13T16:36:39,79-73-80-63
62-83-34-08,Plateau/Mountain,Rural,COMPLETE,,,1,1,2020-05-22T15:00:29,94-13-94-04
63-07-27-19,Coastal,Rural,COMPLETE,,,1,1,2020-05-17T11:26:19,33-12-42-14
63-08-06-55,Plain,Rural,COMPLETE,,,1,1,2020-05-21T20:14:58,63-09-28-65
63-39-93-82,Coastal,Rural,COMPLETE,,,2,2,2020-05-21T16:36:17,72-65-85-69
63-59-43-21,Tonle Sap,Rural,COMPLETE,,,1,1,2020-05-13T12:23:48,87-29-17-34
63-65-88-89,Coastal,Rural,COMPLETE,,,1,1,2020-05-15T11:42:43,57-82-43-90
63-71-80-56,Tonle Sap,Rural,COMPLETE,,,1,2,2020-05-11T16:24:21,76-88-83-61
64-04-63-22,Plain,Rural,COMPLETE,,,2,1,2020-05-15T10:48:00,30-19-72-08
64-34-51-84,Phnom Penh,Urban,COMPLETE,,,1,1,2020-05-12T10:12:13,84-61-65-35
64-57-05-02,Tonle Sap,Rural,COMPLETE,,,2,1,2020-05-13T13:12:46,80-95-24-70
64-61-47-92,Coastal,Rural,COMPLETE,,,1,1,2020-05-16T14:19:08,17-06-21-02
64-88-44-02,Tonle Sap,Urban,COMPLETE,,,1,1,2020-05-16T09:54:24,44-06-42-54
64-98-89-35,Coastal,Rural,COMPLETE,,,2,1,2020-05-15T11:34:49,33-83-89-87
65-18-75-73,Plain,Urban,COMPLETE,,,1,1,2020-05-11T11:44:52,51-91-35-03
65-27-71-41,Tonle Sap,Rural,COMPLETE,,,1,1,2020-05-26T08:49:45,68-59-93-74
65-72-41-25,Tonle Sap,Rural,COMPLETE,,,1,1,2020-05-10T10:59:24,77-88-94-12
65-79-15-47,Tonle Sap,Rural,COMPLETE,,,3,1,2020-05-16T09:29:43,40-97-10-87
65-79-97-04,Tonle Sap,Rural,COMPLETE,,,1,2,2020-05-23T11:32:51,61-06-20-11
65-85-49-02,Plateau/Mountain,Rural,COMPLETE,,,4,2,2020-05-26T17:46:49,46-61-86-79
65-86-02-16,Phnom Penh,Urban,COMPLETE,,,1,1,2020-05-11T16:12:59,07-34-85-24
66-07-04-55,Plateau/Mountain,Urban,COMPLETE,,,2,1,2020-05-15T11:31:23,72-72-12-27
66-07-48-67,Plain,Rural,COMPLETE,,,1,1,2020-05-12T10:24:28,45-77-51-83
66-35-04-80,Plain,Rural,COMPLETE,,,2,1,2020-05-13T09:42:56,99-89-19-84
66-39-65-35,Coastal,Urban,COMPLETE,,,2,1,2020-05-18T10:24:52,23-25-22-08
66-48-64-90,Plain,Rural,COMPLETE,,,1,1,2020-05-12T14:20:17,49-55-95-87
66-75-61-47,Tonle Sap,Rural,COMPLETE,,,2,1,2020-05-11T16:29:55,37-64-90-75
67-13-64-14,Plateau/Mountain,Urban,COMPLETE,,,1,1,2020-05-15T16:33:21,41-49-47-67
67-14-96-86,Coastal,Rural,COMPLETE,,,1,1,2020-05-18T13:37:02,72-97-31-48
67-16-72-03,Plain,Rural,COMPLETE,,,1,1,2020-05-12T14:07:17,09-04-55-96
67-26-95-16,Coastal,Rural,COMPLETE,,,2,1,2020-05-15T14:43:25,47-22-77-03
67-54-39-53,Plain,Rural,COMPLETE,,,1,2,2020-05-26T10:52:19,66-69-54-59
67-54-92-61,Plateau/Mountain,Urban,COMPLETE,,,1,2,2020-05-23T16:31:02,95-22-25-84
67-69-38-47,Plateau/Mountain,Rural,COMPLETE,,,1,1,2020-05-15T14:41:01,32-80-74-61
67-73-53-12,Tonle Sap,Rural,COMPLETE,,,2,1,2020-05-12T14:39:42,83-99-76-04
67-80-49-96,Tonle Sap,Rural,COMPLETE,,,3,1,2020-05-13T11:42:07,96-54-18-71
67-96-98-63,Plain,Rural,COMPLETE,,,1,1,2020-05-16T10:13:33,42-94-60-31
68-41-36-89,Plain,Urban,COMPLETE,,,2,1,2020-05-10T10:15:54,15-05-95-92
68-42-89-25,Plateau/Mountain,Rural,COMPLETE,,,1,1,2020-05-22T11:40:01,16-19-02-07
68-46-30-47,Coastal,Rural,COMPLETE,,,1,1,2020-05-22T15:31:40,94-74-84-55
68-60-51-64,Tonle Sap,Rural,COMPLETE,,,1,1,2020-05-13T10:31:14,15-58-46-94
68-78-48-22,Coastal,Rural,COMPLETE,,,2,1,2020-05-22T09:48:38,06-54-78-94
69-10-15-62,Plateau/Mountain,Rural,COMPLETE,,,7,1,2020-05-19T10:07:24,62-21-95-22
69-13-85-90,Tonle Sap,Rural,COMPLETE,,,1,1,2020-05-11T11:41:30,23-14-44-72
69-19-88-76,Plateau/Mountain,Rural,COMPLETE,,,2,1,2020-05-26T16:34:05,96-79-47-02
69-32-19-34,Tonle Sap,Urban,COMPLETE,,,1,1,2020-05-12T10:29:45,34-78-06-68
69-40-67-20,Coastal,Rural,COMPLETE,,,2,1,2020-05-18T11:11:08,43-28-11-23
69-60-23-67,Plain,Urban,COMPLETE,,,2,1,2020-05-15T13:30:38,09-71-09-19
69-64-03-36,Phnom Penh,Urban,COMPLETE,,,1,1,2020-05-11T09:43:19,94-81-51-76
69-70-59-96,Tonle Sap,Rural,COMPLETE,,,2,1,2020-05-19T15:12:34,13-72-39-12
69-89-52-33,Plateau/Mountain,Urban,COMPLETE,,,1,1,2020-05-13T17:15:55,54-15-21-21
70-01-24-50,Plateau/Mountain,Rural,COMPLETE,,,2,1,2020-05-15T14:29:14,20-69-79-49
70-02-54-40,Plain,Rural,COMPLETE,,,2,1,2020-05-12T11:55:16,32-81-88-64
70-03-55-46,Tonle Sap,Urban,COMPLETE,,,2,1,2020-05-11T15:51:16,84-61-39-18
70-14-57-65,Tonle Sap,Rural,COMPLETE,,,2,1,2020-05-13T16:54:31,50-53-91-03
70-23-85-74,Tonle Sap,Rural,COMPLETE,,,2,2,2020-05-23T10:50:51,09-05-94-43
70-26-43-15,Phnom Penh,Urban,COMPLETE,,,1,1,2020-05-12T12:11:13,98-53-28-25
70-30-24-05,Coastal,Urban,COMPLETE,,,1,1,2020-05-23T19:25:04,98-90-47-95
70-32-33-45,Tonle Sap,Rural,COMPLETE,,,2,1,2020-05-15T10:45:22,49-80-84-56
70-51-23-22,Plateau/Mountain,Urban,COMPLETE,,,1,1,2020-05-13T09:48:04,30-32-88-81
70-51-30-36,Plain,Rural,COMPLETE,,,1,1,2020-05-15T15:59:30,44-03-80-53
70-67-72-55,Plain,Rural,COMPLETE,,,1,1,2020-05-26T14:48:43,71-06-80-29
70-84-90-44,Tonle Sap,Rural,COMPLETE,,,1,1,2020-05-15T17:59:55,66-30-61-46
70-90-38-74,Coastal,Urban,COMPLETE,,,1,1,2020-05-15T09:08:38,43-84-31-04
70-97-48-34,Phnom Penh,Urban,COMPLETE,,,1,1,2020-05-11T11:24:40,21-57-07-75
71-15-91-52,Tonle Sap,Rural,COMPLETE,,,1,1,2020-05-18T13:52:15,65-30-10-39
71-20-63-65,Plain,Rural,COMPLETE,,,1,1,2020-05-16T14:51:29,69-57-00-48
71-26-70-71,Tonle Sap,Urban,COMPLETE,,,3,1,2020-05-11T08:53:06,03-79-13-63
71-62-01-78,Plain,Rural,COMPLETE,,,2,1,2020-05-17T18:32:17,51-00-29-19
71-70-43-89,Plain,Rural,COMPLETE,,,1,1,2020-05-11T13:55:24,87-74-64-87
71-87-51-82,Plain,Rural,COMPLETE,,,1,1,2020-05-13T16:34:08,27-07-97-99
71-91-57-15,Coastal,Rural,COMPLETE,,,2,1,2020-05-21T09:54:14,61-56-28-39
71-96-71-79,Plateau/Mountain,Urban,COMPLETE,,,1,1,2020-05-18T10:40:21,45-56-80-09
71-99-72-05,Coastal,Rural,COMPLETE,,,1,2,2020-05-22T14:47:52,88-00-47-98
72-03-14-59,Phnom Penh,Urban,COMPLETE,,,1,1,2020-05-11T15:09:26,66-13-09-62
72-18-25-93,Plain,Rural,COMPLETE,,,3,1,2020-05-17T11:13:38,51-68-44-32
72-30-30-44,Tonle Sap,Rural,COMPLETE,,,1,1,2020-05-13T14:31:20,89-03-07-44
72-38-68-12,Tonle Sap,Rural,COMPLETE,,,1,1,2020-05-13T14:33:01,31-22-02-07
72-39-85-25,Plateau/Mountain,Urban,COMPLETE,,,1,1,2020-05-21T10:24:09,20-71-01-54
72-72-49-02,Tonle Sap,Rural,COMPLETE,,,6,3,2020-05-22T15:51:06,40-64-47-18
73-29-67-92,Tonle Sap,Rural,COMPLETE,,,1,1,2020-05-15T15:28:21,86-63-78-85
73-51-02-20,Tonle Sap,Rural,COMPLETE,,,1,1,2020-05-18T11:46:56,16-34-93-27
73-53-12-86,Tonle Sap,Urban,COMPLETE,,,2,1,2020-05-13T10:59:40,58-48-23-20
73-54-09-30,Tonle Sap,Urban,COMPLETE,,,1,2,2020-05-17T10:21:41,00-20-93-82
74-32-87-07,Tonle Sap,Rural,COMPLETE,,,1,1,2020-05-19T10:32:22,01-94-12-11
74-33-37-50,Coastal,Urban,COMPLETE,,,1,1,2020-05-15T09:20:02,89-80-16-46
74-41-59-10,Plain,Urban,COMPLETE,,,3,2,2020-05-26T14:52:39,36-63-71-54
74-70-91-27,Plain,Urban,COMPLETE,,,2,1,2020-05-18T10:22:37,09-41-73-18
74-76-86-26,Plain,Rural,COMPLETE,,,1,1,2020-05-12T10:30:34,51-46-62-26
74-88-20-55,Tonle Sap,Rural,COMPLETE,,,1,2,2020-05-23T10:14:43,98-43-72-43
75-18-91-78,Tonle Sap,Rural,COMPLETE,,,1,1,2020-05-13T14:54:23,79-59-40-81
75-46-44-48,Tonle Sap,Rural,COMPLETE,,,2,1,2020-05-11T10:49:50,00-69-06-04
75-72-87-95,Plain,Rural,COMPLETE,,,1,1,2020-05-18T15:38:35,43-39-06-44
75-81-50-37,Plain,Rural,COMPLETE,,,1,1,2020-05-22T13:29:43,09-43-55-83
75-90-44-61,Coastal,Rural,COMPLETE,,,1,1,2020-05-16T09:33:29,17-43-71-79
76-03-70-21,Plain,Rural,COMPLETE,,,2,1,2020-05-13T13:38:24,43-93-75-54
76-07-74-64,Plain,Rural,COMPLETE,,,1,1,2020-05-12T12:04:43,86-80-06-18
76-23-25-51,Plateau/Mountain,Rural,COMPLETE,,,2,1,2020-05-17T13:14:58,10-02-54-96
76-31-56-28,Tonle Sap,Rural,COMPLETE,,,1,1,2020-05-21T09:36:12,76-70-72-48
76-39-03-52,Plateau/Mountain,Rural,COMPLETE,,,1,1,2020-05-22T09:33:24,95-76-98-03
76-56-42-72,Tonle Sap,Rural,COMPLETE,,,1,1,2020-05-23T11:32:57,62-10-74-84
76-67-45-40,Tonle Sap,Rural,COMPLETE,,,1,1,2020-05-13T10:44:22,63-25-74-74
76-85-11-67,Plain,Rural,COMPLETE,,,1,1,2020-05-12T18:33:42,83-80-75-00
77-27-77-14,Plain,Urban,COMPLETE,,,1,1,2020-05-19T09:46:05,73-19-80-82
77-30-98-85,Plain,Rural,COMPLETE,,,1,,2020-05-10T10:25:06,80-68-90-96
77-53-99-20,Plain,Urban,COMPLETE,,,1,1,2020-05-19T10:07:24,97-79-83-26
77-72-21-65,Plain,Rural,COMPLETE,,,2,1,2020-05-11T14:37:40,09-72-57-70
77-78-49-46,Plateau/Mountain,Rural,COMPLETE,,,1,1,2020-05-10T14:24:19,16-57-79-91
77-85-67-39,Plateau/Mountain,Rural,COMPLETE,,,1,1,2020-05-13T18:00:12,71-54-45-49
77-93-62-52,Tonle Sap,Rural,COMPLETE,,,1,1,2020-05-26T10:14:36,67-91-84-74
77-94-03-11,Plain,Urban,COMPLETE,,,1,1,2020-05-11T11:33:31,70-22-86-64
78-08-38-71,Plain,Rural,COMPLETE,,,1,1,2020-05-11T10:24:41,27-63-82-20
78-10-54-66,Plateau/Mountain,Urban,COMPLETE,,,2,1,2020-05-16T16:11:09,84-31-93-37
78-34-47-68,Tonle Sap,Rural,COMPLETE,,,1,1,2020-05-15T09:44:52,44-09-62-94
78-37-50-20,Plateau/Mountain,Rural,COMPLETE,,,2,2,2020-05-23T13:08:52,38-22-85-05
78-51-05-02,Tonle Sap,Urban,COMPLETE,,,1,1,2020-05-18T14:45:00,95-36-89-44
79-16-59-94,Plateau/Mountain,Urban,COMPLETE,,,2,1,2020-05-15T15:30:26,93-27-94-76
79-44-03-21,Plateau/Mountain,Rural,COMPLETE,,,2,1,2020-05-17T10:45:22,45-79-73-85
79-62-04-23,Plateau/Mountain,Rural,COMPLETE,,,2,1,2020-05-15T09:51:40,31-12-21-50
79-66-17-97,Tonle Sap,Rural,COMPLETE,,,2,1,2020-05-22T10:53:52,82-03-88-85
79-71-58-05,Tonle Sap,Rural,COMPLETE,,,1,1,2020-05-10T17:24:43,74-23-70-71
79-97-96-47,Coastal,Rural,COMPLETE,,,2,1,2020-05-16T11:06:35,73-41-04-12
80-07-26-42,Tonle Sap,Rural,COMPLETE,,,2,1,2020-05-15T16:47:28,18-46-46-38
80-08-28-90,Coastal,Rural,COMPLETE,,,3,1,2020-05-17T16:23:27,32-05-50-28
80-25-01-71,Plateau/Mountain,Urban,COMPLETE,,,2,1,2020-05-12T11:17:16,33-46-34-62
80-54-35-72,Tonle Sap,Rural,COMPLETE,,,1,1,2020-05-16T11:33:08,88-35-52-05
80-75-69-52,Plateau/Mountain,Rural,COMPLETE,,,1,1,2020-05-16T11:07:34,79-31-06-88
81-01-13-76,Phnom Penh,Urban,COMPLETE,,,1,1,2020-05-13T11:00:21,09-59-47-48
81-08-61-17,Coastal,Rural,COMPLETE,,,2,1,2020-05-22T10:23:54,03-74-85-12
81-22-64-88,Plain,Rural,COMPLETE,,,1,1,2020-05-19T17:28:03,13-11-58-27
81-22-88-54,Plateau/Mountain,Urban,COMPLETE,,,1,1,2020-05-13T15:14:30,99-64-04-99
81-25-51-62,Tonle Sap,Rural,COMPLETE,,,2,1,2020-05-18T16:04:58,07-08-80-83
81-27-33-22,Phnom Penh,Urban,COMPLETE,,,1,1,2020-05-11T15:59:59,11-33-14-61
81-44-00-41,Plateau/Mountain,Rural,COMPLETE,,,2,1,2020-05-18T15:24:45,41-97-24-12
81-61-67-83,Plateau/Mountain,Rural,COMPLETE,,,1,1,2020-05-17T14:04:16,37-53-02-67
81-71-94-73,Plateau/Mountain,Rural,COMPLETE,,,2,1,2020-05-13T10:55:46,44-24-15-29
81-74-14-22,Coastal,Rural,COMPLETE,,,1,1,2020-05-15T14:20:09,65-48-92-79
81-84-06-93,Tonle Sap,Urban,COMPLETE,,,2,1,2020-05-13T12:18:17,31-39-91-51
82-21-09-94,Plain,Rural,COMPLETE,,,1,1,2020-05-15T14:19:57,45-06-10-85
82-44-93-21,Tonle Sap,Rural,COMPLETE,,,1,1,2020-05-13T12:21:03,74-29-34-40
82-61-03-96,Plateau/Mountain,Rural,COMPLETE,,,2,1,2020-05-18T10:14:23,16-67-70-55
82-86-43-24,Coastal,Rural,COMPLETE,,,1,2,2020-05-26T10:04:15,66-82-83-10
82-87-12-79,Coastal,Urban,COMPLETE,,,1,1,2020-05-16T17:59:21,75-79-22-52
82-88-26-96,Plain,Rural,COMPLETE,,,1,1,2020-05-11T14:38:02,59-43-00-13
82-99-51-56,Coastal,Urban,COMPLETE,,,1,1,2020-05-17T15:57:49,25-41-75-25
83-03-85-50,Plateau/Mountain,Rural,COMPLETE,,,1,1,2020-05-26T11:44:55,81-84-33-66
83-35-89-96,Tonle Sap,Rural,COMPLETE,,,1,1,2020-05-12T15:47:27,37-51-50-49
83-41-20-48,Plateau/Mountain,Urban,COMPLETE,,,1,1,2020-05-22T09:51:13,48-46-05-98
83-42-84-48,Tonle Sap,Rural,COMPLETE,,,7,1,2020-05-17T15:32:38,93-17-96-47
83-59-81-76,Plateau/Mountain,Rural,COMPLETE,,,2,1,2020-05-16T08:31:08,29-34-78-91
83-81-13-95,Tonle Sap,Rural,COMPLETE,,,3,1,2020-05-13T17:34:36,32-50-42-91
83-87-99-34,Tonle Sap,Rural,COMPLETE,,,2,1,2020-05-11T14:26:10,32-20-07-69
84-02-94-51,Plateau/Mountain,Urban,COMPLETE,,,2,1,2020-05-12T07:48:35,84-59-39-99
84-03-30-70,Plain,Urban,COMPLETE,,,1,1,2020-05-10T14:30:10,54-56-62-31
84-21-43-62,Coastal,Rural,COMPLETE,,,2,2,2020-05-22T16:58:44,53-18-08-51
84-32-24-91,Tonle Sap,Rural,COMPLETE,,,1,1,2020-05-13T15:56:06,21-37-32-50
84-42-09-16,Coastal,Rural,COMPLETE,,,2,1,2020-05-16T13:44:43,84-88-29-05
84-86-71-27,Plateau/Mountain,Urban,COMPLETE,,,2,1,2020-05-16T14:44:29,73-24-27-10
85-07-42-46,Tonle Sap,Rural,COMPLETE,,,1,1,2020-05-17T10:22:44,30-70-90-76
85-17-79-03,Plateau/Mountain,Rural,COMPLETE,,,2,1,2020-05-15T10:46:14,22-87-48-00
85-23-26-16,Plain,Urban,COMPLETE,,,1,1,2020-05-16T17:37:14,24-47-00-11
85-32-52-21,Phnom Penh,Urban,COMPLETE,,,1,1,2020-05-19T15:20:54,49-98-14-47
85-48-29-06,Tonle Sap,Rural,COMPLETE,,,3,2,2020-05-21T12:00:54,70-49-35-47
85-52-34-63,Plateau/Mountain,Rural,COMPLETE,,,1,1,2020-05-13T16:42:38,23-10-34-00
85-55-87-14,Plain,Rural,COMPLETE,,,1,1,2020-05-13T15:07:51,47-06-16-71
85-62-72-46,Tonle Sap,Rural,COMPLETE,,,1,1,2020-05-15T10:35:46,93-65-44-14
85-73-39-95,Plain,Rural,COMPLETE,,,1,1,2020-05-12T11:49:23,18-15-59-40
85-90-63-78,Tonle Sap,Rural,COMPLETE,,,1,1,2020-05-16T12:23:19,84-60-80-96
86-03-34-86,Plateau/Mountain,Rural,COMPLETE,,,2,1,2020-05-10T18:29:34,49-60-03-96
86-03-63-58,Phnom Penh,Urban,COMPLETE,,,2,1,2020-05-19T14:18:09,28-06-32-34
86-03-64-37,Plateau/Mountain,Rural,COMPLETE,,,1,1,2020-05-19T09:49:12,51-40-26-21
86-04-92-54,Phnom Penh,Urban,COMPLETE,,,3,1,2020-05-17T09:52:36,30-59-83-26
86-24-40-72,Plateau/Mountain,Rural,COMPLETE,,,2,2,2020-05-26T11:36:35,01-33-02-91
86-26-40-80,Plain,Urban,COMPLETE,,,2,1,2020-05-16T11:34:51,18-97-14-22
86-71-20-29,Plain,Rural,COMPLETE,,,1,1,2020-05-13T10:32:18,50-75-50-84
86-75-67-53,Phnom Penh,Urban,COMPLETE,,,2,1,2020-05-17T16:30:04,87-69-90-68
86-77-97-98,Tonle Sap,Urban,COMPLETE,,,1,1,2020-05-11T11:02:23,45-75-04-60
87-28-18-46,Plateau/Mountain,Rural,COMPLETE,,,2,1,2020-05-18T10:05:04,35-70-16-30
87-32-17-19,Plain,Rural,COMPLETE,,,2,1,2020-05-12T17:31:25,40-31-93-19
87-41-89-67,Plain,Rural,COMPLETE,,,1,1,2020-05-11T17:29:42,58-94-01-86
87-43-26-36,Tonle Sap,Rural,COMPLETE,,,1,1,2020-05-18T11:39:15,20-16-13-27
87-94-65-95,Plain,Urban,COMPLETE,,,3,1,2020-05-16T14:19:18,05-21-31-30
88-00-07-74,Plain,Rural,COMPLETE,,,1,1,2020-05-18T16:24:19,77-26-45-77
88-30-00-91,Plain,Rural,COMPLETE,,,1,1,2020-05-11T14:49:51,70-08-94-59
88-31-49-86,Phnom Penh,Urban,COMPLETE,,,6,,2020-05-18T15:24:30,56-45-65-60
88-32-57-85,Plain,Rural,COMPLETE,,,6,1,2020-05-11T09:00:33,30-41-03-77
88-36-53-04,Phnom Penh,Urban,COMPLETE,,,3,1,2020-05-11T13:59:59,65-21-81-62
88-52-42-98,Plateau/Mountain,Rural,COMPLETE,,,1,1,2020-05-22T12:14:13,76-11-60-00
88-64-50-68,Tonle Sap,Urban,COMPLETE,,,1,1,2020-05-13T15:09:23,52-87-97-34
88-74-48-63,Plain,Rural,COMPLETE,,,1,1,2020-05-17T13:22:51,29-97-13-99
89-23-79-02,Phnom Penh,Urban,COMPLETE,,,1,1,2020-05-12T10:34:46,06-48-19-25
89-30-18-91,Plateau/Mountain,Rural,COMPLETE,,,1,1,2020-05-17T09:32:34,96-99-17-71
89-42-49-71,Tonle Sap,Rural,COMPLETE,,,1,1,2020-05-11T11:57:57,94-27-05-80
89-66-82-87,Tonle Sap,Urban,COMPLETE,,,1,1,2020-05-13T16:54:01,29-49-77-59
89-69-08-00,Tonle Sap,Rural,COMPLETE,,,2,2,2020-05-23T15:04:30,98-66-86-77
89-77-54-00,Tonle Sap,Rural,COMPLETE,,,1,2,2020-05-23T09:33:37,88-66-52-05
89-78-75-87,Tonle Sap,Urban,COMPLETE,,,1,1,2020-05-16T16:54:27,51-38-38-97
89-88-17-80,Phnom Penh,Urban,COMPLETE,,,1,1,2020-05-15T15:41:28,43-16-94-65
90-09-15-99,Plain,Rural,COMPLETE,,,2,1,2020-05-12T09:45:37,81-06-39-89
90-21-66-00,Phnom Penh,Urban,COMPLETE,,,1,1,2020-05-11T09:40:06,68-72-71-26
90-32-33-48,Tonle Sap,Rural,COMPLETE,,,1,1,2020-05-13T11:28:01,04-31-64-39
90-36-96-32,Tonle Sap,Urban,COMPLETE,,,1,2,2020-05-19T14:56:03,52-49-73-24
90-44-03-73,Tonle Sap,Rural,COMPLETE,,,2,1,2020-05-26T12:06:56,08-98-16-17
90-84-08-93,Plateau/Mountain,Urban,COMPLETE,,,2,1,2020-05-21T16:37:37,64-97-43-56
90-91-21-27,Coastal,Rural,COMPLETE,,,2,1,2020-05-16T12:19:38,03-28-66-62
90-99-13-40,Plain,Rural,COMPLETE,,,1,1,2020-05-11T11:07:17,58-43-54-31
91-07-09-62,Tonle Sap,Urban,COMPLETE,,,1,1,2020-05-19T10:13:07,28-51-00-51
91-58-43-90,Plain,Rural,COMPLETE,,,3,1,2020-05-22T14:31:38,30-73-94-44
91-63-01-55,Plain,Rural,COMPLETE,,,1,1,2020-05-19T14:41:53,93-57-35-58
91-77-64-26,Tonle Sap,Urban,COMPLETE,,,2,1,2020-05-13T10:57:28,91-07-51-40
91-84-56-29,Coastal,Urban,COMPLETE,,,1,1,2020-05-18T10:33:39,28-92-40-72
91-93-34-96,Tonle Sap,Urban,COMPLETE,,,1,1,2020-05-13T10:50:04,55-02-00-90
92-10-05-03,Plain,Rural,COMPLETE,,,2,1,2020-05-13T09:37:25,71-78-13-46
92-16-45-30,Tonle Sap,Rural,COMPLETE,,,1,1,2020-05-13T14:49:28,25-94-61-87
92-18-40-14,Tonle Sap,Urban,COMPLETE,,,2,1,2020-05-15T11:03:41,03-47-50-15
92-24-73-80,Plain,Rural,COMPLETE,,,2,1,2020-05-12T09:44:36,97-16-34-44
92-31-98-84,Tonle Sap,Rural,COMPLETE,,,1,1,2020-05-22T16:00:15,79-57-81-25
92-47-65-51,Plain,Urban,COMPLETE,,,1,1,2020-05-19T10:56:20,70-38-21-99
92-97-61-32,Plain,Rural,COMPLETE,,,1,2,2020-05-23T13:08:51,30-25-98-60
93-12-57-45,Plateau/Mountain,Rural,COMPLETE,,,1,2,2020-05-25T09:55:36,87-94-76-59
93-38-58-60,Plateau/Mountain,Rural,COMPLETE,,,1,1,2020-05-11T15:46:43,34-17-74-86
93-41-46-86,Plain,Rural,COMPLETE,,,2,1,2020-05-13T10:36:44,64-70-65-20
93-80-92-56,Plain,Rural,COMPLETE,,,1,2,2020-05-23T15:56:41,51-23-39-42
94-05-09-20,Plain,Rural,COMPLETE,,,4,1,2020-05-13T11:57:56,71-85-58-77
94-21-33-51,Tonle Sap,Rural,COMPLETE,,,1,1,2020-05-13T14:14:02,53-12-62-63
94-73-23-55,Plain,Rural,COMPLETE,,,1,1,2020-05-11T17:35:14,25-92-41-22
95-25-00-34,Plateau/Mountain,Rural,COMPLETE,,,1,1,2020-05-26T11:50:58,90-17-38-33
95-37-40-37,Plateau/Mountain,Urban,COMPLETE,,,2,1,2020-05-16T13:32:46,28-75-55-22
95-39-32-21,Plain,Urban,COMPLETE,,,1,1,2020-05-13T11:24:08,01-30-63-06
95-52-62-34,Tonle Sap,Rural,COMPLETE,,,3,1,2020-05-26T14:32:41,77-45-88-90
95-58-00-86,Plain,Rural,COMPLETE,,,4,1,2020-05-12T12:07:48,45-01-90-00
95-77-11-56,Plateau/Mountain,Urban,COMPLETE,,,1,2,2020-05-23T12:09:35,63-06-67-90
95-77-54-41,Plain,Rural,COMPLETE,,,1,1,2020-05-15T14:58:15,88-78-81-96
95-90-33-05,Tonle Sap,Rural,COMPLETE,,,1,1,2020-05-11T10:33:07,30-50-16-70
96-22-27-19,Coastal,Rural,COMPLETE,,,6,1,2020-05-17T17:43:57,05-79-40-97
96-27-56-50,Plain,Rural,COMPLETE,,,1,2,2020-05-25T17:26:40,70-26-73-92
96-42-63-23,Plain,Rural,COMPLETE,,,1,1,2020-05-18T15:13:38,25-84-51-03
96-61-77-64,Plain,Rural,COMPLETE,,,1,1,2020-05-12T14:10:03,85-60-98-81
96-66-00-15,Plain,Rural,COMPLETE,,,1,1,2020-05-12T14:21:30,87-80-20-58
96-80-04-95,Plain,Rural,COMPLETE,,,2,1,2020-05-11T11:52:50,22-94-57-82
96-88-86-83,Plateau/Mountain,Urban,COMPLETE,,,1,1,2020-05-13T15:33:54,43-14-94-79
97-96-10-91,Plateau/Mountain,Urban,COMPLETE,,,1,2,2020-05-15T15:29:44,90-59-64-57
98-06-52-11,Tonle Sap,Urban,COMPLETE,,,1,1,2020-05-16T09:21:40,73-55-36-09
98-31-64-91,Tonle Sap,Urban,COMPLETE,,,1,1,2020-05-13T16:35:43,67-68-72-42
98-39-07-64,Tonle Sap,Rural,COMPLETE,,,2,1,2020-05-22T12:39:30,64-69-19-51
98-76-82-13,Plateau/Mountain,Rural,COMPLETE,,,1,1,2020-05-19T12:19:10,60-24-14-12
98-88-61-90,Tonle Sap,Urban,COMPLETE,,,1,1,2020-05-12T09:44:34,67-65-32-06
99-10-97-05,Plateau/Mountain,Urban,COMPLETE,,,3,1,2020-05-12T10:04:46,65-39-39-21
99-16-00-23,Tonle Sap,Urban,COMPLETE,,,4,1,2020-05-16T10:08:32,98-18-37-46
99-30-24-42,Tonle Sap,Rural,COMPLETE,,,1,1,2020-05-21T17:56:22,21-38-68-55
99-34-76-86,Plateau/Mountain,Urban,COMPLETE,,,1,1,2020-05-22T10:52:57,23-98-59-03
99-85-34-24,Tonle Sap,Rural,COMPLETE,,,1,1,2020-05-16T12:28:40,06-80-26-63
99-85-76-10,Phnom Penh,Urban,COMPLETE,,,1,1,2020-05-21T12:22:22,91-89-22-47
