interview__key,Sec11_SafetyNets__id,s11q1,s11q2,s11q3
01-77-99-03,Food,NO,,
01-77-99-03,Direct Cash Transfers,NO,,
01-77-99-03,Other in-kind transfers (excluding food),YES,,NGO
03-19-90-30,Food,YES,,GOVERNMENT
03-19-90-30,Direct Cash Transfers,NO,,
03-19-90-30,Other in-kind transfers (excluding food),NO,,
05-92-55-36,Food,NO,,
05-92-55-36,Direct Cash Transfers,NO,,
05-92-55-36,Other in-kind transfers (excluding food),YES,,GOVERNMENT
06-76-31-17,Food,NO,,
06-76-31-17,Direct Cash Transfers,NO,,
06-76-31-17,Other in-kind transfers (excluding food),YES,,GOVERNMENT
09-98-65-95,Food,YES,,GOVERNMENT
09-98-65-95,Direct Cash Transfers,NO,,
09-98-65-95,Other in-kind transfers (excluding food),NO,,
09-99-31-05,Food,NO,,
09-99-31-05,Direct Cash Transfers,NO,,
09-99-31-05,Other in-kind transfers (excluding food),YES,,OTHER (SPECIFY)
10-59-70-70,Food,YES,,GOVERNMENT
10-59-70-70,Direct Cash Transfers,NO,,
10-59-70-70,Other in-kind transfers (excluding food),YES,,GOVERNMENT
10-79-69-18,Food,NO,,
10-79-69-18,Direct Cash Transfers,NO,,
10-79-69-18,Other in-kind transfers (excluding food),YES,,GOVERNMENT
11-70-80-76,Food,YES,,OTHER (SPECIFY)
11-70-80-76,Direct Cash Transfers,YES,3,OTHER (SPECIFY)
11-70-80-76,Other in-kind transfers (excluding food),NO,,
12-06-01-16,Food,NO,,
12-06-01-16,Direct Cash Transfers,NO,,
12-06-01-16,Other in-kind transfers (excluding food),YES,,GOVERNMENT
12-46-48-54,Food,NO,,
12-46-48-54,Direct Cash Transfers,NO,,
12-46-48-54,Other in-kind transfers (excluding food),YES,,GOVERNMENT
12-62-80-65,Food,NO,,
12-62-80-65,Direct Cash Transfers,NO,,
12-62-80-65,Other in-kind transfers (excluding food),YES,,GOVERNMENT
13-82-02-17,Food,NO,,
13-82-02-17,Direct Cash Transfers,NO,,
13-82-02-17,Other in-kind transfers (excluding food),YES,,GOVERNMENT
14-02-03-59,Food,YES,,RELIGIOUS BODIES
14-02-03-59,Direct Cash Transfers,YES,5,RELIGIOUS BODIES
14-02-03-59,Other in-kind transfers (excluding food),YES,,RELIGIOUS BODIES
16-16-74-08,Food,YES,,GOVERNMENT
16-16-74-08,Direct Cash Transfers,NO,,
16-16-74-08,Other in-kind transfers (excluding food),YES,,GOVERNMENT
17-08-61-49,Food,NO,,
17-08-61-49,Direct Cash Transfers,NO,,
17-08-61-49,Other in-kind transfers (excluding food),YES,,GOVERNMENT
21-83-50-98,Food,NO,,
21-83-50-98,Direct Cash Transfers,NO,,
21-83-50-98,Other in-kind transfers (excluding food),YES,,RELIGIOUS BODIES
22-02-20-35,Food,NO,,
22-02-20-35,Direct Cash Transfers,YES,10,GOVERNMENT
22-02-20-35,Other in-kind transfers (excluding food),NO,,
23-05-87-71,Food,NO,,
23-05-87-71,Direct Cash Transfers,NO,,
23-05-87-71,Other in-kind transfers (excluding food),YES,,GOVERNMENT
23-70-12-71,Food,NO,,
23-70-12-71,Direct Cash Transfers,NO,,
23-70-12-71,Other in-kind transfers (excluding food),YES,,OTHER (SPECIFY)
24-06-73-35,Food,NO,,
24-06-73-35,Direct Cash Transfers,NO,,
24-06-73-35,Other in-kind transfers (excluding food),YES,,GOVERNMENT
25-84-72-20,Food,NO,,
25-84-72-20,Direct Cash Transfers,NO,,
25-84-72-20,Other in-kind transfers (excluding food),YES,,GOVERNMENT
27-40-37-29,Food,NO,,
27-40-37-29,Direct Cash Transfers,NO,,
27-40-37-29,Other in-kind transfers (excluding food),YES,,GOVERNMENT
27-83-33-37,Food,NO,,
27-83-33-37,Direct Cash Transfers,NO,,
27-83-33-37,Other in-kind transfers (excluding food),YES,,GOVERNMENT
27-87-20-09,Food,NO,,
27-87-20-09,Direct Cash Transfers,NO,,
27-87-20-09,Other in-kind transfers (excluding food),YES,,GOVERNMENT
29-14-15-14,Food,YES,,GOVERNMENT
29-14-15-14,Direct Cash Transfers,NO,,
29-14-15-14,Other in-kind transfers (excluding food),NO,,
30-40-80-54,Food,NO,,
30-40-80-54,Direct Cash Transfers,NO,,
30-40-80-54,Other in-kind transfers (excluding food),YES,,GOVERNMENT
33-60-64-25,Food,YES,,GOVERNMENT
33-60-64-25,Direct Cash Transfers,NO,,
33-60-64-25,Other in-kind transfers (excluding food),NO,,
33-86-67-75,Food,YES,,GOVERNMENT
33-86-67-75,Direct Cash Transfers,YES,12,GOVERNMENT
33-86-67-75,Other in-kind transfers (excluding food),YES,,GOVERNMENT
33-90-94-09,Food,NO,,
33-90-94-09,Direct Cash Transfers,NO,,
33-90-94-09,Other in-kind transfers (excluding food),YES,,GOVERNMENT
35-06-44-66,Food,NO,,
35-06-44-66,Direct Cash Transfers,NO,,
35-06-44-66,Other in-kind transfers (excluding food),YES,,GOVERNMENT
36-24-68-93,Food,NO,,
36-24-68-93,Direct Cash Transfers,YES,20,GOVERNMENT
36-24-68-93,Other in-kind transfers (excluding food),NO,,
36-43-18-96,Food,NO,,
36-43-18-96,Direct Cash Transfers,NO,,
36-43-18-96,Other in-kind transfers (excluding food),YES,,GOVERNMENT
36-89-37-82,Food,NO,,
36-89-37-82,Direct Cash Transfers,NO,,
36-89-37-82,Other in-kind transfers (excluding food),YES,,GOVERNMENT
40-17-52-95,Food,NO,,
40-17-52-95,Direct Cash Transfers,NO,,
40-17-52-95,Other in-kind transfers (excluding food),YES,,GOVERNMENT
43-36-09-19,Food,YES,,GOVERNMENT
43-36-09-19,Direct Cash Transfers,NO,,
43-36-09-19,Other in-kind transfers (excluding food),NO,,
45-38-94-73,Food,YES,,GOVERNMENT
45-38-94-73,Direct Cash Transfers,NO,,
45-38-94-73,Other in-kind transfers (excluding food),NO,,
45-93-10-00,Food,YES,,OTHER (SPECIFY)
45-93-10-00,Direct Cash Transfers,YES,1,OTHER (SPECIFY)
45-93-10-00,Other in-kind transfers (excluding food),YES,,OTHER (SPECIFY)
46-38-48-60,Food,NO,,
46-38-48-60,Direct Cash Transfers,YES,10,GOVERNMENT
46-38-48-60,Other in-kind transfers (excluding food),NO,,
48-26-20-16,Food,NO,,
48-26-20-16,Direct Cash Transfers,NO,,
48-26-20-16,Other in-kind transfers (excluding food),YES,,GOVERNMENT
48-46-10-67,Food,YES,,GOVERNMENT
48-46-10-67,Direct Cash Transfers,NO,,
48-46-10-67,Other in-kind transfers (excluding food),NO,,
48-69-11-17,Food,YES,,GOVERNMENT
48-69-11-17,Direct Cash Transfers,NO,,
48-69-11-17,Other in-kind transfers (excluding food),NO,,
49-32-98-99,Food,YES,,RELIGIOUS BODIES
49-32-98-99,Direct Cash Transfers,NO,,
49-32-98-99,Other in-kind transfers (excluding food),NO,,
50-01-78-09,Food,NO,,
50-01-78-09,Direct Cash Transfers,NO,,
50-01-78-09,Other in-kind transfers (excluding food),YES,,GOVERNMENT
50-21-99-60,Food,NO,,
50-21-99-60,Direct Cash Transfers,NO,,
50-21-99-60,Other in-kind transfers (excluding food),YES,,GOVERNMENT
50-69-77-44,Food,NO,,
50-69-77-44,Direct Cash Transfers,NO,,
50-69-77-44,Other in-kind transfers (excluding food),YES,,NGO
51-59-93-03,Food,YES,,NGO
51-59-93-03,Direct Cash Transfers,NO,,
51-59-93-03,Other in-kind transfers (excluding food),NO,,
52-85-28-28,Food,NO,,
52-85-28-28,Direct Cash Transfers,YES,5,GOVERNMENT
52-85-28-28,Other in-kind transfers (excluding food),YES,,GOVERNMENT
54-35-19-45,Food,NO,,
54-35-19-45,Direct Cash Transfers,NO,,
54-35-19-45,Other in-kind transfers (excluding food),YES,,GOVERNMENT
54-67-05-10,Food,YES,,RELIGIOUS BODIES
54-67-05-10,Direct Cash Transfers,NO,,
54-67-05-10,Other in-kind transfers (excluding food),NO,,
56-30-18-48,Food,NO,,
56-30-18-48,Direct Cash Transfers,NO,,
56-30-18-48,Other in-kind transfers (excluding food),YES,,GOVERNMENT
56-65-29-99,Food,NO,,
56-65-29-99,Direct Cash Transfers,NO,,
56-65-29-99,Other in-kind transfers (excluding food),YES,,GOVERNMENT
58-08-83-14,Food,NO,,
58-08-83-14,Direct Cash Transfers,NO,,
58-08-83-14,Other in-kind transfers (excluding food),YES,,GOVERNMENT
58-66-56-84,Food,YES,,GOVERNMENT
58-66-56-84,Direct Cash Transfers,YES,7,GOVERNMENT
58-66-56-84,Other in-kind transfers (excluding food),YES,,GOVERNMENT
61-89-05-23,Food,YES,,NGO
61-89-05-23,Direct Cash Transfers,NO,,
61-89-05-23,Other in-kind transfers (excluding food),NO,,
62-82-91-08,Food,NO,,
62-82-91-08,Direct Cash Transfers,NO,,
62-82-91-08,Other in-kind transfers (excluding food),YES,,GOVERNMENT
65-27-71-41,Food,YES,,RELIGIOUS BODIES
65-27-71-41,Direct Cash Transfers,NO,,
65-27-71-41,Other in-kind transfers (excluding food),NO,,
65-79-97-04,Food,YES,,GOVERNMENT
65-79-97-04,Direct Cash Transfers,NO,,
65-79-97-04,Other in-kind transfers (excluding food),NO,,
66-35-04-80,Food,NO,,
66-35-04-80,Direct Cash Transfers,YES,50,NGO
66-35-04-80,Other in-kind transfers (excluding food),NO,,
67-69-38-47,Food,NO,,
67-69-38-47,Direct Cash Transfers,NO,,
67-69-38-47,Other in-kind transfers (excluding food),YES,,GOVERNMENT
67-80-49-96,Food,YES,,RELIGIOUS BODIES
67-80-49-96,Direct Cash Transfers,NO,,
67-80-49-96,Other in-kind transfers (excluding food),NO,,
69-60-23-67,Food,YES,,GOVERNMENT
69-60-23-67,Direct Cash Transfers,NO,,
69-60-23-67,Other in-kind transfers (excluding food),NO,,
69-89-52-33,Food,YES,,NGO
69-89-52-33,Direct Cash Transfers,NO,,
69-89-52-33,Other in-kind transfers (excluding food),NO,,
70-14-57-65,Food,NO,,
70-14-57-65,Direct Cash Transfers,NO,,
70-14-57-65,Other in-kind transfers (excluding food),YES,,GOVERNMENT
71-99-72-05,Food,NO,,
71-99-72-05,Direct Cash Transfers,NO,,
71-99-72-05,Other in-kind transfers (excluding food),YES,,GOVERNMENT
72-72-49-02,Food,NO,,
72-72-49-02,Direct Cash Transfers,NO,,
72-72-49-02,Other in-kind transfers (excluding food),YES,,GOVERNMENT
74-41-59-10,Food,NO,,
74-41-59-10,Direct Cash Transfers,NO,,
74-41-59-10,Other in-kind transfers (excluding food),YES,,GOVERNMENT
79-66-17-97,Food,NO,,
79-66-17-97,Direct Cash Transfers,NO,,
79-66-17-97,Other in-kind transfers (excluding food),YES,,GOVERNMENT
81-08-61-17,Food,NO,,
81-08-61-17,Direct Cash Transfers,NO,,
81-08-61-17,Other in-kind transfers (excluding food),YES,,GOVERNMENT
81-22-88-54,Food,NO,,
81-22-88-54,Direct Cash Transfers,NO,,
81-22-88-54,Other in-kind transfers (excluding food),YES,,GOVERNMENT
82-44-93-21,Food,YES,,GOVERNMENT
82-44-93-21,Direct Cash Transfers,NO,,
82-44-93-21,Other in-kind transfers (excluding food),NO,,
82-87-12-79,Food,YES,,GOVERNMENT
82-87-12-79,Direct Cash Transfers,NO,,
82-87-12-79,Other in-kind transfers (excluding food),YES,,GOVERNMENT
83-35-89-96,Food,YES,,GOVERNMENT
83-35-89-96,Direct Cash Transfers,NO,,
83-35-89-96,Other in-kind transfers (excluding food),YES,,GOVERNMENT
87-32-17-19,Food,YES,,NGO
87-32-17-19,Direct Cash Transfers,NO,,
87-32-17-19,Other in-kind transfers (excluding food),NO,,
87-41-89-67,Food,YES,,OTHER (SPECIFY)
87-41-89-67,Direct Cash Transfers,NO,,
87-41-89-67,Other in-kind transfers (excluding food),NO,,
87-94-65-95,Food,NO,,
87-94-65-95,Direct Cash Transfers,YES,40,GOVERNMENT
87-94-65-95,Other in-kind transfers (excluding food),NO,,
89-23-79-02,Food,NO,,
89-23-79-02,Direct Cash Transfers,YES,30,GOVERNMENT
89-23-79-02,Other in-kind transfers (excluding food),NO,,
89-78-75-87,Food,YES,,RELIGIOUS BODIES
89-78-75-87,Direct Cash Transfers,NO,,
89-78-75-87,Other in-kind transfers (excluding food),NO,,
91-63-01-55,Food,YES,,GOVERNMENT
91-63-01-55,Direct Cash Transfers,NO,,
91-63-01-55,Other in-kind transfers (excluding food),YES,,GOVERNMENT
92-16-45-30,Food,NO,,
92-16-45-30,Direct Cash Transfers,NO,,
92-16-45-30,Other in-kind transfers (excluding food),YES,,OTHER (SPECIFY)
