interview__key,s3q3
00-43-11-81,Disseminate knowledge about the virus
00-58-81-98,Advised citizens to stay at hoome
00-58-81-98,Restricted travel within country/area
00-58-81-98,Disseminate knowledge about the virus
00-58-81-98,Restricted travel within country/area
00-65-11-89,Restricted travel within country/area
00-65-11-89,Restricted international travel
00-65-11-89,Clousre of schools and universities
00-65-11-89,Closure of non essential business
00-65-11-89,Buidling more hospitals or renting hotel to accommodate patients
00-65-11-89,Disseminate knowledge about the virus
00-77-77-21,Advised citizens to stay at hoome
00-77-77-21,Disseminate knowledge about the virus
00-79-88-26,Disseminate knowledge about the virus
00-84-86-11,Advised citizens to stay at hoome
00-84-86-11,Disseminate knowledge about the virus
01-23-89-33,Disseminate knowledge about the virus
01-72-87-61,Disseminate knowledge about the virus
01-76-24-15,Advised citizens to stay at hoome
01-76-24-15,Restricted international travel
01-77-99-03,Advised citizens to stay at hoome
01-77-99-03,Restricted travel within country/area
01-77-99-03,Disseminate knowledge about the virus
02-03-26-64,Advised citizens to stay at hoome
02-03-26-64,Disseminate knowledge about the virus
02-03-26-64,Disseminate knowledge about the virus
02-06-64-53,Advised citizens to stay at hoome
02-06-64-53,Disseminate knowledge about the virus
02-33-05-53,Advised citizens to stay at hoome
02-33-05-53,Disseminate knowledge about the virus
02-67-76-94,Dont't know
02-74-27-81,Disseminate knowledge about the virus
03-16-29-25,Advised citizens to stay at hoome
03-16-29-25,Disseminate knowledge about the virus
03-19-61-47,Advised citizens to stay at hoome
03-19-61-47,Disseminate knowledge about the virus
03-19-61-47,Disseminate knowledge about the virus
03-19-90-30,Disseminate knowledge about the virus
03-47-39-56,Disseminate knowledge about the virus
03-61-95-52,Disseminate knowledge about the virus
03-61-95-52,Restricted international travel
03-63-90-12,Advised citizens to stay at hoome
03-63-90-12,Curfew/lockdown
03-63-90-12,Disseminate knowledge about the virus
03-63-90-12,Disseminate knowledge about the virus
03-70-64-11,Open clinics and testing locations
03-70-64-11,Disseminate knowledge about the virus
03-73-86-94,Advised citizens to stay at hoome
03-73-86-94,Disseminate knowledge about the virus
03-88-90-62,Disseminate knowledge about the virus
03-99-04-78,Disseminate knowledge about the virus
03-99-04-78,Disseminate knowledge about the virus
04-04-54-65,Advised citizens to stay at hoome
04-04-54-65,Clousre of schools and universities
04-04-54-65,Disseminate knowledge about the virus
04-04-54-65,Disseminate knowledge about the virus
04-12-64-70,Advised citizens to stay at hoome
04-12-64-70,Disseminate knowledge about the virus
04-29-75-90,Advised citizens to stay at hoome
04-29-75-90,Disseminate knowledge about the virus
04-37-87-16,Advised citizens to stay at hoome
04-37-87-16,Disseminate knowledge about the virus
04-37-87-16,Disseminate knowledge about the virus
04-39-38-48,Advised citizens to stay at hoome
04-39-38-48,Disseminate knowledge about the virus
04-67-67-79,Dont't know
05-24-93-15,Disseminate knowledge about the virus
05-31-55-82,Disseminate knowledge about the virus
05-62-94-56,Restricted travel within country/area
05-62-94-56,Clousre of schools and universities
05-62-94-56,Disseminate knowledge about the virus
05-91-08-31,Disseminate knowledge about the virus
05-92-55-36,Disseminate knowledge about the virus
06-02-01-85,Restricted travel within country/area
06-02-01-85,Closure of non essential business
06-02-01-85,Disseminate knowledge about the virus
06-13-20-73,Disseminate knowledge about the virus
06-13-20-73,Disseminate knowledge about the virus
06-22-76-33,Restricted travel within country/area
06-22-76-33,Restricted international travel
06-22-76-33,Disseminate knowledge about the virus
06-22-76-33,Disseminate knowledge about the virus
06-28-46-05,Disseminate knowledge about the virus
06-28-46-05,Disseminate knowledge about the virus
06-48-61-93,Advised citizens to stay at hoome
06-48-61-93,Restricted travel within country/area
06-48-61-93,Curfew/lockdown
06-48-61-93,Disseminate knowledge about the virus
06-58-66-37,Disseminate knowledge about the virus
06-60-44-44,Advised citizens to stay at hoome
06-60-44-44,Disseminate knowledge about the virus
06-60-44-44,Disseminate knowledge about the virus
06-66-82-75,Disseminate knowledge about the virus
06-74-15-09,Clousre of schools and universities
06-74-15-09,Disseminate knowledge about the virus
06-76-31-17,Disseminate knowledge about the virus
06-76-31-17,Disseminate knowledge about the virus
07-04-15-77,Disseminate knowledge about the virus
07-23-68-44,Advised citizens to stay at hoome
07-23-68-44,Closure of non essential business
07-23-68-44,Disseminate knowledge about the virus
07-30-48-67,Advised citizens to stay at hoome
07-30-48-67,Curfew/lockdown
07-30-48-67,Disseminate knowledge about the virus
07-30-48-67,Disseminate knowledge about the virus
07-76-26-70,Disseminate knowledge about the virus
07-81-51-32,Disseminate knowledge about the virus
07-84-14-95,Advised citizens to stay at hoome
07-84-14-95,Disseminate knowledge about the virus
08-00-64-41,Advised citizens to stay at hoome
08-00-64-41,Disseminate knowledge about the virus
08-00-64-41,Disseminate knowledge about the virus
08-23-20-49,Disseminate knowledge about the virus
08-47-27-72,Disseminate knowledge about the virus
08-47-27-72,Disseminate knowledge about the virus
08-53-40-91,Disseminate knowledge about the virus
08-93-15-56,Advised citizens to stay at hoome
08-93-15-56,Disseminate knowledge about the virus
08-93-15-56,Disseminate knowledge about the virus
09-98-65-95,Restricted international travel
09-98-65-95,Clousre of schools and universities
09-98-65-95,Closure of non essential business
09-98-65-95,Disseminate knowledge about the virus
09-99-31-05,Disseminate knowledge about the virus
09-99-31-05,Disseminate knowledge about the virus
10-14-95-30,Advised citizens to stay at hoome
10-14-95-30,Disseminate knowledge about the virus
10-34-66-28,Advised citizens to stay at hoome
10-34-66-28,Disseminate knowledge about the virus
10-44-66-45,Advised citizens to stay at hoome
10-44-66-45,Disseminate knowledge about the virus
10-49-48-16,Advised citizens to stay at hoome
10-49-48-16,Disseminate knowledge about the virus
10-50-22-17,Disseminate knowledge about the virus
10-51-69-63,Disseminate knowledge about the virus
10-59-70-70,Advised citizens to stay at hoome
10-59-70-70,Restricted travel within country/area
10-59-70-70,Disseminate knowledge about the virus
10-60-64-68,Disseminate knowledge about the virus
10-74-21-81,Disseminate knowledge about the virus
10-74-26-64,Advised citizens to stay at hoome
10-74-26-64,Disseminate knowledge about the virus
10-79-63-95,Advised citizens to stay at hoome
10-79-63-95,Disseminate knowledge about the virus
10-79-69-18,Advised citizens to stay at hoome
10-79-69-18,Disseminate knowledge about the virus
10-97-14-67,Restricted travel within country/area
10-97-14-67,Restricted international travel
10-97-14-67,Clousre of schools and universities
10-97-14-67,Curfew/lockdown
10-97-14-67,Disseminate knowledge about the virus
11-00-97-56,Advised citizens to stay at hoome
11-00-97-56,Restricted travel within country/area
11-00-97-56,Disseminate knowledge about the virus
11-03-46-56,Advised citizens to stay at hoome
11-03-46-56,Restricted international travel
11-03-46-56,Clousre of schools and universities
11-03-46-56,Disseminate knowledge about the virus
11-03-46-56,Disseminate knowledge about the virus
11-29-50-68,Disseminate knowledge about the virus
11-55-61-21,Advised citizens to stay at hoome
11-55-61-21,Disseminate knowledge about the virus
11-55-61-21,Disseminate knowledge about the virus
11-70-80-76,Advised citizens to stay at hoome
11-70-80-76,Disseminate knowledge about the virus
11-70-80-76,Disseminate knowledge about the virus
11-82-96-50,Advised citizens to stay at hoome
11-82-96-50,Restricted international travel
11-82-96-50,Disseminate knowledge about the virus
11-85-90-08,Advised citizens to stay at hoome
11-85-90-08,Disseminate knowledge about the virus
11-87-94-81,Restricted travel within country/area
11-87-94-81,Clousre of schools and universities
11-87-94-81,Closure of non essential business
11-87-94-81,Disseminate knowledge about the virus
12-06-01-16,Advised citizens to stay at hoome
12-06-01-16,Disseminate knowledge about the virus
12-06-01-16,Disseminate knowledge about the virus
12-40-10-23,Disseminate knowledge about the virus
12-46-48-54,Advised citizens to stay at hoome
12-46-48-54,Restricted travel within country/area
12-46-48-54,Restricted international travel
12-46-48-54,Clousre of schools and universities
12-46-48-54,Closure of non essential business
12-46-48-54,Buidling more hospitals or renting hotel to accommodate patients
12-46-48-54,Disseminate knowledge about the virus
12-47-86-50,Disseminate knowledge about the virus
12-51-33-79,Disseminate knowledge about the virus
12-62-80-65,Disseminate knowledge about the virus
12-62-80-65,Disseminate knowledge about the virus
12-65-88-92,Disseminate knowledge about the virus
12-65-88-92,Disseminate knowledge about the virus
12-81-88-26,Advised citizens to stay at hoome
12-81-88-26,Restricted travel within country/area
12-81-88-26,Disseminate knowledge about the virus
13-02-78-61,Restricted international travel
13-02-78-61,Disseminate knowledge about the virus
13-33-94-73,Advised citizens to stay at hoome
13-33-94-73,Restricted travel within country/area
13-33-94-73,Restricted international travel
13-33-94-73,Clousre of schools and universities
13-33-94-73,Buidling more hospitals or renting hotel to accommodate patients
13-33-94-73,Disseminate knowledge about the virus
13-37-97-60,Disseminate knowledge about the virus
13-38-53-48,Clousre of schools and universities
13-38-53-48,Provided food to needed
13-38-53-48,Disseminate knowledge about the virus
13-60-22-88,Disseminate knowledge about the virus
13-64-94-46,Restricted international travel
13-64-94-46,Clousre of schools and universities
13-64-94-46,Curfew/lockdown
13-64-94-46,Disseminate knowledge about the virus
13-82-02-17,Disseminate knowledge about the virus
14-02-03-59,Advised citizens to stay at hoome
14-02-03-59,Disseminate knowledge about the virus
14-08-48-93,Advised citizens to stay at hoome
14-08-48-93,Curfew/lockdown
14-08-48-93,Closure of non essential business
14-08-48-93,Disseminate knowledge about the virus
14-39-38-95,Disseminate knowledge about the virus
14-39-38-95,Disseminate knowledge about the virus
14-61-51-00,Disseminate knowledge about the virus
14-61-51-00,Disseminate knowledge about the virus
14-69-23-96,Disseminate knowledge about the virus
14-79-85-97,Advised citizens to stay at hoome
14-79-85-97,Curfew/lockdown
14-79-85-97,Disseminate knowledge about the virus
14-91-38-18,Advised citizens to stay at hoome
14-91-38-18,Disseminate knowledge about the virus
15-06-54-66,Disseminate knowledge about the virus
15-48-87-63,Restricted travel within country/area
15-48-87-63,Disseminate knowledge about the virus
15-48-87-63,Disseminate knowledge about the virus
15-79-11-21,Disseminate knowledge about the virus
15-84-14-64,Disseminate knowledge about the virus
15-84-14-64,Disseminate knowledge about the virus
16-06-53-95,Advised citizens to stay at hoome
16-06-53-95,Disseminate knowledge about the virus
16-08-75-75,Advised citizens to stay at hoome
16-08-75-75,Closure of non essential business
16-08-75-75,Disseminate knowledge about the virus
16-15-36-94,Advised citizens to stay at hoome
16-15-36-94,Disseminate knowledge about the virus
16-16-74-08,Disseminate knowledge about the virus
16-16-84-33,Advised citizens to stay at hoome
16-16-84-33,Clousre of schools and universities
16-16-84-33,Disseminate knowledge about the virus
16-16-84-33,Disseminate knowledge about the virus
16-24-65-69,Advised citizens to stay at hoome
16-24-65-69,Curfew/lockdown
16-86-44-89,Advised citizens to stay at hoome
16-86-44-89,Disseminate knowledge about the virus
16-89-51-12,Advised citizens to stay at hoome
16-89-51-12,Disseminate knowledge about the virus
17-05-42-95,Clousre of schools and universities
17-05-42-95,Closure of non essential business
17-05-42-95,Disseminate knowledge about the virus
17-08-61-49,Advised citizens to stay at hoome
17-08-61-49,Disseminate knowledge about the virus
17-08-61-49,Disseminate knowledge about the virus
17-18-98-33,Disseminate knowledge about the virus
17-24-59-14,Advised citizens to stay at hoome
17-24-59-14,Restricted travel within country/area
17-24-59-14,Clousre of schools and universities
17-24-59-14,Disseminate knowledge about the virus
17-31-25-64,Advised citizens to stay at hoome
17-31-25-64,Restricted travel within country/area
17-31-25-64,Disseminate knowledge about the virus
17-31-25-64,Disseminate knowledge about the virus
17-44-93-64,Disseminate knowledge about the virus
17-70-25-92,Disseminate knowledge about the virus
17-80-37-29,Disseminate knowledge about the virus
17-95-47-97,Advised citizens to stay at hoome
17-95-47-97,Disseminate knowledge about the virus
18-24-13-09,Clousre of schools and universities
18-24-13-09,Disseminate knowledge about the virus
18-60-06-86,Disseminate knowledge about the virus
18-72-11-99,Advised citizens to stay at hoome
18-72-11-99,Disseminate knowledge about the virus
18-72-11-99,Disseminate knowledge about the virus
18-82-10-22,Advised citizens to stay at hoome
18-82-10-22,Disseminate knowledge about the virus
18-82-10-22,Disseminate knowledge about the virus
18-84-03-10,Disseminate knowledge about the virus
19-01-67-56,Curfew/lockdown
19-01-67-56,Disseminate knowledge about the virus
19-07-91-27,Disseminate knowledge about the virus
19-30-87-22,Clousre of schools and universities
19-30-87-22,Disseminate knowledge about the virus
19-37-74-45,Advised citizens to stay at hoome
19-37-74-45,Disseminate knowledge about the virus
19-44-79-96,Closure of non essential business
19-44-79-96,Disseminate knowledge about the virus
19-44-79-96,Disseminate knowledge about the virus
20-04-61-28,Advised citizens to stay at hoome
20-04-61-28,Disseminate knowledge about the virus
20-28-82-61,Advised citizens to stay at hoome
20-31-92-98,Disseminate knowledge about the virus
20-42-30-21,Advised citizens to stay at hoome
20-42-30-21,Disseminate knowledge about the virus
20-56-43-54,Advised citizens to stay at hoome
20-56-43-54,Disseminate knowledge about the virus
20-56-43-54,Disseminate knowledge about the virus
20-62-96-31,Advised citizens to stay at hoome
20-62-96-31,Disseminate knowledge about the virus
20-63-84-89,Advised citizens to stay at hoome
20-63-84-89,Restricted international travel
20-63-84-89,Curfew/lockdown
20-63-84-89,Disseminate knowledge about the virus
20-85-63-70,Curfew/lockdown
20-85-63-70,Disseminate knowledge about the virus
20-85-92-42,Advised citizens to stay at hoome
20-85-92-42,Disseminate knowledge about the virus
20-89-59-77,Restricted travel within country/area
20-89-59-77,Restricted international travel
20-89-59-77,Clousre of schools and universities
20-89-59-77,Closure of non essential business
20-89-59-77,Disseminate knowledge about the virus
20-94-74-60,Disseminate knowledge about the virus
21-12-00-74,Disseminate knowledge about the virus
21-12-00-74,Disseminate knowledge about the virus
21-35-15-73,Advised citizens to stay at hoome
21-35-15-73,Restricted travel within country/area
21-35-15-73,Clousre of schools and universities
21-35-15-73,Disseminate knowledge about the virus
21-43-32-94,Disseminate knowledge about the virus
21-47-97-09,Disseminate knowledge about the virus
21-48-82-69,Advised citizens to stay at hoome
21-48-82-69,Disseminate knowledge about the virus
21-55-86-41,Restricted travel within country/area
21-55-86-41,Clousre of schools and universities
21-55-86-41,Disseminate knowledge about the virus
21-83-50-98,Restricted travel within country/area
21-83-50-98,Disseminate knowledge about the virus
21-83-50-98,Disseminate knowledge about the virus
22-00-20-65,Advised citizens to stay at hoome
22-00-20-65,Restricted travel within country/area
22-00-20-65,Curfew/lockdown
22-00-20-65,Disseminate knowledge about the virus
22-02-20-35,Advised citizens to stay at hoome
22-02-20-35,Disseminate knowledge about the virus
22-13-91-19,Advised citizens to stay at hoome
22-13-91-19,Disseminate knowledge about the virus
22-24-98-60,Disseminate knowledge about the virus
22-68-88-64,Advised citizens to stay at hoome
22-68-88-64,Disseminate knowledge about the virus
22-71-47-45,Advised citizens to stay at hoome
22-71-47-45,Restricted travel within country/area
22-71-47-45,Curfew/lockdown
22-71-47-45,Disseminate knowledge about the virus
22-82-40-96,Advised citizens to stay at hoome
22-82-40-96,Disseminate knowledge about the virus
22-95-33-57,Disseminate knowledge about the virus
22-97-49-80,Advised citizens to stay at hoome
22-97-49-80,Restricted travel within country/area
22-97-49-80,Disseminate knowledge about the virus
23-01-08-57,Disseminate knowledge about the virus
23-05-87-71,Advised citizens to stay at hoome
23-05-87-71,Disseminate knowledge about the virus
23-05-87-71,Restricted travel within country/area
23-07-02-32,Disseminate knowledge about the virus
23-17-50-70,Disseminate knowledge about the virus
23-22-27-33,Dont't know
23-22-45-29,Advised citizens to stay at hoome
23-22-45-29,Disseminate knowledge about the virus
23-47-35-56,Disseminate knowledge about the virus
23-70-12-71,Disseminate knowledge about the virus
23-80-68-10,Dont't know
23-90-14-52,Advised citizens to stay at hoome
23-90-14-52,Restricted travel within country/area
23-90-14-52,Disseminate knowledge about the virus
24-05-00-21,Advised citizens to stay at hoome
24-05-00-21,Restricted travel within country/area
24-05-00-21,Disseminate knowledge about the virus
24-06-73-35,Clousre of schools and universities
24-06-73-35,Closure of non essential business
24-06-73-35,Disseminate knowledge about the virus
24-25-08-46,Disseminate knowledge about the virus
24-67-16-26,Advised citizens to stay at hoome
24-67-16-26,Restricted travel within country/area
24-67-16-26,Disseminate knowledge about the virus
24-76-19-68,Restricted travel within country/area
24-76-19-68,Closure of non essential business
24-76-19-68,Disseminate knowledge about the virus
24-90-09-87,Restricted international travel
24-90-09-87,Disseminate knowledge about the virus
24-93-77-06,Advised citizens to stay at hoome
24-93-77-06,Restricted travel within country/area
24-93-77-06,Disseminate knowledge about the virus
25-32-76-30,Disseminate knowledge about the virus
25-75-52-06,Advised citizens to stay at hoome
25-75-52-06,Curfew/lockdown
25-75-52-06,Disseminate knowledge about the virus
25-84-72-20,Disseminate knowledge about the virus
25-86-11-99,Advised citizens to stay at hoome
25-86-11-99,Disseminate knowledge about the virus
25-97-74-80,Disseminate knowledge about the virus
26-01-67-49,Advised citizens to stay at hoome
26-01-67-49,Restricted travel within country/area
26-01-67-49,Disseminate knowledge about the virus
26-16-58-29,Advised citizens to stay at hoome
26-16-58-29,Provided food to needed
26-16-58-29,Disseminate knowledge about the virus
26-27-12-90,Disseminate knowledge about the virus
26-35-26-67,Advised citizens to stay at hoome
26-35-26-67,Disseminate knowledge about the virus
26-35-26-67,Disseminate knowledge about the virus
26-38-46-89,Clousre of schools and universities
26-38-46-89,Disseminate knowledge about the virus
26-43-83-33,Advised citizens to stay at hoome
26-43-83-33,Restricted travel within country/area
26-43-83-33,Curfew/lockdown
26-43-83-33,Disseminate knowledge about the virus
26-51-88-13,Advised citizens to stay at hoome
26-51-88-13,Disseminate knowledge about the virus
26-52-88-06,Disseminate knowledge about the virus
26-61-07-62,Disseminate knowledge about the virus
26-61-07-62,Disseminate knowledge about the virus
27-02-70-68,Dont't know
27-18-98-28,Restricted travel within country/area
27-18-98-28,Disseminate knowledge about the virus
27-18-98-28,Disseminate knowledge about the virus
27-40-37-29,Disseminate knowledge about the virus
27-65-63-90,Advised citizens to stay at hoome
27-65-63-90,Restricted travel within country/area
27-65-63-90,Disseminate knowledge about the virus
27-83-33-37,Advised citizens to stay at hoome
27-83-33-37,Restricted travel within country/area
27-83-33-37,Disseminate knowledge about the virus
27-83-33-37,Disseminate knowledge about the virus
27-87-20-09,Disseminate knowledge about the virus
28-15-80-33,Advised citizens to stay at hoome
28-15-80-33,Disseminate knowledge about the virus
28-22-42-65,Disseminate knowledge about the virus
28-24-96-40,Restricted travel within country/area
28-24-96-40,Clousre of schools and universities
28-24-96-40,Closure of non essential business
28-24-96-40,Disseminate knowledge about the virus
28-56-71-30,Disseminate knowledge about the virus
29-09-89-76,Advised citizens to stay at hoome
29-09-89-76,Restricted travel within country/area
29-09-89-76,Clousre of schools and universities
29-09-89-76,Buidling more hospitals or renting hotel to accommodate patients
29-09-89-76,Disseminate knowledge about the virus
29-10-18-55,Disseminate knowledge about the virus
29-14-15-14,Advised citizens to stay at hoome
29-14-15-14,Restricted travel within country/area
29-14-15-14,Curfew/lockdown
29-14-80-67,Disseminate knowledge about the virus
29-66-44-87,Disseminate knowledge about the virus
29-72-87-62,Disseminate knowledge about the virus
30-21-60-24,Restricted international travel
30-21-60-24,Disseminate knowledge about the virus
30-25-81-29,Disseminate knowledge about the virus
30-34-21-25,Advised citizens to stay at hoome
30-34-21-25,Restricted travel within country/area
30-34-21-25,Clousre of schools and universities
30-34-21-25,Buidling more hospitals or renting hotel to accommodate patients
30-34-21-25,Disseminate knowledge about the virus
30-40-80-54,Advised citizens to stay at hoome
30-40-80-54,Disseminate knowledge about the virus
30-60-61-62,Advised citizens to stay at hoome
30-60-61-62,Curfew/lockdown
30-60-61-62,Disseminate knowledge about the virus
30-64-04-32,Disseminate knowledge about the virus
30-71-10-72,Advised citizens to stay at hoome
30-71-10-72,Clousre of schools and universities
30-71-10-72,Disseminate knowledge about the virus
30-71-10-72,Disseminate knowledge about the virus
30-83-50-12,Advised citizens to stay at hoome
30-83-50-12,Disseminate knowledge about the virus
30-87-19-67,Advised citizens to stay at hoome
30-87-19-67,Disseminate knowledge about the virus
31-00-61-81,Disseminate knowledge about the virus
31-07-95-65,Advised citizens to stay at hoome
31-07-95-65,Disseminate knowledge about the virus
31-07-95-65,Disseminate knowledge about the virus
31-15-72-28,Disseminate knowledge about the virus
31-19-56-61,Disseminate knowledge about the virus
31-28-06-21,Disseminate knowledge about the virus
31-37-61-18,Disseminate knowledge about the virus
31-77-11-76,Advised citizens to stay at hoome
31-77-11-76,Restricted travel within country/area
31-77-11-76,Disseminate knowledge about the virus
31-95-80-95,Disseminate knowledge about the virus
31-98-95-06,Disseminate knowledge about the virus
33-12-14-62,Advised citizens to stay at hoome
33-12-14-62,Disseminate knowledge about the virus
33-44-26-54,Advised citizens to stay at hoome
33-44-26-54,Disseminate knowledge about the virus
33-60-64-25,Clousre of schools and universities
33-60-64-25,Disseminate knowledge about the virus
33-65-64-57,Disseminate knowledge about the virus
33-71-56-61,Disseminate knowledge about the virus
33-71-70-67,Disseminate knowledge about the virus
33-73-37-44,Curfew/lockdown
33-73-37-44,Disseminate knowledge about the virus
33-78-53-00,Disseminate knowledge about the virus
33-78-53-00,Disseminate knowledge about the virus
33-86-67-75,Disseminate knowledge about the virus
33-89-25-03,Advised citizens to stay at hoome
33-89-25-03,Disseminate knowledge about the virus
33-90-94-09,Restricted travel within country/area
33-90-94-09,Clousre of schools and universities
33-90-94-09,Closure of non essential business
33-90-94-09,Disseminate knowledge about the virus
34-00-28-01,Disseminate knowledge about the virus
34-09-41-70,Advised citizens to stay at hoome
34-09-41-70,Disseminate knowledge about the virus
34-42-73-59,Advised citizens to stay at hoome
34-42-73-59,Disseminate knowledge about the virus
34-64-89-26,Advised citizens to stay at hoome
34-64-89-26,Disseminate knowledge about the virus
34-77-93-33,Advised citizens to stay at hoome
34-77-93-33,Curfew/lockdown
34-77-93-33,Disseminate knowledge about the virus
34-95-18-20,Disseminate knowledge about the virus
34-95-18-20,Disseminate knowledge about the virus
35-06-44-66,Restricted travel within country/area
35-06-44-66,Disseminate knowledge about the virus
35-06-44-66,Disseminate knowledge about the virus
35-30-27-50,Restricted travel within country/area
35-30-27-50,Disseminate knowledge about the virus
35-39-84-90,Disseminate knowledge about the virus
35-58-75-06,Advised citizens to stay at hoome
35-58-75-06,Clousre of schools and universities
35-58-75-06,Buidling more hospitals or renting hotel to accommodate patients
35-58-75-06,Disseminate knowledge about the virus
35-62-23-66,Disseminate knowledge about the virus
35-73-54-72,Advised citizens to stay at hoome
35-73-54-72,Disseminate knowledge about the virus
35-94-42-76,Advised citizens to stay at hoome
35-94-42-76,Restricted travel within country/area
35-94-42-76,Curfew/lockdown
35-94-42-76,Disseminate knowledge about the virus
35-94-42-76,Disseminate knowledge about the virus
35-97-34-27,Disseminate knowledge about the virus
36-16-72-90,Disseminate knowledge about the virus
36-21-15-23,Advised citizens to stay at hoome
36-21-15-23,Disseminate knowledge about the virus
36-24-68-93,Advised citizens to stay at hoome
36-24-68-93,Disseminate knowledge about the virus
36-43-18-96,Disseminate knowledge about the virus
36-49-92-02,Disseminate knowledge about the virus
36-56-02-54,Advised citizens to stay at hoome
36-56-02-54,Disseminate knowledge about the virus
36-61-25-07,Advised citizens to stay at hoome
36-61-25-07,Disseminate knowledge about the virus
36-61-25-07,Disseminate knowledge about the virus
36-70-29-58,Advised citizens to stay at hoome
36-70-29-58,Disseminate knowledge about the virus
36-75-19-42,Advised citizens to stay at hoome
36-75-19-42,Curfew/lockdown
36-75-19-42,Disseminate knowledge about the virus
36-84-67-64,Dont't know
36-89-37-82,Advised citizens to stay at hoome
36-89-37-82,Disseminate knowledge about the virus
36-89-37-82,Disseminate knowledge about the virus
37-35-21-59,Disseminate knowledge about the virus
37-38-42-62,Advised citizens to stay at hoome
37-38-42-62,Disseminate knowledge about the virus
37-38-42-62,Disseminate knowledge about the virus
37-46-32-38,Disseminate knowledge about the virus
37-52-27-69,Disseminate knowledge about the virus
37-52-27-69,Disseminate knowledge about the virus
37-59-89-29,Curfew/lockdown
37-59-89-29,Disseminate knowledge about the virus
37-61-06-75,Dont't know
37-65-27-54,Advised citizens to stay at hoome
37-65-27-54,Clousre of schools and universities
37-65-27-54,Disseminate knowledge about the virus
37-72-45-99,Disseminate knowledge about the virus
37-74-05-89,Disseminate knowledge about the virus
37-77-42-09,Advised citizens to stay at hoome
37-77-42-09,Disseminate knowledge about the virus
37-97-28-81,Advised citizens to stay at hoome
37-97-28-81,Disseminate knowledge about the virus
38-10-58-45,Advised citizens to stay at hoome
38-10-58-45,Disseminate knowledge about the virus
38-43-40-47,Advised citizens to stay at hoome
38-43-40-47,Disseminate knowledge about the virus
38-46-69-29,Restricted travel within country/area
38-46-69-29,Curfew/lockdown
38-46-69-29,Disseminate knowledge about the virus
38-46-69-29,Disseminate knowledge about the virus
38-47-08-02,Disseminate knowledge about the virus
38-54-26-16,Advised citizens to stay at hoome
38-54-26-16,Disseminate knowledge about the virus
38-57-15-36,Curfew/lockdown
38-57-15-36,Disseminate knowledge about the virus
38-76-63-07,Advised citizens to stay at hoome
38-76-63-07,Restricted travel within country/area
38-95-05-30,Advised citizens to stay at hoome
38-95-05-30,Disseminate knowledge about the virus
38-95-05-30,Disseminate knowledge about the virus
39-37-85-76,Clousre of schools and universities
39-37-85-76,Disseminate knowledge about the virus
39-42-49-58,Restricted travel within country/area
39-42-49-58,Disseminate knowledge about the virus
39-42-49-58,Disseminate knowledge about the virus
39-65-12-80,Curfew/lockdown
39-65-12-80,Disseminate knowledge about the virus
39-67-27-96,Advised citizens to stay at hoome
39-67-27-96,Restricted travel within country/area
39-67-27-96,Disseminate knowledge about the virus
39-67-27-96,Disseminate knowledge about the virus
39-82-57-25,Disseminate knowledge about the virus
39-93-61-48,Disseminate knowledge about the virus
40-04-59-84,Advised citizens to stay at hoome
40-04-59-84,Disseminate knowledge about the virus
40-04-59-84,Disseminate knowledge about the virus
40-04-89-63,Clousre of schools and universities
40-04-89-63,Disseminate knowledge about the virus
40-10-14-39,Advised citizens to stay at hoome
40-10-14-39,Disseminate knowledge about the virus
40-10-14-39,Disseminate knowledge about the virus
40-15-14-22,Disseminate knowledge about the virus
40-17-52-95,Advised citizens to stay at hoome
40-17-52-95,Disseminate knowledge about the virus
40-41-44-80,Advised citizens to stay at hoome
40-41-44-80,Clousre of schools and universities
40-41-44-80,Disseminate knowledge about the virus
40-59-75-04,Advised citizens to stay at hoome
40-59-75-04,Disseminate knowledge about the virus
40-59-75-04,Disseminate knowledge about the virus
40-63-22-62,Disseminate knowledge about the virus
40-66-86-79,Advised citizens to stay at hoome
40-66-86-79,Restricted travel within country/area
40-66-86-79,Disseminate knowledge about the virus
41-02-94-76,Disseminate knowledge about the virus
41-43-22-50,Advised citizens to stay at hoome
41-43-22-50,Restricted travel within country/area
41-43-22-50,Curfew/lockdown
41-43-22-50,Disseminate knowledge about the virus
41-43-22-50,Disseminate knowledge about the virus
41-52-92-46,Advised citizens to stay at hoome
41-52-92-46,Disseminate knowledge about the virus
41-55-79-65,Disseminate knowledge about the virus
41-62-99-64,Disseminate knowledge about the virus
41-75-27-41,Disseminate knowledge about the virus
42-33-87-04,Restricted travel within country/area
42-33-87-04,Closure of non essential business
42-33-87-04,Disseminate knowledge about the virus
42-37-35-39,Disseminate knowledge about the virus
42-42-74-85,Advised citizens to stay at hoome
42-42-74-85,Restricted travel within country/area
42-42-74-85,Disseminate knowledge about the virus
42-53-24-27,Advised citizens to stay at hoome
42-53-24-27,Restricted travel within country/area
42-53-24-27,Curfew/lockdown
42-53-24-27,Disseminate knowledge about the virus
42-59-84-80,Dont't know
42-62-53-53,Advised citizens to stay at hoome
42-62-53-53,Disseminate knowledge about the virus
42-77-29-46,Disseminate knowledge about the virus
42-91-79-69,Disseminate knowledge about the virus
43-00-29-22,Restricted travel within country/area
43-00-29-22,Restricted international travel
43-00-29-22,Clousre of schools and universities
43-00-29-22,Closure of non essential business
43-00-29-22,Buidling more hospitals or renting hotel to accommodate patients
43-00-29-22,Disseminate knowledge about the virus
43-00-33-25,Disseminate knowledge about the virus
43-12-56-49,Advised citizens to stay at hoome
43-12-56-49,Disseminate knowledge about the virus
43-12-56-49,Disseminate knowledge about the virus
43-27-17-94,Advised citizens to stay at hoome
43-27-17-94,Restricted travel within country/area
43-27-17-94,Disseminate knowledge about the virus
43-36-09-19,Disseminate knowledge about the virus
43-45-74-03,Advised citizens to stay at hoome
43-45-74-03,Disseminate knowledge about the virus
43-45-74-03,Disseminate knowledge about the virus
43-56-12-42,Advised citizens to stay at hoome
43-56-12-42,Disseminate knowledge about the virus
43-56-12-42,Disseminate knowledge about the virus
43-60-19-99,Advised citizens to stay at hoome
43-60-19-99,Restricted travel within country/area
43-60-19-99,Curfew/lockdown
43-60-19-99,Disseminate knowledge about the virus
43-77-41-72,Advised citizens to stay at hoome
43-77-41-72,Restricted travel within country/area
43-77-41-72,Disseminate knowledge about the virus
43-77-41-72,Disseminate knowledge about the virus
43-79-39-05,Advised citizens to stay at hoome
43-79-39-05,Disseminate knowledge about the virus
43-79-39-05,Disseminate knowledge about the virus
43-84-79-30,Advised citizens to stay at hoome
43-84-79-30,Clousre of schools and universities
43-84-79-30,Buidling more hospitals or renting hotel to accommodate patients
43-84-79-30,Disseminate knowledge about the virus
43-84-93-81,Advised citizens to stay at hoome
43-84-93-81,Disseminate knowledge about the virus
43-90-34-57,Disseminate knowledge about the virus
43-98-71-46,Advised citizens to stay at hoome
43-98-71-46,Restricted travel within country/area
43-98-71-46,Curfew/lockdown
43-99-18-22,Advised citizens to stay at hoome
43-99-18-22,Restricted travel within country/area
43-99-18-22,Disseminate knowledge about the virus
43-99-18-22,Disseminate knowledge about the virus
44-12-75-86,Disseminate knowledge about the virus
44-36-05-05,Advised citizens to stay at hoome
44-36-05-05,Curfew/lockdown
44-36-05-05,Disseminate knowledge about the virus
44-41-36-03,Advised citizens to stay at hoome
44-41-36-03,Clousre of schools and universities
44-41-36-03,Disseminate knowledge about the virus
44-73-60-72,Advised citizens to stay at hoome
44-73-60-72,Disseminate knowledge about the virus
44-87-94-13,Advised citizens to stay at hoome
44-87-94-13,Restricted travel within country/area
44-87-94-13,Clousre of schools and universities
44-87-94-13,Disseminate knowledge about the virus
45-09-31-36,Advised citizens to stay at hoome
45-09-31-36,Restricted travel within country/area
45-09-31-36,Disseminate knowledge about the virus
45-09-31-36,Disseminate knowledge about the virus
45-33-07-93,Disseminate knowledge about the virus
45-38-94-73,Disseminate knowledge about the virus
45-47-97-58,Advised citizens to stay at hoome
45-47-97-58,Disseminate knowledge about the virus
45-47-97-58,Disseminate knowledge about the virus
45-93-10-00,Advised citizens to stay at hoome
45-93-10-00,Disseminate knowledge about the virus
46-01-59-76,Disseminate knowledge about the virus
46-34-50-62,Advised citizens to stay at hoome
46-34-50-62,Disseminate knowledge about the virus
46-38-48-60,Advised citizens to stay at hoome
46-38-48-60,Disseminate knowledge about the virus
46-38-48-60,Disseminate knowledge about the virus
46-69-08-47,Disseminate knowledge about the virus
46-69-63-29,Advised citizens to stay at hoome
46-69-63-29,Disseminate knowledge about the virus
46-83-48-62,Disseminate knowledge about the virus
47-11-27-08,Advised citizens to stay at hoome
47-11-27-08,Disseminate knowledge about the virus
47-69-71-49,Disseminate knowledge about the virus
47-76-61-62,Restricted travel within country/area
47-76-61-62,Clousre of schools and universities
47-76-61-62,Closure of non essential business
47-76-61-62,Disseminate knowledge about the virus
47-80-83-62,Disseminate knowledge about the virus
47-91-71-45,Curfew/lockdown
47-91-71-45,Disseminate knowledge about the virus
47-91-71-45,Disseminate knowledge about the virus
48-02-06-23,Advised citizens to stay at hoome
48-02-06-23,Disseminate knowledge about the virus
48-19-55-10,Advised citizens to stay at hoome
48-19-55-10,Disseminate knowledge about the virus
48-24-34-15,Advised citizens to stay at hoome
48-24-34-15,Disseminate knowledge about the virus
48-25-30-68,Advised citizens to stay at hoome
48-25-30-68,Restricted travel within country/area
48-25-30-68,Curfew/lockdown
48-25-30-68,Disseminate knowledge about the virus
48-26-20-16,Advised citizens to stay at hoome
48-26-20-16,Disseminate knowledge about the virus
48-26-20-16,Disseminate knowledge about the virus
48-34-15-09,Advised citizens to stay at hoome
48-34-15-09,Disseminate knowledge about the virus
48-40-40-85,Advised citizens to stay at hoome
48-40-40-85,Restricted travel within country/area
48-40-40-85,Restricted international travel
48-40-40-85,Disseminate knowledge about the virus
48-46-10-67,Dont't know
48-66-61-35,Disseminate knowledge about the virus
48-69-11-17,Curfew/lockdown
48-69-11-17,Disseminate knowledge about the virus
48-86-62-86,Advised citizens to stay at hoome
48-86-62-86,Disseminate knowledge about the virus
48-86-62-86,Disseminate knowledge about the virus
49-32-19-62,Advised citizens to stay at hoome
49-32-19-62,Disseminate knowledge about the virus
49-32-98-99,Disseminate knowledge about the virus
49-54-96-94,Disseminate knowledge about the virus
49-62-76-81,Disseminate knowledge about the virus
49-64-42-33,Disseminate knowledge about the virus
49-64-42-33,Disseminate knowledge about the virus
49-70-47-21,Advised citizens to stay at hoome
49-70-47-21,Clousre of schools and universities
49-70-47-21,Disseminate knowledge about the virus
49-70-47-21,Disseminate knowledge about the virus
50-01-78-09,Disseminate knowledge about the virus
50-01-78-09,Disseminate knowledge about the virus
50-02-07-28,Disseminate knowledge about the virus
50-21-99-60,Restricted travel within country/area
50-21-99-60,Clousre of schools and universities
50-21-99-60,Closure of non essential business
50-21-99-60,Disseminate knowledge about the virus
50-22-79-07,Disseminate knowledge about the virus
50-25-24-53,Clousre of schools and universities
50-25-24-53,Disseminate knowledge about the virus
50-58-30-13,Advised citizens to stay at hoome
50-58-30-13,Restricted travel within country/area
50-58-30-13,Clousre of schools and universities
50-58-30-13,Disseminate knowledge about the virus
50-60-22-41,Advised citizens to stay at hoome
50-60-22-41,Restricted travel within country/area
50-60-22-41,Clousre of schools and universities
50-60-22-41,Closure of non essential business
50-60-22-41,Disseminate knowledge about the virus
50-69-77-44,Disseminate knowledge about the virus
50-69-77-44,Disseminate knowledge about the virus
50-87-50-62,Clousre of schools and universities
50-87-50-62,Disseminate knowledge about the virus
51-01-94-67,Disseminate knowledge about the virus
51-09-32-63,Advised citizens to stay at hoome
51-09-32-63,Restricted travel within country/area
51-09-32-63,Disseminate knowledge about the virus
51-25-89-78,Advised citizens to stay at hoome
51-25-89-78,Disseminate knowledge about the virus
51-25-89-78,Disseminate knowledge about the virus
51-37-92-67,Advised citizens to stay at hoome
51-37-92-67,Disseminate knowledge about the virus
51-59-93-03,Advised citizens to stay at hoome
51-59-93-03,Curfew/lockdown
51-59-93-03,Disseminate knowledge about the virus
51-70-04-92,Disseminate knowledge about the virus
51-70-04-92,Disseminate knowledge about the virus
51-72-85-98,Disseminate knowledge about the virus
51-76-01-12,Disseminate knowledge about the virus
51-86-87-77,Advised citizens to stay at hoome
51-86-87-77,Disseminate knowledge about the virus
51-97-69-96,Restricted travel within country/area
51-97-69-96,Clousre of schools and universities
51-97-69-96,Closure of non essential business
51-97-69-96,Disseminate knowledge about the virus
52-53-40-53,Advised citizens to stay at hoome
52-53-40-53,Restricted travel within country/area
52-53-40-53,Clousre of schools and universities
52-53-40-53,Curfew/lockdown
52-53-40-53,Disseminate knowledge about the virus
52-61-02-40,Disseminate knowledge about the virus
52-75-29-40,Advised citizens to stay at hoome
52-75-29-40,Disseminate knowledge about the virus
52-75-29-40,Restricted travel within country/area
52-81-79-26,Disseminate knowledge about the virus
52-85-28-28,Advised citizens to stay at hoome
52-85-28-28,Disseminate knowledge about the virus
52-89-47-82,Disseminate knowledge about the virus
53-08-85-03,Advised citizens to stay at hoome
53-08-85-03,Curfew/lockdown
53-08-85-03,Disseminate knowledge about the virus
53-20-99-21,Advised citizens to stay at hoome
53-20-99-21,Restricted travel within country/area
53-20-99-21,Disseminate knowledge about the virus
53-20-99-21,Disseminate knowledge about the virus
53-27-69-08,Advised citizens to stay at hoome
53-27-69-08,Restricted travel within country/area
53-27-69-08,Clousre of schools and universities
53-27-69-08,Disseminate knowledge about the virus
53-40-08-20,Curfew/lockdown
53-40-08-20,Disseminate knowledge about the virus
53-58-30-17,Advised citizens to stay at hoome
53-58-30-17,Curfew/lockdown
53-58-30-17,Disseminate knowledge about the virus
53-58-66-13,Disseminate knowledge about the virus
53-59-74-83,Advised citizens to stay at hoome
53-59-74-83,Disseminate knowledge about the virus
53-59-74-83,Disseminate knowledge about the virus
53-71-01-04,Advised citizens to stay at hoome
53-71-01-04,Restricted travel within country/area
53-71-01-04,Restricted international travel
53-71-01-04,Clousre of schools and universities
53-71-01-04,Disseminate knowledge about the virus
54-08-61-18,Disseminate knowledge about the virus
54-26-95-74,Advised citizens to stay at hoome
54-26-95-74,Clousre of schools and universities
54-26-95-74,Disseminate knowledge about the virus
54-26-95-74,Disseminate knowledge about the virus
54-35-19-45,Advised citizens to stay at hoome
54-35-19-45,Restricted travel within country/area
54-45-81-21,Advised citizens to stay at hoome
54-45-81-21,Disseminate knowledge about the virus
54-45-81-21,Disseminate knowledge about the virus
54-67-05-10,Restricted travel within country/area
54-67-05-10,Clousre of schools and universities
54-67-05-10,Disseminate knowledge about the virus
54-67-05-10,Disseminate knowledge about the virus
54-67-43-30,Disseminate knowledge about the virus
54-68-38-16,Curfew/lockdown
54-68-38-16,Disseminate knowledge about the virus
55-02-46-10,Advised citizens to stay at hoome
55-02-46-10,Curfew/lockdown
55-02-46-10,Disseminate knowledge about the virus
55-07-87-33,Advised citizens to stay at hoome
55-07-87-33,Disseminate knowledge about the virus
55-30-81-13,Advised citizens to stay at hoome
55-46-89-32,Disseminate knowledge about the virus
55-99-30-12,Advised citizens to stay at hoome
56-16-72-34,Restricted travel within country/area
56-16-72-34,Disseminate knowledge about the virus
56-16-72-34,Disseminate knowledge about the virus
56-30-18-48,Restricted travel within country/area
56-30-18-48,Disseminate knowledge about the virus
56-30-18-48,Disseminate knowledge about the virus
56-62-34-18,Disseminate knowledge about the virus
56-65-29-99,Restricted travel within country/area
56-65-29-99,Disseminate knowledge about the virus
56-78-80-75,Disseminate knowledge about the virus
57-07-53-93,Disseminate knowledge about the virus
57-12-71-54,Disseminate knowledge about the virus
57-13-57-62,Restricted travel within country/area
57-13-57-62,Restricted international travel
57-13-57-62,Clousre of schools and universities
57-13-57-62,Closure of non essential business
57-13-57-62,Buidling more hospitals or renting hotel to accommodate patients
57-13-57-62,Disseminate knowledge about the virus
57-47-09-99,Curfew/lockdown
57-47-09-99,Disseminate knowledge about the virus
57-72-64-11,Disseminate knowledge about the virus
57-72-64-11,Disseminate knowledge about the virus
57-73-26-63,Advised citizens to stay at hoome
57-73-26-63,Disseminate knowledge about the virus
57-79-77-14,Disseminate knowledge about the virus
58-08-83-14,Advised citizens to stay at hoome
58-08-83-14,Disseminate knowledge about the virus
58-32-73-26,Disseminate knowledge about the virus
58-32-73-26,Disseminate knowledge about the virus
58-46-64-12,Advised citizens to stay at hoome
58-46-64-12,Disseminate knowledge about the virus
58-55-23-92,Advised citizens to stay at hoome
58-55-23-92,Disseminate knowledge about the virus
58-55-23-92,Disseminate knowledge about the virus
58-66-56-84,Disseminate knowledge about the virus
58-74-21-13,Advised citizens to stay at hoome
58-74-21-13,Disseminate knowledge about the virus
58-78-28-96,Advised citizens to stay at hoome
58-78-28-96,Restricted travel within country/area
58-78-28-96,Disseminate knowledge about the virus
58-90-89-47,Restricted travel within country/area
58-90-89-47,Disseminate knowledge about the virus
58-90-89-47,Disseminate knowledge about the virus
58-92-09-56,Advised citizens to stay at hoome
58-92-09-56,Curfew/lockdown
59-07-21-08,Restricted travel within country/area
59-07-21-08,Disseminate knowledge about the virus
59-07-21-08,Disseminate knowledge about the virus
59-07-39-14,Restricted travel within country/area
59-07-39-14,Disseminate knowledge about the virus
59-32-50-97,Disseminate knowledge about the virus
60-10-16-39,Disseminate knowledge about the virus
60-41-03-26,Advised citizens to stay at hoome
60-41-03-26,Restricted travel within country/area
60-41-03-26,Disseminate knowledge about the virus
60-41-03-26,Disseminate knowledge about the virus
60-49-28-82,Advised citizens to stay at hoome
60-49-28-82,Disseminate knowledge about the virus
60-62-45-60,Provided food to needed
60-62-45-60,Disseminate knowledge about the virus
60-78-53-60,Disseminate knowledge about the virus
60-94-00-23,Disseminate knowledge about the virus
61-20-42-71,Restricted travel within country/area
61-20-42-71,Disseminate knowledge about the virus
61-34-19-06,Disseminate knowledge about the virus
61-55-74-69,Disseminate knowledge about the virus
61-63-30-76,Advised citizens to stay at hoome
61-63-30-76,Disseminate knowledge about the virus
61-67-47-85,Advised citizens to stay at hoome
61-67-47-85,Disseminate knowledge about the virus
61-67-47-85,Disseminate knowledge about the virus
61-67-62-11,Advised citizens to stay at hoome
61-67-62-11,Restricted travel within country/area
61-67-62-11,Restricted international travel
61-67-62-11,Clousre of schools and universities
61-67-62-11,Closure of non essential business
61-67-62-11,Buidling more hospitals or renting hotel to accommodate patients
61-67-62-11,Disseminate knowledge about the virus
61-79-37-24,Disseminate knowledge about the virus
61-89-05-23,Disseminate knowledge about the virus
61-93-66-97,Restricted international travel
61-93-66-97,Curfew/lockdown
61-93-66-97,Closure of non essential business
61-93-66-97,Disseminate knowledge about the virus
62-82-26-82,Provided food to needed
62-82-26-82,Disseminate knowledge about the virus
62-82-26-82,Disseminate knowledge about the virus
62-82-91-08,Advised citizens to stay at hoome
62-82-91-08,Disseminate knowledge about the virus
62-83-34-08,Clousre of schools and universities
62-83-34-08,Curfew/lockdown
62-83-34-08,Closure of non essential business
62-83-34-08,Disseminate knowledge about the virus
63-07-27-19,Disseminate knowledge about the virus
63-08-06-55,Advised citizens to stay at hoome
63-08-06-55,Disseminate knowledge about the virus
63-39-93-82,Advised citizens to stay at hoome
63-39-93-82,Restricted travel within country/area
63-39-93-82,Disseminate knowledge about the virus
63-59-43-21,Disseminate knowledge about the virus
63-65-88-89,Advised citizens to stay at hoome
63-65-88-89,Restricted travel within country/area
63-65-88-89,Disseminate knowledge about the virus
63-71-80-56,Disseminate knowledge about the virus
63-71-80-56,Disseminate knowledge about the virus
64-04-63-22,Dont't know
64-34-51-84,Disseminate knowledge about the virus
64-57-05-02,Restricted travel within country/area
64-57-05-02,Clousre of schools and universities
64-57-05-02,Closure of non essential business
64-57-05-02,Disseminate knowledge about the virus
64-61-47-92,Clousre of schools and universities
64-61-47-92,Disseminate knowledge about the virus
64-88-44-02,Advised citizens to stay at hoome
64-88-44-02,Curfew/lockdown
64-98-89-35,Advised citizens to stay at hoome
64-98-89-35,Disseminate knowledge about the virus
64-98-89-35,Disseminate knowledge about the virus
65-18-75-73,Disseminate knowledge about the virus
65-18-75-73,Disseminate knowledge about the virus
65-27-71-41,Disseminate knowledge about the virus
65-72-41-25,Advised citizens to stay at hoome
65-72-41-25,Clousre of schools and universities
65-72-41-25,Disseminate knowledge about the virus
65-79-15-47,Advised citizens to stay at hoome
65-79-15-47,Restricted travel within country/area
65-79-15-47,Disseminate knowledge about the virus
65-79-15-47,Disseminate knowledge about the virus
65-79-97-04,Disseminate knowledge about the virus
65-85-49-02,Disseminate knowledge about the virus
65-86-02-16,Advised citizens to stay at hoome
65-86-02-16,Restricted travel within country/area
65-86-02-16,Disseminate knowledge about the virus
66-07-04-55,Advised citizens to stay at hoome
66-07-04-55,Disseminate knowledge about the virus
66-07-48-67,Disseminate knowledge about the virus
66-07-48-67,Disseminate knowledge about the virus
66-35-04-80,Advised citizens to stay at hoome
66-35-04-80,Disseminate knowledge about the virus
66-35-04-80,Disseminate knowledge about the virus
66-39-65-35,Advised citizens to stay at hoome
66-39-65-35,Disseminate knowledge about the virus
66-48-64-90,Advised citizens to stay at hoome
66-48-64-90,Curfew/lockdown
66-48-64-90,Disseminate knowledge about the virus
66-75-61-47,Advised citizens to stay at hoome
66-75-61-47,Disseminate knowledge about the virus
67-13-64-14,Advised citizens to stay at hoome
67-13-64-14,Disseminate knowledge about the virus
67-14-96-86,Disseminate knowledge about the virus
67-16-72-03,Restricted travel within country/area
67-16-72-03,Restricted international travel
67-16-72-03,Clousre of schools and universities
67-16-72-03,Closure of non essential business
67-16-72-03,Disseminate knowledge about the virus
67-26-95-16,Disseminate knowledge about the virus
67-54-39-53,Disseminate knowledge about the virus
67-54-92-61,Advised citizens to stay at hoome
67-54-92-61,Disseminate knowledge about the virus
67-69-38-47,Restricted travel within country/area
67-69-38-47,Clousre of schools and universities
67-69-38-47,Disseminate knowledge about the virus
67-73-53-12,Advised citizens to stay at hoome
67-73-53-12,Disseminate knowledge about the virus
67-80-49-96,Advised citizens to stay at hoome
67-80-49-96,Clousre of schools and universities
67-80-49-96,Disseminate knowledge about the virus
67-96-98-63,Advised citizens to stay at hoome
67-96-98-63,Curfew/lockdown
67-96-98-63,Disseminate knowledge about the virus
67-96-98-63,Disseminate knowledge about the virus
68-41-36-89,Advised citizens to stay at hoome
68-41-36-89,Restricted travel within country/area
68-41-36-89,Curfew/lockdown
68-41-36-89,Disseminate knowledge about the virus
68-42-89-25,Disseminate knowledge about the virus
68-46-30-47,Disseminate knowledge about the virus
68-60-51-64,Disseminate knowledge about the virus
68-78-48-22,Advised citizens to stay at hoome
68-78-48-22,Disseminate knowledge about the virus
69-10-15-62,Restricted travel within country/area
69-10-15-62,Disseminate knowledge about the virus
69-10-15-62,Disseminate knowledge about the virus
69-13-85-90,Advised citizens to stay at hoome
69-13-85-90,Restricted travel within country/area
69-13-85-90,Disseminate knowledge about the virus
69-19-88-76,Disseminate knowledge about the virus
69-19-88-76,Disseminate knowledge about the virus
69-32-19-34,Advised citizens to stay at hoome
69-32-19-34,Disseminate knowledge about the virus
69-32-19-34,Disseminate knowledge about the virus
69-40-67-20,Disseminate knowledge about the virus
69-60-23-67,Disseminate knowledge about the virus
69-64-03-36,Advised citizens to stay at hoome
69-64-03-36,Restricted travel within country/area
69-64-03-36,Disseminate knowledge about the virus
69-70-59-96,Disseminate knowledge about the virus
69-89-52-33,Advised citizens to stay at hoome
69-89-52-33,Restricted travel within country/area
69-89-52-33,Disseminate knowledge about the virus
70-01-24-50,Restricted travel within country/area
70-01-24-50,Clousre of schools and universities
70-01-24-50,Disseminate knowledge about the virus
70-02-54-40,Advised citizens to stay at hoome
70-02-54-40,Disseminate knowledge about the virus
70-02-54-40,Disseminate knowledge about the virus
70-03-55-46,Disseminate knowledge about the virus
70-14-57-65,Advised citizens to stay at hoome
70-14-57-65,Disseminate knowledge about the virus
70-23-85-74,Disseminate knowledge about the virus
70-26-43-15,Advised citizens to stay at hoome
70-26-43-15,Disseminate knowledge about the virus
70-30-24-05,Disseminate knowledge about the virus
70-32-33-45,Advised citizens to stay at hoome
70-32-33-45,Disseminate knowledge about the virus
70-51-23-22,Advised citizens to stay at hoome
70-51-23-22,Disseminate knowledge about the virus
70-51-30-36,Advised citizens to stay at hoome
70-51-30-36,Restricted travel within country/area
70-51-30-36,Curfew/lockdown
70-67-72-55,Advised citizens to stay at hoome
70-67-72-55,Curfew/lockdown
70-67-72-55,Disseminate knowledge about the virus
70-84-90-44,Advised citizens to stay at hoome
70-84-90-44,Disseminate knowledge about the virus
70-90-38-74,Clousre of schools and universities
70-90-38-74,Disseminate knowledge about the virus
70-97-48-34,Advised citizens to stay at hoome
70-97-48-34,Restricted travel within country/area
70-97-48-34,Restricted international travel
70-97-48-34,Clousre of schools and universities
70-97-48-34,Closure of non essential business
70-97-48-34,Buidling more hospitals or renting hotel to accommodate patients
70-97-48-34,Disseminate knowledge about the virus
71-15-91-52,Clousre of schools and universities
71-15-91-52,Disseminate knowledge about the virus
71-20-63-65,Disseminate knowledge about the virus
71-26-70-71,Disseminate knowledge about the virus
71-26-70-71,Disseminate knowledge about the virus
71-62-01-78,Advised citizens to stay at hoome
71-62-01-78,Disseminate knowledge about the virus
71-70-43-89,Advised citizens to stay at hoome
71-87-51-82,Advised citizens to stay at hoome
71-87-51-82,Restricted travel within country/area
71-87-51-82,Clousre of schools and universities
71-87-51-82,Disseminate knowledge about the virus
71-91-57-15,Disseminate knowledge about the virus
71-96-71-79,Disseminate knowledge about the virus
71-99-72-05,Dont't know
72-03-14-59,Advised citizens to stay at hoome
72-03-14-59,Disseminate knowledge about the virus
72-18-25-93,Disseminate knowledge about the virus
72-38-68-12,Disseminate knowledge about the virus
72-39-85-25,Advised citizens to stay at hoome
72-39-85-25,Disseminate knowledge about the virus
72-72-49-02,Advised citizens to stay at hoome
72-72-49-02,Disseminate knowledge about the virus
73-29-67-92,Advised citizens to stay at hoome
73-29-67-92,Disseminate knowledge about the virus
73-51-02-20,Advised citizens to stay at hoome
73-51-02-20,Curfew/lockdown
73-51-02-20,Disseminate knowledge about the virus
73-53-12-86,Advised citizens to stay at hoome
73-53-12-86,Disseminate knowledge about the virus
73-54-09-30,Advised citizens to stay at hoome
73-54-09-30,Disseminate knowledge about the virus
74-32-87-07,Advised citizens to stay at hoome
74-32-87-07,Disseminate knowledge about the virus
74-33-37-50,Disseminate knowledge about the virus
74-41-59-10,Disseminate knowledge about the virus
74-70-91-27,Disseminate knowledge about the virus
74-70-91-27,Disseminate knowledge about the virus
74-76-86-26,Advised citizens to stay at hoome
74-76-86-26,Restricted travel within country/area
74-76-86-26,Restricted international travel
74-76-86-26,Clousre of schools and universities
74-76-86-26,Closure of non essential business
74-76-86-26,Buidling more hospitals or renting hotel to accommodate patients
74-76-86-26,Disseminate knowledge about the virus
74-88-20-55,Disseminate knowledge about the virus
74-88-20-55,Disseminate knowledge about the virus
75-18-91-78,Restricted travel within country/area
75-18-91-78,Clousre of schools and universities
75-18-91-78,Closure of non essential business
75-18-91-78,Disseminate knowledge about the virus
75-46-44-48,Disseminate knowledge about the virus
75-46-44-48,Disseminate knowledge about the virus
75-72-87-95,Restricted travel within country/area
75-72-87-95,Clousre of schools and universities
75-72-87-95,Closure of non essential business
75-72-87-95,Buidling more hospitals or renting hotel to accommodate patients
75-72-87-95,Disseminate knowledge about the virus
75-81-50-37,Advised citizens to stay at hoome
75-81-50-37,Restricted travel within country/area
75-81-50-37,Closure of non essential business
75-81-50-37,Disseminate knowledge about the virus
75-81-50-37,Disseminate knowledge about the virus
75-90-44-61,Dont't know
76-03-70-21,Disseminate knowledge about the virus
76-07-74-64,Restricted international travel
76-07-74-64,Disseminate knowledge about the virus
76-23-25-51,Disseminate knowledge about the virus
76-31-56-28,Restricted travel within country/area
76-31-56-28,Disseminate knowledge about the virus
76-31-56-28,Disseminate knowledge about the virus
76-39-03-52,Advised citizens to stay at hoome
76-39-03-52,Curfew/lockdown
76-39-03-52,Disseminate knowledge about the virus
76-56-42-72,Disseminate knowledge about the virus
76-67-45-40,Disseminate knowledge about the virus
76-85-11-67,Advised citizens to stay at hoome
76-85-11-67,Disseminate knowledge about the virus
77-27-77-14,Restricted travel within country/area
77-27-77-14,Closure of non essential business
77-27-77-14,Disseminate knowledge about the virus
77-30-98-85,Disseminate knowledge about the virus
77-53-99-20,Disseminate knowledge about the virus
77-72-21-65,Advised citizens to stay at hoome
77-72-21-65,Restricted travel within country/area
77-72-21-65,Curfew/lockdown
77-72-21-65,Disseminate knowledge about the virus
77-78-49-46,Advised citizens to stay at hoome
77-78-49-46,Restricted travel within country/area
77-78-49-46,Disseminate knowledge about the virus
77-85-67-39,Curfew/lockdown
77-85-67-39,Disseminate knowledge about the virus
77-93-62-52,Disseminate knowledge about the virus
77-94-03-11,Disseminate knowledge about the virus
77-94-03-11,Disseminate knowledge about the virus
78-08-38-71,Advised citizens to stay at hoome
78-08-38-71,Restricted travel within country/area
78-08-38-71,Curfew/lockdown
78-08-38-71,Disseminate knowledge about the virus
78-10-54-66,Advised citizens to stay at hoome
78-10-54-66,Disseminate knowledge about the virus
78-34-47-68,Advised citizens to stay at hoome
78-34-47-68,Disseminate knowledge about the virus
78-34-47-68,Disseminate knowledge about the virus
78-37-50-20,Restricted travel within country/area
78-37-50-20,Clousre of schools and universities
78-37-50-20,Disseminate knowledge about the virus
78-51-05-02,Disseminate knowledge about the virus
79-16-59-94,Curfew/lockdown
79-16-59-94,Disseminate knowledge about the virus
79-44-03-21,Advised citizens to stay at hoome
79-44-03-21,Curfew/lockdown
79-44-03-21,Disseminate knowledge about the virus
79-62-04-23,Dont't know
79-66-17-97,Advised citizens to stay at hoome
79-66-17-97,Disseminate knowledge about the virus
79-71-58-05,Advised citizens to stay at hoome
79-71-58-05,Restricted travel within country/area
79-71-58-05,Restricted international travel
79-71-58-05,Clousre of schools and universities
79-71-58-05,Provided food to needed
79-71-58-05,Disseminate knowledge about the virus
79-97-96-47,Disseminate knowledge about the virus
79-97-96-47,Disseminate knowledge about the virus
80-07-26-42,Disseminate knowledge about the virus
80-07-26-42,Disseminate knowledge about the virus
80-08-28-90,Curfew/lockdown
80-08-28-90,Disseminate knowledge about the virus
80-25-01-71,Advised citizens to stay at hoome
80-25-01-71,Disseminate knowledge about the virus
80-54-35-72,Advised citizens to stay at hoome
80-54-35-72,Curfew/lockdown
80-54-35-72,Disseminate knowledge about the virus
80-54-35-72,Disseminate knowledge about the virus
80-75-69-52,Restricted travel within country/area
80-75-69-52,Disseminate knowledge about the virus
80-75-69-52,Disseminate knowledge about the virus
81-01-13-76,Restricted travel within country/area
81-01-13-76,Disseminate knowledge about the virus
81-08-61-17,Clousre of schools and universities
81-08-61-17,Closure of non essential business
81-08-61-17,Disseminate knowledge about the virus
81-22-64-88,Advised citizens to stay at hoome
81-22-64-88,Disseminate knowledge about the virus
81-22-88-54,Disseminate knowledge about the virus
81-25-51-62,Disseminate knowledge about the virus
81-27-33-22,Restricted travel within country/area
81-27-33-22,Disseminate knowledge about the virus
81-27-33-22,Disseminate knowledge about the virus
81-44-00-41,Dont't know
81-61-67-83,Dont't know
81-71-94-73,Advised citizens to stay at hoome
81-71-94-73,Disseminate knowledge about the virus
81-74-14-22,Disseminate knowledge about the virus
81-84-06-93,Restricted travel within country/area
81-84-06-93,Clousre of schools and universities
81-84-06-93,Closure of non essential business
81-84-06-93,Disseminate knowledge about the virus
82-21-09-94,Advised citizens to stay at hoome
82-21-09-94,Restricted travel within country/area
82-21-09-94,Disseminate knowledge about the virus
82-21-09-94,Disseminate knowledge about the virus
82-44-93-21,Advised citizens to stay at hoome
82-44-93-21,Disseminate knowledge about the virus
82-61-03-96,Advised citizens to stay at hoome
82-61-03-96,Disseminate knowledge about the virus
82-86-43-24,Disseminate knowledge about the virus
82-86-43-24,Disseminate knowledge about the virus
82-87-12-79,Advised citizens to stay at hoome
82-87-12-79,Disseminate knowledge about the virus
82-87-12-79,Disseminate knowledge about the virus
82-88-26-96,Disseminate knowledge about the virus
82-99-51-56,Advised citizens to stay at hoome
82-99-51-56,Disseminate knowledge about the virus
83-03-85-50,Disseminate knowledge about the virus
83-35-89-96,Restricted travel within country/area
83-35-89-96,Restricted international travel
83-35-89-96,Clousre of schools and universities
83-35-89-96,Closure of non essential business
83-35-89-96,Buidling more hospitals or renting hotel to accommodate patients
83-35-89-96,Disseminate knowledge about the virus
83-41-20-48,Disseminate knowledge about the virus
83-42-84-48,Advised citizens to stay at hoome
83-42-84-48,Restricted travel within country/area
83-42-84-48,Disseminate knowledge about the virus
83-59-81-76,Restricted travel within country/area
83-59-81-76,Clousre of schools and universities
83-59-81-76,Disseminate knowledge about the virus
83-81-13-95,Advised citizens to stay at hoome
83-81-13-95,Disseminate knowledge about the virus
83-87-99-34,Disseminate knowledge about the virus
84-02-94-51,Disseminate knowledge about the virus
84-03-30-70,Advised citizens to stay at hoome
84-03-30-70,Clousre of schools and universities
84-03-30-70,Disseminate knowledge about the virus
84-03-30-70,Disseminate knowledge about the virus
84-21-43-62,Advised citizens to stay at hoome
84-21-43-62,Disseminate knowledge about the virus
84-21-43-62,Disseminate knowledge about the virus
84-32-24-91,Disseminate knowledge about the virus
84-42-09-16,Advised citizens to stay at hoome
84-42-09-16,Restricted travel within country/area
84-42-09-16,Curfew/lockdown
84-42-09-16,Disseminate knowledge about the virus
84-86-71-27,Disseminate knowledge about the virus
85-07-42-46,Advised citizens to stay at hoome
85-07-42-46,Disseminate knowledge about the virus
85-17-79-03,Advised citizens to stay at hoome
85-17-79-03,Disseminate knowledge about the virus
85-23-26-16,Advised citizens to stay at hoome
85-23-26-16,Curfew/lockdown
85-23-26-16,Disseminate knowledge about the virus
85-32-52-21,Advised citizens to stay at hoome
85-32-52-21,Curfew/lockdown
85-32-52-21,Disseminate knowledge about the virus
85-48-29-06,Disseminate knowledge about the virus
85-52-34-63,Advised citizens to stay at hoome
85-52-34-63,Disseminate knowledge about the virus
85-55-87-14,Disseminate knowledge about the virus
85-55-87-14,Disseminate knowledge about the virus
85-62-72-46,Advised citizens to stay at hoome
85-62-72-46,Disseminate knowledge about the virus
85-73-39-95,Restricted travel within country/area
85-73-39-95,Curfew/lockdown
85-73-39-95,Disseminate knowledge about the virus
85-90-63-78,Disseminate knowledge about the virus
86-03-34-86,Disseminate knowledge about the virus
86-03-63-58,Disseminate knowledge about the virus
86-03-64-37,Disseminate knowledge about the virus
86-04-92-54,Advised citizens to stay at hoome
86-04-92-54,Disseminate knowledge about the virus
86-04-92-54,Advised citizens to stay at hoome
86-24-40-72,Advised citizens to stay at hoome
86-24-40-72,Disseminate knowledge about the virus
86-26-40-80,Advised citizens to stay at hoome
86-26-40-80,Disseminate knowledge about the virus
86-71-20-29,Disseminate knowledge about the virus
86-71-20-29,Disseminate knowledge about the virus
86-75-67-53,Advised citizens to stay at hoome
86-75-67-53,Restricted international travel
86-75-67-53,Disseminate knowledge about the virus
86-77-97-98,Disseminate knowledge about the virus
87-28-18-46,Advised citizens to stay at hoome
87-28-18-46,Curfew/lockdown
87-32-17-19,Advised citizens to stay at hoome
87-32-17-19,Disseminate knowledge about the virus
87-32-17-19,Disseminate knowledge about the virus
87-41-89-67,Advised citizens to stay at hoome
87-41-89-67,Restricted travel within country/area
87-41-89-67,Curfew/lockdown
87-41-89-67,Disseminate knowledge about the virus
87-43-26-36,Curfew/lockdown
87-43-26-36,Disseminate knowledge about the virus
87-43-26-36,Disseminate knowledge about the virus
87-94-65-95,Disseminate knowledge about the virus
88-00-07-74,Restricted travel within country/area
88-00-07-74,Restricted international travel
88-00-07-74,Disseminate knowledge about the virus
88-30-00-91,Advised citizens to stay at hoome
88-30-00-91,Disseminate knowledge about the virus
88-30-00-91,Disseminate knowledge about the virus
88-32-57-85,Advised citizens to stay at hoome
88-32-57-85,Disseminate knowledge about the virus
88-36-53-04,Advised citizens to stay at hoome
88-36-53-04,Disseminate knowledge about the virus
88-52-42-98,Advised citizens to stay at hoome
88-52-42-98,Disseminate knowledge about the virus
88-64-50-68,Clousre of schools and universities
88-64-50-68,Disseminate knowledge about the virus
88-74-48-63,Restricted travel within country/area
88-74-48-63,Restricted international travel
88-74-48-63,Clousre of schools and universities
88-74-48-63,Disseminate knowledge about the virus
89-23-79-02,Advised citizens to stay at hoome
89-23-79-02,Restricted travel within country/area
89-23-79-02,Restricted international travel
89-23-79-02,Clousre of schools and universities
89-23-79-02,Curfew/lockdown
89-23-79-02,Disseminate knowledge about the virus
89-30-18-91,Disseminate knowledge about the virus
89-42-49-71,Disseminate knowledge about the virus
89-66-82-87,Curfew/lockdown
89-66-82-87,Provided food to needed
89-66-82-87,Disseminate knowledge about the virus
89-69-08-00,Advised citizens to stay at hoome
89-69-08-00,Disseminate knowledge about the virus
89-77-54-00,Disseminate knowledge about the virus
89-78-75-87,Advised citizens to stay at hoome
89-78-75-87,Disseminate knowledge about the virus
89-88-17-80,Buidling more hospitals or renting hotel to accommodate patients
89-88-17-80,Disseminate knowledge about the virus
90-09-15-99,Disseminate knowledge about the virus
90-21-66-00,Advised citizens to stay at hoome
90-21-66-00,Restricted travel within country/area
90-21-66-00,Disseminate knowledge about the virus
90-32-33-48,Restricted travel within country/area
90-32-33-48,Clousre of schools and universities
90-32-33-48,Closure of non essential business
90-32-33-48,Disseminate knowledge about the virus
90-36-96-32,Advised citizens to stay at hoome
90-36-96-32,Disseminate knowledge about the virus
90-44-03-73,Disseminate knowledge about the virus
90-84-08-93,Dont't know
90-91-21-27,Disseminate knowledge about the virus
90-91-21-27,Disseminate knowledge about the virus
90-99-13-40,Advised citizens to stay at hoome
90-99-13-40,Disseminate knowledge about the virus
91-07-09-62,Restricted international travel
91-07-09-62,Disseminate knowledge about the virus
91-58-43-90,Clousre of schools and universities
91-58-43-90,Curfew/lockdown
91-58-43-90,Disseminate knowledge about the virus
91-63-01-55,Advised citizens to stay at hoome
91-63-01-55,Restricted travel within country/area
91-63-01-55,Clousre of schools and universities
91-63-01-55,Disseminate knowledge about the virus
91-77-64-26,Restricted travel within country/area
91-77-64-26,Restricted international travel
91-77-64-26,Clousre of schools and universities
91-77-64-26,Closure of non essential business
91-77-64-26,Disseminate knowledge about the virus
91-84-56-29,Disseminate knowledge about the virus
91-93-34-96,Advised citizens to stay at hoome
91-93-34-96,Closure of non essential business
91-93-34-96,Disseminate knowledge about the virus
92-10-05-03,Restricted travel within country/area
92-10-05-03,Restricted international travel
92-10-05-03,Clousre of schools and universities
92-10-05-03,Closure of non essential business
92-10-05-03,Disseminate knowledge about the virus
92-16-45-30,Disseminate knowledge about the virus
92-16-45-30,Disseminate knowledge about the virus
92-18-40-14,Disseminate knowledge about the virus
92-18-40-14,Disseminate knowledge about the virus
92-24-73-80,Dont't know
92-31-98-84,Advised citizens to stay at hoome
92-31-98-84,Disseminate knowledge about the virus
92-47-65-51,Advised citizens to stay at hoome
92-47-65-51,Disseminate knowledge about the virus
92-97-61-32,Disseminate knowledge about the virus
93-12-57-45,Disseminate knowledge about the virus
93-12-57-45,Disseminate knowledge about the virus
93-38-58-60,Advised citizens to stay at hoome
93-38-58-60,Restricted travel within country/area
93-38-58-60,Restricted international travel
93-38-58-60,Clousre of schools and universities
93-38-58-60,Closure of non essential business
93-38-58-60,Buidling more hospitals or renting hotel to accommodate patients
93-38-58-60,Disseminate knowledge about the virus
93-41-46-86,Advised citizens to stay at hoome
93-41-46-86,Disseminate knowledge about the virus
93-80-92-56,Disseminate knowledge about the virus
94-05-09-20,Advised citizens to stay at hoome
94-05-09-20,Disseminate knowledge about the virus
94-21-33-51,Advised citizens to stay at hoome
94-21-33-51,Disseminate knowledge about the virus
94-73-23-55,Disseminate knowledge about the virus
94-73-23-55,Disseminate knowledge about the virus
95-25-00-34,Dont't know
95-37-40-37,Advised citizens to stay at hoome
95-37-40-37,Disseminate knowledge about the virus
95-39-32-21,Disseminate knowledge about the virus
95-52-62-34,Disseminate knowledge about the virus
95-58-00-86,Advised citizens to stay at hoome
95-58-00-86,Disseminate knowledge about the virus
95-77-11-56,Advised citizens to stay at hoome
95-77-11-56,Disseminate knowledge about the virus
95-77-11-56,Disseminate knowledge about the virus
95-77-54-41,Disseminate knowledge about the virus
95-90-33-05,Advised citizens to stay at hoome
95-90-33-05,Restricted travel within country/area
95-90-33-05,Disseminate knowledge about the virus
96-22-27-19,Disseminate knowledge about the virus
96-42-63-23,Disseminate knowledge about the virus
96-61-77-64,Advised citizens to stay at hoome
96-61-77-64,Disseminate knowledge about the virus
96-66-00-15,Advised citizens to stay at hoome
96-66-00-15,Restricted travel within country/area
96-66-00-15,Disseminate knowledge about the virus
96-80-04-95,Advised citizens to stay at hoome
96-80-04-95,Disseminate knowledge about the virus
96-88-86-83,Disseminate knowledge about the virus
97-96-10-91,Advised citizens to stay at hoome
97-96-10-91,Disseminate knowledge about the virus
98-06-52-11,Advised citizens to stay at hoome
98-06-52-11,Restricted travel within country/area
98-06-52-11,Closure of non essential business
98-06-52-11,Buidling more hospitals or renting hotel to accommodate patients
98-06-52-11,Disseminate knowledge about the virus
98-06-52-11,Disseminate knowledge about the virus
98-31-64-91,Advised citizens to stay at hoome
98-31-64-91,Disseminate knowledge about the virus
98-39-07-64,Disseminate knowledge about the virus
98-76-82-13,Advised citizens to stay at hoome
98-76-82-13,Disseminate knowledge about the virus
98-88-61-90,Advised citizens to stay at hoome
98-88-61-90,Restricted travel within country/area
98-88-61-90,Curfew/lockdown
98-88-61-90,Closure of non essential business
98-88-61-90,Disseminate knowledge about the virus
99-10-97-05,Advised citizens to stay at hoome
99-10-97-05,Disseminate knowledge about the virus
99-16-00-23,Advised citizens to stay at hoome
99-16-00-23,Disseminate knowledge about the virus
99-30-24-42,Restricted travel within country/area
99-30-24-42,Disseminate knowledge about the virus
99-30-24-42,Disseminate knowledge about the virus
99-34-76-86,Advised citizens to stay at hoome
99-34-76-86,Disseminate knowledge about the virus
99-85-34-24,Disseminate knowledge about the virus
99-85-76-10,Disseminate knowledge about the virus
