interview__key,interview__id,s11q4,s11q5,s11q6,s11q7
00-43-11-81,e85bd00ee61f4f05a8ce6a58b1ea38c2,YES,2020,No,Don't Know
00-58-81-98,f5749b86429141838363141ed29e25d2,NO,,No,No
00-65-11-89,f9d27f8c1bc14030aa619904b670327b,NO,,No,Yes
00-77-77-21,14996da71aa8440abb2c9b79cfc4ac66,NO,,Yes,No
00-79-88-26,d7972fcdfe6f4fc089253f71ca61fe77,NO,,Yes,No
00-84-86-11,c35ac13e9af74bf6a880dfdf889a0aab,NO,,Yes,No
01-23-89-33,6d0dae66ac244adda4a36253e57811d6,NO,,No,Don't Know
01-72-87-61,e55bce1b800c4106bd71f464487d8e1c,YES,2017,Yes,Don't Know
01-76-24-15,4dc306f308cf43e3ad7e53cd5a4487c4,NO,,Yes,Don't Know
01-77-99-03,0a567cf3942e49a0a065a48e37b4349f,NO,,Yes,Yes
02-03-26-64,7395273d3d0d49e5a7e7ddc3f38dca2f,YES,2015,No,No
02-06-64-53,ec33e74d6d024fecbb569d166747295f,YES,2018,No,Don't Know
02-33-05-53,fdc3b2b08c2f416cbfeae151b527e6be,NO,,No,No
02-67-76-94,9b831ab1b96944b886f2647b771eb16f,NO,,No,No
02-74-27-81,c09976567a8a42e8a3753c7ad6d02c3e,NO,,No,Don't Know
03-16-29-25,e8fa36dd260c439698d638f68c0385ca,NO,,Yes,Don't Know
03-19-61-47,3953579ab2844dc6999e0854295645cb,NO,,No,Don't Know
03-19-90-30,54f30773a4a345a790b1a6cdf35ce6b7,NO,,Yes,Yes
03-47-39-56,af6c3dc4f6484b97a817d40a4bdb098d,NO,,Yes,Don't Know
03-61-95-52,9ab2f282443b42ce88e962dca344ad4a,NO,,No,Don't Know
03-63-90-12,24213f476edf46889cc3ef1f54239e3f,NO,,Yes,Don't Know
03-70-64-11,d11bb3e0a53d465e86a1ec22621a941c,NO,,No,No
03-73-86-94,eceb2631731e4cdb8ac3b0db029bce53,NO,,No,Don't Know
03-88-90-62,182cc3550e994158a70f423f7e7f7f4d,NO,,No,Don't Know
03-99-04-78,bbadbff0b1d54d78acbf96bcb6847090,NO,,No,Yes
04-04-54-65,d5d871932cd94fd6870eed0703d47388,NO,,Yes,Don't Know
04-12-64-70,2b1d162ef91d4347a8ad56349401a4bd,NO,,No,Don't Know
04-29-75-90,78670d26671947ed84b0952f691d2f48,NO,,No,No
04-37-87-16,2d1aa285a6124bd19f6e817376d33df6,NO,,No,Don't Know
04-39-38-48,ce877f3e33d443c5bb0ffb1b0b5ff7ed,NO,,No,Don't Know
04-67-67-79,38fe51057429468d8dbb7e3e8ce4a4ee,NO,,No,Don't Know
05-24-93-15,b43a1ec26c1d4dc0bc8130d521ce83f9,NO,,No,Don't Know
05-31-55-82,cfb23dcf78604df7b0cc658b496ff461,YES,2017,No,Yes
05-62-94-56,e7a2871555dc46a7a6969a649e77cd62,NO,,Yes,No
05-91-08-31,160d7d6a07bb425390a218b85c8f1ecc,NO,,No,Don't Know
05-92-55-36,5da2960611864702b28db76250c4296b,NO,,No,Don't Know
06-02-01-85,8658ace7da3248baa7c574662f435caf,NO,,Yes,No
06-13-20-73,13e4fbb9e0cc48aeab7c0cdcb11e91a1,NO,,No,No
06-22-76-33,0926e5e1929a43e1b78b1e99214a908c,YES,2019,No,Don't Know
06-28-46-05,ebcb910e098142b7b8689b28913798b9,NO,,No,No
06-48-61-93,738b842482b74739a4eddea4eebfd832,YES,2012,Yes,No
06-58-66-37,bd09f79576f9481691b1f563db1bd2ae,NO,,No,No
06-60-44-44,a892a9389efb40109712e0cd8df489e0,YES,2019,No,Don't Know
06-66-82-75,e80f8b1a82734d9bb59e52504e957c9d,NO,,Yes,Don't Know
06-74-15-09,8cc84fffd3524723ab7827faab6834de,NO,,No,Don't Know
06-76-31-17,2abc441288ca44d5ae629b208e941f65,NO,,No,No
07-04-15-77,4059eca5d6104c3fb2bbfc2fb51f9c81,NO,,No,Yes
07-23-68-44,2670436296ae4b668679d6a817344f05,NO,,Yes,No
07-30-48-67,833a90886b9c4ba98cb044388caa3609,NO,,No,No
07-76-26-70,05c8f116dba744a3898828def0f94102,NO,,No,Don't Know
07-81-51-32,dd1f963188bb41b39e1248e720b598a4,NO,,No,Don't Know
07-84-14-95,1caef74fa1514617baf5d2bc42181e6e,NO,,No,No
08-00-64-41,42881c2b1e794e0eb92b4da47315f207,NO,,Yes,Don't Know
08-23-20-49,e245d30529ad4f29ad0ce493d6173de9,NO,,Yes,No
08-47-27-72,e0f5fdfabd96450fa20e2a36a131b732,NO,,Yes,Yes
08-53-40-91,06f0127cac264fae8823728dc9708b16,NO,,No,Don't Know
08-93-15-56,2adcdfef22ae4d69960d2f8c73a69538,NO,,No,No
09-98-65-95,f333c9cdd2994876973ad3f51c5e1a64,YES,2014,Yes,Don't Know
09-99-31-05,3e22b1b06e6c483c839b75b7fbb19eff,NO,,Yes,Don't Know
10-14-95-30,d2e0d4fa47b54c9281aa5031df374f9a,NO,,No,No
10-34-66-28,67deb01095c242b4ad65c7c6e003a5b5,NO,,No,No
10-44-66-45,89ccd4da8c394ab789fa805b1bd838c8,YES,2015,No,Don't Know
10-49-48-16,cefaa5be5d6d41ad944df54488b52c24,NO,,Yes,Yes
10-50-22-17,c2ca9168493642719801a758cd2e13a8,NO,,No,No
10-51-69-63,699eaf06bf764a6b8a65e06dac91f97a,YES,2019,No,Don't Know
10-59-70-70,3e20644039e54a8c8aa3f74572da2a6b,NO,,Yes,Yes
10-60-64-68,40b2508704e6443695085e8e4f8a9616,NO,,No,Don't Know
10-74-21-81,536d0de058cd48a5b9c2517e63eda0c8,NO,,No,No
10-74-26-64,8b2aff0e6f4b4a04812a5ad9e9219224,NO,,Yes,Don't Know
10-79-63-95,2e2d217c45404ec68f09d219644417e8,NO,,No,Don't Know
10-79-69-18,b1f5182017884172a54afc1deb23c221,YES,2017,No,No
10-97-14-67,c4d6e2dca405481c9b04a29003d0a2f1,NO,,Yes,Don't Know
11-00-97-56,f1b224da2fc8447da0115af7d037b3b5,NO,,Yes,No
11-03-46-56,fb50d81c008b47bf86fc255b69c8214d,YES,2017,No,No
11-29-50-68,28360a51f0ca4a86af5fff5fd7d465a5,YES,2010,Yes,Yes
11-55-61-21,2e44529de21442d486655db20e16938b,YES,2020,No,Don't Know
11-70-80-76,164578b6f8ca4c8f8f235bb899be6f82,YES,2019,No,Yes
11-82-96-50,b0a8d9e6a9454bbd8725884baeae2e6a,NO,,Yes,No
11-85-90-08,9de75af8ccf94450aa49757abe7fe320,NO,,No,Yes
11-87-94-81,ffc82b87057840d6bdaff51ea1ca01ac,NO,,Yes,Don't Know
12-06-01-16,e698510cec434fb493105ce6d9a61bb6,YES,2019,No,Don't Know
12-40-10-23,124cc65a275b44bc84aa8ea158355262,YES,2010,No,No
12-46-48-54,33a72901595c4e3c978a0716e4b423be,NO,,No,No
12-47-86-50,b6763e1961674879ba4b6d9a5aadfd4f,NO,,Yes,Don't Know
12-51-33-79,331455161a734d468c30fb0ae8421cb6,NO,,No,Don't Know
12-62-80-65,f923d59d6c7841318a451e8f06241074,NO,,No,Yes
12-65-88-92,211527ca587c462c915aa664348150d8,NO,,No,No
12-81-88-26,c27c0e7112d04650a63046e89732a6ae,NO,,Yes,No
13-02-78-61,3a1e1ffaf7f6439da6bea0a54fd1dc10,NO,,No,No
13-33-94-73,15707c1fe41247e1a12d6e28e172c8d7,NO,,Yes,Don't Know
13-37-97-60,ca51622896ad43bbb1e48d633eb203c7,NO,,No,Don't Know
13-38-53-48,679da22af97c4721a7569fb02671b982,NO,,No,No
13-60-22-88,e4b0dd297afc420aa5039752db718b5f,NO,,No,No
13-64-94-46,f60bac7e95824b52bc4ed6814296ff15,NO,,Yes,No
13-82-02-17,dd0d89ae53354f19baccabd59a5ed33a,NO,,No,Don't Know
14-02-03-59,fb493310e50947078483369ddb99ec42,NO,,No,Don't Know
14-08-48-93,69ec8ab27e0e4f8da972989834546445,YES,2019,Yes,Don't Know
14-39-38-95,7e8384e21b33444488cd2376d0e415d6,NO,,Yes,No
14-61-51-00,acaf3cb5383041b59eacee24003eeaef,YES,2019,No,Don't Know
14-69-23-96,47e9b49d83a44853918b156b5b45327e,NO,,No,Don't Know
14-79-85-97,e1b0b004581e4cef9ee8175abce1b5d4,NO,,No,Yes
14-91-38-18,3e18e79bb7d84731b4947cf57d719308,NO,,No,No
15-06-54-66,cc2493f156b84804bb57b4afbd30aa39,NO,,No,Don't Know
15-48-87-63,ddda47f3ddd74e2f9588701909ad0d0a,NO,,No,No
15-79-11-21,2cf380013dac477a9728387f57625fda,NO,,No,No
15-84-14-64,e97b72b15abd4f459ef923cc27dbfabd,NO,,No,No
16-06-53-95,5f862121bbf8463dbcda5eb5d4857eb9,NO,,No,Don't Know
16-08-75-75,63fb6cf9e217418f8773db8e7b9231fd,NO,,No,Don't Know
16-15-36-94,181e68c4680f40bbb78818d1a805b817,NO,,No,Don't Know
16-16-74-08,aad7b99823f64ad98597493b9295b4cb,NO,,No,No
16-16-84-33,4881738bdf024db989dc3a7947eaeda4,NO,,No,Don't Know
16-24-65-69,a52bcbb1df9f4dbc94f2ed63570930c2,NO,,No,Don't Know
16-86-44-89,a8110f6f216441ddbfb696df8a329a03,YES,2020,No,Yes
16-89-51-12,101bb1f3fedb419989af69b8edd9a211,NO,,Yes,No
17-05-42-95,59c7ba502f7942e3a3bbdc8383078d92,NO,,No,No
17-08-61-49,2af6ed28060b46d6ac810fe0c398f125,YES,2018,No,Don't Know
17-18-98-33,7bdc841ddc2b4d18af993dda50ed1a69,NO,,No,Don't Know
17-24-59-14,41107bfe029c49bcae4832951c62c472,NO,,Yes,No
17-31-25-64,9f151db2e7da4617beb66c03ca6ca68a,NO,,No,Yes
17-44-93-64,e51ede37a8e547ff8e03044fabd0babc,YES,2019,No,Don't Know
17-70-25-92,862746fd54024a68a3759804ca18c36c,YES,2019,No,Don't Know
17-80-37-29,48240aca37e648589d262361dae68b0d,YES,2016,No,No
17-95-47-97,28be58282a75457b808a473c5472ac2e,NO,,No,No
18-24-13-09,9664e9224e6e41cf8495fc8f5411e9f4,NO,,No,No
18-60-06-86,e2a52692437d4995a8e40c9f4c364dc9,NO,,No,Don't Know
18-72-11-99,c35d3b1e710349febb176150b033c6bb,NO,,No,Don't Know
18-82-10-22,2352b48624ef4760983fd4b96ce30ae3,NO,,Yes,Don't Know
18-84-03-10,88c6f608831741cd9065645073a852b0,NO,,No,Don't Know
19-01-67-56,4b4da0ebead24c54b03568fc52497b8c,NO,,No,No
19-07-91-27,622a5597e05e4ec88a49b83a62137575,NO,,No,Don't Know
19-30-87-22,45b060622f084f96b3a32e5a38b71dc5,NO,,No,Don't Know
19-37-74-45,9f2442d1b3894a87b92d0e3f47556d2d,NO,,No,Don't Know
19-44-79-96,05f6e7cb3047423aa309aa6141beea06,NO,,Yes,No
20-04-61-28,6655973a14614073a0c2cfc8a5966c5f,NO,,Yes,Don't Know
20-28-82-61,015bbe4cde6b43488241d4b7f47a10f8,YES,2013,No,No
20-31-92-98,91eec7efb6c4425fac305464e9436ef8,NO,,Yes,No
20-42-30-21,8710cbaab20a4b1d9858c97961131f2d,NO,,No,No
20-56-43-54,6c5dcdfa135c41ad9706b85efa7e7a00,YES,2018,No,Don't Know
20-62-96-31,cf0373a4a4174629b722f0c2329b26e5,NO,,No,No
20-63-84-89,e3e3a23766e74eeca269a115647a97c7,NO,,Yes,Don't Know
20-85-63-70,c3f426ce7ae44f55befdb8456ddb28f2,NO,,Yes,Don't Know
20-85-92-42,c50b7279178c463ab62ff24e80f9902a,NO,,No,Don't Know
20-89-59-77,7db55d6952394e15a0d5050e3c06a6a9,NO,,No,Yes
20-94-74-60,acd38e3110d74bde81398cb71b3d3236,YES,2020,No,Yes
21-12-00-74,996e4d482110475bb9c7baf980eeb33a,NO,,Yes,Don't Know
21-35-15-73,b74344df60a44fd49a98168dc21b1b91,NO,,No,Don't Know
21-43-32-94,d1ca1a165ba548fca10def4f651a2b14,NO,,Yes,No
21-47-97-09,4765607a28474017979b40694df190e2,NO,,No,Don't Know
21-48-82-69,49f117349dce4c26b251cd454b0eaa27,NO,,No,No
21-55-86-41,8c338382f4f7471996e3617a25935385,NO,,No,Don't Know
21-83-50-98,069daf8875c64df0816391099be9aef4,YES,2017,No,Yes
22-00-20-65,c035d9efd14747b8bf9b68ef1bcb5408,NO,,No,No
22-02-20-35,4f0c85e0fad741329a2be5beb312b915,YES,2018,No,Don't Know
22-13-91-19,e71fd87595944b5fa320c74c8aa0be62,NO,,No,Don't Know
22-24-98-60,d5189e40e5a847ea95b4738f4016f764,NO,,No,No
22-68-88-64,3568d7b0665241dea6c03bebdbbfb996,NO,,Yes,No
22-71-47-45,c269a1447dc140d1a16500ed03bea510,NO,,No,No
22-82-40-96,1edf47f231484ecaa448b9d36d9bc2a7,NO,,Yes,Yes
22-95-33-57,a391c27cf01747068d908dd346f4c013,NO,,No,No
22-97-49-80,12b51e8a46194f708bea89c1e4a3bf1e,NO,,No,No
23-01-08-57,46e80007ffe14a58b60763fba6296a8b,NO,,No,Don't Know
23-05-87-71,b3beba10351547b9a4075fd7c29ea932,NO,,No,No
23-07-02-32,c846709b085c4c09bb9781dc96e20ac1,NO,,No,Don't Know
23-17-50-70,396b6ade4379400f9d10645d551287ab,NO,,Yes,Don't Know
23-22-27-33,878c5f585477433eb27039c88feeaba1,NO,,Yes,No
23-22-45-29,d61b3af5485f409abc720a7b34b5f0b1,NO,,No,No
23-47-35-56,18870eb438b949cf891388e3bc5c26a3,NO,,Yes,No
23-70-12-71,dada97fb16cb4252925d587dcccbc96f,YES,2017,Yes,No
23-80-68-10,9d7348fcb55d475cb88676ceb24a49cf,NO,,No,Don't Know
23-90-14-52,a499945f5fb94c4ebdeadae4106f058e,NO,,No,Don't Know
24-05-00-21,3919cc7e8f3242c89b8313d7045cfcbc,YES,2015,No,No
24-06-73-35,8c50fb5311a44721a3f79d032c367b93,NO,,No,Yes
24-25-08-46,140cd4c095d14cdbb7dd6afdd9228fa1,YES,2019,Yes,Don't Know
24-67-16-26,ae953206081949a29834f527d25d12f5,NO,,Yes,Yes
24-76-19-68,660af74e711f404a8c8cb52642d772a0,NO,,No,Don't Know
24-90-09-87,95ff4c617cb14814b37d03e286ebaaa5,NO,,No,No
24-93-77-06,e488945ca6734edca162d543fe3298c8,NO,,No,No
25-32-76-30,4d4b6723374444ea987e463f92b0ae78,YES,2016,Yes,Don't Know
25-75-52-06,ea72b564987147829f8e7b275f990b8b,NO,,No,Yes
25-84-72-20,10bf4cfa14554478a662c97ce5811750,YES,2018,No,Don't Know
25-86-11-99,bc66f400cb3f41db82db01bcb22f3394,NO,,No,No
25-97-74-80,b6b0a0e7011b4e4b960d3d62987e86c8,NO,,No,No
26-01-67-49,a18cb179ef934372ba6f5a08fcc81d9d,NO,,Yes,Yes
26-16-58-29,e91ab48ac5404e26b92faaf7264da0fb,NO,,Yes,No
26-27-12-90,a18c26039ca849b8b218c47414454f68,NO,,Yes,No
26-35-26-67,d7a59ff700d54b899192a26e07777a08,NO,,Yes,No
26-38-46-89,6a2334e6fbbe45db84eb92375aa38e00,NO,,No,No
26-43-83-33,e1d1c71f7ef34fe6a0fea0e92b1a2085,NO,,No,Yes
26-51-88-13,30236649b4424c54891e737e6edf682b,NO,,No,Yes
26-52-88-06,eeb2572b17df4ded95b15ec4cbf6590c,YES,2020,No,Don't Know
26-61-07-62,af9dcc1da3094f77b836395a0163779b,NO,,No,No
27-02-70-68,2700c2a3abf44724822f3db568c3a122,NO,,Yes,No
27-18-98-28,5ebb6b1098154eceb3bbb190f53f38ca,NO,,No,Yes
27-40-37-29,083f6324857e4e6192c9a8263c3da6ae,YES,2017,No,No
27-65-63-90,4d958ccd0aff447087b4133ecca6273f,NO,,No,Don't Know
27-83-33-37,d0c3cfd6359d4c668c8a860004846887,NO,,No,Don't Know
27-87-20-09,d51d7c1b5c7f42758a74dd383623b093,NO,,Yes,No
28-15-80-33,73d44bb97899460eb87a2faea488d9ae,NO,,No,Yes
28-22-42-65,b60ca56065b24039b249b67b58f8ff67,NO,,No,Don't Know
28-24-96-40,6103fc317bd14641ab4b50d343b34059,NO,,No,Don't Know
28-56-71-30,d9a1513659e04c56a7a0d32f9d758d2b,NO,,No,No
29-09-89-76,3d1074c8839f4186b0a3e72b216df394,YES,2018,No,Don't Know
29-10-18-55,bdebc0860e794baabcdc56cfd50c6ed3,YES,2019,No,Don't Know
29-14-15-14,fe18cba4aad148d187fb614e9de07da9,NO,,No,Don't Know
29-14-80-67,3c149272c1624db6aa74c1ed9d014ccf,NO,,No,Don't Know
29-66-44-87,fc8bb95006dd4538b2938002756379c4,YES,2018,Yes,Don't Know
29-72-87-62,fc78cc65ed3747d3a8935e9144a02b8c,NO,,No,No
30-21-60-24,ba928e1a720844a2bb1272a8340ff157,NO,,No,Don't Know
30-25-81-29,49988e4663514a1bb4eaf7a72df6d51e,NO,,No,No
30-34-21-25,40f9789953564d2193acecfb34ab1597,YES,2019,No,Don't Know
30-40-80-54,dd1ffed5be3d4be4a3564e9250981b17,NO,,No,Don't Know
30-60-61-62,64e09fd007cf43e8ae40220457db1c1f,NO,,Yes,Don't Know
30-64-04-32,a0d82bd1186549b0bd4607edd39d6629,NO,,No,Don't Know
30-71-10-72,da764cf439874a70ad118066cc874232,NO,,No,Don't Know
30-83-50-12,8bde84c275ae4ed2bd98171f5d49342a,NO,,No,Don't Know
30-87-19-67,6d1997f23afa4873a883ae73dc29dda2,NO,,No,No
31-00-61-81,b5f4b88c3dd84b28b235337b62dcf504,YES,2014,No,Don't Know
31-07-95-65,025f3b7d6ecf45e68c734f982363693e,YES,2019,Yes,Don't Know
31-15-72-28,7566bfb8209e4fa29c985a7f3e4a9f38,NO,,Yes,Don't Know
31-19-56-61,9de13d8a33c54af7890b967b3918406e,NO,,No,Don't Know
31-28-06-21,917473702d54439ab326d996fdb4806c,YES,2019,No,Don't Know
31-37-61-18,fabcaa9bc26b4968becc1b72100589c6,YES,2020,No,No
31-77-11-76,f79956c37f544a1593877cf1ea049be7,YES,2019,No,No
31-95-80-95,dae560b955d2455f80514afcee57823d,NO,,No,Yes
31-98-95-06,433186af14ea4ff2a1d53efe1b06c20d,NO,,No,Don't Know
33-12-14-62,a5ec768cbd544d6e8bb95c306c235780,NO,,Yes,No
33-44-26-54,3104120a89d940638e9ed6db258110f9,NO,,Yes,Yes
33-60-64-25,3bb98b74ceb3411cb5206ad385267c25,NO,,No,Yes
33-65-64-57,ec6aee10480b4f56b89e867660bbb9c5,NO,,No,Don't Know
33-71-56-61,4619fd41126a4966a0190329f97e5c39,NO,,No,No
33-71-70-67,838fa9ddbc5e4701809bdce8de9923ba,YES,2016,No,Don't Know
33-73-37-44,a57e9323d324439ca28f5d0a428a6741,NO,,Yes,Yes
33-78-53-00,3ad6d262a7a34d3b90bcfff4816fa84e,NO,,No,No
33-86-67-75,df325f24685e41809a7a231b67642721,NO,,Yes,Don't Know
33-89-25-03,46bd9f14adab43f88bfdf7a66a47d9bf,NO,,No,No
33-90-94-09,32c866faf71d429da6e9e598ed661acd,NO,,Yes,No
34-00-28-01,66b3bfc8fac94c6ab5d7b854699bafad,NO,,No,No
34-09-41-70,4fcff31fc16147bc9a378712234d5859,NO,,No,Don't Know
34-42-73-59,ca5708cead2d499a8008b4b4bc6dcfbb,NO,,No,Don't Know
34-64-89-26,0bf690e96748488582372e70ccc7aa08,NO,,No,Don't Know
34-77-93-33,f53668ddff1445f58e45cc1e2c023c22,NO,,No,Don't Know
34-95-18-20,e949a5c46fc64eb8a1d2d181d7841b5a,NO,,No,Don't Know
35-06-44-66,e1e92263f65548e9a171a4aa04217c58,YES,2019,No,No
35-30-27-50,6c73610a6b6141d7a43d612f32647ea2,NO,,No,No
35-39-84-90,730c1262109f455ea284c6135c83a939,NO,,No,No
35-58-75-06,dbea0d2f049d4ab4ad7af2413173a025,NO,,Yes,No
35-62-23-66,5fcfd24b1ac64c46ae6bf5d9a04626e2,NO,,No,Don't Know
35-73-54-72,424b5c7962f747b58710bfa61964197b,NO,,No,Don't Know
35-94-42-76,c6ff1c428fa3402184eb7b144bd9e11c,NO,,No,No
35-97-34-27,43eb2c96b02d48048163876139ea3662,YES,2016,No,Don't Know
36-16-72-90,0d32c34e42cb4e7fa08716e685c4ce96,NO,,No,No
36-21-15-23,4c0731a0b1ec41298188b077a22348ae,NO,,Yes,No
36-24-68-93,d1143251b9364cac9c68dfd3d6b4c34b,YES,2017,No,Don't Know
36-43-18-96,ea8d0f4f8e65478c9ca8d485fc64a259,YES,2017,No,Don't Know
36-49-92-02,c19e1cace46b4ca38e24f446b38851bf,NO,,No,Yes
36-56-02-54,8c528e9962384cc3ae53d26414bbc1be,YES,2018,No,Don't Know
36-61-25-07,f5fea652900b4a42acd0726dadfc17d6,NO,,No,Don't Know
36-70-29-58,2c29e6c30bfa4c088626e5dbc4c0f022,NO,,No,Don't Know
36-75-19-42,28d61ede4f604712be8e45ec358715f0,NO,,No,Yes
36-84-67-64,4c8d645eee324d9384592aa61454feb9,NO,,No,Yes
36-89-37-82,c6977ea0abd64df59e02179d305d59a2,NO,,No,Don't Know
37-35-21-59,45c0400c9c314900a7bf1aae2c3f8349,NO,,No,No
37-38-42-62,731c0596df87424a8e709d796ce58f56,NO,,No,No
37-46-32-38,00adc9460ce241279776f3836f6240e0,NO,,Yes,Don't Know
37-52-27-69,29aed178260e46f882ce8587cfbfd2b2,YES,2017,Yes,Don't Know
37-59-89-29,cdac3f0233b64c5dba776197ce548666,NO,,Yes,No
37-61-06-75,748686f6153d4e30896378ac9a3608eb,YES,2020,No,Don't Know
37-65-27-54,ad0a5be33c8f41d3af22b3def52cfe7b,NO,,Yes,No
37-72-45-99,74d7745c97a4452493914a11e6abb390,NO,,Yes,No
37-74-05-89,83981c2c5be941eeacac2589a3cdd22e,NO,,Yes,Yes
37-77-42-09,11664c7ec2e84e17abb7244274cb7e54,NO,,No,No
37-97-28-81,fc8ce4cc01824bc2863d697f87ccb2db,NO,,Yes,No
38-10-58-45,85af3e311fc74789ab56d0929384b7ee,NO,,No,Yes
38-43-40-47,0c87acd15f744f918d0d941f0d66a2a0,NO,,No,Don't Know
38-46-69-29,ce3bae51f20a4ebf9793811a26c0472f,NO,,No,No
38-47-08-02,c996024e569141e1ac01ff4369ed5443,NO,,No,Don't Know
38-54-26-16,c04b7eb1d64445f5990e60a8c4af07c2,NO,,No,No
38-57-15-36,6e01e757bb234cce81fa9c746ae251f2,NO,,No,No
38-76-63-07,5faf4489c68147ae9f657a3ce2fd256d,NO,,Yes,Don't Know
38-95-05-30,3e8b4aa9132d4388a3091e7446fe8373,NO,,No,No
39-37-85-76,07b4f6553f8f4e049c88873215d5b6f5,NO,,No,Don't Know
39-42-49-58,b84cfe45b75a433c9665a2d8600486cb,YES,2017,No,Don't Know
39-65-12-80,94518f71064342eebc93333499d4e7e0,NO,,Yes,No
39-67-27-96,6eaa95614e75447fabfa06a47d7116b5,NO,,No,Don't Know
39-82-57-25,ab84b0822e7e455bbb1316589e40b702,NO,,No,Don't Know
39-93-61-48,e9eac4eeee014477bbee52c7401a617e,NO,,No,No
40-04-59-84,1f63978f69434b1b9bb219722c861efc,NO,,No,Don't Know
40-04-89-63,4e0e848af7f94f619dc9965a8ac00fdb,NO,,No,Don't Know
40-10-14-39,a946d780e4904779ba06d23ffec8e013,NO,,No,No
40-15-14-22,e9b8f32cb6e649aa8e50688a7f172740,NO,,Yes,Don't Know
40-17-52-95,c8df016288a5473188b2f26c82797dd8,NO,,No,Don't Know
40-41-44-80,450eef562aae4e0eaeccd314cc6c8e70,NO,,Yes,No
40-59-75-04,26ab0b9ff67c48059de54f4151676e0b,NO,,No,Don't Know
40-63-22-62,6daea6454d9f47a494c90346f9c34985,YES,2016,No,No
40-66-86-79,c34fadaf876844c49bec4aafdd675272,YES,2017,Yes,No
41-02-94-76,441f13b1d6784ad385b0b324c82d9d86,YES,2018,No,Don't Know
41-43-22-50,da7d6a71394a4763b0a572481f587b4e,NO,,No,Don't Know
41-52-92-46,2433075baf1845338440ba190e6ec8ad,YES,2016,No,Don't Know
41-55-79-65,d17317ce5fb54fe58069153354253c8b,NO,,No,No
41-62-99-64,f45295e963574aa59569d6f1301968c1,YES,2017,No,Yes
41-75-27-41,1c066d5f754f4962b52e2a91ccc08192,NO,,Yes,Don't Know
42-33-87-04,d4769efae29246e2b096a755dd78c0cb,YES,2016,No,Yes
42-37-35-39,e5d7bab2983a46d89a14bebf8943bfa4,NO,,No,No
42-42-74-85,084c8f71239b43f6ab3d214eda320430,YES,2019,Yes,Don't Know
42-53-24-27,cbbb8534a2584414be15650e131ed068,NO,,No,Don't Know
42-59-84-80,04e067db40e7443991c81aaab143bcd0,NO,,No,No
42-62-53-53,560ae7de3a0043b0a7a405dc84710769,NO,,No,No
42-77-29-46,05d0401e3df34a49a84e05f1624eb4e9,NO,,No,No
42-91-79-69,17f57f83578f4398b059ae039cba8d16,NO,,Yes,Don't Know
43-00-29-22,3800393c2a66494486c961f32fd04a27,YES,2016,No,No
43-00-33-25,89586d8b661349a38dc39c24159445ab,NO,,Yes,No
43-12-56-49,d46d2dce3d8740d294b0e6377cbcb867,YES,2016,No,No
43-27-17-94,c7436fadff82448480318268ebcad875,NO,,No,No
43-36-09-19,4a2dc342685d44ef93e4456746758e61,NO,,No,No
43-45-74-03,1d7e380223b54473a08df1adf8415904,NO,,No,Don't Know
43-56-12-42,cec92b7699fc43ccb4a511395fed45c7,NO,,No,Don't Know
43-60-19-99,e6fa3bf93bee4e5a96d6b2b0d0a6a11f,NO,,Yes,No
43-77-41-72,5d211fa60c0d465fa7a9894ebaa480bb,NO,,Yes,No
43-79-39-05,ddef595c705844238b55be78b8c01767,YES,2019,No,Don't Know
43-84-79-30,0dfcf36279e54a54bac3ebcfd07b02c3,NO,,Yes,No
43-84-93-81,0d5c8b7053864119aed2458773be8359,NO,,No,Don't Know
43-90-34-57,f3f201d2692741faa3fa89e588587dca,YES,2018,No,Don't Know
43-98-71-46,4646104eb0e84edfb770e6735c858ac5,NO,,No,No
43-99-18-22,ac43a4c931c243acbbc170e1d91b6369,NO,,No,No
44-12-75-86,ec9af3766bbb4ae78e5d9a121352a890,NO,,No,No
44-36-05-05,be37ac26d2ff40a890f286ef9bc93a81,NO,,Yes,No
44-41-36-03,118c6b77845649b39828f3796cb89aa8,YES,2010,No,Don't Know
44-73-60-72,8b47e2dc193b4bb19ec61a86691c91b7,NO,,No,Don't Know
44-87-94-13,727a701a0ed34602ae2e46c95101625e,NO,,No,Don't Know
45-09-31-36,c68eecdfd76f40f1b63182bc54b8d5af,NO,,Yes,Don't Know
45-33-07-93,23c192d2eac642aea69f50ff044f4685,NO,,No,No
45-38-94-73,0d4c396a002b4b5eb497754314573452,YES,2017,No,Don't Know
45-47-97-58,ee7ce6211dfa4b55840359b330b0dd01,NO,,No,No
45-93-10-00,e7298de4b3134624ac2b492fc553fe7b,NO,,No,Don't Know
46-01-59-76,b0ca937787f042df9e24474fa82d2ca9,NO,,No,Don't Know
46-34-50-62,6393c7d2e9964febba5cc82cef0862fd,NO,,Yes,Yes
46-38-48-60,90d46418b1cf43f1a9e16a9ae94807a2,YES,2018,Yes,Yes
46-69-08-47,a79047bd629a4e8e8c1281e87bba1f80,YES,2019,No,No
46-69-63-29,0ab53c970f134a1eb998d468bea4f786,NO,,No,No
46-83-48-62,bac21283059043ebac1aec23dd960cbd,NO,,No,Don't Know
47-11-27-08,c7e6bc253d8c488f9bbbf9ba1d79f27a,NO,,No,Don't Know
47-69-71-49,0e576521d13141cf99e1a41f483bfd73,NO,,Yes,No
47-76-61-62,a4c0d09821c8437cb02f304c884af756,NO,,No,Don't Know
47-80-83-62,06b412bbdc5f4058b04d4eb03f3f8703,NO,,No,Don't Know
47-91-71-45,7bb2b028a8bf49d8a8980c56f0937653,NO,,No,No
48-02-06-23,a73d97ed550e4c00ae908860d2683e87,NO,,No,Don't Know
48-19-55-10,99e5ae965a3040ff9cdaecfdf9b22eb2,NO,,Yes,No
48-24-34-15,7b4259d0eb4d4deea56688611bfe6070,NO,,No,Yes
48-25-30-68,2f56cc036d9d446ca2b629abc563f767,YES,2017,Yes,Don't Know
48-26-20-16,1964a1c924804dda8e0d3fe5488c425c,YES,2017,No,Yes
48-34-15-09,d8abce5683bc4d40a56b442618c00f1e,NO,,Yes,Don't Know
48-40-40-85,2f1828dfa24c441aa203049f33cccabf,NO,,No,No
48-46-10-67,d73d9646f07a4b588c64b346b3642988,NO,,No,Yes
48-66-61-35,3f5af453092c4de4a06afd9a269845a3,NO,,No,No
48-69-11-17,174e6604a089499d9c5fd540d4929c99,NO,,No,Don't Know
48-86-62-86,5879e1e2e3854c17a2825954269ab67a,NO,,No,No
49-32-19-62,de2f8dd071ed4b63971e4248bf366eba,NO,,No,No
49-32-98-99,7e926e8556054d1db3ec1d1d84c374bf,NO,,No,No
49-54-96-94,ccb31c0afa204800833a65ae71166aa7,NO,,No,No
49-62-76-81,26f971a005c940e996dbcb48e045473d,YES,2019,No,Don't Know
49-64-42-33,c7d29187e30b49c99ab12a38247a37b3,YES,2018,No,Yes
49-70-47-21,400c010881de499199ba1b0991475d52,NO,,Yes,No
50-01-78-09,94ad7352607b41aea9ecf2ccbd81c85c,YES,2019,No,Don't Know
50-02-07-28,0f8e531770d94249bc7b14c446e3a81b,NO,,No,No
50-21-99-60,c415459d40d64a5898c3140df0bf156f,YES,2016,No,No
50-22-79-07,fb3d0f51a3754ba580e513fce6a4b7a5,NO,,No,Don't Know
50-25-24-53,d373344e83e84bb28759f62c8701e1b0,NO,,Yes,Don't Know
50-58-30-13,b7eb02ad22414b69be34a78a024552ac,NO,,Yes,Yes
50-60-22-41,abcb33ad0c9c43bda9f55e22c6ead21b,NO,,Yes,Don't Know
50-69-77-44,ab5257b3a70b4516ab1dbf53f9d90a8b,YES,2015,No,No
50-87-50-62,570f6303b5494742a3b6804d9f681219,NO,,No,Don't Know
51-01-94-67,91a362a9484e4b3a9cf97df645ce4cdd,NO,,No,Don't Know
51-09-32-63,450474be209f4d1ab8825d2c6b9ab214,NO,,Yes,No
51-25-89-78,9550a877ec7a4b4697d2e50f47685e8d,NO,,No,Don't Know
51-37-92-67,dd5e0b2e05f14b34b2eca0b99c622eaa,NO,,Yes,No
51-59-93-03,b0827ffd8fbe41aa82798f1685f808b7,NO,,Yes,Don't Know
51-70-04-92,d3602c4b83004e079dc3b7de188a3080,NO,,No,Don't Know
51-72-85-98,015b7b1ca83f429db8dd897bfcd04379,NO,,No,No
51-76-01-12,36b069d91c3140f38905c88940cbb63f,NO,,Yes,No
51-86-87-77,903037a0c4f246eeac8b5a5aee882178,NO,,No,Yes
51-97-69-96,474f16759df24b24b4116da8c193a397,NO,,No,No
52-53-40-53,b0102936ee5f4ff3821ff5ba584c8041,NO,,Yes,No
52-61-02-40,0d9e623ec9504eaf93552ed72da0f801,NO,,No,No
52-75-29-40,3ddcba877f0d4ee8ab1564449dce7638,NO,,Yes,Don't Know
52-81-79-26,7c633e90026a4c3588cbfe76646e2bac,YES,2019,Yes,No
52-85-28-28,7e2205412bbc44c4914d2723cd344d12,YES,2019,No,Don't Know
52-89-47-82,ea4d083568f24cbaab4f96a9caa23657,NO,,Yes,No
53-08-85-03,8e3fcbf99c624300b26167c300db151b,NO,,Yes,No
53-20-99-21,1c9b52f7d65e4b63bbfa99f62a51dfec,YES,2018,No,No
53-27-69-08,e5a9b9acb3aa4302a79342ba7c8f19fe,NO,,No,No
53-40-08-20,eb0dc4ecca224c8f9fa319e2febd3004,YES,2018,No,Don't Know
53-58-30-17,69d2962398fe4602b77c655079c28d6b,NO,,Yes,No
53-58-66-13,ce4703faa3264aecaac3b781efd6c3cd,NO,,Yes,Yes
53-59-74-83,1c86b239558546a696f98967dd17c22e,NO,,No,Don't Know
53-71-01-04,af2f759ffb1749c4b6558a72488fd08e,NO,,No,No
54-08-61-18,4ad3df0d066b457fbba935c8bd3f0dc9,NO,,Yes,No
54-26-95-74,ba0d23de11bd4fdf98178d9d3104dcf5,NO,,Yes,Don't Know
54-35-19-45,5f8fe97240f1483db82b36bb96fe3d67,YES,2008,Yes,Yes
54-45-81-21,64583b90e45a4c6583ac973f8e0bf922,YES,2018,No,No
54-67-05-10,5af3b127266f45ea9b20fcbfc308e1f5,NO,,Yes,No
54-67-43-30,aab8f8aec79542dfb5659ef99c3a2d53,NO,,No,Don't Know
54-68-38-16,2729f5327631401b8891d7790bd8de66,YES,2015,No,No
55-02-46-10,f4c205d41f0c4445becc5df27a97e072,NO,,No,Don't Know
55-07-87-33,1fe3d6f780884e6bae42a63549e35aed,NO,,Yes,No
55-30-81-13,43429c6132c14e72a372ea892bf59342,NO,,Yes,No
55-46-89-32,68e79310023148cbb6dd434f251d0540,NO,,No,Don't Know
55-99-30-12,b806b372d017483bb36fac8ead584df2,NO,,No,No
56-16-72-34,122aac8a6d4641999f97e080689a76df,NO,,No,Don't Know
56-30-18-48,a88b67f6817148c795437f37b7d9bbed,NO,,Yes,Don't Know
56-62-34-18,5b62de3aedc6463092f9486ff9782a8f,NO,,No,Don't Know
56-65-29-99,5544e94ff3854b7ba2aacaca7519b950,NO,,No,No
56-78-80-75,9eb24d2888d246d292a292c9e54af7f8,NO,,Yes,Don't Know
57-07-53-93,5bc6dc0d4c7245fba060fe29ebe72cd1,NO,,No,No
57-12-71-54,026eec42f5fb4ae0bfacd6fd0429f064,NO,,No,No
57-13-57-62,c72ec3be50b84b9cbe30e5e46b3cd1f9,NO,,No,No
57-47-09-99,f156f1d01ed94e6e8e24b717a8e9fb5a,NO,,No,No
57-72-64-11,7abac88e6dad47d7b70569dd5104bef6,NO,,Yes,No
57-73-26-63,047cdb4e69914ccf8eff8da9cdb37009,YES,2010,No,No
57-79-77-14,a6f7e58ca11f4b899bfe72cd20ec9871,NO,,No,No
58-08-83-14,3fe258e4f059430892b1b4b31c99c012,NO,,No,No
58-32-73-26,e7f63256a22d41beaf75e8def89d5257,YES,2018,No,Don't Know
58-46-64-12,3d754c946a6a4e59ac73fd05f113b6cb,NO,,No,Don't Know
58-55-23-92,e67b3634f4d34a85936221d4946e7d75,NO,,No,Yes
58-66-56-84,3aba948e80fe4ab0aae90e192ce4993a,YES,2016,No,Yes
58-74-21-13,a18eec9c8fbd43d58f5fd7bd094d80f5,NO,,No,No
58-78-28-96,44721265326c44069ecb63da429018f2,NO,,Yes,Yes
58-90-89-47,5904ec7dacd144dda68077b86457c639,NO,,No,Yes
58-92-09-56,043da59a8e014dd7a3e0b86a80790912,NO,,No,No
59-07-21-08,57dcb3676491489cbaca29b213b1ddf8,NO,,No,No
59-07-39-14,5105aab57dcd4491abf50d083f5d1947,NO,,No,No
59-32-50-97,4f9f1cae2e3846ada8e983f222cd2e57,NO,,No,No
60-10-16-39,be2a29de7d3d40b29d4c33cd49911c26,NO,,No,No
60-41-03-26,16a0d27295444779aace37d9ad589058,NO,,Yes,No
60-49-28-82,229414edcbd5414aa5ef937310c3d0dc,NO,,No,No
60-62-45-60,7cec9483823f4f53a1373fa0d7c9777a,NO,,Yes,No
60-78-53-60,03bc5b5caed14f9285c3a7d8e25b3882,NO,,No,No
60-94-00-23,86b2b195b1e147c2ac8e704c5a6908c6,NO,,No,No
61-20-42-71,43b9d572ccde483ea7a6cebd9fd6ebaa,NO,,No,No
61-34-19-06,094350db6a3b4298993387ab288fd41b,YES,2008,Yes,Yes
61-55-74-69,e5dacf5740a14300a83a43358bd301d6,NO,,Yes,No
61-63-30-76,8e7c3fce57374e699a614b408a363317,NO,,No,Yes
61-67-47-85,c2e50a10039047398db8ad6771d4e25f,NO,,Yes,No
61-67-62-11,02aede0143a2488896a62fb68f39e791,YES,2019,No,No
61-79-37-24,294da5e6ead64cc2bea3956b75a93825,NO,,No,No
61-89-05-23,23e715bb1c1340c4b3ca6ccef5e9a616,NO,,No,Yes
61-93-66-97,deb83ed7b8b44a10bcf8b1ba8f2cbf41,NO,,Yes,No
62-82-26-82,92e8cbd1ef5a4e3faf75f5402c456e4d,NO,,Yes,Don't Know
62-82-91-08,80f6783a3bdb44c0b1c3884d881a250d,YES,2020,No,Yes
62-83-34-08,5edc2b5ba28b4698aa06d3b53e7794bf,NO,,No,No
63-07-27-19,e1c11b983f6843538f32c6ec96979517,NO,,No,Don't Know
63-08-06-55,3e22c8baf08f444282e930fa64d41c61,NO,,No,No
63-39-93-82,47ce8fcefafd44b3967b392139d98f52,NO,,No,No
63-59-43-21,457a3c4f41834ee1941e48a05e41f1f9,NO,,No,Don't Know
63-65-88-89,dd0301e11c844a89969e6d7214ffd2ff,NO,,No,No
63-71-80-56,42fbc1b4caa948ae878405b1709be1b3,YES,2019,Yes,No
64-04-63-22,20b45fb85cfd492c924cb8916535cce8,NO,,No,Don't Know
64-34-51-84,507861f89ee94ddfba9f0c257ad9bcae,NO,,Yes,No
64-57-05-02,df0f29f91f994d73b3bacf44d4508b87,NO,,No,No
64-61-47-92,f1c513181b66439a87422607172e1373,NO,,No,No
64-88-44-02,3f506ecfa84f450cb8a87ed1b5b2f20a,NO,,No,Yes
64-98-89-35,52d1584c88054569a4419836cdbc0e22,NO,,No,Don't Know
65-18-75-73,853441f3639140c395f3935488129a3d,YES,2020,No,No
65-27-71-41,07b67d0d241843cf8cb72ae1866f0861,NO,,No,Don't Know
65-72-41-25,7c32c183b9004898a5c38b2a724ce47a,NO,,No,Don't Know
65-79-15-47,18233f2624bc44ba9eec42682916c30e,NO,,Yes,Don't Know
65-79-97-04,9a1457717e974282b686852daa22bc19,NO,,Yes,Yes
65-85-49-02,993bbc96439a41c7882d4cc588f40a07,NO,,No,No
65-86-02-16,d07fe9921f774844b989282cd00ac5cb,NO,,No,No
66-07-04-55,21a00190992f46beba8d13c3fd7312ec,NO,,No,Don't Know
66-07-48-67,c6b7462631734ea4bf3d965a785f867c,NO,,No,Yes
66-35-04-80,82dab48531a44a50b1bb6b3c517a59fe,YES,2020,Yes,Yes
66-39-65-35,92ebd797164443598373bd13f8f64371,NO,,No,No
66-48-64-90,c109ab3978ed4cc597689ea2b89b3a79,NO,,Yes,No
66-75-61-47,7eadf41f2ab340e29edd8c47198d1ed7,NO,,No,Don't Know
67-13-64-14,2c632ff0f4174004b2096185dbf89828,NO,,No,No
67-14-96-86,f411946151e34ad382ef57b6e77e847b,NO,,No,Don't Know
67-16-72-03,82e627cbf804406c8c6882e4ba652193,NO,,No,No
67-26-95-16,20a642e2aee9490191993e3ef845bb20,NO,,No,Don't Know
67-54-39-53,5acfd82340fd4088b092af4d2192a6ec,NO,,Yes,Don't Know
67-54-92-61,914c559d5cbd4d369436657aa5c2ed2a,NO,,No,Don't Know
67-69-38-47,ff9251e49425458bb76cf6e4d1322f4e,NO,,No,No
67-73-53-12,2790837565eb49609edfffa65c993164,NO,,Yes,Yes
67-80-49-96,e3eb2b7f1e6e4c468dec1461160b2ec8,NO,,No,Don't Know
67-96-98-63,2503332a384a4f61b66d87fbd69f9ce9,NO,,No,Don't Know
68-41-36-89,b82ab52343f646ff91de227afaac016a,NO,,No,Yes
68-42-89-25,1035996bf987476abfb6b06303a02e6d,NO,,No,Don't Know
68-46-30-47,1d295b70d95243dc872113aa63da41df,NO,,Yes,No
68-60-51-64,29f4ff74ae0044fab56aaedf4eaad5db,NO,,Yes,Don't Know
68-78-48-22,90150ab97d0e4800ac766fbf35fc9e37,NO,,No,Don't Know
69-10-15-62,cbaf245c88f04cd08b1f5080fa42f91f,NO,,No,No
69-13-85-90,c20d676b568b4bd3839935aa8e8e3792,NO,,No,Don't Know
69-19-88-76,749d66c9e8314acd93d258a552887eac,YES,2016,No,Don't Know
69-32-19-34,a6c448826fab41cfaec23950a08593af,NO,,No,Don't Know
69-40-67-20,6720846c65994f4391d1973d40f944ad,NO,,Yes,No
69-60-23-67,de9988ab5fe14ffbbaa6314307be5f92,NO,,Yes,Don't Know
69-64-03-36,4dafea7999ae459280c1c115875d65bd,YES,2017,Yes,No
69-70-59-96,76b6fb889af54e4285a66fb316aa949f,YES,2015,No,No
69-89-52-33,f8a06cddfa794c40a5987d50080050e2,NO,,No,Don't Know
70-01-24-50,735bb3cd2edf41ca955e121d63edf7fd,NO,,No,Don't Know
70-02-54-40,1e66d00d3f28407297035baf1604a109,NO,,Yes,No
70-03-55-46,75f0044ab6e64caebe5250a7207d8644,YES,2016,No,No
70-14-57-65,c29bc849f02f487d8b80fe030cd2d941,NO,,Yes,Don't Know
70-23-85-74,b0e92985c2f5443d8906dbf35d56467d,NO,,No,No
70-26-43-15,4dae485f941541f48a375094f65fd6f8,NO,,No,Don't Know
70-30-24-05,f1272a43d7e9453290c0e1cfebc9282f,NO,,Yes,Don't Know
70-32-33-45,58131f967a25449aaf50d6d470ffc8ea,YES,2018,Yes,No
70-51-23-22,b32a42d14a104ec3bfbaea2316c88358,NO,,No,No
70-51-30-36,9e7b74ad838046fd8f3735344d0ae68d,YES,2019,No,Don't Know
70-67-72-55,9886ca1fda0648d18f24e4cd80ab73ce,YES,2018,No,Don't Know
70-84-90-44,d30041fe00b24ac6bdb42fc2166930fc,NO,,Yes,Yes
70-90-38-74,58e244dbaa4249eb80809cbeda77a41d,NO,,No,No
70-97-48-34,0d0287c028364e29921d74b887098484,NO,,No,No
71-15-91-52,7e8d19980e0e499f93003f93fd5344bf,NO,,No,No
71-20-63-65,8c80561e623b497b8ad220c69b4739dc,NO,,No,No
71-26-70-71,14a2475639834c5a8019fbea469172b3,NO,,No,Yes
71-62-01-78,b8cd1736493b433181fe32d685ab1063,NO,,Yes,No
71-70-43-89,9394a2f989d64b4289c5f7fa810cbd4f,NO,,No,No
71-87-51-82,e1d2dfcdf6b74c87903d91b0415aa681,NO,,No,Don't Know
71-91-57-15,1f0df9a1fa154db6b6dd37b9145de2a1,NO,,Yes,Don't Know
71-96-71-79,70a39ca6eb694eaaa3dcb500999d6691,NO,,No,Don't Know
71-99-72-05,766e2d8bbff64047af985f2943479517,NO,,No,Yes
72-03-14-59,830b3d127e064389bc3becbc96142f61,NO,,No,No
72-18-25-93,94f3482ac77140039fc67ec6bd06a257,NO,,No,Don't Know
72-30-30-44,72366e5c0b9c44729c1592c9b092074e,NO,,Yes,Yes
72-38-68-12,fadafd05430d44c3a8f90de6354dde9a,YES,2020,No,No
72-39-85-25,1280c38beeed4c6eac4bcbea5831f202,NO,,No,Don't Know
72-72-49-02,59340090fd9845bdb78688cc7adca997,YES,2019,Yes,No
73-29-67-92,212542e6dc5740b79a2c903c3768962f,NO,,No,Don't Know
73-51-02-20,ef5ce7763b35475c9659d4b6cb1de774,NO,,Yes,Yes
73-53-12-86,ed0b563dd0084a10a74681c27a161026,NO,,No,Don't Know
73-54-09-30,cd4f5aca9d0e44af811fd728ea5438e8,NO,,No,Don't Know
74-32-87-07,3a8550aa2ee241ecb250acdc192cf71b,NO,,No,Don't Know
74-33-37-50,2e4e701bf4d3433e92e4f1e03efb0214,NO,,No,Don't Know
74-41-59-10,7ed1594255504e1e85900dd633f17bc2,NO,,No,No
74-70-91-27,c68ec0844df34e6a895ac85541ee919b,NO,,No,Yes
74-76-86-26,44775d17064e41c19ae3e29f84c124eb,NO,,No,No
74-88-20-55,bc039466e63a498ab40c67239cfb1478,NO,,No,Don't Know
75-18-91-78,e1943a235b2e47ac82a6e8b002f30ea5,NO,,Yes,No
75-46-44-48,6c782bd847564a8ebff5354a81f98c45,NO,,Yes,Don't Know
75-72-87-95,ae571cf4cb204d7e885784673436f7f0,NO,,No,Don't Know
75-81-50-37,4a8cf9b1663a407bb44e32dfa23e66fe,NO,,Yes,Don't Know
75-90-44-61,361d1aa07bbd423ebd14bd2883bc619b,NO,,No,Don't Know
76-03-70-21,4bc9899f917444a595715c86448cf8bb,YES,2020,No,Don't Know
76-07-74-64,29ebc50b77fe41418599d329e5ed1508,NO,,No,No
76-23-25-51,4b7014f7590e4f6a994d25d95a2096af,NO,,No,No
76-31-56-28,7e1115b95e9e4050bf6639548f3b9c2f,NO,,Yes,Don't Know
76-39-03-52,97b86edaac8b4752a922ba812eabdae9,NO,,No,Yes
76-56-42-72,117a63fbe4db4fecbb68f94503b4d33a,YES,2015,No,Don't Know
76-67-45-40,27425e372f25491a847eb96a95e4e405,YES,2019,No,Don't Know
76-85-11-67,915158bf58e24215bbd67e282315a5ae,NO,,Yes,Yes
77-27-77-14,c5f79ed2c9774f3d98f52b720b2e1a18,NO,,No,No
77-30-98-85,9ee544218d6349f1b3fec28e4d4bcabc,NO,,No,Don't Know
77-53-99-20,b8255aad3c35430f9796a6af8351ae3d,NO,,No,Don't Know
77-72-21-65,53ad39bae90247419fc8ae3934f00929,NO,,Yes,Don't Know
77-78-49-46,0b8b210179f54a5395a72cf3befd05ba,NO,,Yes,No
77-85-67-39,8c9cb5a8901c4798a19400e1277dae7b,NO,,Yes,No
77-93-62-52,64b641001908465582c0de6a50551403,YES,2014,No,Don't Know
77-94-03-11,7c8705d5fc88494c91d309c4b673a76a,YES,2018,No,No
78-08-38-71,6aa72e6340844c57969959ce40a2b52e,NO,,No,Yes
78-10-54-66,89b933eb41ba463eae78bd021235eaa4,YES,2016,Yes,Don't Know
78-34-47-68,3a13cf11ea474a2b9bc27372e256de34,NO,,No,No
78-37-50-20,46d66e96e8644e63991273dc69cd3eaa,NO,,Yes,Don't Know
78-51-05-02,21cefbd49ddc4eb7a1287517422561b8,NO,,Yes,No
79-16-59-94,8ea7a660f9e64de7b3304eaa0c33d70e,NO,,No,Don't Know
79-44-03-21,c08be835ecf54171a43f188b9c754a07,YES,2019,No,Yes
79-62-04-23,6469a97ba13a4b09bd492c0e69d88be8,NO,,No,No
79-66-17-97,be1bc60dcb1f4b9380945e46c8541201,YES,2019,No,Don't Know
79-71-58-05,91b0c8eb82664af981b1382ea70fdf44,YES,2015,Yes,No
79-97-96-47,ae974892aff14a8f89cc934c74b46440,NO,,Yes,No
80-07-26-42,08b4a7e1d4284437ba018fa11d4ec5cd,NO,,Yes,No
80-08-28-90,42dea9f62afc43fbb7f45760c860929b,YES,2018,No,No
80-25-01-71,29895e2927d8457aac1facf932a3ff8c,NO,,No,Yes
80-54-35-72,6c839d38711c463d9ceeaf4ef563f0d0,NO,,Yes,Don't Know
80-75-69-52,22f4308699b94c2c8582796381dbaef1,NO,,No,No
81-01-13-76,04cd57e191844e5d9ac6c748074eb773,NO,,No,No
81-08-61-17,147fd345d50142bb9ac6f4636473d519,NO,,Yes,Yes
81-22-64-88,72aead44d8474ed08c82c3975f32b598,NO,,No,No
81-22-88-54,ea498677249d4631b368819b7eea6189,YES,2017,No,Don't Know
81-25-51-62,7833e02cc5d8411aa6d8aae8b245367c,NO,,No,Don't Know
81-27-33-22,b35211fcfac74e449fc1f3e587cdcdb2,NO,,No,Don't Know
81-44-00-41,4cdabc953eda44f19abfe97efcc5692c,YES,2016,No,No
81-61-67-83,428e3bc5ecb642a186d3a976d730e539,YES,2017,No,Don't Know
81-71-94-73,3eb5247328f24b5da9eb97d23433ff60,NO,,No,No
81-74-14-22,a3f1394f58c44efb822ea7c34eb8ebd1,NO,,No,No
81-84-06-93,45a8df7323d24479a0d110b32865155f,NO,,No,No
82-21-09-94,ebd0d47819af46098d4f78b94283ab9d,NO,,No,No
82-44-93-21,2120966e10aa4ff789561f077f5b6f84,NO,,Yes,Don't Know
82-61-03-96,b8e377a75fa7408cb53dbae5bb30adec,NO,,No,Don't Know
82-86-43-24,850c02fe9e7a49ac940196e9e1cc4c79,NO,,No,Yes
82-87-12-79,39c34c266bc947dbb9b59cdd19e48b39,NO,,Yes,Yes
82-88-26-96,0fa99e58b6314751a80244dbacf91691,NO,,No,No
82-99-51-56,8287c41ebf304deb86ed9fb69ee7b94f,NO,,No,No
83-03-85-50,9faa7b46ff8b467b988f224d3964b678,NO,,No,Yes
83-35-89-96,15fe55025a224de596bfe3c137232999,YES,2010,No,Yes
83-41-20-48,4e3cc7e7e51f4f319ce3b55e0f3b4ed0,YES,2017,No,No
83-42-84-48,8d1264e4e4a24d70b51142b5bd748541,NO,,No,Don't Know
83-59-81-76,1ebb64afd62c4e5f8c600feae4138b00,NO,,No,Don't Know
83-81-13-95,ac2b32eed40b45cdac49f5f69997a4a8,NO,,No,No
83-87-99-34,dc8dd9f35d244f34935dcfdca06ffa6b,NO,,No,Yes
84-02-94-51,2844ebbe97ee497083627538d87200c8,YES,2005,No,No
84-03-30-70,7199d99974af40a3a92e99cd96af4fec,NO,,Yes,Don't Know
84-21-43-62,7556e85f91dc4e6db22257baed7d7218,NO,,No,No
84-32-24-91,19bc7cb44ee74b2392090e8937534574,YES,2019,Yes,Don't Know
84-42-09-16,a18f3d559a964a5abd85c855bacf68f2,NO,,No,No
84-86-71-27,c42f327ede2f4b8b85e9772082252933,NO,,No,No
85-07-42-46,f2d52e5255734a8ab174824250670fe2,NO,,No,Don't Know
85-17-79-03,38b7f44fe7ca4aa49e878dcc00d0d8da,NO,,No,Don't Know
85-23-26-16,f2cd44e6f9d24ac9a9a6d9df621ecb47,NO,,No,No
85-32-52-21,9a995f9736fc4de5b7ab8a8391889c9b,NO,,Yes,Don't Know
85-48-29-06,cd97e9d0c97040a4b1226fbfd3411a71,YES,2019,No,Don't Know
85-52-34-63,072d69ee57ba4fdf9858248e8ffd204e,NO,,No,No
85-55-87-14,1bd8a04d077b486fba2ce7255db10145,NO,,No,No
85-62-72-46,b410ec462de34fc18f65a34345017819,NO,,No,Don't Know
85-73-39-95,eb327d8993504d3ab65f83197f85f585,NO,,No,No
85-90-63-78,363105e636044168b16002c3f19bb4d7,NO,,Yes,No
86-03-34-86,a0b9023711424bbca1e747dc6c4127df,NO,,No,Yes
86-03-63-58,2f0105e6a53e4d45a530d6636975391e,NO,,Yes,No
86-03-64-37,f51f71d288f343e7bf4b7250348964ba,NO,,No,Don't Know
86-04-92-54,052e6546652e487cb4545ba3798f5a18,NO,,No,Yes
86-24-40-72,9b2340cb9ec74d0eae6bb58f3f3e8675,YES,2019,No,Don't Know
86-26-40-80,c0e057b5958d422fa244e23f73c2de4d,NO,,Yes,Yes
86-71-20-29,014c6624126a4d2f8d8cecfb3bffbbf4,NO,,No,No
86-75-67-53,a359f9d7a77544f4832a0080349220d6,NO,,Yes,No
86-77-97-98,ee7bc59f10044f9e9579bcff19af0dd1,YES,2019,No,Yes
87-28-18-46,69880fc313b544a7b0b20dcb535ada58,NO,,No,Don't Know
87-32-17-19,6d5ed5a202184209bca86f877ab615f5,YES,2018,Yes,Don't Know
87-41-89-67,ec1a8bf939474fd0b767bc3b6298e69e,YES,2017,No,No
87-43-26-36,829d6d0eb1e54f2da45783f8080788f2,YES,2019,Yes,No
87-94-65-95,49599e733dc44f22a14924f12d58982f,NO,,No,Yes
88-00-07-74,2268341ef6f94327a562483a86648991,NO,,No,No
88-30-00-91,b06df95f82b245e49f5eeba2d5c79232,NO,,No,Yes
88-31-49-86,d8f6c527131d4c5d9fcd14897dffc478,NO,,No,Don't Know
88-32-57-85,5e8a383031fa480f9eff09e47606243a,NO,,No,No
88-36-53-04,51cc624c550b46fdaea5fadd5e52a78b,NO,,No,Don't Know
88-52-42-98,107e181dc6e746d691fb52eb9e153ddf,NO,,No,Don't Know
88-64-50-68,35ec18478b544d069d2773268be1fa7e,NO,,No,Don't Know
88-74-48-63,d979526899f0489698a5cff84890070e,NO,,No,No
89-23-79-02,ca9017ddf1ff4ca380c057ff9c4d96f8,YES,2012,No,Yes
89-30-18-91,ecc22f4afd6241a7a1b8306e4aa09fe1,NO,,No,Don't Know
89-42-49-71,1267758e7b1448dd879b0a1ff5f511ee,YES,2015,No,Don't Know
89-66-82-87,dba7d6c6c6784327b04d949342ae9612,YES,2015,No,No
89-69-08-00,67855bdd3aee48ca958a723f6dba7297,YES,2012,Yes,No
89-77-54-00,06e780d4102a47f6867848b531c5712c,NO,,Yes,No
89-78-75-87,40b9ece2093142178227fb822dd90fc6,NO,,No,Don't Know
89-88-17-80,c2cbc944693840859c94880e3d801ca0,NO,,Yes,Yes
90-09-15-99,bd845165ff014569b787dd428f0b404a,YES,2020,No,Yes
90-21-66-00,4fd8573b57ad4d8f88017a3108a38495,NO,,No,No
90-32-33-48,5927782e02174cd1bdf7209ca4b116ac,NO,,No,No
90-36-96-32,da0229ebbd61429b975953c7e68cb20e,YES,2017,No,Don't Know
90-44-03-73,eaeed4f36f614147a02035cb21f79d28,NO,,Yes,Yes
90-84-08-93,802ec3e731cf4b35a947514ab4f6ab9a,YES,2009,No,No
90-91-21-27,f632100cd84e4a459e7c356d7d901ab2,NO,,No,No
90-99-13-40,9c226a9a0aea4653b24fba28486232fc,NO,,No,No
91-07-09-62,62160026c5164a54af59f1eedcd768d9,NO,,No,Don't Know
91-58-43-90,7ff8b3d6699544128149b273c5fedc16,NO,,No,Don't Know
91-63-01-55,676ff8a54b204d45866c6fd4c54084f9,YES,2018,Yes,Yes
91-77-64-26,25bbaea7c204469c96bfd3820c7e647e,YES,2016,Yes,Don't Know
91-84-56-29,d10b27f4ecfe49b2a71ab3e2c3773a20,NO,,Yes,No
91-93-34-96,0fd6b2768392410793045a76d6220469,NO,,No,No
92-10-05-03,6c73275fa4fe41a6958a83a1c5a62787,NO,,Yes,Yes
92-16-45-30,5467f94816b946438aeb325d1492c263,NO,,No,Yes
92-18-40-14,257652d6bebe4d718f4837134bb589f3,NO,,No,Don't Know
92-24-73-80,c328442107f94863b2e827019c525027,NO,,No,Don't Know
92-31-98-84,d2f23f6b08e84008a871b4cc70d31e0e,YES,2018,No,Don't Know
92-47-65-51,97f0143f745d473ebb537dd34137979a,NO,,Yes,Don't Know
92-97-61-32,52800dd77dff4019b472ad0579cc68c4,NO,,No,No
93-12-57-45,b1457727a5b944ddab8522dda11bf27f,NO,,No,No
93-38-58-60,33c63c57c66a43da9f052b626308e213,NO,,No,Don't Know
93-41-46-86,e8c791e0ce024c2097114650f3140840,NO,,No,No
93-80-92-56,247e982601954398a834f3628662e713,NO,,No,No
94-05-09-20,be69fdeed09542a5801351979998c25c,NO,,Yes,No
94-21-33-51,f4e2459f68a54642bd46b64ebb5b2b23,YES,2008,No,No
94-73-23-55,4cda0fa941f54adcbd4f4e69a46cca39,YES,2019,Yes,Don't Know
95-25-00-34,b53feff4df724870bec13e61b73378ec,NO,,No,Don't Know
95-37-40-37,eb0082612aac49e3b3ab1aa733501eb8,NO,,No,No
95-39-32-21,1fa2535d1a674c5b95c43132b5efa4a9,NO,,No,Don't Know
95-52-62-34,028d0c566dee4a37a0c821301ec23692,NO,,No,Don't Know
95-58-00-86,97165c1f263e48b3b18bcf669cb89027,NO,,No,No
95-77-11-56,88c8f2c1809f4f4aa8f84b6018776be8,NO,,No,Yes
95-77-54-41,481cc868a1a941b89c2a66e07fed79d2,NO,,No,No
95-90-33-05,08576e5c26414dd2a361f892b0cadef3,NO,,No,No
96-22-27-19,c93d40565dcc4ef381d33200ab5978b8,NO,,No,Don't Know
96-27-56-50,a91b27eedeba479e879d335832301607,YES,2017,No,Don't Know
96-42-63-23,3ab2bce88e20407ca56daaf2acb9676b,NO,,No,Don't Know
96-61-77-64,20ea3c9beda6498aa1c42650c5d5fefa,NO,,No,No
96-66-00-15,fe1c4f06c82d46a8a22343972d50b7ff,NO,,Yes,No
96-80-04-95,53f9514aa4454032b924df43b992b722,NO,,Yes,No
96-88-86-83,efaee0d72a614ddaa6bd6f7ad6aa1262,NO,,No,No
97-96-10-91,4afa25a95cae4e95b11bc12fa954ae1d,NO,,No,No
98-06-52-11,e6f808cbf13e43f4b98dbe51890f3e9f,NO,,Yes,No
98-31-64-91,01c402f82f544774a2b7a9bd68bfc771,NO,,No,No
98-39-07-64,7a0cb52cfded4e308cb18e23ffa42b07,NO,,No,Don't Know
98-76-82-13,c7afa2a72c5445e69d770109fa7b348e,NO,,Yes,Don't Know
98-88-61-90,36ff18aecbc149f092a8252edfe4ca56,NO,,No,No
99-10-97-05,aa530d0adfcb4c77b22f77d05eb6d75d,NO,,Yes,Yes
99-16-00-23,5aec4136c1a34d4e8c58fd2b416afcb1,YES,2019,Yes,No
99-30-24-42,75c5d722fca145a7845f4843578ae651,NO,,No,No
99-34-76-86,b85a62d06f7547acb8bb70ea4082543e,NO,,No,Don't Know
99-85-34-24,a14f608b78eb4d1795f1e1009d0cbada,NO,,No,No
99-85-76-10,367499738af6453ab142d0a40a1721fe,NO,,Yes,No
