interview__key,s3q1,s3q2__1,s3q2__2,s3q2__3,s3q2__4,s3q2__5,s3q2__6,s3q2__7,s3q2__8,s3q2__9,s3q2__10
00-43-11-81,YES,YES,YES,YES,NO,YES,YES,YES,YES,YES,NO
00-58-81-98,YES,YES,YES,YES,YES,YES,YES,YES,YES,YES,YES
00-65-11-89,YES,YES,YES,YES,YES,YES,YES,YES,YES,YES,YES
00-77-77-21,YES,YES,YES,YES,YES,YES,YES,YES,YES,YES,YES
00-79-88-26,YES,YES,YES,YES,YES,YES,YES,YES,YES,YES,YES
00-84-86-11,YES,YES,YES,NO,YES,YES,YES,YES,YES,YES,YES
01-23-89-33,YES,YES,YES,YES,YES,YES,YES,YES,YES,YES,NO
01-72-87-61,YES,YES,YES,YES,YES,YES,YES,YES,YES,YES,YES
01-76-24-15,YES,YES,YES,YES,YES,NO,YES,YES,YES,YES,YES
01-77-99-03,YES,YES,YES,NO,YES,YES,YES,YES,YES,YES,NO
02-03-26-64,YES,YES,YES,YES,YES,YES,YES,YES,YES,YES,YES
02-06-64-53,YES,YES,YES,YES,YES,YES,YES,YES,YES,YES,YES
02-33-05-53,YES,NO,YES,NO,NO,NO,NO,YES,NO,NO,NO
02-67-76-94,YES,YES,YES,YES,YES,YES,YES,YES,YES,YES,YES
02-74-27-81,YES,YES,YES,YES,YES,YES,YES,YES,YES,YES,YES
03-16-29-25,YES,YES,YES,YES,YES,YES,YES,YES,YES,YES,YES
03-19-61-47,YES,YES,YES,YES,YES,YES,YES,YES,YES,YES,NO
03-19-90-30,YES,YES,YES,YES,YES,YES,YES,YES,YES,YES,YES
03-47-39-56,YES,YES,YES,YES,YES,YES,YES,YES,YES,YES,YES
03-61-95-52,YES,YES,YES,YES,YES,YES,YES,YES,YES,YES,YES
03-63-90-12,YES,YES,YES,YES,YES,YES,YES,YES,NO,YES,YES
03-70-64-11,YES,YES,YES,NO,YES,YES,YES,YES,YES,YES,YES
03-73-86-94,YES,YES,YES,YES,YES,YES,YES,YES,YES,YES,YES
03-88-90-62,YES,YES,YES,YES,YES,NO,NO,NO,YES,YES,NO
03-99-04-78,YES,YES,YES,YES,YES,YES,YES,YES,YES,NO,YES
04-04-54-65,YES,YES,YES,YES,YES,YES,YES,YES,YES,YES,YES
04-12-64-70,YES,YES,YES,YES,YES,YES,YES,YES,YES,YES,YES
04-29-75-90,YES,YES,YES,YES,YES,YES,YES,YES,YES,YES,NO
04-37-87-16,YES,YES,YES,YES,YES,YES,YES,YES,YES,YES,YES
04-39-38-48,YES,YES,YES,YES,YES,YES,YES,YES,YES,NO,YES
04-67-67-79,YES,YES,YES,NO,YES,YES,YES,YES,YES,YES,YES
05-24-93-15,YES,YES,YES,YES,YES,NO,NO,YES,YES,YES,YES
05-31-55-82,YES,YES,YES,YES,YES,YES,YES,YES,YES,YES,YES
05-62-94-56,YES,YES,YES,YES,YES,YES,YES,YES,YES,YES,YES
05-91-08-31,YES,YES,YES,YES,YES,NO,NO,YES,YES,YES,NO
05-92-55-36,YES,YES,YES,YES,YES,YES,YES,YES,YES,YES,YES
06-02-01-85,YES,YES,YES,YES,YES,YES,YES,YES,YES,YES,YES
06-13-20-73,YES,YES,YES,YES,YES,YES,YES,YES,YES,YES,YES
06-22-76-33,YES,YES,YES,YES,YES,YES,YES,YES,YES,YES,YES
06-28-46-05,YES,YES,YES,YES,YES,YES,YES,YES,YES,YES,YES
06-48-61-93,YES,YES,YES,NO,YES,YES,NO,YES,YES,YES,YES
06-58-66-37,YES,YES,YES,YES,YES,YES,YES,YES,YES,YES,YES
06-60-44-44,YES,YES,YES,YES,YES,YES,NO,YES,YES,YES,YES
06-66-82-75,YES,YES,YES,YES,YES,YES,YES,YES,YES,YES,YES
06-74-15-09,YES,YES,YES,YES,YES,YES,YES,YES,YES,YES,YES
06-76-31-17,YES,YES,YES,YES,YES,YES,NO,YES,YES,YES,NO
07-04-15-77,YES,YES,YES,YES,YES,YES,NO,YES,YES,YES,NO
07-23-68-44,YES,YES,YES,YES,YES,YES,YES,YES,YES,YES,YES
07-30-48-67,YES,YES,YES,YES,YES,YES,YES,YES,YES,YES,YES
07-76-26-70,YES,YES,YES,YES,YES,YES,YES,YES,YES,YES,
07-81-51-32,YES,YES,YES,NO,YES,YES,NO,YES,YES,YES,NO
07-84-14-95,YES,YES,YES,NO,YES,YES,YES,YES,YES,YES,YES
08-00-64-41,YES,YES,YES,YES,YES,YES,YES,YES,YES,YES,YES
08-23-20-49,YES,YES,YES,YES,YES,YES,YES,YES,YES,YES,YES
08-47-27-72,YES,YES,YES,YES,YES,YES,YES,YES,YES,NO,YES
08-53-40-91,YES,YES,YES,YES,YES,YES,YES,YES,YES,YES,YES
08-93-15-56,YES,YES,YES,YES,YES,YES,YES,YES,YES,YES,YES
09-98-65-95,YES,YES,YES,YES,YES,YES,YES,YES,YES,YES,YES
09-99-31-05,YES,YES,NO,YES,YES,YES,YES,YES,YES,YES,YES
10-14-95-30,YES,YES,YES,YES,YES,YES,YES,YES,YES,YES,YES
10-34-66-28,YES,YES,YES,YES,YES,YES,YES,YES,YES,YES,YES
10-44-66-45,YES,YES,YES,YES,YES,YES,YES,YES,YES,YES,YES
10-49-48-16,YES,YES,YES,YES,YES,YES,YES,YES,YES,YES,YES
10-50-22-17,YES,YES,YES,YES,YES,YES,YES,YES,YES,YES,YES
10-51-69-63,YES,YES,YES,YES,YES,YES,YES,YES,YES,YES,YES
10-59-70-70,YES,YES,YES,YES,YES,YES,YES,YES,YES,YES,YES
10-60-64-68,YES,YES,YES,YES,YES,YES,YES,YES,YES,YES,YES
10-74-21-81,YES,YES,YES,NO,YES,YES,YES,YES,NO,YES,NO
10-74-26-64,YES,YES,YES,YES,YES,YES,NO,YES,YES,YES,YES
10-79-63-95,YES,YES,YES,YES,YES,YES,YES,YES,YES,YES,YES
10-79-69-18,YES,YES,YES,YES,YES,YES,YES,YES,YES,YES,YES
10-97-14-67,YES,YES,YES,YES,YES,YES,YES,YES,YES,YES,YES
11-00-97-56,YES,YES,YES,YES,YES,NO,YES,YES,YES,YES,NO
11-03-46-56,YES,YES,YES,YES,YES,YES,YES,YES,YES,YES,YES
11-29-50-68,YES,YES,YES,YES,YES,YES,YES,YES,YES,YES,YES
11-55-61-21,YES,YES,YES,YES,YES,YES,YES,YES,YES,YES,YES
11-70-80-76,YES,YES,NO,YES,YES,YES,YES,YES,YES,NO,YES
11-82-96-50,YES,YES,YES,NO,YES,YES,YES,YES,YES,YES,YES
11-85-90-08,YES,YES,YES,NO,YES,YES,YES,YES,YES,YES,YES
11-87-94-81,YES,YES,YES,YES,YES,YES,YES,YES,YES,YES,YES
12-06-01-16,YES,YES,YES,YES,YES,YES,YES,YES,YES,YES,YES
12-40-10-23,YES,YES,YES,YES,YES,YES,YES,YES,YES,YES,NO
12-46-48-54,YES,YES,YES,YES,YES,YES,YES,YES,YES,YES,YES
12-47-86-50,YES,YES,YES,YES,YES,YES,YES,YES,YES,YES,YES
12-51-33-79,YES,YES,YES,YES,YES,YES,YES,YES,YES,YES,YES
12-62-80-65,YES,YES,YES,NO,YES,YES,YES,YES,YES,YES,YES
12-65-88-92,YES,YES,YES,YES,YES,YES,YES,YES,YES,YES,NO
12-81-88-26,YES,YES,YES,YES,YES,YES,YES,YES,YES,YES,YES
13-02-78-61,YES,YES,YES,YES,YES,YES,YES,YES,YES,YES,YES
13-33-94-73,YES,YES,YES,YES,YES,YES,YES,YES,YES,YES,YES
13-37-97-60,YES,YES,YES,YES,NO,YES,YES,YES,YES,YES,YES
13-38-53-48,YES,YES,YES,YES,YES,YES,YES,YES,YES,YES,YES
13-60-22-88,YES,YES,YES,YES,YES,YES,YES,YES,YES,YES,YES
13-64-94-46,YES,YES,YES,YES,YES,YES,YES,YES,YES,YES,YES
13-82-02-17,YES,YES,YES,YES,YES,YES,YES,YES,YES,YES,YES
14-02-03-59,YES,YES,YES,YES,YES,YES,YES,YES,YES,YES,YES
14-08-48-93,YES,YES,YES,YES,YES,YES,YES,YES,YES,YES,YES
14-39-38-95,YES,YES,YES,YES,YES,YES,YES,YES,YES,YES,YES
14-61-51-00,YES,YES,YES,YES,YES,YES,YES,YES,YES,YES,YES
14-69-23-96,YES,YES,YES,NO,NO,YES,YES,YES,YES,YES,YES
14-79-85-97,YES,YES,YES,YES,YES,YES,YES,YES,YES,YES,YES
14-91-38-18,YES,YES,YES,YES,YES,YES,YES,YES,YES,YES,YES
15-06-54-66,YES,YES,YES,YES,YES,YES,YES,YES,YES,YES,YES
15-48-87-63,YES,YES,YES,YES,YES,YES,NO,YES,YES,YES,YES
15-79-11-21,YES,YES,YES,YES,YES,YES,YES,YES,YES,YES,YES
15-84-14-64,YES,YES,YES,YES,YES,YES,YES,YES,YES,NO,YES
16-06-53-95,YES,YES,YES,YES,YES,YES,YES,YES,YES,YES,YES
16-08-75-75,YES,YES,YES,YES,YES,YES,YES,YES,YES,YES,YES
16-15-36-94,YES,YES,YES,YES,YES,YES,YES,YES,YES,YES,YES
16-16-74-08,YES,YES,YES,YES,YES,YES,YES,YES,YES,YES,YES
16-16-84-33,YES,YES,YES,YES,YES,YES,YES,YES,YES,YES,YES
16-24-65-69,YES,YES,YES,YES,YES,YES,YES,YES,YES,YES,YES
16-86-44-89,YES,YES,YES,YES,YES,YES,YES,YES,YES,YES,YES
16-89-51-12,YES,YES,YES,NO,YES,YES,YES,YES,YES,YES,YES
17-05-42-95,YES,YES,YES,YES,YES,YES,YES,YES,YES,YES,YES
17-08-61-49,YES,YES,YES,YES,YES,NO,YES,YES,YES,YES,YES
17-18-98-33,YES,YES,YES,YES,YES,YES,YES,YES,YES,YES,YES
17-24-59-14,YES,YES,YES,YES,YES,YES,YES,YES,YES,YES,YES
17-31-25-64,YES,YES,YES,YES,YES,YES,YES,YES,YES,YES,YES
17-44-93-64,YES,YES,YES,YES,YES,NO,YES,YES,YES,YES,YES
17-70-25-92,YES,YES,YES,YES,YES,YES,YES,YES,YES,NO,YES
17-80-37-29,YES,YES,YES,YES,YES,YES,YES,YES,YES,YES,YES
17-95-47-97,YES,YES,YES,YES,YES,YES,YES,YES,YES,YES,YES
18-24-13-09,YES,YES,YES,YES,YES,YES,YES,YES,YES,YES,YES
18-60-06-86,YES,YES,YES,YES,YES,YES,YES,YES,YES,YES,YES
18-72-11-99,YES,YES,YES,YES,YES,YES,YES,YES,YES,YES,YES
18-82-10-22,YES,YES,YES,YES,YES,YES,YES,YES,YES,YES,YES
18-84-03-10,YES,YES,YES,YES,YES,YES,YES,YES,YES,YES,YES
19-01-67-56,YES,YES,YES,YES,YES,YES,NO,YES,YES,NO,YES
19-07-91-27,YES,NO,YES,NO,YES,NO,NO,NO,YES,NO,NO
19-30-87-22,YES,YES,YES,YES,YES,YES,NO,YES,YES,YES,NO
19-37-74-45,YES,YES,YES,YES,YES,YES,YES,YES,YES,YES,YES
19-44-79-96,YES,YES,YES,YES,YES,YES,YES,YES,YES,YES,YES
20-04-61-28,YES,YES,YES,YES,YES,NO,NO,YES,YES,YES,YES
20-28-82-61,YES,YES,YES,YES,YES,YES,YES,YES,YES,YES,YES
20-31-92-98,YES,YES,YES,YES,YES,YES,YES,YES,YES,YES,YES
20-42-30-21,YES,YES,YES,YES,YES,YES,YES,YES,YES,YES,YES
20-56-43-54,YES,YES,YES,NO,YES,YES,YES,YES,YES,YES,YES
20-62-96-31,YES,YES,YES,NO,YES,NO,YES,NO,YES,YES,NO
20-63-84-89,YES,YES,YES,YES,YES,YES,YES,YES,YES,YES,YES
20-85-63-70,YES,YES,YES,YES,YES,YES,YES,YES,YES,YES,YES
20-85-92-42,YES,YES,YES,YES,YES,YES,YES,YES,YES,YES,YES
20-89-59-77,YES,YES,YES,YES,YES,YES,YES,YES,YES,YES,YES
20-94-74-60,YES,YES,YES,YES,YES,YES,YES,YES,YES,YES,NO
21-12-00-74,YES,YES,YES,YES,YES,YES,YES,YES,YES,YES,YES
21-35-15-73,YES,YES,YES,YES,YES,YES,YES,YES,YES,YES,YES
21-43-32-94,YES,YES,YES,YES,YES,YES,YES,YES,YES,YES,YES
21-47-97-09,YES,YES,YES,YES,YES,YES,YES,YES,YES,YES,NO
21-48-82-69,YES,YES,YES,YES,YES,YES,NO,YES,NO,YES,NO
21-55-86-41,YES,YES,YES,YES,YES,YES,YES,YES,YES,YES,YES
21-83-50-98,YES,YES,YES,YES,YES,NO,YES,YES,YES,NO,YES
22-00-20-65,YES,YES,YES,YES,YES,YES,YES,YES,YES,YES,YES
22-02-20-35,YES,YES,YES,YES,YES,YES,YES,YES,YES,YES,YES
22-13-91-19,YES,YES,YES,YES,YES,YES,YES,YES,YES,YES,YES
22-24-98-60,YES,YES,YES,YES,YES,NO,YES,YES,YES,YES,NO
22-68-88-64,YES,YES,YES,YES,YES,YES,YES,YES,YES,YES,YES
22-71-47-45,YES,YES,YES,YES,YES,YES,YES,YES,YES,YES,YES
22-82-40-96,YES,YES,YES,YES,YES,NO,YES,YES,YES,YES,YES
22-95-33-57,YES,YES,YES,YES,YES,YES,YES,YES,YES,YES,YES
22-97-49-80,YES,YES,YES,YES,YES,YES,YES,YES,YES,YES,YES
23-01-08-57,YES,YES,YES,YES,YES,YES,YES,YES,YES,YES,YES
23-05-87-71,YES,YES,YES,YES,YES,YES,YES,YES,YES,YES,YES
23-07-02-32,YES,YES,YES,YES,YES,YES,YES,YES,YES,YES,YES
23-17-50-70,YES,YES,YES,YES,YES,YES,YES,YES,YES,YES,YES
23-22-27-33,YES,YES,YES,YES,YES,YES,YES,YES,YES,YES,YES
23-22-45-29,YES,YES,YES,YES,YES,YES,YES,YES,YES,YES,YES
23-47-35-56,YES,YES,YES,YES,YES,YES,YES,YES,YES,YES,YES
23-70-12-71,YES,YES,YES,NO,YES,YES,YES,YES,YES,YES,YES
23-80-68-10,YES,YES,YES,NO,YES,YES,YES,YES,YES,YES,YES
23-90-14-52,YES,YES,YES,YES,YES,NO,YES,YES,YES,YES,YES
24-05-00-21,YES,YES,YES,YES,YES,YES,YES,YES,YES,YES,YES
24-06-73-35,YES,YES,YES,YES,YES,YES,YES,YES,YES,YES,YES
24-25-08-46,YES,YES,YES,YES,YES,NO,YES,YES,YES,YES,YES
24-67-16-26,YES,YES,YES,YES,YES,YES,YES,YES,YES,YES,YES
24-76-19-68,YES,YES,YES,YES,YES,YES,YES,YES,YES,YES,YES
24-90-09-87,YES,YES,YES,YES,NO,YES,YES,YES,YES,YES,YES
24-93-77-06,YES,YES,YES,YES,YES,YES,YES,YES,YES,NO,YES
25-32-76-30,YES,YES,NO,YES,YES,YES,NO,NO,YES,NO,YES
25-75-52-06,YES,YES,YES,YES,YES,NO,NO,YES,YES,YES,YES
25-84-72-20,YES,YES,YES,YES,YES,YES,YES,YES,YES,YES,NO
25-86-11-99,YES,YES,YES,YES,YES,YES,YES,YES,YES,YES,YES
25-97-74-80,YES,YES,YES,YES,YES,YES,YES,YES,YES,YES,YES
26-01-67-49,YES,YES,YES,YES,YES,YES,YES,YES,YES,YES,NO
26-16-58-29,YES,YES,YES,YES,YES,YES,YES,YES,YES,YES,YES
26-27-12-90,YES,YES,YES,YES,YES,YES,YES,YES,YES,YES,YES
26-35-26-67,YES,YES,YES,YES,YES,YES,YES,YES,YES,YES,YES
26-38-46-89,YES,YES,YES,YES,YES,YES,YES,YES,YES,YES,YES
26-43-83-33,YES,YES,YES,YES,YES,YES,YES,YES,YES,YES,YES
26-51-88-13,YES,YES,YES,NO,YES,YES,YES,YES,YES,YES,YES
26-52-88-06,YES,YES,YES,YES,YES,YES,YES,YES,YES,YES,YES
26-61-07-62,YES,YES,YES,YES,YES,YES,NO,YES,YES,YES,YES
27-02-70-68,YES,YES,YES,YES,YES,NO,NO,NO,YES,YES,YES
27-18-98-28,YES,YES,YES,YES,YES,YES,YES,YES,YES,YES,YES
27-40-37-29,YES,YES,YES,YES,YES,YES,YES,YES,YES,YES,NO
27-65-63-90,YES,YES,YES,YES,YES,YES,YES,YES,YES,YES,YES
27-83-33-37,YES,YES,NO,YES,YES,YES,YES,YES,YES,YES,YES
27-87-20-09,YES,YES,YES,YES,YES,YES,YES,YES,YES,YES,YES
28-15-80-33,YES,YES,YES,NO,YES,YES,NO,YES,YES,YES,NO
28-22-42-65,YES,YES,YES,YES,YES,YES,YES,YES,YES,YES,YES
28-24-96-40,YES,YES,YES,YES,YES,YES,YES,YES,YES,YES,YES
28-56-71-30,YES,YES,YES,YES,YES,YES,YES,YES,YES,YES,YES
29-09-89-76,YES,YES,YES,YES,YES,YES,YES,YES,YES,YES,YES
29-10-18-55,YES,YES,YES,YES,YES,YES,YES,YES,YES,YES,NO
29-14-15-14,YES,YES,YES,NO,YES,YES,YES,YES,YES,YES,YES
29-14-80-67,YES,YES,YES,YES,YES,NO,YES,YES,YES,YES,YES
29-66-44-87,YES,YES,YES,YES,YES,YES,YES,YES,YES,YES,YES
29-72-87-62,YES,YES,YES,YES,YES,NO,YES,YES,YES,YES,YES
30-21-60-24,YES,YES,YES,YES,YES,NO,YES,YES,YES,YES,YES
30-25-81-29,YES,YES,YES,YES,YES,YES,YES,YES,YES,YES,YES
30-34-21-25,YES,YES,YES,NO,YES,YES,YES,YES,YES,YES,YES
30-40-80-54,YES,YES,YES,YES,YES,YES,YES,YES,YES,YES,YES
30-60-61-62,YES,YES,YES,YES,YES,YES,YES,YES,YES,YES,YES
30-64-04-32,YES,YES,YES,YES,YES,YES,YES,YES,YES,YES,YES
30-71-10-72,YES,YES,YES,YES,YES,YES,YES,YES,YES,YES,YES
30-83-50-12,YES,YES,YES,YES,YES,YES,YES,YES,YES,YES,YES
30-87-19-67,YES,YES,YES,YES,YES,YES,YES,YES,YES,YES,YES
31-00-61-81,YES,YES,YES,YES,YES,YES,YES,YES,NO,YES,YES
31-07-95-65,YES,YES,YES,YES,YES,YES,YES,YES,YES,YES,YES
31-15-72-28,YES,YES,YES,YES,YES,YES,YES,YES,YES,NO,YES
31-19-56-61,YES,YES,YES,YES,YES,NO,NO,YES,YES,YES,YES
31-28-06-21,YES,YES,YES,YES,YES,NO,YES,YES,YES,YES,YES
31-37-61-18,YES,YES,YES,NO,YES,YES,YES,NO,YES,YES,NO
31-77-11-76,YES,YES,YES,YES,YES,YES,YES,YES,YES,YES,YES
31-95-80-95,YES,YES,YES,NO,YES,YES,YES,YES,YES,YES,YES
31-98-95-06,YES,YES,YES,YES,YES,YES,YES,YES,YES,YES,YES
33-12-14-62,YES,YES,YES,YES,YES,YES,YES,YES,YES,YES,YES
33-44-26-54,YES,YES,YES,NO,YES,YES,YES,YES,NO,YES,NO
33-60-64-25,YES,YES,YES,YES,YES,YES,YES,NO,YES,YES,NO
33-65-64-57,YES,YES,YES,YES,YES,YES,YES,YES,YES,YES,YES
33-71-56-61,YES,YES,YES,YES,YES,NO,YES,YES,YES,YES,YES
33-71-70-67,YES,YES,YES,YES,YES,YES,YES,YES,YES,YES,YES
33-73-37-44,YES,YES,YES,YES,YES,YES,YES,YES,YES,YES,YES
33-78-53-00,YES,YES,YES,YES,YES,YES,YES,YES,YES,YES,YES
33-86-67-75,YES,YES,YES,YES,YES,YES,YES,YES,YES,YES,YES
33-89-25-03,YES,YES,YES,YES,YES,YES,YES,YES,YES,YES,YES
33-90-94-09,YES,YES,YES,YES,YES,YES,YES,YES,YES,YES,YES
34-00-28-01,YES,YES,YES,YES,YES,YES,NO,YES,NO,YES,YES
34-09-41-70,YES,YES,YES,YES,YES,YES,YES,YES,YES,YES,YES
34-42-73-59,YES,YES,YES,YES,YES,NO,YES,YES,YES,YES,YES
34-64-89-26,YES,YES,YES,NO,YES,YES,YES,YES,YES,NO,YES
34-77-93-33,YES,YES,YES,YES,NO,NO,YES,YES,YES,NO,YES
34-95-18-20,YES,YES,YES,NO,YES,YES,YES,YES,YES,YES,YES
35-06-44-66,YES,YES,YES,YES,YES,YES,YES,YES,YES,YES,YES
35-30-27-50,YES,YES,YES,YES,YES,NO,YES,YES,YES,YES,NO
35-39-84-90,YES,YES,YES,YES,YES,YES,YES,YES,YES,YES,YES
35-58-75-06,YES,YES,YES,YES,YES,YES,YES,YES,YES,YES,YES
35-62-23-66,YES,YES,YES,YES,YES,YES,YES,YES,YES,YES,YES
35-73-54-72,YES,YES,YES,YES,YES,YES,YES,YES,YES,YES,YES
35-94-42-76,YES,YES,YES,YES,YES,YES,YES,YES,YES,YES,YES
35-97-34-27,YES,YES,YES,YES,YES,YES,YES,YES,NO,YES,YES
36-16-72-90,YES,YES,YES,YES,YES,NO,NO,YES,YES,YES,NO
36-21-15-23,YES,YES,YES,YES,YES,YES,YES,YES,YES,YES,YES
36-24-68-93,YES,YES,YES,YES,YES,YES,YES,YES,YES,YES,NO
36-43-18-96,YES,YES,YES,YES,YES,YES,YES,YES,YES,YES,YES
36-49-92-02,YES,YES,YES,NO,YES,YES,YES,YES,YES,NO,YES
36-56-02-54,YES,YES,YES,NO,YES,YES,NO,YES,YES,YES,YES
36-61-25-07,YES,YES,YES,YES,YES,YES,YES,YES,YES,YES,YES
36-70-29-58,YES,YES,YES,NO,NO,NO,NO,NO,YES,NO,YES
36-75-19-42,YES,YES,YES,YES,YES,YES,YES,NO,NO,YES,YES
36-84-67-64,YES,YES,NO,YES,YES,YES,YES,YES,YES,YES,YES
36-89-37-82,YES,YES,YES,NO,YES,YES,YES,YES,YES,YES,NO
37-35-21-59,YES,YES,YES,YES,YES,YES,YES,YES,YES,YES,YES
37-38-42-62,YES,YES,YES,YES,YES,NO,YES,YES,YES,YES,NO
37-46-32-38,YES,YES,YES,YES,YES,YES,NO,YES,YES,YES,NO
37-52-27-69,YES,YES,YES,YES,YES,YES,YES,YES,YES,YES,YES
37-59-89-29,YES,YES,YES,YES,YES,YES,YES,YES,YES,YES,YES
37-61-06-75,YES,YES,YES,NO,YES,YES,YES,YES,YES,YES,YES
37-65-27-54,YES,YES,YES,YES,YES,YES,YES,YES,YES,YES,YES
37-72-45-99,YES,YES,YES,YES,YES,YES,YES,YES,YES,YES,YES
37-74-05-89,YES,YES,YES,YES,YES,YES,YES,YES,YES,YES,NO
37-77-42-09,YES,YES,YES,YES,YES,YES,YES,YES,YES,YES,YES
37-97-28-81,YES,YES,YES,YES,YES,YES,YES,YES,YES,YES,YES
38-10-58-45,YES,YES,YES,YES,YES,YES,YES,YES,YES,YES,YES
38-43-40-47,YES,YES,YES,YES,YES,YES,YES,YES,YES,YES,YES
38-46-69-29,YES,YES,YES,YES,YES,YES,YES,YES,YES,YES,YES
38-47-08-02,YES,YES,YES,YES,YES,YES,YES,YES,YES,YES,YES
38-54-26-16,YES,YES,YES,YES,YES,YES,YES,YES,YES,YES,YES
38-57-15-36,YES,YES,YES,YES,YES,NO,YES,YES,YES,YES,YES
38-76-63-07,YES,YES,YES,YES,YES,YES,YES,YES,YES,YES,YES
38-95-05-30,YES,YES,YES,YES,YES,NO,YES,YES,YES,YES,YES
39-37-85-76,YES,YES,YES,YES,YES,YES,YES,YES,YES,YES,YES
39-42-49-58,YES,YES,YES,YES,YES,YES,YES,YES,YES,YES,NO
39-65-12-80,YES,YES,YES,YES,YES,YES,YES,YES,YES,YES,YES
39-67-27-96,YES,YES,YES,YES,YES,YES,YES,YES,YES,YES,YES
39-82-57-25,YES,YES,YES,YES,YES,NO,YES,YES,YES,YES,NO
39-93-61-48,YES,YES,YES,NO,YES,YES,YES,YES,YES,YES,YES
40-04-59-84,YES,YES,YES,YES,YES,YES,YES,YES,YES,YES,YES
40-04-89-63,YES,YES,YES,YES,YES,YES,YES,YES,YES,YES,YES
40-10-14-39,YES,YES,YES,YES,YES,YES,YES,YES,NO,YES,YES
40-15-14-22,YES,YES,YES,YES,YES,NO,YES,YES,YES,YES,YES
40-17-52-95,YES,YES,YES,YES,YES,YES,YES,YES,YES,YES,NO
40-41-44-80,YES,YES,YES,YES,YES,YES,YES,YES,NO,YES,YES
40-59-75-04,YES,YES,YES,YES,YES,NO,YES,YES,YES,YES,YES
40-63-22-62,YES,YES,YES,YES,YES,YES,YES,YES,YES,YES,YES
40-66-86-79,YES,YES,YES,YES,YES,YES,YES,YES,YES,YES,YES
41-02-94-76,YES,YES,YES,YES,YES,YES,YES,YES,YES,YES,YES
41-43-22-50,YES,YES,YES,YES,YES,YES,YES,YES,NO,YES,NO
41-52-92-46,YES,YES,YES,YES,YES,YES,YES,YES,YES,YES,YES
41-55-79-65,YES,YES,YES,YES,YES,YES,YES,YES,YES,YES,YES
41-62-99-64,YES,YES,YES,YES,YES,YES,YES,YES,YES,NO,YES
41-75-27-41,YES,YES,YES,YES,YES,YES,YES,YES,YES,YES,YES
42-33-87-04,YES,YES,YES,YES,YES,YES,YES,YES,YES,YES,YES
42-37-35-39,YES,YES,YES,YES,YES,YES,YES,YES,YES,YES,YES
42-42-74-85,YES,YES,YES,YES,YES,YES,YES,YES,YES,YES,YES
42-53-24-27,YES,YES,YES,YES,YES,YES,YES,YES,YES,YES,YES
42-59-84-80,YES,YES,YES,YES,YES,YES,YES,YES,YES,YES,YES
42-62-53-53,YES,YES,YES,YES,YES,YES,YES,,YES,YES,
42-77-29-46,YES,YES,YES,NO,YES,YES,YES,YES,YES,YES,YES
42-91-79-69,YES,YES,YES,YES,YES,YES,YES,YES,YES,YES,YES
43-00-29-22,YES,YES,YES,YES,YES,YES,YES,YES,YES,YES,YES
43-00-33-25,YES,YES,YES,YES,YES,YES,YES,YES,YES,YES,YES
43-12-56-49,YES,YES,YES,YES,YES,YES,YES,YES,YES,YES,YES
43-27-17-94,YES,YES,YES,YES,YES,YES,YES,YES,YES,YES,YES
43-36-09-19,YES,YES,YES,YES,YES,YES,YES,YES,YES,YES,YES
43-45-74-03,YES,YES,YES,YES,YES,YES,YES,YES,YES,YES,YES
43-56-12-42,YES,YES,YES,YES,YES,YES,YES,YES,YES,YES,YES
43-60-19-99,YES,YES,YES,YES,YES,YES,YES,YES,YES,YES,YES
43-77-41-72,YES,YES,YES,YES,YES,YES,YES,YES,YES,YES,NO
43-79-39-05,YES,YES,YES,YES,YES,YES,YES,YES,YES,YES,YES
43-84-79-30,YES,YES,YES,YES,YES,YES,YES,YES,YES,YES,YES
43-84-93-81,YES,YES,YES,YES,YES,YES,NO,YES,YES,YES,YES
43-90-34-57,YES,YES,YES,YES,YES,YES,YES,YES,YES,YES,YES
43-98-71-46,YES,YES,YES,NO,NO,YES,NO,YES,NO,YES,NO
43-99-18-22,YES,YES,YES,YES,YES,YES,YES,YES,YES,YES,YES
44-12-75-86,YES,YES,YES,YES,YES,NO,NO,YES,YES,YES,YES
44-36-05-05,YES,YES,YES,YES,YES,YES,YES,YES,YES,YES,YES
44-41-36-03,YES,YES,YES,YES,YES,YES,YES,YES,YES,YES,YES
44-73-60-72,YES,YES,YES,YES,YES,YES,YES,YES,YES,YES,YES
44-87-94-13,YES,YES,YES,YES,YES,YES,YES,YES,YES,YES,YES
45-09-31-36,YES,YES,YES,YES,YES,YES,YES,YES,YES,YES,YES
45-33-07-93,YES,YES,YES,YES,YES,YES,YES,YES,YES,YES,YES
45-38-94-73,YES,YES,YES,YES,NO,YES,NO,YES,YES,YES,YES
45-47-97-58,YES,YES,YES,YES,YES,YES,YES,YES,YES,YES,YES
45-93-10-00,YES,YES,YES,NO,YES,YES,YES,YES,YES,YES,YES
46-01-59-76,YES,YES,YES,NO,NO,NO,NO,NO,YES,NO,NO
46-34-50-62,YES,YES,YES,YES,YES,YES,YES,YES,YES,YES,YES
46-38-48-60,YES,YES,YES,YES,YES,NO,YES,YES,YES,YES,YES
46-69-08-47,YES,YES,YES,YES,YES,NO,YES,YES,YES,YES,YES
46-69-63-29,YES,YES,YES,NO,YES,YES,YES,YES,YES,YES,YES
46-83-48-62,YES,YES,YES,YES,YES,YES,YES,YES,YES,YES,YES
47-11-27-08,YES,YES,YES,YES,YES,YES,YES,YES,YES,YES,YES
47-69-71-49,YES,YES,YES,YES,YES,YES,YES,YES,YES,YES,YES
47-76-61-62,YES,YES,YES,YES,YES,YES,YES,YES,YES,YES,YES
47-80-83-62,YES,YES,YES,NO,YES,NO,YES,YES,YES,YES,YES
47-91-71-45,YES,YES,YES,NO,YES,YES,YES,YES,YES,YES,YES
48-02-06-23,YES,YES,YES,YES,YES,YES,YES,YES,YES,YES,YES
48-19-55-10,YES,YES,YES,YES,YES,YES,YES,YES,YES,YES,YES
48-24-34-15,YES,YES,YES,YES,YES,YES,YES,YES,YES,YES,NO
48-25-30-68,YES,YES,YES,YES,YES,YES,YES,YES,YES,YES,YES
48-26-20-16,YES,YES,YES,YES,YES,YES,NO,YES,YES,YES,YES
48-34-15-09,YES,YES,YES,YES,YES,YES,YES,YES,YES,YES,YES
48-40-40-85,YES,YES,YES,YES,YES,YES,YES,YES,YES,YES,YES
48-46-10-67,YES,YES,YES,YES,YES,YES,NO,YES,YES,YES,NO
48-66-61-35,YES,YES,YES,YES,YES,YES,YES,YES,YES,YES,YES
48-69-11-17,YES,YES,YES,YES,YES,YES,YES,YES,YES,YES,YES
48-86-62-86,YES,YES,YES,YES,YES,YES,YES,YES,YES,YES,YES
49-32-19-62,YES,NO,YES,NO,YES,NO,NO,NO,YES,YES,NO
49-32-98-99,YES,YES,YES,YES,YES,YES,NO,NO,YES,YES,YES
49-54-96-94,YES,YES,YES,YES,YES,YES,YES,YES,YES,YES,YES
49-62-76-81,YES,YES,YES,YES,YES,YES,NO,YES,NO,YES,YES
49-64-42-33,YES,YES,YES,YES,YES,YES,YES,YES,YES,YES,YES
49-70-47-21,YES,YES,YES,YES,YES,YES,YES,YES,YES,YES,YES
50-01-78-09,YES,YES,YES,YES,YES,NO,NO,YES,YES,YES,YES
50-02-07-28,YES,YES,YES,YES,YES,NO,YES,YES,YES,YES,YES
50-21-99-60,YES,YES,YES,YES,YES,YES,YES,YES,YES,YES,YES
50-22-79-07,YES,YES,YES,YES,YES,YES,YES,YES,YES,YES,YES
50-25-24-53,YES,YES,YES,YES,YES,YES,YES,YES,YES,YES,YES
50-58-30-13,YES,YES,YES,YES,YES,YES,YES,YES,YES,YES,YES
50-60-22-41,YES,YES,YES,YES,YES,YES,YES,YES,YES,YES,YES
50-69-77-44,YES,YES,YES,YES,YES,YES,YES,YES,YES,YES,YES
50-87-50-62,YES,YES,YES,YES,YES,YES,YES,YES,YES,YES,YES
51-01-94-67,YES,YES,YES,NO,YES,YES,YES,YES,YES,YES,YES
51-09-32-63,YES,YES,YES,YES,YES,NO,YES,YES,YES,YES,YES
51-25-89-78,YES,YES,YES,YES,YES,YES,YES,YES,YES,YES,YES
51-37-92-67,YES,YES,YES,YES,YES,YES,YES,YES,YES,YES,YES
51-59-93-03,YES,YES,YES,YES,YES,YES,YES,YES,YES,YES,YES
51-70-04-92,YES,YES,YES,NO,YES,NO,NO,YES,NO,YES,YES
51-72-85-98,YES,YES,YES,YES,YES,NO,YES,YES,YES,YES,YES
51-76-01-12,YES,YES,YES,YES,YES,NO,YES,YES,YES,YES,YES
51-86-87-77,YES,YES,YES,YES,YES,YES,YES,YES,YES,YES,YES
51-97-69-96,YES,YES,YES,YES,YES,YES,YES,YES,YES,YES,YES
52-53-40-53,YES,YES,YES,YES,YES,YES,YES,YES,YES,YES,YES
52-61-02-40,YES,YES,YES,YES,YES,YES,YES,YES,YES,YES,YES
52-75-29-40,YES,YES,YES,NO,YES,YES,YES,YES,YES,YES,YES
52-81-79-26,YES,YES,YES,YES,YES,YES,YES,YES,YES,YES,YES
52-85-28-28,YES,NO,NO,YES,YES,YES,YES,YES,YES,YES,YES
52-89-47-82,YES,YES,YES,YES,YES,YES,YES,YES,YES,YES,YES
53-08-85-03,YES,YES,YES,YES,YES,YES,YES,YES,YES,YES,YES
53-20-99-21,YES,YES,YES,YES,YES,YES,YES,YES,YES,YES,YES
53-27-69-08,YES,YES,YES,YES,YES,YES,YES,YES,YES,YES,YES
53-40-08-20,YES,YES,YES,YES,YES,YES,YES,YES,YES,YES,YES
53-58-30-17,YES,YES,YES,NO,YES,YES,YES,YES,YES,YES,NO
53-58-66-13,YES,YES,YES,YES,YES,YES,YES,YES,YES,YES,YES
53-59-74-83,YES,YES,YES,YES,YES,YES,YES,YES,YES,YES,YES
53-71-01-04,YES,YES,YES,YES,YES,YES,YES,YES,YES,YES,YES
54-08-61-18,YES,YES,YES,YES,YES,YES,YES,YES,YES,YES,YES
54-26-95-74,YES,YES,YES,YES,YES,YES,YES,YES,YES,YES,YES
54-35-19-45,YES,YES,YES,YES,YES,YES,YES,YES,YES,YES,YES
54-45-81-21,YES,YES,YES,YES,YES,YES,YES,YES,YES,YES,YES
54-67-05-10,YES,YES,YES,YES,YES,YES,YES,YES,YES,YES,YES
54-67-43-30,YES,YES,YES,YES,YES,YES,YES,YES,YES,YES,YES
54-68-38-16,YES,YES,YES,YES,YES,YES,YES,YES,YES,YES,YES
55-02-46-10,YES,YES,YES,YES,YES,NO,YES,YES,YES,YES,YES
55-07-87-33,YES,YES,YES,YES,YES,YES,YES,YES,YES,YES,YES
55-30-81-13,YES,YES,YES,YES,NO,YES,YES,NO,YES,YES,NO
55-46-89-32,YES,YES,YES,YES,YES,YES,YES,YES,YES,YES,YES
55-99-30-12,YES,YES,YES,YES,YES,YES,YES,YES,YES,YES,YES
56-16-72-34,YES,YES,YES,YES,YES,YES,YES,YES,YES,YES,YES
56-30-18-48,YES,YES,YES,YES,YES,YES,YES,YES,YES,YES,YES
56-62-34-18,YES,YES,YES,NO,YES,YES,YES,YES,YES,NO,YES
56-65-29-99,YES,YES,YES,YES,YES,YES,YES,YES,YES,YES,NO
56-78-80-75,YES,YES,YES,YES,YES,YES,YES,YES,YES,YES,YES
57-07-53-93,YES,YES,YES,YES,YES,YES,YES,YES,YES,YES,YES
57-12-71-54,YES,YES,YES,YES,YES,NO,YES,YES,YES,YES,YES
57-13-57-62,YES,YES,YES,YES,YES,YES,YES,YES,YES,YES,YES
57-47-09-99,YES,YES,YES,YES,YES,YES,YES,YES,YES,YES,YES
57-72-64-11,YES,YES,YES,YES,YES,YES,YES,YES,YES,YES,YES
57-73-26-63,YES,YES,YES,NO,YES,YES,YES,YES,YES,YES,YES
57-79-77-14,YES,YES,YES,YES,YES,NO,YES,YES,YES,YES,YES
58-08-83-14,YES,YES,YES,YES,YES,YES,YES,YES,YES,YES,NO
58-32-73-26,YES,YES,YES,YES,YES,NO,YES,YES,YES,YES,YES
58-46-64-12,YES,YES,YES,YES,YES,YES,YES,YES,YES,YES,YES
58-55-23-92,YES,YES,YES,YES,YES,YES,YES,YES,YES,NO,YES
58-66-56-84,YES,YES,YES,NO,YES,YES,YES,YES,NO,YES,NO
58-74-21-13,YES,YES,YES,YES,YES,YES,YES,YES,YES,YES,YES
58-78-28-96,YES,YES,YES,YES,YES,YES,YES,YES,YES,YES,YES
58-90-89-47,YES,YES,YES,YES,YES,YES,YES,YES,YES,YES,YES
58-92-09-56,YES,YES,YES,YES,YES,YES,YES,YES,YES,YES,YES
59-07-21-08,YES,YES,YES,YES,YES,YES,YES,YES,YES,YES,YES
59-07-39-14,YES,YES,YES,YES,YES,YES,YES,YES,YES,YES,YES
59-32-50-97,YES,YES,YES,YES,YES,YES,YES,YES,YES,YES,YES
60-10-16-39,YES,NO,YES,YES,YES,YES,YES,YES,YES,YES,YES
60-41-03-26,YES,YES,YES,YES,YES,YES,YES,YES,YES,YES,YES
60-49-28-82,YES,YES,YES,NO,YES,NO,NO,YES,YES,NO,YES
60-62-45-60,YES,YES,YES,YES,YES,YES,YES,YES,YES,YES,YES
60-78-53-60,YES,YES,YES,YES,YES,YES,YES,YES,YES,YES,YES
60-94-00-23,YES,YES,YES,YES,YES,YES,YES,YES,YES,YES,YES
61-20-42-71,YES,YES,YES,YES,YES,YES,YES,YES,YES,YES,YES
61-34-19-06,YES,YES,YES,YES,YES,NO,YES,YES,YES,YES,YES
61-55-74-69,YES,YES,YES,YES,YES,YES,YES,YES,YES,YES,YES
61-63-30-76,YES,YES,YES,YES,YES,YES,YES,YES,YES,YES,YES
61-67-47-85,YES,NO,NO,YES,YES,YES,YES,YES,NO,NO,NO
61-67-62-11,YES,YES,YES,YES,YES,YES,YES,YES,YES,YES,YES
61-79-37-24,YES,YES,YES,YES,YES,YES,YES,YES,YES,YES,YES
61-89-05-23,YES,YES,YES,YES,YES,YES,YES,YES,YES,YES,YES
61-93-66-97,YES,YES,YES,YES,YES,YES,YES,YES,YES,YES,YES
62-82-26-82,YES,YES,YES,YES,YES,YES,YES,YES,YES,YES,YES
62-82-91-08,YES,YES,YES,YES,YES,YES,YES,YES,YES,YES,YES
62-83-34-08,YES,YES,YES,YES,YES,YES,YES,YES,YES,YES,YES
63-07-27-19,YES,YES,YES,YES,YES,YES,NO,YES,YES,YES,NO
63-08-06-55,YES,YES,YES,YES,YES,YES,YES,YES,YES,YES,YES
63-39-93-82,YES,YES,YES,YES,YES,YES,YES,YES,YES,YES,YES
63-59-43-21,YES,YES,YES,YES,YES,YES,NO,NO,YES,YES,YES
63-65-88-89,YES,YES,YES,YES,YES,YES,YES,YES,YES,YES,YES
63-71-80-56,YES,YES,YES,YES,YES,YES,YES,YES,YES,YES,YES
64-04-63-22,YES,YES,YES,YES,YES,YES,YES,YES,YES,YES,YES
64-34-51-84,YES,YES,YES,YES,YES,YES,YES,YES,YES,YES,YES
64-57-05-02,YES,YES,YES,YES,YES,YES,YES,YES,YES,YES,YES
64-61-47-92,YES,YES,YES,YES,YES,YES,NO,YES,YES,NO,NO
64-88-44-02,YES,YES,YES,YES,YES,YES,NO,YES,YES,YES,YES
64-98-89-35,YES,YES,YES,YES,YES,YES,YES,YES,YES,YES,YES
65-18-75-73,YES,YES,YES,NO,YES,YES,YES,YES,NO,YES,NO
65-27-71-41,YES,YES,YES,YES,YES,YES,YES,NO,YES,YES,YES
65-72-41-25,YES,YES,YES,NO,YES,YES,YES,YES,YES,YES,YES
65-79-15-47,YES,YES,YES,YES,YES,YES,YES,YES,YES,YES,YES
65-79-97-04,YES,YES,YES,YES,YES,YES,YES,YES,YES,YES,YES
65-85-49-02,YES,YES,YES,YES,YES,YES,YES,YES,YES,YES,YES
65-86-02-16,YES,YES,YES,YES,YES,YES,YES,YES,YES,YES,YES
66-07-04-55,YES,YES,YES,YES,YES,YES,YES,YES,YES,YES,YES
66-07-48-67,YES,YES,YES,YES,YES,YES,YES,YES,YES,YES,YES
66-35-04-80,YES,YES,YES,YES,YES,YES,YES,YES,YES,YES,YES
66-39-65-35,YES,YES,YES,YES,YES,YES,YES,YES,YES,YES,YES
66-48-64-90,YES,YES,YES,YES,YES,YES,YES,YES,YES,YES,YES
66-75-61-47,YES,YES,YES,YES,YES,YES,YES,YES,YES,YES,YES
67-13-64-14,YES,YES,YES,YES,YES,YES,YES,YES,YES,YES,YES
67-14-96-86,YES,YES,YES,YES,YES,YES,NO,YES,YES,YES,YES
67-16-72-03,YES,YES,YES,YES,YES,YES,YES,YES,YES,YES,YES
67-26-95-16,YES,YES,YES,YES,YES,YES,YES,YES,YES,YES,YES
67-54-39-53,YES,YES,YES,YES,YES,YES,YES,YES,YES,YES,NO
67-54-92-61,YES,YES,YES,YES,YES,YES,YES,YES,YES,YES,YES
67-69-38-47,YES,YES,YES,YES,YES,YES,YES,YES,YES,YES,YES
67-73-53-12,YES,YES,YES,YES,YES,YES,YES,YES,YES,YES,YES
67-80-49-96,YES,YES,YES,YES,YES,YES,YES,YES,YES,YES,YES
67-96-98-63,YES,YES,YES,NO,YES,YES,YES,YES,YES,YES,YES
68-41-36-89,YES,YES,YES,YES,YES,YES,YES,YES,YES,YES,YES
68-42-89-25,YES,YES,YES,YES,YES,YES,YES,YES,YES,YES,YES
68-46-30-47,YES,YES,YES,YES,YES,YES,YES,YES,YES,YES,YES
68-60-51-64,YES,YES,YES,YES,YES,YES,YES,YES,YES,YES,YES
68-78-48-22,YES,YES,YES,YES,YES,YES,YES,YES,YES,NO,YES
69-10-15-62,YES,YES,YES,YES,YES,YES,YES,YES,YES,YES,YES
69-13-85-90,YES,YES,YES,YES,YES,YES,YES,YES,YES,YES,YES
69-19-88-76,YES,YES,YES,YES,YES,YES,NO,YES,YES,YES,YES
69-32-19-34,YES,YES,YES,NO,YES,YES,NO,YES,YES,YES,NO
69-40-67-20,YES,YES,YES,YES,YES,YES,YES,NO,YES,NO,YES
69-60-23-67,YES,YES,YES,YES,YES,YES,YES,YES,YES,YES,YES
69-64-03-36,YES,YES,YES,YES,YES,YES,YES,YES,YES,YES,YES
69-70-59-96,YES,YES,YES,YES,YES,YES,NO,YES,YES,YES,YES
69-89-52-33,YES,YES,YES,YES,YES,YES,YES,YES,YES,YES,YES
70-01-24-50,YES,YES,YES,YES,YES,NO,YES,YES,YES,YES,YES
70-02-54-40,YES,YES,YES,YES,YES,NO,YES,YES,YES,YES,YES
70-03-55-46,YES,YES,YES,YES,YES,YES,YES,YES,YES,YES,YES
70-14-57-65,YES,YES,YES,YES,YES,YES,YES,YES,YES,YES,YES
70-23-85-74,YES,YES,YES,NO,NO,NO,YES,YES,YES,NO,NO
70-26-43-15,YES,YES,YES,NO,YES,YES,YES,YES,YES,YES,YES
70-30-24-05,YES,YES,YES,YES,YES,YES,YES,YES,YES,YES,YES
70-32-33-45,YES,YES,YES,YES,YES,YES,YES,YES,YES,YES,YES
70-51-23-22,YES,YES,YES,NO,YES,YES,YES,YES,YES,YES,YES
70-51-30-36,YES,YES,YES,NO,YES,YES,YES,YES,YES,YES,YES
70-67-72-55,YES,YES,YES,YES,YES,YES,YES,YES,YES,YES,YES
70-84-90-44,YES,YES,YES,YES,YES,YES,YES,YES,YES,YES,YES
70-90-38-74,YES,YES,YES,YES,YES,NO,YES,YES,YES,YES,YES
70-97-48-34,YES,YES,YES,YES,YES,YES,YES,YES,YES,YES,YES
71-15-91-52,YES,YES,YES,YES,YES,YES,YES,YES,YES,YES,YES
71-20-63-65,YES,YES,YES,YES,YES,YES,YES,YES,YES,YES,YES
71-26-70-71,YES,YES,YES,YES,YES,NO,YES,YES,YES,YES,YES
71-62-01-78,YES,YES,YES,YES,YES,YES,YES,YES,YES,YES,YES
71-70-43-89,YES,YES,YES,YES,YES,YES,YES,YES,YES,YES,YES
71-87-51-82,YES,YES,YES,YES,YES,YES,YES,YES,YES,YES,YES
71-91-57-15,YES,YES,YES,YES,YES,YES,YES,YES,YES,YES,YES
71-96-71-79,YES,YES,YES,YES,YES,YES,YES,NO,YES,YES,YES
71-99-72-05,YES,YES,YES,YES,YES,YES,YES,YES,NO,NO,NO
72-03-14-59,YES,YES,YES,NO,YES,YES,YES,YES,YES,YES,YES
72-18-25-93,YES,YES,YES,YES,YES,YES,YES,YES,YES,YES,NO
72-30-30-44,NO,,,,,,,,,,
72-38-68-12,YES,YES,YES,YES,YES,YES,YES,YES,YES,NO,YES
72-39-85-25,YES,YES,YES,YES,YES,YES,YES,YES,YES,YES,YES
72-72-49-02,YES,YES,YES,NO,YES,YES,NO,NO,YES,YES,NO
73-29-67-92,YES,YES,YES,NO,YES,YES,YES,YES,YES,YES,YES
73-51-02-20,YES,YES,NO,YES,YES,YES,YES,YES,YES,YES,YES
73-53-12-86,YES,YES,YES,NO,NO,NO,YES,YES,YES,NO,YES
73-54-09-30,YES,YES,YES,YES,YES,YES,YES,YES,YES,YES,YES
74-32-87-07,YES,YES,YES,YES,YES,YES,YES,YES,YES,YES,YES
74-33-37-50,YES,YES,YES,YES,YES,YES,YES,YES,YES,YES,YES
74-41-59-10,YES,YES,YES,YES,YES,YES,YES,YES,YES,YES,YES
74-70-91-27,YES,YES,YES,YES,YES,YES,YES,YES,YES,YES,YES
74-76-86-26,YES,YES,YES,YES,YES,YES,YES,YES,YES,YES,YES
74-88-20-55,YES,YES,NO,YES,YES,YES,YES,YES,YES,YES,NO
75-18-91-78,YES,YES,YES,YES,YES,YES,YES,YES,YES,YES,YES
75-46-44-48,YES,YES,YES,YES,YES,YES,YES,YES,YES,YES,YES
75-72-87-95,YES,YES,YES,YES,YES,YES,YES,YES,YES,YES,YES
75-81-50-37,YES,YES,YES,YES,YES,YES,YES,YES,YES,YES,YES
75-90-44-61,YES,YES,NO,NO,YES,NO,NO,NO,YES,NO,NO
76-03-70-21,YES,YES,YES,YES,YES,YES,YES,YES,YES,NO,YES
76-07-74-64,YES,YES,YES,YES,YES,YES,YES,YES,NO,YES,YES
76-23-25-51,YES,YES,YES,YES,YES,YES,YES,YES,YES,YES,YES
76-31-56-28,YES,YES,YES,YES,YES,YES,YES,YES,YES,YES,YES
76-39-03-52,YES,YES,YES,YES,YES,YES,YES,YES,YES,YES,NO
76-56-42-72,YES,YES,YES,YES,YES,YES,YES,YES,YES,YES,YES
76-67-45-40,YES,YES,YES,YES,YES,YES,YES,YES,YES,YES,YES
76-85-11-67,YES,YES,YES,YES,YES,NO,YES,YES,YES,YES,YES
77-27-77-14,YES,YES,YES,YES,YES,YES,YES,YES,YES,YES,YES
77-30-98-85,YES,YES,YES,YES,YES,YES,YES,YES,YES,YES,YES
77-53-99-20,YES,YES,YES,YES,YES,NO,NO,YES,YES,NO,YES
77-72-21-65,YES,YES,YES,YES,YES,YES,YES,YES,YES,YES,YES
77-78-49-46,YES,YES,YES,YES,YES,YES,YES,YES,YES,YES,YES
77-85-67-39,YES,YES,YES,YES,YES,YES,YES,YES,YES,YES,YES
77-93-62-52,YES,YES,YES,YES,YES,YES,YES,YES,YES,YES,YES
77-94-03-11,YES,YES,YES,YES,YES,YES,YES,YES,YES,NO,YES
78-08-38-71,YES,YES,YES,YES,YES,YES,YES,YES,YES,YES,YES
78-10-54-66,YES,YES,YES,YES,YES,YES,YES,YES,YES,YES,YES
78-34-47-68,YES,YES,YES,YES,YES,YES,YES,YES,YES,YES,NO
78-37-50-20,YES,YES,YES,YES,YES,YES,YES,YES,YES,YES,YES
78-51-05-02,YES,NO,YES,YES,YES,NO,YES,YES,NO,YES,NO
79-16-59-94,YES,YES,YES,YES,YES,YES,YES,YES,YES,YES,YES
79-44-03-21,YES,YES,YES,YES,YES,YES,YES,YES,YES,YES,YES
79-62-04-23,YES,YES,YES,YES,YES,YES,YES,YES,YES,YES,YES
79-66-17-97,YES,YES,YES,YES,YES,YES,YES,YES,YES,YES,YES
79-71-58-05,YES,YES,YES,YES,YES,YES,YES,YES,YES,YES,YES
79-97-96-47,YES,YES,YES,YES,YES,YES,YES,YES,NO,YES,YES
80-07-26-42,YES,YES,YES,YES,YES,NO,YES,YES,YES,YES,YES
80-08-28-90,YES,YES,YES,YES,YES,YES,YES,YES,YES,YES,YES
80-25-01-71,YES,YES,YES,YES,YES,YES,YES,YES,YES,YES,YES
80-54-35-72,YES,YES,YES,YES,YES,YES,YES,YES,YES,YES,YES
80-75-69-52,YES,YES,YES,YES,YES,YES,YES,YES,YES,YES,NO
81-01-13-76,YES,YES,YES,YES,YES,YES,YES,YES,YES,YES,YES
81-08-61-17,YES,YES,YES,YES,YES,YES,YES,YES,YES,YES,YES
81-22-64-88,YES,YES,YES,YES,YES,YES,YES,YES,YES,YES,YES
81-22-88-54,YES,YES,NO,YES,YES,NO,YES,YES,YES,YES,YES
81-25-51-62,YES,YES,YES,YES,YES,YES,YES,YES,YES,YES,YES
81-27-33-22,YES,YES,YES,YES,YES,YES,YES,YES,YES,YES,YES
81-44-00-41,YES,YES,YES,YES,YES,YES,YES,YES,YES,YES,YES
81-61-67-83,YES,YES,YES,YES,NO,NO,YES,YES,YES,YES,NO
81-71-94-73,YES,YES,YES,YES,YES,NO,YES,YES,YES,YES,YES
81-74-14-22,YES,YES,YES,YES,YES,YES,YES,YES,YES,YES,YES
81-84-06-93,YES,YES,YES,YES,YES,NO,YES,YES,YES,YES,YES
82-21-09-94,YES,YES,YES,YES,YES,YES,YES,YES,YES,YES,NO
82-44-93-21,YES,YES,YES,YES,YES,NO,YES,YES,YES,YES,YES
82-61-03-96,YES,YES,YES,YES,YES,YES,YES,YES,YES,YES,YES
82-86-43-24,YES,YES,YES,NO,YES,YES,YES,YES,YES,YES,YES
82-87-12-79,YES,YES,YES,YES,YES,YES,YES,YES,YES,NO,NO
82-88-26-96,YES,YES,YES,NO,YES,YES,YES,YES,YES,YES,YES
82-99-51-56,YES,YES,YES,YES,YES,YES,YES,YES,YES,YES,YES
83-03-85-50,YES,YES,YES,YES,YES,NO,YES,YES,YES,YES,NO
83-35-89-96,YES,YES,YES,YES,YES,YES,YES,YES,YES,YES,YES
83-41-20-48,YES,YES,YES,YES,YES,YES,YES,YES,YES,YES,YES
83-42-84-48,YES,YES,YES,YES,YES,YES,YES,YES,YES,YES,YES
83-59-81-76,YES,YES,YES,YES,YES,YES,YES,YES,YES,YES,YES
83-81-13-95,YES,YES,YES,YES,YES,YES,YES,YES,YES,YES,YES
83-87-99-34,YES,YES,YES,YES,YES,YES,NO,YES,YES,YES,YES
84-02-94-51,YES,YES,YES,YES,YES,YES,YES,YES,YES,YES,YES
84-03-30-70,YES,YES,YES,YES,YES,YES,YES,YES,YES,YES,YES
84-21-43-62,YES,YES,YES,NO,YES,YES,YES,YES,YES,YES,YES
84-32-24-91,YES,YES,YES,YES,YES,YES,YES,YES,NO,YES,YES
84-42-09-16,YES,YES,YES,YES,YES,YES,YES,YES,YES,YES,YES
84-86-71-27,YES,YES,YES,YES,YES,YES,YES,YES,YES,YES,YES
85-07-42-46,YES,YES,YES,YES,YES,YES,YES,YES,YES,YES,YES
85-17-79-03,YES,YES,YES,NO,YES,YES,YES,YES,YES,YES,NO
85-23-26-16,YES,YES,YES,YES,YES,YES,YES,YES,YES,YES,YES
85-32-52-21,YES,YES,YES,NO,YES,YES,YES,YES,YES,YES,NO
85-48-29-06,YES,YES,YES,YES,YES,YES,YES,YES,YES,YES,NO
85-52-34-63,YES,YES,YES,YES,YES,YES,YES,YES,YES,YES,YES
85-55-87-14,YES,YES,NO,YES,YES,YES,YES,YES,YES,YES,YES
85-62-72-46,YES,YES,YES,NO,YES,NO,NO,NO,YES,YES,NO
85-73-39-95,YES,YES,YES,YES,YES,YES,YES,YES,YES,YES,YES
85-90-63-78,YES,YES,YES,YES,YES,YES,YES,YES,YES,YES,YES
86-03-34-86,YES,YES,YES,YES,YES,YES,YES,YES,YES,YES,YES
86-03-63-58,YES,YES,YES,YES,YES,YES,YES,YES,YES,YES,YES
86-03-64-37,YES,YES,YES,YES,YES,YES,YES,YES,YES,YES,YES
86-04-92-54,YES,YES,YES,YES,YES,YES,YES,YES,YES,YES,YES
86-24-40-72,YES,YES,YES,YES,YES,YES,YES,YES,YES,YES,YES
86-26-40-80,YES,YES,YES,YES,YES,YES,YES,YES,YES,YES,NO
86-71-20-29,YES,YES,YES,YES,YES,YES,YES,YES,YES,YES,YES
86-75-67-53,YES,YES,YES,YES,YES,YES,YES,YES,YES,YES,YES
86-77-97-98,YES,YES,YES,YES,YES,YES,YES,YES,YES,YES,YES
87-28-18-46,YES,YES,YES,NO,YES,YES,YES,YES,YES,YES,YES
87-32-17-19,YES,YES,YES,YES,YES,YES,YES,YES,YES,YES,YES
87-41-89-67,YES,YES,YES,YES,YES,YES,YES,YES,YES,YES,YES
87-43-26-36,YES,YES,YES,YES,YES,YES,YES,YES,YES,YES,YES
87-94-65-95,YES,YES,YES,YES,YES,YES,YES,YES,YES,YES,NO
88-00-07-74,YES,YES,YES,YES,YES,YES,YES,YES,YES,YES,YES
88-30-00-91,YES,YES,YES,YES,YES,YES,YES,YES,YES,YES,YES
88-31-49-86,NO,,,,,,,,,,
88-32-57-85,YES,YES,YES,YES,YES,YES,YES,YES,YES,YES,YES
88-36-53-04,YES,YES,YES,NO,YES,YES,NO,YES,NO,YES,YES
88-52-42-98,YES,YES,YES,YES,YES,YES,YES,YES,YES,YES,YES
88-64-50-68,YES,YES,YES,YES,YES,YES,YES,YES,YES,YES,YES
88-74-48-63,YES,YES,YES,YES,YES,YES,YES,YES,YES,YES,YES
89-23-79-02,YES,YES,YES,YES,YES,YES,YES,YES,YES,YES,YES
89-30-18-91,YES,YES,YES,YES,YES,YES,YES,YES,YES,YES,YES
89-42-49-71,YES,YES,YES,YES,YES,YES,YES,YES,YES,YES,YES
89-66-82-87,YES,YES,YES,YES,YES,YES,YES,YES,YES,YES,YES
89-69-08-00,YES,YES,YES,YES,YES,YES,YES,YES,YES,YES,YES
89-77-54-00,YES,YES,YES,YES,YES,YES,YES,YES,YES,YES,YES
89-78-75-87,YES,YES,YES,YES,YES,YES,YES,YES,YES,YES,YES
89-88-17-80,YES,YES,YES,YES,YES,YES,YES,YES,YES,YES,YES
90-09-15-99,YES,YES,YES,YES,YES,YES,YES,YES,YES,YES,YES
90-21-66-00,YES,YES,YES,YES,YES,YES,YES,YES,YES,YES,YES
90-32-33-48,YES,YES,YES,YES,YES,YES,YES,YES,YES,YES,YES
90-36-96-32,YES,YES,NO,YES,YES,YES,YES,YES,YES,NO,YES
90-44-03-73,YES,YES,YES,YES,YES,YES,YES,YES,YES,YES,YES
90-84-08-93,YES,NO,YES,NO,YES,YES,YES,NO,YES,YES,YES
90-91-21-27,YES,YES,YES,NO,YES,YES,YES,YES,YES,YES,NO
90-99-13-40,YES,YES,YES,YES,YES,YES,YES,YES,YES,YES,YES
91-07-09-62,YES,YES,YES,NO,YES,YES,NO,YES,YES,YES,NO
91-58-43-90,YES,YES,YES,YES,YES,YES,YES,YES,YES,YES,YES
91-63-01-55,YES,YES,YES,YES,YES,YES,YES,YES,YES,YES,YES
91-77-64-26,YES,YES,YES,YES,YES,YES,YES,YES,YES,YES,YES
91-84-56-29,YES,YES,YES,YES,YES,YES,YES,YES,YES,YES,YES
91-93-34-96,YES,YES,YES,YES,YES,YES,YES,YES,YES,YES,YES
92-10-05-03,YES,YES,YES,YES,YES,YES,YES,YES,YES,YES,YES
92-16-45-30,YES,YES,YES,YES,YES,YES,YES,YES,YES,YES,YES
92-18-40-14,YES,YES,YES,YES,YES,YES,YES,YES,YES,YES,YES
92-24-73-80,YES,YES,YES,NO,YES,YES,YES,YES,YES,YES,YES
92-31-98-84,YES,YES,YES,YES,YES,YES,YES,YES,YES,YES,YES
92-47-65-51,YES,YES,YES,YES,YES,YES,YES,YES,YES,YES,YES
92-97-61-32,YES,YES,YES,YES,YES,YES,YES,YES,YES,YES,YES
93-12-57-45,YES,YES,YES,NO,YES,YES,YES,YES,YES,YES,NO
93-38-58-60,YES,YES,YES,YES,YES,YES,YES,YES,YES,YES,YES
93-41-46-86,YES,YES,YES,NO,YES,YES,YES,YES,YES,YES,YES
93-80-92-56,YES,YES,YES,YES,YES,YES,YES,YES,YES,YES,YES
94-05-09-20,YES,YES,YES,YES,YES,NO,YES,YES,YES,YES,YES
94-21-33-51,YES,YES,YES,YES,YES,YES,YES,YES,YES,YES,YES
94-73-23-55,YES,YES,YES,YES,YES,YES,YES,YES,YES,YES,YES
95-25-00-34,YES,YES,NO,NO,NO,NO,NO,NO,YES,YES,NO
95-37-40-37,YES,YES,YES,YES,YES,YES,YES,YES,YES,YES,YES
95-39-32-21,YES,NO,YES,NO,YES,YES,NO,YES,NO,NO,NO
95-52-62-34,YES,YES,YES,YES,YES,YES,YES,YES,YES,YES,YES
95-58-00-86,YES,YES,YES,YES,YES,YES,YES,YES,YES,YES,YES
95-77-11-56,YES,YES,YES,YES,YES,YES,YES,YES,YES,YES,YES
95-77-54-41,YES,NO,YES,NO,YES,YES,YES,NO,NO,YES,NO
95-90-33-05,YES,YES,YES,YES,YES,YES,YES,YES,YES,YES,YES
96-22-27-19,YES,YES,YES,YES,YES,YES,YES,YES,YES,NO,NO
96-27-56-50,NO,,,,,,,,,,
96-42-63-23,YES,YES,YES,YES,YES,YES,YES,YES,YES,YES,YES
96-61-77-64,YES,YES,YES,YES,YES,YES,YES,YES,YES,YES,YES
96-66-00-15,YES,YES,YES,YES,YES,YES,YES,YES,YES,YES,YES
96-80-04-95,YES,YES,YES,YES,YES,YES,YES,YES,YES,YES,YES
96-88-86-83,YES,YES,YES,YES,YES,YES,NO,YES,YES,YES,NO
97-96-10-91,YES,YES,YES,YES,YES,YES,NO,YES,YES,YES,YES
98-06-52-11,YES,YES,YES,YES,YES,YES,YES,YES,YES,YES,YES
98-31-64-91,YES,YES,YES,YES,YES,YES,NO,YES,YES,YES,YES
98-39-07-64,YES,YES,YES,YES,YES,YES,YES,YES,YES,YES,YES
98-76-82-13,YES,YES,YES,YES,YES,YES,YES,YES,YES,YES,YES
98-88-61-90,YES,YES,YES,YES,YES,YES,YES,YES,YES,YES,YES
99-10-97-05,YES,YES,YES,YES,YES,YES,YES,YES,YES,YES,YES
99-16-00-23,YES,YES,YES,YES,YES,YES,YES,YES,YES,YES,YES
99-30-24-42,YES,YES,YES,YES,YES,YES,YES,YES,YES,YES,YES
99-34-76-86,YES,YES,YES,YES,YES,YES,YES,YES,YES,YES,YES
99-85-34-24,YES,YES,YES,YES,YES,YES,YES,YES,YES,YES,YES
99-85-76-10,YES,YES,YES,YES,YES,YES,NO,YES,YES,YES,YES
